label,ess,rhat
Overall,920.2407990344881,1.003613272583886
as,580.8342581765094,1.0038006795874501
bs,1340.6608063644505,1.0031971457088542
σs,450.36269349698176,1.0049398478383957
ws,615.5070588955482,1.0042252528644737
ps,1016.4901042334196,1.003403932344335
es,525.6017591632066,1.0044252281596713
σ,746.3571108956145,1.004693929563705
