label,ess,rhat
Overall,472.2194456395071,1.0074795011164661
as,377.5016673976442,1.005358990526557
bs,573.2872615881834,1.0076001206321639
σs,435.38922693998967,1.0190788693468926
ws,327.5543332123731,1.0123890235851485
ps,499.22217914538004,1.0063144786477969
es,346.414657212013,1.0053703941430379
σ,1163.6791633382063,1.0087045239352637
