label,ess,rhat
Overall,509.7229125229853,1.0048623183446967
as,445.54006696862217,1.0049968768552755
bs,591.3593899018874,1.0042093381975863
σs,446.88983795464367,1.0067286362362124
ws,437.6259477161136,1.0050133449737133
ps,528.1235347072184,1.0049039427940154
es,463.85188248203633,1.0043054899747144
σ,988.2123734972793,1.0030814198541906
