label,ess,rhat
Overall,674.7070909987882,1.0058909793448736
as,619.477067794535,1.0058779286219628
bs,775.3693226956184,1.0057724205379657
σs,511.1511404255104,1.0063647736522217
ws,579.8501755060103,1.0049060773161258
ps,710.546485243555,1.0063697997944396
es,600.4518955301247,1.0074668343267645
σ,1029.676217485508,1.00210876203735
