label,ess,rhat
Overall,691.1572612925335,1.0037631436344916
as,535.6525622294131,1.0042088635252582
bs,867.7506552189586,1.0028335828950519
σs,568.8428310853699,1.0065694205567994
ws,480.27432547575853,1.0039769048351335
ps,746.9488390608425,1.0037733083986253
es,405.41074235982944,1.0018163586431248
σ,1115.2497960804192,1.0046036705311043
