label,ess,rhat
Overall,947.244730724044,1.0044678902520938
as,688.8122843414158,1.004421998861227
bs,1281.4631049728723,1.004024041181548
σs,507.6863491000839,1.007308384928288
ws,603.1048132797478,1.0036704256463664
ps,1040.9383353730266,1.0048661905196699
es,708.8914167107381,1.0024966205494503
σ,1056.337344931055,0.9988615920824659
