label,ess,rhat
Overall,542.6405372771961,1.0065877387259987
as,465.76722768297077,1.0067540483647262
bs,631.1037587898487,1.0057209412508037
σs,475.41904815031614,1.0106505681775082
ws,423.75925029106367,1.007734598221668
ps,566.7033715409276,1.0062184222935049
es,395.4681581124017,1.0091009214907611
σ,1108.5446947812559,1.0055262480081388
