param,value
Exponential mean,2.8473684210526318
Cauchy mean,2.542105263157895
