label,ess,rhat
Overall,559.7990789941058,1.0045098458477417
as,459.66510338721554,1.0056372850260054
bs,684.4784427426807,1.0030799509643122
σs,471.43568168404227,1.0055986863863402
ws,454.3500017571096,1.003779427771527
ps,592.1439316660045,1.0047707583216912
es,515.1841247258299,1.0072145003013162
σ,1073.4517449052507,1.0010818295324897
