label,ess,rhat
Overall,620.6297339287163,1.0082110079612046
as,491.7675550771906,1.0137286011077562
bs,772.508977269062,1.00287794682437
σs,537.7683017689639,1.0075466927262238
ws,537.36899992315,1.004746136847667
ps,648.4603008012147,1.0096250615824212
es,483.2122504434822,1.0108021266047214
σ,1170.9987702810174,1.007841829884993
