param,value
Exponential mean,1.7789473684210526
Cauchy mean,0.5578947368421052
