label,ess,rhat
Overall,590.0563616598034,1.0057255821553446
as,557.6229983325696,1.0032145817708065
bs,657.3854418311729,1.0061383879658972
σs,464.43178102091554,1.0132790826216944
ws,541.0589483572048,1.0076253606955807
ps,602.6555792311344,1.004823516349225
es,491.75161581923885,1.0088521993810065
σ,1047.0551561175118,1.0001287161803083
