label,ess,rhat
Overall,428.9130520801012,1.008898814406831
as,325.3906286318017,1.0112317153399024
bs,531.6094121403898,1.0059957002949562
σs,431.8868802769399,1.0109515818505206
ws,417.22499436443724,1.0048210819154573
ps,418.0929951800842,1.0107568942475267
es,365.71721723435354,1.010627085077287
σ,976.8828937600028,1.0060649871043026
