param,value
Exponential mean,1.4736842105263157
Cauchy mean,0.4052631578947368
