label,ess,rhat
Overall,484.2152766275293,1.0055535709227406
as,390.0076029841415,1.0051265996364538
bs,584.2954875616158,1.0053773138481898
σs,463.07414238101427,1.007725193021757
ws,400.2567805084477,1.0055338899294402
ps,510.93742027042197,1.005885907560989
es,367.5271226337188,1.0034747681010234
σ,1030.3178033289246,1.0013065958913347
