label,ess,rhat
Overall,523.6062539649598,1.0083304757551916
as,420.96036129369975,1.0112637706282421
bs,642.6110641592293,1.0053394468867707
σs,464.71415088212535,1.008538318138525
ws,447.82781452079684,1.0111395107376466
ps,548.650794831188,1.0071949830323137
es,429.5076114586475,1.0071098129958154
σ,969.9867497856054,1.0065861922793005
