label,ess,rhat
Overall,595.676403672938,1.0053518029859865
as,478.89930487936806,1.0045412815992085
bs,756.3452125033605,1.0047237509725677
σs,437.6662475402678,1.0105306672266923
ws,541.3155596690985,1.0083103274583085
ps,610.93575031889,1.0039322189488318
es,539.954524720279,1.006696911423187
σ,962.7072768295727,1.0040684774097302
