label,ess,rhat
Overall,658.3896646599745,1.0047977659445588
as,571.7503330830594,1.0044769385434669
bs,798.3469943087823,1.003853505747275
σs,466.44487160116023,1.0093520812987118
ws,577.5137756381245,1.0035807593579655
ps,689.5222237944794,1.005488476107521
es,598.65848713727,1.0044436662352823
σ,938.9161504704563,1.0021515801652174
