label,ess,rhat
Overall,1115.9227311841864,1.0036079537452216
as,935.7405761888401,1.0016201086513277
bs,1370.8730406436875,1.0047061182957557
σs,682.2674352920947,1.0087681008967058
ws,702.8451128747064,1.0076463060438312
ps,1233.5512664533119,1.0025949601737707
es,874.1839691529542,1.0042814523723937
σ,910.1619820424111,1.0024244203371964
