label,ess,rhat
Overall,1269.2843580177662,1.0048876720914617
as,929.5505638775164,1.004889369012481
bs,1719.2359807635048,1.0052308885582317
σs,630.0209521059313,1.0028871744422818
ws,681.1553330722045,1.0047633901667723
ps,1433.8887648068103,1.004980110449367
es,958.8447121133861,1.005599399236298
σ,1046.7004232991512,1.000518559718596
