label,ess,rhat
Overall,949.8710381924215,1.0035118054144103
as,716.0433541091382,1.003434790077371
bs,1240.5350188687726,1.0034072687830744
σs,620.2205179526251,1.0045648068309876
ws,656.1468603220274,1.0034639089042343
ps,1009.1966809853171,1.0036639072796292
es,1276.232162627596,1.0009141455186232
σ,974.2080697078198,1.0019809937975868
