label,ess,rhat
Overall,1034.3511865824998,1.0036149714415388
as,885.3401467744384,1.0026792752700657
bs,1234.2496888299959,1.0037873623990978
σs,739.2039044337778,1.0080421416822385
ws,851.4355804839238,1.0031576950846
ps,1065.338166452831,1.0039215565093975
es,1353.422908720876,1.0001702624345596
σ,1103.8199817127543,1.0012756224815504
