label,ess,rhat
Overall,1111.7898602344424,1.0043263334853345
as,817.408668066273,1.0024206619912137
bs,1510.950164362417,1.005570321423903
σs,504.0710108675723,1.0081640981075373
ws,661.6281632817459,1.0054412396151498
ps,1238.7574791594004,1.0038441656372317
es,853.970974332243,1.008148496094236
σ,934.9222870732043,1.0064471914186752
