label,ess,rhat
Overall,473.48451666531275,1.0054313593439055
as,428.9711927545966,1.0040568937496899
bs,524.1211392952366,1.0061484756892152
σs,451.44064127616593,1.0077978166399688
ws,417.1852559227193,1.0039383204393866
ps,484.6097220522816,1.0059885583889554
es,438.06046407170055,1.007296887515726
σ,930.6684107024747,1.005129594683207
