label,ess,rhat
Overall,528.3390974203744,1.007525681028283
as,417.0720820979627,1.0091634538334129
bs,656.2216661202395,1.0059581420318051
σs,468.5231052615415,1.0072728393171366
ws,459.144194509882,1.0109802304821316
ps,551.5646994047644,1.0063167463562068
es,430.4333017289807,1.004057808568465
σ,950.6238721349247,1.0044391339757184
