label,ess,rhat
Overall,650.8768533973835,1.006352860800595
as,567.8230294728545,1.007131859657883
bs,785.1305125869379,1.0040113468815355
σs,466.55744644329087,1.0119779150229713
ws,556.344772726265,1.006531058916543
ps,676.0184912450072,1.0063516774964554
es,645.9653716692911,1.005046386805526
σ,1141.40220086877,1.0068581973069903
