label,ess,rhat
Overall,477.5746709611221,1.005247767944613
as,373.0689848019362,1.0051501020241933
bs,582.7877122559574,1.0052938949944625
σs,475.0281924727843,1.005433307878664
ws,392.46749949428084,1.006413844902404
ps,507.63569354314717,1.0043597668476236
es,378.14134544859064,1.0091683848755548
σ,916.1407924556305,1.0065016391109454
