label,ess,rhat
Overall,500.4379453929677,1.0086233927611732
as,408.24757185917747,1.012577746626758
bs,616.855257226008,1.0041396211401938
σs,413.22096751566716,1.0105292966805952
ws,493.2136075431015,1.0096002644630935
ps,492.14422379803636,1.0087253826869604
es,473.50959739994255,1.0031268000921991
σ,856.6234570456244,1.005242379605618
