label,ess,rhat
Overall,600.7984877003048,1.0046646287769019
as,543.3105017061685,1.0062964894920619
bs,665.0994925757849,1.0031212939919942
σs,576.2716197274661,1.004345935427993
ws,533.1747280570961,1.0057347314368796
ps,607.1531357246092,1.0040923696031798
es,517.6373645667682,1.0065871797696904
σ,1413.385001053964,1.0028570333883677
