label,ess,rhat
Overall,645.3460160508977,1.0048690622174483
as,568.0832653157594,1.0048746170667537
bs,781.130845160817,1.0036482521085104
σs,434.66653390168676,1.0092439811521237
ws,558.9283845875854,1.0067373361465006
ps,687.5780677847395,1.004286122517552
es,526.3727940508212,1.0021870960451493
σ,822.270692530922,1.0029701396107125
