label,ess,rhat
Overall,44.11804540764026,1.3907725577556649
as,22.905503471403822,1.4126182019152809
bs,17.380123739365306,1.376477753191641
σs,216.73971438388125,1.3635895352115333
ws,40.80259824042968,1.1396860360044268
ps,11.374206475839678,1.4898467156874629
es,6.190425243249641,1.8017337218814218
σ,1011.0984639697635,1.005960384292256
