label,ess,rhat
Overall,101.04274101941361,1.2072215722589474
as,75.73787718389408,1.3262141595871428
bs,90.66354043314527,1.0875988652208564
σs,229.50537293784987,1.2094900032145692
ws,116.10797782786692,1.1167834137901023
ps,69.61345006698991,1.2371057157471204
es,8.591689389175482,1.4631207894549407
σ,922.3235673414667,1.0036933088005942
