label,ess,rhat
Overall,540.6610568506775,1.0069529144477738
as,437.47156453199284,1.0083046656949177
bs,677.5058544091482,1.0048007102212413
σs,419.5019579874476,1.0098345451735722
ws,534.5695269016504,1.0063759154271663
ps,537.0416155207404,1.007261700883759
es,401.70082392672447,1.0094443997127152
σ,985.7853566652738,1.0008654848295577
