label,ess,rhat
Overall,509.1377492297266,1.0071719886132864
as,450.5739601459205,1.0075209686836843
bs,582.9865174052321,1.0065442972066514
σs,454.11182449960796,1.008175349423738
ws,447.93672816821794,1.0044730930237862
ps,529.0823427619264,1.0082361074798696
es,444.5300201703667,1.0105848232494818
σ,854.206028249353,1.0050659758837288
