label,ess,rhat
Overall,590.259139444585,1.006141384547323
as,531.6639941961951,1.0059542533486625
bs,693.9397752799939,1.0042226770598672
σs,427.9513733313167,1.0137224038173416
ws,456.4780868509515,1.008549829538147
ps,647.0130282886738,1.005411370040626
es,474.9888472917138,1.0034141233518348
σ,950.5712449276201,1.0016749442225334
