label,ess,rhat
Overall,489.4173403496296,1.006001323429769
as,421.1971460688336,1.0080524368006047
bs,562.0201503918626,1.0049210601679703
σs,473.639923608457,1.0025062630372328
ws,409.7566736548068,1.0062034800028066
ps,510.7976940040718,1.0059585934921758
es,456.2809704364651,1.0082943924145353
σ,955.7288854983385,1.0001002849611884
