label,ess,rhat
Overall,523.5214210090237,1.0059147762224372
as,386.68322439738705,1.0070240381204112
bs,664.4018387028249,1.004894613846245
σs,500.07653873247017,1.0053979989961035
ws,362.4288436347606,1.0105879978475067
ps,561.0100062415462,1.0047425366457812
es,303.6021748318263,1.0087319023142416
σ,1097.018750693487,1.0004693642174678
