label,ess,rhat
Overall,616.0960152880655,1.0054909386414828
as,497.8331172609122,1.0064132084562576
bs,774.0264902983876,1.0045724748291347
σs,473.2927381486578,1.0054772370327454
ws,530.4056534338499,1.0069711287548084
ps,648.3574373704237,1.005054501726503
es,581.1416544395815,1.0039875090857509
σ,875.49210509431,1.0020828761825105
