label,ess,rhat
Overall,526.8194540243425,1.0051535246968277
as,487.9023145080034,1.0013554440083696
bs,586.0217551386952,1.0082028524025715
σs,453.7928722714937,1.007849035434599
ws,442.16319899485717,1.0064656580045157
ps,560.0847700650716,1.0042095114536251
es,452.9303423188121,1.0113685062856814
σ,825.5745207302734,1.001522306150127
