label,ess,rhat
Overall,1007.5126288785043,1.003845221855492
as,780.6989778817813,1.0032623610837939
bs,1326.1795616693698,1.0039262706794247
σs,474.76359447247796,1.0067557311525324
ws,724.4014923337622,1.0031661527326106
ps,1096.7712298383606,1.0037373996941972
es,768.7168103801878,1.008495975781018
σ,598.0250583389462,1.007868007221179
