label,ess,rhat
Overall,598.6691156444874,1.004288909021782
as,499.7320418879176,1.0046386935992995
bs,721.7980678971868,1.0036262834450582
σs,458.35622036693604,1.006103386817175
ws,390.12719552305333,1.0060400263508174
ps,649.4607409810924,1.0039035858329879
es,437.0592755788957,1.0032052738668333
σ,986.3938210758436,1.0039382844453624
