label,ess,rhat
Overall,713.1830146669114,1.0053977896806636
as,570.6365425886581,1.0064618997142618
bs,882.9734392917101,1.00441976903731
σs,555.1680898969453,1.004898471217242
ws,520.269117923448,1.0055888058159674
ps,764.577138736829,1.0053371185339575
es,503.97315335168105,1.0084266880659798
σ,979.6515428628755,0.9999600143282791
