label,ess,rhat
Overall,942.87968734366,1.0054183532455903
as,678.0643053696049,1.006445743499333
bs,1291.0755895516286,1.0029625678044152
σs,459.2726699869587,1.0137030453326958
ws,618.6924773402999,1.0040786532456716
ps,1025.856089125616,1.005816086573545
es,784.4418525068984,1.0028492550768282
σ,1167.1345915236004,1.0075417498403003
