param,value
Exponential mean,0.4052631578947368
Cauchy mean,0.8631578947368421
