label,ess,rhat
Overall,599.2581394663652,1.007019258109786
as,522.6522703835724,1.0071573943077385
bs,714.7601443928048,1.0057246449062556
σs,459.232050429237,1.01118257532987
ws,500.56090692922544,1.0073894785672146
ps,642.662341159598,1.0066027585146549
es,498.6024170525794,1.0095183948551267
σ,856.427130715566,1.008407328603381
