label,ess,rhat
Overall,457.0844609556698,1.00418412539081
as,395.74343685967244,1.003761679861302
bs,522.3372208245562,1.003402309933174
σs,443.00221217326896,1.008519464944526
ws,382.7691801698545,1.0074833667517569
ps,479.1838075637767,1.0027742056472013
es,369.6631573855571,1.0049230374814362
σ,949.1274257148929,0.9997733182120112
