label,ess,rhat
Overall,515.903741661947,1.0074372579085302
as,441.6103143800051,1.0079465512745949
bs,602.1332342517187,1.0059692566664964
σs,472.9339065537597,1.010888606262018
ws,451.35470551223534,1.0106667801029543
ps,536.3727170358723,1.0062032180858702
es,418.7705982223813,1.008454699925387
σ,952.565102615564,0.9987331429308822
