label,ess,rhat
Overall,477.64561207370934,1.0051672176961026
as,446.85263491620987,1.0052504701159266
bs,518.8301574380297,1.0050260826635358
σs,440.23596652915586,1.0053755951019803
ws,425.477011263805,1.006452211670602
ps,487.298790015759,1.0041865376272447
es,426.9406868694109,1.0118099493113624
σ,954.0960457078735,1.00195950856192
