label,ess,rhat
Overall,652.2916446072718,1.004726723562462
as,571.8956512940198,1.0058763415856942
bs,780.4470095429701,1.0029832393181695
σs,480.357906766465,1.0068646419582792
ws,541.3442472249113,1.006335124331315
ps,699.6990578930685,1.0039026069417245
es,510.5390991647223,1.0050526727788625
σ,1034.5727586499804,1.0062010480425885
