label,ess,rhat
Overall,501.36322267328654,1.0065424513698684
as,380.4469133657775,1.0074032795732155
bs,634.8439014676106,1.006722247319367
σs,456.1314925207522,1.002796204419625
ws,428.2448685690643,1.0051029091294321
ps,522.9816094321136,1.0067444117342965
es,386.3310424857126,1.0160779165158873
σ,1046.7697765695943,0.9994950584879401
