label,ess,rhat
Overall,505.05845620915676,1.0083083833634316
as,347.88468838256415,1.00980034258898
bs,659.4157214692151,1.0063836574493747
σs,521.394171095054,1.01081843015678
ws,398.4238318516455,1.015189380138122
ps,523.5217816747353,1.0067084846599905
es,365.9577877319874,1.005832030958523
σ,1176.635663105857,1.00748426464213
