label,ess,rhat
Overall,833.807617100465,1.0050974177742173
as,636.5112712224934,1.0051136948289807
bs,1089.377864698573,1.0050894625063957
σs,495.81898712367445,1.005049151409955
ws,580.9213165761902,1.0046898596863911
ps,906.0204705085252,1.0050871386897884
es,548.6950995991041,1.0100628190366447
σ,972.4512948075909,1.0005507083558787
