label,ess,rhat
Overall,512.2524934687398,1.005070297022844
as,352.14518345714873,1.0048051012344315
bs,683.8357114537366,1.0048712838077605
σs,445.69222722298707,1.0077627092431238
ws,403.47856480966306,1.0048567230726502
ps,538.1468768896467,1.0051345735796844
es,333.71560857771397,1.0032087818210553
σ,931.6830029561797,1.0082709401004049
