label,ess,rhat
Overall,759.8360430170391,1.0053250022975666
as,553.3444280200353,1.005819227990914
bs,1004.8216322547776,1.004906237249568
σs,536.5709924207797,1.0048873305545496
ws,443.17982701356203,1.0053027736772842
ps,848.5543691775198,1.0052284475496862
es,414.77757923204445,1.0083556237858913
σ,991.3479069256764,1.004165130662586
