label,ess,rhat
Overall,745.3935681546603,1.0043360504421552
as,596.5053653220873,1.0041914348349428
bs,938.20017760034,1.004336015408442
σs,490.6668097986412,1.0051750241595239
ws,583.8682257690617,1.0070219532020916
ps,788.5707508915134,1.0034004045579439
es,520.6995230106409,1.0123144010678335
σ,1060.5809957009212,1.00105951851371
