label,ess,rhat
Overall,963.1885316832878,1.0028801162149943
as,625.2557052000069,1.0020324984294995
bs,1374.64104687415,1.0034971248346214
σs,536.7743371793151,1.0042176493770267
ws,652.1699345432838,1.0044925741598205
ps,1053.8258744371067,1.00250927163625
es,625.1545791622917,1.0045227619405899
σ,1020.8871502220198,0.998045869205599
