label,ess,rhat
Overall,542.9232790013034,1.003547626580389
as,460.5870637225169,1.002825107492953
bs,642.9924612039885,1.0039745573049539
σs,440.07207084269294,1.0052620390850413
ws,400.20779463100416,1.0039314485275779
ps,575.5535315849573,1.0035686717018042
es,419.551637323148,1.0026133071383192
σ,936.0002507858184,0.9998002362703383
