label,ess,rhat
Overall,1011.9034885545423,1.003837497640017
as,652.6733948786413,1.003303513721238
bs,1460.6807364723854,1.0042299309228893
σs,492.5299939512759,1.0046584913282792
ws,617.2130010272954,1.006029382975054
ps,1122.7228724088811,1.0033024383453297
es,769.0420646312418,1.0033378244203992
σ,914.5817617198379,1.0042170662037941
