label,ess,rhat
Overall,627.2533639211496,1.0041106243822235
as,522.0994437244855,1.003894186587027
bs,753.4327055275204,1.0034208270427725
σs,505.30591974485304,1.0093667881631778
ws,494.33806729645556,1.0082757636368758
ps,660.7836458482326,1.0030161051746331
es,429.93819788538974,1.0061814475782662
σ,1007.4137229890285,1.0025242288986378
