label,ess,rhat
Overall,964.7130612643078,1.004918154298105
as,596.3033740406827,1.0049359657949428
bs,1399.8978593511342,1.004786523608843
σs,577.4174182577384,1.0055783056141647
ws,637.978118214901,1.0057022808427472
ps,1059.197900956636,1.0048399031438546
es,613.4560150404195,1.0032227827816005
σ,1052.7741650732125,1.0026554341994138
