label,ess,rhat
Overall,820.7631294521959,1.0047932387907017
as,637.0231291647407,1.0045209318081594
bs,1073.515025474542,1.00396150672958
σs,420.494134189829,1.0111966652439528
ws,548.7526943519975,1.007208094113097
ps,897.8588319363712,1.0044534645461032
es,608.950538990284,0.9995808261056544
σ,807.9198123379904,1.0025489640327834
