label,ess,rhat
Overall,484.9339993556842,1.007237157714995
as,349.73098171079687,1.0085132961070709
bs,629.9681529104602,1.0055782258973434
σs,427.9134110783287,1.0094573595833367
ws,367.86737189219645,1.0108340199959256
ps,512.7854105438482,1.0061597770339854
es,326.84118609519066,1.013321749033198
σ,869.0514184066508,1.003619900395893
