label,ess,rhat
Overall,509.5486493537522,1.0071725832194551
as,381.77338616352256,1.007473489986197
bs,650.5721930224328,1.0066713578340376
σs,432.7086225787369,1.008334431207771
ws,339.481164606297,1.0132257460706844
ps,549.2647354389239,1.0055645694690465
es,361.55357743245344,1.012657484871255
σ,939.9764780775702,1.0007494857207
