label,ess,rhat
Overall,946.7793346974049,1.0041787431987306
as,622.4770776756866,1.0015480736403946
bs,1352.0620989806794,1.0064103648767522
σs,477.0923925803775,1.0064932209045538
ws,606.4101125799224,1.0036244606736462
ps,1048.6846077440862,1.004396760124658
es,603.3405752429364,1.0038392609732105
σ,826.6344127754337,1.0010442855062671
