label,ess,rhat
Overall,678.513823202497,1.0057243794601967
as,509.7590863645952,1.006560000317722
bs,876.3873358578608,1.0042896256112748
σs,509.62492346121746,1.0091993508102985
ws,574.9386760401532,1.0042339206721536
ps,705.8787007036984,1.0062492035274002
es,516.9030723063192,1.0053508619157228
σ,931.122970885313,0.9991653647798928
