label,ess,rhat
Overall,736.8177881727987,1.0051862515995262
as,481.1375708690158,1.0070398182159779
bs,1036.5090543872584,1.0033779102258669
σs,481.5537044908718,1.004923945191333
ws,587.982516710097,1.004209437098994
ps,778.3459742310455,1.0055032355830533
es,498.70071207457863,1.0061360772514103
σ,1005.7222671258111,0.9997931430928583
