label,ess,rhat
Overall,948.8524682963808,1.003469972229671
as,652.6621503799036,1.0029789638660238
bs,1326.507074001205,1.003532635410779
σs,476.3595991239696,1.0059543742883967
ws,647.0547294124489,1.0031360578260573
ps,1038.124065667524,1.0036270121087911
es,658.4235953412217,1.0017039435683772
σ,866.2464069990033,1.0034710881978588
