label,ess,rhat
Overall,715.8737342727037,1.0054073792697844
as,538.5204200037075,1.0053895480807258
bs,926.5710610272918,1.0048016856585995
σs,522.4784618562705,1.0090238231111939
ws,597.2269810547635,1.00598864533696
ps,749.0860726026395,1.0053240094475941
es,571.3410567815616,1.0051797550039265
σ,834.5078880333527,1.002889186460531
