label,ess,rhat
Overall,1057.0101536827974,1.0035512154215889
as,800.6740041651324,1.0037825807587153
bs,1379.84553928525,1.0033714912574072
σs,671.3145843910279,1.0032516966185074
ws,728.0744226228582,1.0030335666228296
ps,1134.8018787621575,1.003684181070792
es,1225.3899443749742,1.0052829002901653
σ,933.4765412084328,0.999917280107782
