label,ess,rhat
Overall,1053.2761939703644,1.0040353947838758
as,841.5698779452713,1.0038681789883674
bs,1326.9922233896377,1.0042221957361999
σs,693.619856284118,1.003921800874345
ws,659.0286570248753,1.0041007695822997
ps,1161.4601860513794,1.0039953478210284
es,865.8040287389128,1.0051444299261276
σ,966.359347890421,1.0029550811349761
