label,ess,rhat
Overall,1283.5826578663678,1.0040441241076772
as,905.2407098753511,1.0029634780786958
bs,1784.6682437742313,1.005182406906296
σs,571.6695579486529,1.003709830843781
ws,650.752061823668,1.003723853595492
ps,1460.5152085116122,1.0043834631969508
es,970.2996035894682,0.9996224243527956
σ,1011.3534879608324,1.0004424934785316
