label,ess,rhat
Overall,980.3893971794722,1.0036984620130165
as,817.9606880028037,1.0026295285930944
bs,1186.955027196655,1.0047472566742055
σs,724.3952563044901,1.00381526681367
ws,792.5529020792587,1.0032498822619946
ps,1013.1656919782345,1.0038592031751905
es,1292.576616754957,1.0031720982730699
σ,1036.79074889048,1.0024185707208146
