label,ess,rhat
Overall,85.40589582085825,1.3847070167307354
as,139.19473574228243,1.3557030977907294
bs,16.155925991848935,1.4147113081990585
σs,141.0659634881647,1.381105675628791
ws,13.32436404875653,1.372703041373975
ps,115.85228582895974,1.3862567481094226
es,7.43151775279409,1.5606500359984183
σ,314.7268930115686,1.1365756666306235
