label,ess,rhat
Overall,15.145084660374051,1.640857281891054
as,7.323132073000993,1.7083616495070786
bs,25.46578291463933,1.4908376222614879
σs,6.149600259562074,1.937912333139802
ws,8.523660637359717,1.6027407626072723
ps,19.283572472637083,1.5802245837732274
es,4.915998715808714,2.7152292544593655
σ,7.459661706838039,1.5259617192233021
