label,ess,rhat
Overall,16.30044671800276,1.4922647394254747
as,19.61629347952186,1.5288113900664873
bs,15.665402868060747,1.3803725836292993
σs,6.649556236325242,1.763508557984062
ws,9.793889900503823,1.6361809706730337
ps,20.35583057513035,1.4043797347996758
es,7.127559767283487,1.7401083209468278
σ,7.284922144111072,1.5545929216828334
