label,ess,rhat
Overall,7.027910279576314,2.1595310717505996
as,6.694795691477681,2.18566275969453
bs,7.828003732314664,1.9715152753111207
σs,5.3467863668733395,2.742313862334572
ws,7.937059423373504,1.9076642491493756
ps,6.812220008390808,2.2323896429675836
es,5.286394102108573,2.65742986942071
σ,5.2090999597687215,2.291812495983474
