label,ess,rhat
Overall,867.5275793326699,1.0052874422869855
as,690.239312198039,1.004911709241915
bs,1117.0568983041924,1.0051471723272103
σs,448.52947867869835,1.0082802597150897
ws,595.4830235253885,1.0039160998745402
ps,943.218469155256,1.005781918422033
es,616.5414148431018,1.0036099508179965
σ,1000.8718665150546,1.0013636796920293
