label,ess,rhat
Overall,600.7003582767919,1.0069683073639
as,502.79603858787317,1.007921092398774
bs,718.9775355781164,1.0063981779379405
σs,482.5377841248401,1.0047489048321974
ws,440.86386256930547,1.0077465714399854
ps,637.8959857554539,1.0067471891195507
es,498.199456225742,1.0119443852054344
σ,938.3499918929563,0.9982906584965504
