label,ess,rhat
Overall,953.2263666382435,1.0038238285772052
as,666.9442219007375,1.0023587277548236
bs,1307.094656705593,1.0045988137528157
σs,561.2267237251527,1.0078264993284771
ws,629.296979568927,1.0074517024962006
ps,1046.5047729833595,1.003070029410778
es,620.8313983073378,1.0000102190217828
σ,1027.805443566284,1.004098920648605
