label,ess,rhat
Overall,723.9475511483544,1.0038932248029104
as,562.2819073580935,1.0034400880353218
bs,916.0320639122413,1.003680366700736
σs,547.5181111013254,1.0077559950475379
ws,486.5764725650119,1.0037036482020987
ps,786.7368748389032,1.003835189238647
es,467.6676542804031,1.0062106999897895
σ,1071.0727507380243,1.0043189007235411
