label,ess,rhat
Overall,567.9171689482704,1.0062967533458624
as,451.62332941662976,1.0059381969914236
bs,727.742824016294,1.0039001462367532
σs,411.20263301729244,1.016215341814633
ws,525.7187149327195,1.008697048980341
ps,580.9291563380874,1.0052317589200923
es,530.5523397512582,1.0069540785803452
σ,810.7166033936644,1.0038684103331692
