label,ess,rhat
Overall,535.887582375438,1.0064990810095022
as,455.3445742706954,1.0088320223931713
bs,638.3942767106562,1.003935195772691
σs,456.8183119457259,1.0073304788808137
ws,554.3525087562857,1.0071038091745281
ps,508.2944828176586,1.0058925439580746
es,552.0592605433139,1.0089453349460509
σ,999.3856979717785,1.0101197984932075
