label,ess,rhat
Overall,747.3401072757099,1.0041615042958487
as,550.7975070067067,1.0043943195405367
bs,972.0986597519969,1.004300121231095
σs,583.687584473463,1.0020071976522278
ws,533.7482922482483,1.0051407714586058
ps,803.4328964862544,1.0038976741439085
es,540.244615855253,1.0058689307214421
σ,1032.1789883400186,1.0016592927847063
