label,ess,rhat
Overall,992.2316969269738,1.0055945588363717
as,677.667396003394,1.0043706698858674
bs,1387.0162911239602,1.0058154281118827
σs,526.953995941217,1.0114120729513343
ws,690.7364031103448,1.0045692195056601
ps,1086.325456562771,1.0059884781991715
es,640.0159692721052,1.0037412865648085
σ,798.1062155180072,1.002697045933654
