label,ess,rhat
Overall,441.8534753707318,1.0103795466939902
as,321.27461843791264,1.0142194875096497
bs,565.7350151414527,1.006073362155652
σs,422.697914910904,1.013083760285531
ws,360.7287553938113,1.0090692529406615
ps,455.3817724554422,1.01079443791125
es,337.76025193595626,1.0128894771517534
σ,974.178301897232,1.0011684323899477
