label,ess,rhat
Overall,837.3146476895253,1.0041091588412732
as,693.8211829542305,1.0037951416942759
bs,1044.9329081779508,1.0038580287993015
σs,465.3908323213651,1.0073870125372946
ws,574.853340058066,1.0058189686311636
ps,912.7210381749937,1.0037239701142842
es,567.8846639922859,1.0047807021108137
σ,906.2035633590224,1.0007374137189964
