label,ess,rhat
Overall,456.42080084885464,1.0089938358896304
as,382.3173228472954,1.0116585043469994
bs,542.5148621503423,1.0065986437133243
σs,413.2547009691125,1.0080237212778034
ws,423.6074742150072,1.0059999706540688
ps,463.2898224986606,1.01030403894681
es,417.6820040846128,1.0102148467219285
σ,749.06375108855,1.0084129175650947
