label,ess,rhat
Overall,607.0040342501135,1.0048087156119354
as,509.4131248084902,1.0060581951137806
bs,743.8163083013062,1.0040190352013605
σs,465.807121655665,1.0031534388833612
ws,519.3608040965611,1.0048805979990636
ps,646.8016540403324,1.0049090196663377
es,456.0370475558324,1.0047800859126594
σ,925.9186549356176,1.0013954809504881
