label,ess,rhat
Overall,490.02012544133447,1.0057752710961372
as,452.1122126053436,1.0057718427661397
bs,534.5753020997049,1.0051875235127865
σs,466.08997568076813,1.0079035043841913
ws,443.7592502529034,1.0058362396022482
ps,493.1981186297589,1.0060455375654638
es,454.8342399548015,1.0036116454881727
σ,1032.8945757765393,1.0023439720362544
