label,ess,rhat
Overall,489.8081498101254,1.0053875965374506
as,355.22126705882505,1.0066870095323732
bs,639.854267036327,1.003653157547214
σs,400.1445898556982,1.0079107473102706
ws,393.4733715925608,1.0069627656122133
ps,513.2812181262232,1.0050277369374168
es,349.79394002564936,1.0052721604275499
σ,799.1466288171575,1.0039897006617178
