label,ess,rhat
Overall,1127.5763465425869,1.0039811334372757
as,746.7668228830116,1.0031268367816304
bs,1614.550955066511,1.0046428241085412
σs,511.81885432936303,1.0050982481466775
ws,631.0447765346273,1.0054206908585315
ps,1272.8576627779273,1.003700923117515
es,702.7666435728946,1.0034950795598283
σ,962.0714132811624,1.0011286474856043
