label,ess,rhat
Overall,657.7847301052602,1.0054190633753253
as,643.2759701073996,1.0049190443468599
bs,741.0696928461407,1.0044056518857924
σs,410.19040023038826,1.0108674132401192
ws,567.0178842713802,1.0110181795220996
ps,688.7233564502314,1.002955754909687
es,658.1834544175514,1.0047148545689557
σ,941.7851465179818,1.0036841073333695
