label,ess,rhat
Overall,581.0157349537241,1.0039874394134847
as,517.3731205257797,1.0031276503759066
bs,668.9944877148137,1.0039669638544515
σs,493.4056369544013,1.0071563919612838
ws,519.0106667626316,1.0058151676706901
ps,597.5572356116181,1.0031868227183258
es,492.653125186107,1.0039274689618136
σ,1071.722755676823,1.002990675304478
