label,ess,rhat
Overall,486.8787126282417,1.0050909891610407
as,431.7380504187388,1.005794456269821
bs,555.6182523382291,1.0039074055186579
σs,437.92275362649707,1.006819408682011
ws,443.1574203375899,1.0045968331849837
ps,495.44606014291486,1.0051044684941244
es,386.3906411790383,1.008570067966938
σ,989.7593276329649,1.0037122406017593
