label,ess,rhat
Overall,1007.1705630854381,1.0049288743206535
as,654.6675657689234,1.0034828127634385
bs,1442.9686774464958,1.0059583066793525
σs,524.0588842270887,1.0073453236720453
ws,669.6223463780146,1.0049173894179713
ps,1102.8528524874662,1.0050700004981363
es,694.4452085952933,1.004042974685265
σ,1090.4499812574597,1.0000644359044384
