label,ess,rhat
Overall,506.7222877951823,1.0047563257786123
as,396.86543434580096,1.0040863475309199
bs,627.7101229358095,1.0049623848872704
σs,442.1625939859567,1.0074470567850096
ws,349.37123598071906,1.0072810149355336
ps,539.7653054986441,1.003971635148101
es,387.84625771564595,1.0056088392016087
σ,1046.6221199616482,1.0104201793141083
