label,ess,rhat
Overall,831.1480231952917,1.0045265674384374
as,623.9059260196799,1.0036024658696858
bs,1094.5108580455117,1.0044197771249264
σs,505.6477446825644,1.0105057403555582
ws,581.9962766895552,1.0087613414914978
ps,901.5503659300143,1.0035973059702694
es,555.5992781924242,1.0029441528713474
σ,992.7540200031744,1.0014786584079582
