label,ess,rhat
Overall,657.2060421662211,1.0046196780152052
as,525.762123212286,1.0044205587955208
bs,817.8233553375372,1.004738731181948
σs,552.1818229836501,1.0049079158057954
ws,623.2653861813227,1.0053624901161207
ps,665.7147451796845,1.0040414123709782
es,527.0823508402648,1.0091942491907169
σ,1103.5150182868724,1.001591697203109
