label,ess,rhat
Overall,673.9684550778869,1.004527465549074
as,518.6820746626017,1.006266580763233
bs,889.1676100428576,1.0029559059427935
σs,458.28246669901836,1.0039242653607097
ws,569.806553597064,1.0040978371222866
ps,715.7949278737952,1.0044702018350904
es,581.6069943483376,1.0079639328464132
σ,1021.1459016132396,1.0042989286394093
