label,ess,rhat
Overall,503.4114689617053,1.0089471486942199
as,399.80513419421925,1.0129319453520447
bs,621.6401610148689,1.0056105534176403
σs,450.7709827332666,1.0066136237217385
ws,446.661384424848,1.0074847448373356
ps,516.5675481426069,1.0097224114570595
es,439.73779304433833,1.0096111628313418
σ,969.7017765352876,1.0050111348687583
