label,ess,rhat
Overall,448.73191838533427,1.007405080077492
as,432.56122326140303,1.007629536919072
bs,464.55950813585696,1.006424859392679
σs,449.96709772960605,1.010125829913133
ws,416.5505519541144,1.0080033857877626
ps,438.26190788942915,1.007491105538595
es,464.0161877114341,1.0041062640832432
σ,1076.560049801312,1.0045863815540697
