label,ess,rhat
Overall,862.3958863649239,1.0038216330152314
as,690.2836107861033,1.0038575250575605
bs,1070.555075537881,1.0038672793350363
σs,653.3237875189292,1.0033487105148553
ws,693.9541702552316,1.0025632389181651
ps,901.670238269307,1.0042065273077196
es,887.4469807928165,1.0039931795662664
σ,948.4253994150457,1.0001043430385188
