label,ess,rhat
Overall,584.4759524563198,1.0054270449778482
as,485.01443484435976,1.0056305942314023
bs,695.0745387553198,1.0052528800353875
σs,519.8809540714876,1.0052566159735075
ws,389.8340643762406,1.0098444383437841
ps,626.4163812345363,1.00458839113779
es,506.4935084971818,1.0014194215083858
σ,1063.0029159811427,1.0006889558483405
