label,ess,rhat
Overall,1032.6832465921502,1.0034974811418211
as,867.7663212176559,1.0046969561577768
bs,1276.7522665196284,1.0020230902012146
σs,573.6010981848416,1.0050919935047935
ws,590.2927084958569,1.0062880376065908
ps,1147.3549512835582,1.0027471543292872
es,958.4944237922472,1.0043748847814795
σ,985.5055241598944,1.0042716832868928
