label,ess,rhat
Overall,1059.0802271927419,1.003665362158212
as,844.9388167553695,1.000807961467547
bs,1361.1048231143902,1.0061241033658692
σs,549.3577513839425,1.005977587159657
ws,726.4478378927869,1.0040138421261424
ps,1144.29810979402,1.0033770601270817
es,1024.6727393536191,1.0042939482967816
σ,1029.025509609083,1.012064927760168
