label,ess,rhat
Overall,569.5178012612546,1.00625914871192
as,420.47378909950373,1.0066805319427743
bs,736.2664077758768,1.005682212757253
σs,466.83115401460117,1.0071613545100337
ws,395.13815104386566,1.006891811706944
ps,612.905223005384,1.0060854681017706
es,397.5305036990217,1.0071163713753748
σ,923.4519552761818,1.005289416731888
