label,ess,rhat
Overall,653.1435290733533,1.00468548500397
as,481.6174503974778,1.004136393676593
bs,851.3504850053195,1.0051881658600665
σs,498.39444098802716,1.0049546657373984
ws,496.5759537247341,1.0078472647875012
ps,689.9183371940427,1.00404267203542
es,512.8103830857889,1.0042645221074333
σ,1047.4299354388288,0.9984410758850621
