label,ess,rhat
Overall,64.67248130523203,1.3563608368208373
as,22.408629997126233,1.5077196676419518
bs,62.04580271782989,1.177885479359397
σs,226.27838892906055,1.4539803327260123
ws,26.272822254333757,1.4215332496080073
ps,49.7652209987551,1.2619407546216905
es,5.138714581842828,2.3693470097910057
σ,1032.1246913311898,1.0032416746122785
