label,ess,rhat
Overall,34.61730794213786,1.4472370399125898
as,25.00803416355184,1.4603865843322021
bs,43.22749744195492,1.4167104020988859
σs,38.21401134570613,1.5097945761313238
ws,81.66872650901563,1.3774639592759435
ps,16.063279422600917,1.4640788848093682
es,7.282630334039064,1.5713785773377937
σ,7.074381863763048,1.5983429653857144
