label,ess,rhat
Overall,467.335297728968,1.0066248838920149
as,387.77817393273386,1.0052557270250935
bs,553.3863145469201,1.0073071239650715
σs,429.67071820300316,1.0106090012964342
ws,317.27166613721676,1.011534262423695
ps,499.88717634188896,1.0053780064382565
es,352.60397793792924,1.010635961404837
σ,935.0713429918528,0.99954030426664
