label,ess,rhat
Overall,1010.2862748483759,1.0041682334226592
as,690.4874045737597,1.0024192706506958
bs,1409.7925864560457,1.005144612979093
σs,547.9831151166645,1.0086492160727294
ws,636.7551916015383,1.0055965832484381
ps,1114.7931618315397,1.0038129110227192
es,778.0168767500479,1.0008849627850256
σ,940.8674948152193,1.0106500519857073
