label,ess,rhat
Overall,724.6001115992837,1.0050620471706149
as,560.0824838430233,1.0058318700460072
bs,931.9999553178061,1.0041177237837595
σs,475.88325901816313,1.0060741501371009
ws,533.4059796570009,1.006469767839483
ps,780.7992372291919,1.0046153317801998
es,596.2531159046745,1.009032610018639
σ,578.0656560603005,1.0016706121880685
