label,ess,rhat
Overall,864.4967299418101,1.004602521388259
as,677.4970603442493,1.0045268487296533
bs,1104.1097367377288,1.00401373685298
σs,559.3393741913278,1.0084563731127882
ws,570.9489235672655,1.0057808242577588
ps,946.4950450214747,1.004280288038466
es,615.9059263111261,1.0036451461352278
σ,948.3328898738076,1.0078448382503746
