label,ess,rhat
Overall,1143.9791287180742,1.0050648618966525
as,853.2859993569583,1.0044981197702243
bs,1529.3719144684007,1.0056366453312218
σs,594.7211216606541,1.0050356223094348
ws,619.1991698116843,1.0068483893107116
ps,1279.1863706590382,1.004681875823702
es,1030.2418134193629,1.005292489580052
σ,1178.865653025909,1.0015906090627609
