label,ess,rhat
Overall,1008.8021520754052,1.0056005398099817
as,837.3145141737876,1.0045393330043135
bs,1271.03421267767,1.0058909407312746
σs,482.4845004116527,1.010071213939359
ws,610.6728375313932,1.0082536874207881
ps,1115.7565426243848,1.0051228192308963
es,923.7804774186507,1.001651327579099
σ,822.5865295660433,1.004591780738178
