label,ess,rhat
Overall,619.9046022010272,1.0052019622936574
as,518.5900684280459,1.0047794929741047
bs,739.4281405191422,1.004873176708497
σs,514.2923758392501,1.0095592407409932
ws,439.9685273494567,1.0079160871517872
ps,656.2936400522118,1.0043078411306217
es,589.5235806162256,1.007787137399168
σ,1093.2257267326045,1.0103799296107918
