label,ess,rhat
Overall,1189.2234393408123,1.0047949843529649
as,966.6131101206443,1.0039036727627932
bs,1522.7124199836053,1.0045079299885717
σs,546.1272610895884,1.0116295068894414
ws,613.0944497523061,1.0053802287891744
ps,1325.92314441908,1.0046816781970347
es,1485.5961353268876,1.0021238353626316
σ,948.4400786738848,1.0085530445837712
