label,ess,rhat
Overall,605.7019697130353,1.0047066208086213
as,526.7615956688745,1.0049889134675827
bs,740.4718320436356,1.0038948680038096
σs,404.71581188185263,1.006612677333678
ws,512.2076441571278,1.0048953793505075
ps,644.6447551099423,1.004761984121681
es,558.1531217035563,1.0056724200427114
σ,810.2191520833065,0.9990704736982272
