label,ess,rhat
Overall,512.9622567218045,1.006298099847105
as,434.9847261391212,1.006965762184015
bs,600.3782794263245,1.0054174177520805
σs,478.98368508319254,1.0070649709763164
ws,490.99821473507444,1.005758881429013
ps,515.1142300933877,1.0060650763250996
es,427.93339298197134,1.0156175819261666
σ,890.6371803810687,1.0001883682782162
