label,ess,rhat
Overall,496.93683021387136,1.0052164418046607
as,414.2282814048448,1.0042937383694157
bs,605.9901786980024,1.0048355043728547
σs,402.0955513834941,1.0099095489260448
ws,423.8082176328762,1.0083115429203984
ps,515.3036621052952,1.003949340618726
es,441.07078003143954,1.0045039493905021
σ,1008.6746523736496,1.0024448440784273
