label,ess,rhat
Overall,498.5093038944658,1.0070497122062192
as,388.7334570486198,1.0092756421577072
bs,624.2967379985955,1.004249942272598
σs,440.86758976464387,1.009115536141898
ws,427.0810404316774,1.0054780635121914
ps,520.2227541758649,1.008501539637445
es,422.79933579548845,1.001769586679074
σ,942.5186943294991,0.9987222343769676
