label,ess,rhat
Overall,462.61924583286316,1.0056339500613343
as,386.48570921791276,1.0069850269011082
bs,527.0630515251048,1.0044188019876055
σs,504.7022771546141,1.0051446065035736
ws,382.48577392400443,1.0053121317672211
ps,482.3152808313014,1.0053857102727428
es,362.3615477459323,1.0085522834265293
σ,1112.6393949536337,1.0101133373636881
