label,ess,rhat
Overall,628.0177923188809,1.0074684944406553
as,549.6322326584689,1.0091868787408882
bs,770.3700566030407,1.0043371269818762
σs,397.7376556733881,1.0125552338114232
ws,548.0347673929754,1.0073256487157372
ps,668.444366576828,1.0069889805116725
es,569.9691687993566,1.013905315288504
σ,652.8204077621692,1.0087763635975409
