label,ess,rhat
Overall,600.12369206023,1.005645136004291
as,521.3358348649173,1.0039121342287245
bs,712.1539181353097,1.0067456435628854
σs,480.4511640930683,1.007922115185391
ws,552.2155740710587,1.0077770225061484
ps,620.6276472278813,1.0044793056305994
es,464.6561238596198,1.0090089581801305
σ,912.8534099725731,1.003646443346306
