label,ess,rhat
Overall,951.1682180191157,1.003456443836143
as,638.4495558765751,1.002824634676327
bs,1338.9820140530016,1.004000248720167
σs,515.6164414493132,1.0039668686357388
ws,638.2901245976198,1.0018963039793454
ps,1044.6072367444951,1.003967691271312
es,620.3605301155436,1.0006781653951617
σ,882.2478160659942,1.0031948021115578
