label,ess,rhat
Overall,794.6752786881344,1.0036416112226882
as,601.2489844470928,1.0035904568729448
bs,1038.8347399223392,1.0035788743276641
σs,500.4229101277903,1.0043021804423389
ws,589.2134871635116,1.0042769138292278
ps,848.4433345506974,1.003506014104061
es,579.9280753978471,1.0025644202603223
σ,1108.8445021611674,1.0046810235630474
