label,ess,rhat
Overall,718.8224448786176,1.0044553249696717
as,534.5617775947244,1.0047595082654224
bs,931.1126023052389,1.003441391856032
σs,556.251402050795,1.0085718739134255
ws,573.5886348336949,1.004872146560369
ps,758.8742630242317,1.0042039567765348
es,575.9174492896125,1.0056937130290835
σ,824.9508856062142,1.0090423630330494
