label,ess,rhat
Overall,644.4458161081118,1.00474458379803
as,580.1805069989483,1.0053177492393632
bs,760.2284582306306,1.0038149190947052
σs,458.9834172600316,1.0060279811411987
ws,543.1559979947975,1.0056750792435267
ps,686.5286539958795,1.0044741408495301
es,543.1320353542633,1.003738085183467
σ,968.3974098936203,1.0026231523421836
