label,ess,rhat
Overall,508.19258602874356,1.0067614721474063
as,383.1172850164074,1.0082866477327441
bs,654.0395245189112,1.0043833718255497
σs,433.4146911085494,1.009832001198873
ws,444.6251714168425,1.0065416914681047
ps,522.9816966827836,1.0074057208218992
es,473.81725792531455,1.0028256831560936
σ,955.2353405733664,1.0005199527448372
