label,ess,rhat
Overall,496.29094263133277,1.0080498296889826
as,380.9165085779607,1.0118749920253718
bs,628.2541933447741,1.0034407999251895
σs,436.5712026550841,1.0108717524276352
ws,396.1586349783149,1.00778621516371
ps,534.9419469208958,1.00846996772899
es,380.5895033951265,1.0042773155012
σ,924.3554014113228,1.007834643327627
