label,ess,rhat
Overall,504.4207898165706,1.0090758918802296
as,359.300061803608,1.0137182528609288
bs,666.179176863947,1.0044476789006993
σs,407.92236741697263,1.0089938334734454
ws,369.35841280829464,1.0071983016444992
ps,537.5258335148654,1.0096269310320147
es,336.28843197299193,1.010541871632936
σ,872.3919320848944,1.0022251359179013
