label,ess,rhat
Overall,941.84369317355,1.0067148946407147
as,602.2279559436979,1.0095615676683212
bs,1352.2904978793767,1.0038077110901384
σs,531.0235018128919,1.0070658556739385
ws,705.9407666133029,1.004529212101963
ps,1013.5536862716625,1.007186463665495
es,622.9952448084775,1.0096574809460912
σ,968.2960399172572,1.0044225993055336
