label,ess,rhat
Overall,854.6909186766783,1.0050287493865744
as,669.8091427796132,1.0045947331215581
bs,1108.1330140490425,1.0048745094432552
σs,457.04106571994527,1.008440635394924
ws,554.2296523863605,1.0063529419001644
ps,937.3527134807605,1.004676551388194
es,621.2190171339408,1.0088525875271925
σ,959.4037666500285,0.9983962668645251
