label,ess,rhat
Overall,728.1413892780392,1.0035437675757577
as,563.8451569146614,1.0032908561479958
bs,925.6441924004471,1.003547504406246
σs,535.5432788756649,1.004988980239945
ws,535.2639911677957,1.0060175970122724
ps,774.8851032032321,1.0027073983480606
es,556.8189987364481,1.0083088722558782
σ,1141.6166792748909,1.0044733279068039
