label,ess,rhat
Overall,486.2502367031562,1.0083050129926836
as,416.5539140293406,1.0106284010601174
bs,555.5457163444997,1.0059349474534212
σs,487.6932716200563,1.0084730518912646
ws,429.3197076318433,1.0045657125608254
ps,492.9045454618236,1.0098563391077127
es,404.9029080850654,1.0128421332288395
σ,1159.0992150697414,1.0037678987118972
