label,ess,rhat
Overall,611.165841094649,1.0064759404107173
as,512.9725258569279,1.008014656614105
bs,745.8031156621904,1.0045641585971008
σs,479.9675875072964,1.0078189766075383
ws,527.2296183968144,1.0085674804506237
ps,636.6882079582293,1.0057451433256892
es,557.7800221341656,1.0073420431019549
σ,1061.5906129365435,0.998645978760079
