label,ess,rhat
Overall,464.89797826701067,1.0070817358714905
as,398.7132644491665,1.0104037935501122
bs,519.4338403898213,1.0044919871923004
σs,506.8338443691324,1.0044454234735356
ws,445.5435970519086,1.0062833431608098
ps,454.5535226443973,1.0072072316555323
es,369.8616793762892,1.0140419504464027
σ,1156.1789968176304,0.9994791288647427
