label,ess,rhat
Overall,594.4013039183903,1.0052338023420893
as,501.4356274424655,1.003950584831505
bs,731.7598663312735,1.0045093771369176
σs,434.58691454533925,1.0124613161188094
ws,515.5208365541281,1.0078578816714359
ps,627.5289896932328,1.0041497518145237
es,495.69228519554997,1.0047580852802587
σ,877.0651195893106,1.002881598230289
