label,ess,rhat
Overall,622.9605430161122,1.0058754299722308
as,531.6733048529904,1.0066757585023964
bs,749.0753143143806,1.0047094338754714
σs,497.5814237295832,1.0071918332119658
ws,512.2773813554039,1.0093007454090202
ps,662.1718598243608,1.0044476649983936
es,516.1009782786718,1.0066598152165835
σ,1145.3833754050204,1.0003247635618122
