label,ess,rhat
Overall,483.8184228611228,1.0048837976311649
as,424.4732984061933,1.0040938441167455
bs,554.4682635177795,1.0047958249726894
σs,443.12144453490555,1.0080443318535883
ws,413.10533850333917,1.0079093755572057
ps,508.5036030073728,1.0034340498459484
es,380.43139430542067,1.0059029648079054
σ,897.3348084634342,1.0042319705808271
