label,ess,rhat
Overall,643.5022190519062,1.0067146290716444
as,520.6681357702906,1.0079042167656023
bs,805.7448065284192,1.0040964153370873
σs,501.6316039502748,1.0118576828178019
ws,537.9335077260397,1.007338013910073
ps,676.3493878997203,1.0066968128812819
es,567.3630179632702,1.005315398459314
σ,1208.5787670964041,1.0024956931845914
