label,ess,rhat
Overall,661.0899606613659,1.0033411925800009
as,579.4239083954819,1.0016032778654238
bs,799.6896192719681,1.0042928883375888
σs,456.12897782038,1.0061715808251634
ws,527.6802261858314,1.005422949120046
ps,714.1123140362195,1.0020737885096427
es,626.9300594223653,1.0045640198537535
σ,951.7453890995856,1.0088669653812732
