label,ess,rhat
Overall,504.4975733956904,1.0055818962561758
as,419.46042134222256,1.0076536923099146
bs,599.2493767911078,1.0034996157293374
σs,469.5248285646712,1.0056196403593358
ws,462.11344912102714,1.004656629790679
ps,507.18037563774647,1.005732483131174
es,456.7407962549184,1.008569582817238
σ,1038.8677606797326,1.0067944619700708
