label,ess,rhat
Overall,575.392817241722,1.0034986781450093
as,491.6427733786587,1.0036563569569037
bs,684.2552784003345,1.0026933488688574
σs,484.9881149777433,1.0058302198163342
ws,492.04152169825784,1.0067964669712999
ps,600.1000262053792,1.0021158105774626
es,488.79744559084816,1.0033019638585476
σ,1106.4116740099491,1.0002731975586514
