label,ess,rhat
Overall,625.4712278125543,1.0038959613951794
as,563.7184200408028,1.0045577954000835
bs,720.9739732921522,1.0028774297704313
σs,503.97145206430906,1.005180072826618
ws,530.3589976957243,1.004895182801003
ps,660.2328597332076,1.0035064831576403
es,544.7924057819989,1.0028064626346391
σ,1024.3732033386468,1.0042107362223909
