label,ess,rhat
Overall,467.0258302371515,1.0073032265675725
as,391.0703265032108,1.009198946449728
bs,547.4684454197593,1.0056464211029272
σs,450.8722290219498,1.0064431346645357
ws,420.92607323215356,1.0056841431712613
ps,472.87486490004477,1.0075659265831434
es,406.7285291552487,1.0113354660366207
σ,988.7426152257108,1.0118375479803718
