label,ess,rhat
Overall,490.07190443749323,1.0095804531023014
as,437.9033212979857,1.0139822156162583
bs,561.1771004545628,1.0055517538980112
σs,421.90009807826993,1.0082374251875001
ws,415.18024080483775,1.0080386383495878
ps,512.2598358212367,1.0101069788941481
es,428.96093981131224,1.012218796623049
σ,934.1075813043898,1.0091158725053397
