label,ess,rhat
Overall,813.1449008660169,1.0027635293733423
as,658.7583221851498,1.0013102550754815
bs,1016.0848400978597,1.0035729465263385
σs,531.5354096703556,1.0064979008135515
ws,554.7299660855745,1.003082085748039
ps,881.2659880218152,1.002373168752556
es,627.893874728783,1.0085112071367162
σ,1014.8139870274686,1.006182807147959
