label,ess,rhat
Overall,491.001365223184,1.0064805885870816
as,356.7250687376414,1.0060467403967817
bs,633.151704496786,1.006339987085793
σs,445.3319170524401,1.0098123967982986
ws,375.60390530178074,1.0101559851124138
ps,515.7129725656271,1.0052372286364026
es,336.1385048409662,1.0141767213869022
σ,999.3394526071941,1.0066648423160474
