label,ess,rhat
Overall,717.9292275193487,1.0050034018348668
as,577.4972256975523,1.0055692957488
bs,891.0436691241964,1.0040117166876195
σs,528.3710767776523,1.0074729909880913
ws,485.6067623511887,1.0041823073957514
ps,776.7807801077244,1.005364164933565
es,570.6119655826365,1.001485383270234
σ,975.5588091686612,1.0045759434960153
