label,ess,rhat
Overall,941.031416443405,1.0054424557362716
as,591.0531677020249,1.0048711885780823
bs,1362.73887270717,1.005060585879651
σs,525.002012813573,1.0109706504221676
ws,578.168148357041,1.0071642478122325
ps,1043.8547663662505,1.0050382413738284
es,618.0807047220412,1.0041363715588152
σ,1005.771260625911,1.0067954085769397
