label,ess,rhat
Overall,452.26768356442875,1.0055397081967545
as,398.36858858686367,1.0048845156432717
bs,500.9713835068799,1.004522421644471
σs,470.9711056908388,1.0115606329775146
ws,387.25063492919844,1.005654170237503
ps,460.8343950264513,1.0049235118473947
es,389.8129693844785,1.0060130053163578
σ,1134.647197534504,1.0192406745519293
