label,ess,rhat
Overall,634.1067148983144,1.0046103189209168
as,561.2681092352153,1.003356457349969
bs,754.8123320303218,1.0045039454820486
σs,461.78547361024465,1.0095071649562517
ws,568.6338394950852,1.0076252173976048
ps,659.1415465585785,1.0031190427537582
es,609.6744004288305,1.0066186983584007
σ,817.7402255091662,1.0031879586717993
