label,ess,rhat
Overall,655.1051007358099,1.0053345146962185
as,633.4298234726895,1.0041054308408106
bs,749.027286302684,1.0048441359690423
σs,395.0162308422954,1.0115245799935217
ws,535.1169759947632,1.0079424847496719
ps,707.1661596048555,1.0040956959303953
es,595.330165825575,1.003741751367207
σ,860.9249368536507,1.009433688624206
