label,ess,rhat
Overall,723.0953474334697,1.005186139083975
as,512.0271493885541,1.006740624797805
bs,962.1756896723309,1.0037843971370037
σs,560.6249111085841,1.0043002252361939
ws,548.7199321977308,1.0057798372844917
ps,769.4876152262136,1.0048835105957252
es,535.1512797708447,1.0099301768819933
σ,964.6596115358661,1.003099852517715
