label,ess,rhat
Overall,762.9912118226486,1.0046809610417862
as,573.7384105614681,1.0058784226450161
bs,1000.5282154182493,1.0033971698146453
σs,482.94283828301303,1.0051816728604697
ws,555.2739360286756,1.00446159592405
ps,821.276232175978,1.0049093475240416
es,541.0287442277602,1.0027785001130503
σ,901.8424795802953,1.0001557131638465
