label,ess,rhat
Overall,1035.5648149758179,1.0058782909429413
as,587.023811109874,1.0070489891569565
bs,1583.073110696498,1.0044760851478503
σs,461.5545222183462,1.0072210349131814
ws,643.0931807093049,1.0052468341307204
ps,1159.4792658293952,1.006045422073399
es,586.6401593690932,1.0040449777627707
σ,695.1800964156994,1.0091001047879786
