label,ess,rhat
Overall,792.5986481680715,1.0043651290154183
as,541.5551848813051,1.0032114305016888
bs,1097.055860803295,1.004875770043365
σs,482.79890194701994,1.0080948624329549
ws,527.9227437121456,1.006761945145534
ps,866.5696451629715,1.0037844497578419
es,509.8977532512016,1.0059320739502131
σ,983.5034357177151,1.0003420499481213
