label,ess,rhat
Overall,996.1705201239719,1.005608716003889
as,587.9239855350398,1.0062325525643618
bs,1487.5010923241045,1.0043320413999026
σs,514.2831019790074,1.0093951766562648
ws,604.7478205976248,1.006560302073043
ps,1109.9701341849998,1.005419951897444
es,572.6995291183787,1.0051658438077773
σ,1077.8034215219777,1.0041361046756099
