param,value
Exponential mean,9.166666666666666
Cauchy mean,15.666666666666666
