label,ess,rhat
Overall,70.08685749702758,1.1637677532283566
as,52.3625494136876,1.0910428260318636
bs,39.45507206832011,1.231025961654038
σs,244.16879414039826,1.1834479408032765
ws,37.56721953308173,1.2283814103409323
ps,54.31091559262644,1.1159370609129864
es,9.615173284098844,1.476818216883935
σ,991.4403710046639,1.0059009407659099
