label,ess,rhat
Overall,149.75559959778911,1.157644679881394
as,210.3993799095522,1.0225305345133477
bs,43.501519718927376,1.300751056394688
σs,313.9526780393443,1.1288726477585034
ws,176.0400971135841,1.0410289039128702
ps,106.2144624847259,1.2065844283392557
es,95.24515668927747,1.3008950808807118
σ,1075.4320801649162,0.998099729600645
