label,ess,rhat
Overall,274.30041237064654,1.092976956462838
as,292.01857181066225,1.0348879222439045
bs,250.1624641670914,1.1429709506455774
σs,297.41165191938836,1.1221191005931366
ws,159.90711587183333,1.2180112707762616
ps,311.08940078241847,1.0235122658762523
es,157.64824867219562,1.2907403421129722
σ,923.8105990472376,1.0031203686527004
