label,ess,rhat
Overall,558.3280355171366,1.0050773088855882
as,394.2366442538605,1.005416817269355
bs,736.1071160970923,1.0043704669896036
σs,478.9394374803941,1.0072078432564515
ws,369.17002983109063,1.0063133094919934
ps,600.7893767547588,1.0045466264702567
es,382.00687577587405,1.0060516758477758
σ,1142.7220438263475,1.0137693236202725
