label,ess,rhat
Overall,794.4705954362393,1.005443839768914
as,546.9543463493167,1.0063722789559268
bs,1090.7752732954107,1.0037969554903134
σs,511.4977085571976,1.0096108213001211
ws,517.0104679448413,1.0053653564765808
ps,872.365550507055,1.0053731612909373
es,551.6347893634039,1.0073052001400211
σ,870.7058940795316,1.0060554854775992
