label,ess,rhat
Overall,898.3407393293763,1.0047704238667186
as,577.0321557106006,1.0054550645797815
bs,1281.269623919672,1.0034987948315843
σs,540.9429936945595,1.0081749561347277
ws,613.4853840438315,1.0065386141168815
ps,984.4698186433765,1.004372495744868
es,514.5769450856416,1.0048098063841475
σ,949.9367841713902,1.002573925678724
