label,ess,rhat
Overall,705.0582709321548,1.0044571121128207
as,657.8881851377171,1.003257198845562
bs,810.6296077987192,1.004246008632315
σs,494.8137670724985,1.0095367724047732
ws,579.219842410417,1.008459328865283
ps,753.5106167535782,1.0029171261450986
es,674.7678341403839,1.0030814812713906
σ,1015.9392954195401,0.9992214079269081
