label,ess,rhat
Overall,710.7571710089511,1.0050084047520262
as,702.5642852742466,1.0034245200757905
bs,764.7820086065725,1.004968493249859
σs,545.7621443024525,1.0108540709942777
ws,554.5041514611236,1.006670874725702
ps,760.9724319577074,1.004399385848476
es,754.6072608723964,1.0036425932906545
σ,1192.4964411883332,1.0036248794829739
