label,ess,rhat
Overall,532.779152838492,1.006739917349225
as,456.71423506068254,1.0090679320674387
bs,622.0932785830321,1.0048241807332052
σs,485.08200415826116,1.0052557161813285
ws,466.52600989919387,1.004705661107528
ps,549.5344937993837,1.0077430397723954
es,497.5015098835521,1.0050731457433066
σ,962.7332890367665,1.0084033524590008
