label,ess,rhat
Overall,611.0830501233829,1.0064292982975478
as,599.1448354557856,1.0076772772614033
bs,667.0810185970687,1.0044053698412638
σs,452.46793642146383,1.009222716470292
ws,563.1140671711452,1.006511171597744
ps,624.3855281057308,1.006492408583397
es,533.725668113179,1.0090767577214972
σ,995.5611820295916,0.9985110324152167
