label,ess,rhat
Overall,446.305721048416,1.0060357662618815
as,421.6787088585236,1.003762268863834
bs,474.7642728708522,1.0080033524517664
σs,432.512178371259,1.0071370466112664
ws,435.0785985150899,1.006537099341134
ps,431.28866835079805,1.0059074150834588
es,430.6749369489796,1.006651848189997
σ,1002.7361297852731,1.0021247360936065
