label,ess,rhat
Overall,517.7701476705,1.0063886501632207
as,399.57592307222706,1.009312754825472
bs,649.589532307191,1.0040724406566446
σs,468.7195715321958,1.0042002276027893
ws,453.3006584398965,1.0075385951175697
ps,530.6167871118109,1.0057445952366708
es,461.15447172942214,1.0112593357977
σ,1070.6227448458171,0.999593367532367
