label,ess,rhat
Overall,472.40901929329567,1.006893582622775
as,405.5245968641491,1.0051302103302224
bs,534.8495313219076,1.007539762932576
σs,488.407096735221,1.0109154737606776
ws,400.63392160954135,1.011228516679237
ps,494.2398075660324,1.0044146593745786
es,371.3393764742733,1.0088330980508347
σ,968.2489820452372,1.0154473475422137
