label,ess,rhat
Overall,665.2977227746446,1.0050755382000878
as,617.8773068971196,1.0046576007753436
bs,769.0839986419495,1.0042397578405031
σs,462.3806268114371,1.0095889222236716
ws,615.30837306513,1.00416912378872
ps,677.1149134733462,1.0054889292576656
es,607.0630563849243,1.0056687231831698
σ,1074.3922939020172,1.0040179736733197
