label,ess,rhat
Overall,554.1846875789682,1.00477856310462
as,488.4444643930522,1.005847689486468
bs,649.2554171247482,1.002976154624697
σs,448.59486468345824,1.0074183786576896
ws,494.1497914311631,1.0049548905874828
ps,571.1618940131974,1.004548616274272
es,502.9632087455003,1.007995922658992
σ,935.6390317296036,1.0022065317905697
