label,ess,rhat
Overall,507.27417140413655,1.0061949748208665
as,359.7337108367435,1.006214155898629
bs,655.6902741492338,1.005750516218384
σs,504.1218595644012,1.0077259739098563
ws,434.22642841872903,1.008129372211975
ps,528.9383782051243,1.0052547927216464
es,374.82292662505677,1.0082703559255428
σ,1085.4801999615054,1.0032761784979172
