label,ess,rhat
Overall,493.94377207584057,1.007990785705354
as,386.9254059238653,1.0082359294620338
bs,620.1577481249614,1.0063903342703244
σs,424.8395764461171,1.0128698933474147
ws,482.4735583490596,1.0070024754915676
ps,485.68674230503984,1.0089123827416993
es,452.47935378710895,1.004118354706088
σ,929.1979474154955,1.003633847324354
