label,ess,rhat
Overall,611.9770205579996,1.0061508256881109
as,564.6995168820896,1.0067214399447728
bs,706.0642163333397,1.0040120136053265
σs,443.46212900005247,1.011796337862152
ws,573.6413845877167,1.0068154749519296
ps,621.0327045678117,1.0060723388827915
es,567.9508395979792,1.0058079514300013
σ,924.6092298663259,1.0009014399768137
