label,ess,rhat
Overall,677.0183835947252,1.0039599976904587
as,606.0228534591199,1.0024935339568457
bs,803.2609038963916,1.0049463167400237
σs,478.1292189969046,1.00568851855303
ws,543.0584969660821,1.0047310079157499
ps,730.6094704780352,1.0037183682107602
es,628.7018364230947,1.003008382359552
σ,987.8018585156375,1.0028934721209355
