label,ess,rhat
Overall,965.5831343552636,1.0044594532030215
as,746.1836368430635,1.0027348602299198
bs,1248.846529994611,1.0050847346639618
σs,595.1725252178148,1.0108354599735603
ws,697.2777525500537,1.0057662659883604
ps,1039.4828980263599,1.0041763221979532
es,754.3072458503672,1.0031161667255855
σ,1060.610836814964,1.0050545609771226
