label,ess,rhat
Overall,499.76908640613226,1.007518332884734
as,359.22792909429285,1.0101259883591875
bs,650.3319241084741,1.0042911607618286
σs,441.64334014121806,1.0111115294457529
ws,354.0524325317642,1.0113070139710854
ps,533.2516443624515,1.0064686525173319
es,322.099039141237,1.012492926743743
σ,996.546245525012,1.0024896297658
