label,ess,rhat
Overall,821.8809479239015,1.0060873774844548
as,655.2686418430303,1.0079384246213587
bs,1023.7715057513291,1.003782402943796
σs,617.2670877938763,1.0087201564262316
ws,684.5947775205833,1.0040425646731848
ps,857.8781023394818,1.0061916532449124
es,693.8831114799563,1.0125025973442394
σ,997.4472537037651,1.0127894549981662
