label,ess,rhat
Overall,677.876567707792,1.0060517623817946
as,581.5214657344146,1.0079607779724142
bs,839.9870006134684,1.0039305097402993
σs,441.15737635151544,1.0068158157649483
ws,538.3540465739269,1.0042355790323672
ps,732.0758693101241,1.0071238575722463
es,670.2979024486151,1.005736362298974
σ,958.1223101718904,1.0006022877888388
