label,ess,rhat
Overall,497.86047889076826,1.0062937620502597
as,455.6654212273649,1.0042639662566075
bs,551.0250790478925,1.0073158693925977
σs,458.3701259133733,1.0099214404749903
ws,445.43843051585964,1.0107566404068806
ps,513.1520121551347,1.004526852242484
es,417.2063846479994,1.003179801541508
σ,890.6533830016796,1.0049067977904762
