label,ess,rhat
Overall,577.5088109499301,1.0057410758537892
as,451.2650056428089,1.0082130853094147
bs,742.7099231299404,1.0028949620808314
σs,437.2625062075299,1.0070878513961845
ws,460.6674831140596,1.0091063149003274
ps,623.5015604097514,1.0046537898997991
es,545.4773007581526,1.001247398649548
σ,847.8562794085861,1.0026149965075384
