label,ess,rhat
Overall,482.4590466459141,1.0081275281873574
as,361.5912568175312,1.010039356090063
bs,598.0942085613208,1.0046056720770413
σs,501.29650713262816,1.0139236297347545
ws,449.0764031421984,1.0114369062761204
ps,477.783283944127,1.0063471952417515
es,451.55218050327744,1.0068997207894383
σ,1066.4343312222384,1.0171592625037786
