label,ess,rhat
Overall,1070.726183244079,1.003644509114198
as,793.6448042069422,1.0028026435773856
bs,1417.5695585424717,1.0043381285856043
σs,666.1066049287944,1.0045043362935513
ws,689.5501528710347,1.005423687722173
ps,1165.3426006381044,1.0033022970543803
es,1150.7425925986931,1.0005102204192726
σ,943.217694098168,1.0049891220795824
