label,ess,rhat
Overall,962.4894459052077,1.004008905584805
as,735.1919375979408,1.0040291756363484
bs,1227.0219470662507,1.0037599636090138
σs,746.5264873533081,1.0053352027454396
ws,741.4302764217737,1.003726595028361
ps,1006.329772897766,1.0039562931344872
es,1283.8443039250196,1.0007520652715356
σ,868.1540680239947,1.0164357105039048
