label,ess,rhat
Overall,682.1902830495025,1.0051321229093424
as,478.028455165138,1.0058106721702125
bs,912.3681162293403,1.0042793361065174
σs,531.2974523357564,1.006142700652683
ws,517.1541529247373,1.006604477195933
ps,724.2386493833251,1.0048848813059317
es,488.09464549133565,1.003250419042888
σ,1032.4935356395285,1.003094876166887
