label,ess,rhat
Overall,793.2732662555355,1.0042120617862809
as,535.9733686174297,1.0049894328246378
bs,1099.6800316284127,1.0034009703301334
σs,508.45343339385954,1.0044076402094653
ws,583.8143669796265,1.0049047889403075
ps,852.8830952020935,1.0040348541041704
es,562.7639191965129,1.003874041828435
σ,906.5269622496929,1.0050813445949562
