label,ess,rhat
Overall,927.8473399972662,1.006246588841299
as,604.2397816217415,1.0061250150776808
bs,1325.9412061718429,1.0053130014165794
σs,495.82675476276563,1.0123665237336557
ws,570.2914810179506,1.0054146174866136
ps,1033.6067024434149,1.0064556749307376
es,554.6052469044487,1.0064455208580565
σ,888.5524365195625,1.0057962487709629
