param,value
Exponential mean,1.168421052631579
Cauchy mean,2.389473684210526
