label,ess,rhat
Overall,628.8377553035111,1.0052726107405188
as,546.7644229170994,1.005471330350461
bs,768.3530931559443,1.004715861317729
σs,422.04653562583525,1.00656151806677
ws,585.5244000053736,1.0066643328051992
ps,643.600995202213,1.0046028483335379
es,560.3921689175706,1.0056460310621451
σ,901.6449542868022,1.005238927902596
