label,ess,rhat
Overall,593.060128534569,1.005422188011124
as,503.41519938470304,1.005729597689598
bs,714.0962438110613,1.004015993259545
σs,480.05185847871417,1.0093778142743033
ws,511.16490928234754,1.0073058887184032
ps,614.2530282630319,1.004342836187028
es,545.7023180044956,1.0022717056558719
σ,1119.5029876813403,1.0171818916607744
