label,ess,rhat
Overall,810.2356052048252,1.0046261355643327
as,590.1366045581697,1.004246175230256
bs,1083.2071751785052,1.0041951516382952
σs,503.5747031080834,1.0093296122729956
ws,528.5513236839547,1.0086424360375192
ps,887.3715255249044,1.0036641220436964
es,541.8766420023117,1.0054666714300002
σ,1024.6407344964848,1.0009261071453135
