label,ess,rhat
Overall,427.67239067325875,1.008434625279298
as,316.741837343006,1.0114428952273071
bs,533.4219663048592,1.0059747718790715
σs,457.7220613254423,1.00525380930216
ws,310.6728567302336,1.0129777468988819
ps,450.6222834729392,1.007061582072744
es,267.25993401595434,1.017960105171591
σ,1050.896856919505,1.000772279974299
