label,ess,rhat
Overall,712.4979319271296,1.0051487835740494
as,543.5122609896414,1.0054750007716158
bs,921.228700775026,1.00471030847092
σs,481.9763640467627,1.005799879426314
ws,503.83613804828724,1.0075774162119167
ps,771.5806085427549,1.0044128457140005
es,477.4973708199774,1.0100927997732594
σ,850.4721031375159,1.001442176803562
