label,ess,rhat
Overall,1035.5190654422008,1.003380174323642
as,821.0543803141435,1.0035245617162245
bs,1325.329551065965,1.0030352166124081
σs,598.5134225671045,1.0045434821718187
ws,622.0500477607189,1.0058091755702343
ps,1144.89138299701,1.002697641821707
es,875.4970977399075,1.0037162417885497
σ,1067.3199703937448,1.006321584527606
