label,ess,rhat
Overall,567.139071319911,1.0054295487572118
as,493.941947288116,1.0063244429616096
bs,650.8264570806471,1.003854173698224
σs,506.2955532920538,1.0093763377138325
ws,398.6299673991545,1.0101981921942136
ps,603.8770882274416,1.0041791810595964
es,467.78604053794476,1.0056511444606588
σ,1024.5295683714533,1.0077802855918232
