label,ess,rhat
Overall,918.3893782967285,1.002240514745671
as,692.9406270858829,1.0027775807486314
bs,1196.7210388915669,1.001697328532345
σs,611.668503869572,1.0022760119657934
ws,686.79773807709,1.0029522640174153
ps,980.5709651834026,1.0021179149899988
es,811.1537584667029,1.0004178185228016
σ,927.2441300320927,1.0032297042027378
