label,ess,rhat
Overall,1142.9052244900786,1.0042433065780803
as,882.3477861959449,1.0020295395671714
bs,1489.005987826755,1.005886413820466
σs,646.7539392433326,1.0075531332355119
ws,692.3973845257939,1.0037625477726995
ps,1264.1336469684995,1.0044728004009895
es,948.4413859050919,1.0009425553215583
σ,1118.962702267259,1.0055982112560573
