label,ess,rhat
Overall,39.944121971996225,1.4588173343116655
as,38.97343516157011,1.5096135371841304
bs,50.024224136734354,1.3734635842784744
σs,7.150226696472889,1.5832245040902828
ws,8.375337519005486,1.4857081109866748
ps,58.28982268375383,1.4321363095599566
es,7.158312890777794,1.594974493081411
σ,7.352935064623557,1.5575203402164963
