label,ess,rhat
Overall,6.650926413644162,2.3176206092105858
as,7.946577803531929,2.2735459864633083
bs,5.5761292517092755,2.3438879765951226
σs,5.855851193013792,2.381726728516455
ws,5.185915842179788,2.666155753540897
ps,7.397967436730584,2.1240364802250054
es,4.710730087998845,3.171953896920054
σ,8.68837932226031,1.4597196554530159
