label,ess,rhat
Overall,26.113961102727384,1.5026995871764959
as,19.085797591464598,1.5993687608661888
bs,33.428890729697414,1.3920723632457397
σs,25.081603086181307,1.5529485680443222
ws,13.355147657829937,1.6685028077877524
ps,31.02869392554659,1.4154877638811472
es,9.001693233564907,1.8617133833372739
σ,85.66120478652229,1.0625407531989235
