label,ess,rhat
Overall,42.559550447003545,1.1995364002364666
as,61.71134316988706,1.1295897076356374
bs,32.221251642263205,1.2274807873294478
σs,10.830972341688117,1.3507447000647215
ws,60.339959139012315,1.1471126002916987
ps,33.73845671368913,1.2113307325161256
es,66.33690081713922,1.3178209437995712
σ,10.98838246880134,1.285400273176346
