label,ess,rhat
Overall,445.40858294640043,1.0067135177392186
as,401.48691164436747,1.0069547526207165
bs,505.53223721719587,1.0057781497790232
σs,387.0814442588562,1.0092123968225253
ws,387.9610074773168,1.006103000662135
ps,461.218613199729,1.0072248535415957
es,415.9587117305791,1.0065895918232588
σ,782.6184444205088,1.0009928436343112
