label,ess,rhat
Overall,718.7391922124835,1.0064330640139567
as,646.6521380458277,1.0043655325534286
bs,866.3113053202019,1.004781239961628
σs,446.9929800246588,1.0198227438602396
ws,557.148063881562,1.0141561698173207
ps,782.0137656505347,1.0031487098380576
es,713.0617041130097,1.0037273273299028
σ,1024.0487989931567,1.0045604763150724
