label,ess,rhat
Overall,608.8456002809639,1.0059348177444745
as,528.0592896622871,1.0062016069703097
bs,734.2389715334474,1.004876895999875
σs,448.26018199926,1.0087828948120283
ws,546.6560093923237,1.0063486213585813
ps,630.7307551571029,1.0060566110903493
es,541.037230779859,1.004486019927697
σ,921.7234031672485,1.0007001430160207
