label,ess,rhat
Overall,564.8984289010904,1.0051983133633278
as,484.1324542168495,1.0048394807285252
bs,670.1372488382699,1.004654787203562
σs,476.7961859905116,1.0084468050237727
ws,465.69758345335873,1.0080805858997708
ps,600.6206137217507,1.0037816057493694
es,504.79065557466555,1.0068292768311975
σ,946.7473155895532,1.0041835139531785
