label,ess,rhat
Overall,487.651125049377,1.0040980939619688
as,447.75532709721,1.0047535235772729
bs,530.7261199431349,1.0034650562957144
σs,476.20601605964913,1.0040174829453892
ws,487.86815679711077,1.006861370368944
ps,474.0380185993291,1.002730105944956
es,431.9044707727104,1.0069324559217403
σ,950.4808203311426,1.0008377416010579
