label,ess,rhat
Overall,717.9806737965415,1.0038872458586732
as,605.5136626315572,1.0037019889758352
bs,891.9360141984822,1.0032122389519833
σs,496.6226885434982,1.0069841955009728
ws,628.8721217398178,1.004977010146162
ps,751.6851106731135,1.0035318719623108
es,665.9248497807007,1.0026700250176739
σ,1015.0795877180341,1.0024842373962364
