label,ess,rhat
Overall,640.3492211536791,1.0035901746920217
as,579.6497327387735,1.0025799747253485
bs,753.8727335521083,1.0030622870086758
σs,450.182734812994,1.0091272902320902
ws,580.8856144642277,1.0078539041245198
ps,656.0072352728249,1.0018264871471845
es,604.2000342116884,1.0026941471272002
σ,1019.1025082132863,1.0000733527974643
