param,value
Exponential mean,0.4052631578947368
Cauchy mean,2.236842105263158
