label,ess,rhat
Overall,468.16850239895365,1.0064084177291346
as,429.5940814879836,1.0060824138359576
bs,512.2341928365491,1.0065671233869513
σs,448.39993210310206,1.007010691376434
ws,437.86659815842614,1.0063443593201413
ps,472.0012562444532,1.0058925830804424
es,365.5043958904838,1.0123003644667203
σ,937.4679663192364,1.0088049260278893
