label,ess,rhat
Overall,698.8068902746608,1.0058081296560613
as,596.8777285794315,1.0062742528518522
bs,872.5771940021649,1.0039904364248722
σs,440.17877895847124,1.0106737817834923
ws,578.2167746456272,1.0070605580070209
ps,752.4910050462638,1.0052954660270035
es,628.8820962234256,1.003579924774576
σ,889.9508818638562,1.0085646535630195
