label,ess,rhat
Overall,664.8135694309323,1.0055275343318673
as,630.8761357563486,1.0060196082063346
bs,738.8887879182691,1.0037641929942296
σs,520.3175441050207,1.01010409719928
ws,625.2704904862225,1.0073948140268236
ps,674.6601362451081,1.0047879173819572
es,538.01043234018,1.0059710197504856
σ,1136.9260537803855,1.0014632478528096
