label,ess,rhat
Overall,496.7090517601864,1.0053978985931828
as,444.0345452186667,1.0038191332509199
bs,555.0146899888395,1.0061980545978821
σs,476.43697768650543,1.0082008922084145
ws,401.9288555960809,1.0081131249397517
ps,527.9886754089176,1.0041096967700691
es,397.8385253598126,1.0074329171518146
σ,1018.5422436631854,1.0022383927180647
