param,value
Exponential mean,0.7105263157894737
Cauchy mean,1.6263157894736842
