label,ess,rhat
Overall,632.8137986808663,1.0056376163735188
as,540.056000937315,1.0041811478059277
bs,775.8688791810208,1.0038092407816344
σs,451.7435807570955,1.017463055347631
ws,571.9400661280368,1.0080639376324787
ps,653.4894126548006,1.004341264073335
es,564.9676637419716,1.0026919637080636
σ,961.424895870319,1.0161182264016961
