label,ess,rhat
Overall,494.1229395216955,1.0093108270329207
as,397.0852235704402,1.0128974854053827
bs,601.9506309827899,1.0059811070541689
σs,455.2790276862755,1.008385848815565
ws,417.0165996950157,1.007406693764497
ps,512.784776782113,1.0102259568068088
es,432.48625880170005,1.0114454132423267
σ,1057.464610110994,1.0040978797141078
