label,ess,rhat
Overall,901.7479110141243,1.0038960562703354
as,575.407668779379,1.0038265422948913
bs,1292.5260028988932,1.0037654009474124
σs,528.0083830439846,1.005057038200862
ws,602.0672869871352,1.0047442786886238
ps,986.9598856973589,1.0034831537891373
es,566.0435165705715,1.010986012689679
σ,1079.1494034298294,0.9993567935096672
