label,ess,rhat
Overall,674.1312559156098,1.0055784056873238
as,483.9178104795832,1.0057058911229728
bs,889.2969261281445,1.0049773018434123
σs,529.4083522118642,1.0083253924552458
ws,545.5981721236375,1.0049853792986434
ps,706.5263146237402,1.0057812409369256
es,535.4688174704454,1.0031565004107366
σ,938.8903203193655,1.0078024409237778
