label,ess,rhat
Overall,812.1363289232268,1.0046317847355564
as,601.9698641990084,1.002941358401595
bs,1080.292650604647,1.0059242736587586
σs,475.79515857145526,1.0069398217179608
ws,538.5561442304542,1.006568143473186
ps,890.5892373353262,1.003985241206326
es,512.5818867347098,1.0094251195980926
σ,928.4678258327632,1.0028428995619831
