label,ess,rhat
Overall,440.5001184570738,1.0093259600121967
as,310.180492389092,1.0101652726923294
bs,583.0463370125863,1.0072986049840604
σs,369.58588202939643,1.0162166056306152
ws,307.01247779249957,1.012110607512316
ps,472.10960721980547,1.008931581024346
es,269.86243948240156,1.0066163899511311
σ,866.3717037701847,1.0002595215497265
