label,ess,rhat
Overall,1003.7625436423536,1.0040961601148604
as,696.2785296564269,1.0016059577524605
bs,1393.4048021831743,1.0059117132615816
σs,527.2447252239693,1.0080091255657968
ws,611.5663269143719,1.0070293965008845
ps,1113.6250641637748,1.0035361989309692
es,751.9882568345664,1.0018213153019682
σ,940.2647329654819,1.000325149935125
