label,ess,rhat
Overall,831.6653549951957,1.0048660306242179
as,608.3278737630511,1.0045523005357468
bs,1108.0976072138844,1.004087080503474
σs,523.7156832732395,1.0112035758376654
ws,565.1548867128839,1.0055639961796239
ps,903.2093577777127,1.0048504250892596
es,600.6312705623588,1.0019283155137497
σ,1057.747009687798,1.0031149398582964
