label,ess,rhat
Overall,736.7884029796286,1.0040939741583328
as,561.3522694097886,1.0041373834754976
bs,942.5749106716714,1.003922097745124
σs,560.7562330708527,1.0048390833153866
ws,511.70061813881097,1.0081782766349048
ps,802.1143578680307,1.0029463475393983
es,447.33972005070177,1.0066866079038834
σ,881.0933522839993,1.0049831546572385
