label,ess,rhat
Overall,1171.4487378654478,1.0043025915645558
as,1085.4736614632568,1.0031326764786697
bs,1349.4092720465046,1.0048037603047624
σs,637.933082748025,1.0081813203694958
ws,671.4073096533892,1.0061385167780823
ps,1291.9811303017216,1.004050346115803
es,1358.658401249691,1.001388110046763
σ,1011.9717127005076,1.0002082335779467
