label,ess,rhat
Overall,733.3276702611347,1.0062895624314718
as,607.0082498250398,1.008102852939383
bs,897.019745391777,1.0038014613796342
σs,516.5662730327623,1.0102034635862434
ws,582.8580436869252,1.007228804039298
ps,750.1613879361543,1.0062001079215837
es,1108.751405594553,1.0052477303303724
σ,980.0972700838837,1.0013961438143761
