label,ess,rhat
Overall,1037.9480409083183,1.0041527894266058
as,810.7384486868325,1.0049279549115009
bs,1337.2354317245097,1.0033206668842232
σs,619.8968090590264,1.0044831403600336
ws,799.7894850453175,1.0027192360994703
ps,1081.69166427335,1.004494814175932
es,1504.6450564260913,1.0036769009758792
σ,862.7627587072632,1.005890018286034
