label,ess,rhat
Overall,655.3756962283683,1.0038990339158973
as,577.1516702086147,1.0026411157690873
bs,786.9174682061358,1.0035530551277698
σs,463.43181077951687,1.0096730628816746
ws,586.8449352047203,1.005781186132021
ps,679.9821290993409,1.0030677366479628
es,585.1084692248344,1.0010961764884714
σ,978.5120278739159,1.0085326511435782
