label,ess,rhat
Overall,491.5140569250461,1.0065025545137314
as,412.3690914185891,1.0053179043162523
bs,573.1902270417953,1.007081966283047
σs,482.40172032799467,1.0086814128551196
ws,442.9780470061355,1.006325357860513
ps,495.553180967143,1.0065854102282712
es,404.4828152023049,1.00758023191909
σ,1142.9914343029393,1.0043193109635986
