label,ess,rhat
Overall,737.2384668236755,1.0027189847899447
as,659.2498648824288,1.002130158785292
bs,883.413295560896,1.0031436350191398
σs,491.7680503581696,1.003310017581592
ws,617.4267982704339,1.0040008357812307
ps,788.4805105520602,1.0018715213003797
es,650.115941696004,1.0060017364551777
σ,1016.930402779916,1.0028053202927372
