label,ess,rhat
Overall,99.63927026423701,1.1000482699046557
as,44.768838007839406,1.079887807339158
bs,118.90345133838585,1.1071897584656862
σs,227.8217745203326,1.1469165763207372
ws,45.99051778430601,1.18119583583348
ps,98.5057563729031,1.0504620379577054
es,23.778262321673655,1.3065639047864532
σ,924.6176770832176,1.0024882396158807
