label,ess,rhat
Overall,21.285936694451145,1.4400897342317287
as,16.471911023480928,1.3709877123871541
bs,23.839883687272888,1.4806280749378709
σs,29.42221993578567,1.5429189863300852
ws,13.308946113391519,1.4826529903490389
ps,22.418018131006047,1.3941751955543298
es,9.70917845996209,1.9844588879409826
σ,110.72922278571731,1.034370359017874
