label,ess,rhat
Overall,47.41044074832041,1.3242280191060887
as,16.210308718555773,1.3233947822268166
bs,28.77246266360626,1.3256594910822501
σs,226.8276371604441,1.3220743727572868
ws,25.387977424654704,1.2782516088766296
ps,22.476878168079722,1.3140446543260016
es,6.080146867441622,1.8926105323091973
σ,1042.6132154803245,1.0039473997356483
