label,ess,rhat
Overall,634.0594468434905,1.0070443864883396
as,519.1767614648322,1.0102714361465863
bs,796.5319984401176,1.0035215297243478
σs,462.7359284588025,1.008109292069023
ws,602.7978057889632,1.006443015990302
ps,651.026310130587,1.0071013918796436
es,461.8228507180213,1.0128751942291232
σ,912.5338862842425,1.0011170768093325
