label,ess,rhat
Overall,515.5811200474917,1.0064147168084818
as,411.3161948875317,1.006701762720748
bs,634.57750139315,1.0044107519328753
σs,462.54787777897684,1.0125956250765042
ws,495.782206184834,1.0083649735846258
ps,516.2566715791048,1.0057821010300303
es,408.89749194868017,1.0046795253182252
σ,948.9710027750574,1.002930028714996
