label,ess,rhat
Overall,994.7332398705231,1.0045118634249415
as,661.2228452327716,1.0039770735862974
bs,1417.255564731791,1.0049281389626528
σs,478.46404457412643,1.0051992463703519
ws,607.5707508881139,1.008452248571544
ps,1102.8222727091877,1.0034262824779887
es,695.318271206028,1.00726051557662
σ,1051.2394687325084,1.0038378228160953
