label,ess,rhat
Overall,953.1833261351469,1.0050892974340226
as,716.336663967958,1.004821365971809
bs,1275.5427551385437,1.0043741654319964
σs,457.2092784851382,1.0107910655266117
ws,596.4336503004528,1.0080249817477436
ps,1052.6421152116122,1.0042701703551735
es,719.5811929255462,1.0088437924353928
σ,927.3618269003314,1.0016701954513887
