label,ess,rhat
Overall,446.48990064321356,1.01318019603285
as,340.7419760521856,1.020789881217588
bs,552.9468163380222,1.0059786780464952
σs,442.3777522412849,1.010812826282228
ws,358.898661584396,1.0119507386592208
ps,461.1189088494859,1.013749000011231
es,315.3392931713878,1.0127096358089238
σ,1057.6935903916085,1.0015722140019692
