label,ess,rhat
Overall,685.5326851578747,1.0069954640409595
as,506.64845238766577,1.009703358363576
bs,890.0911197324648,1.004792269214637
σs,536.6223146924666,1.004068206962458
ws,506.3410419466307,1.006811291570014
ps,733.2941813575875,1.0068471266585082
es,414.8474281653526,1.0151620484399921
σ,1084.6511000916391,0.999992559251917
