label,ess,rhat
Overall,681.9914340209124,1.0035620860434138
as,491.3809797344222,1.0035871976819173
bs,903.3553046126923,1.0031198220081492
σs,503.6216194502255,1.005981569944629
ws,534.3935280462972,1.0040893765639263
ps,720.8011025510401,1.0034113487136145
es,529.0388639362201,1.003367335934431
σ,896.2073564395245,1.0048594918455775
