label,ess,rhat
Overall,772.2170704043041,1.0052283574068561
as,580.0588055237722,1.0053755344047715
bs,1027.9285453563014,1.0037068341824174
σs,403.6084519898073,1.013199565520695
ws,500.61278088728244,1.008224045680455
ps,846.0236278132816,1.0045142617850946
es,545.9014481440213,1.0036050805288643
σ,941.3850334982149,1.006803241724214
