label,ess,rhat
Overall,1010.3496310931826,1.0054124751894664
as,615.2688242190087,1.0053023086996231
bs,1487.6180224480947,1.0049200306663342
σs,533.661641104901,1.0089076190647233
ws,649.4586147613471,1.0065089483816279
ps,1117.662843260319,1.0052361448030755
es,575.807509757768,1.0045394154435021
σ,1059.0918857234833,1.002464774922219
