label,ess,rhat
Overall,500.45290046526844,1.0074608467275068
as,365.4981000747582,1.0094076902293116
bs,645.5672845296209,1.004878113361054
σs,441.52731515698395,1.0111490079424656
ws,413.8962319518285,1.0067468630363845
ps,518.7688685803364,1.0072394225949155
es,360.9681822958006,1.0153179612438983
σ,938.9358894422172,1.0109427803525708
