label,ess,rhat
Overall,513.765646697971,1.0071600006969
as,468.22568299949467,1.0070858928664395
bs,575.1025511916893,1.0060860562828813
σs,456.89665983509883,1.011292988777024
ws,450.26545193174275,1.0070428212969302
ps,531.494065299349,1.0075003246108802
es,468.89926987223146,1.0046460768587466
σ,904.5618539083598,1.0047455794093507
