label,ess,rhat
Overall,503.63264449689643,1.0079214724954442
as,368.67752052926863,1.0114856522486149
bs,653.5744074894727,1.004439484154828
σs,449.6807440070814,1.0076255834102477
ws,397.6598108518044,1.007502762022198
ps,548.128734466997,1.007449620221047
es,368.68261415245513,1.0124039811840704
σ,888.3083697042728,1.016249139931463
