param,value
Exponential mean,1.931578947368421
Cauchy mean,2.0842105263157893
