label,ess,rhat
Overall,605.4170718021801,1.0058998633153144
as,473.32093596657563,1.0059215341226455
bs,772.1862322821955,1.0047714690121992
σs,480.5941830822996,1.0098840679001375
ws,542.4905238680149,1.0056460076459384
ps,626.8458161938493,1.0057189227815488
es,471.2924786930787,1.008377254646174
σ,1071.6374790469624,1.0086958025640131
