label,ess,rhat
Overall,509.8557082732228,1.00447290045573
as,445.5487304430037,1.0036622603099532
bs,583.2291850499149,1.0037995450465036
σs,477.216312065919,1.0098152844537431
ws,493.8388855721012,1.0047528326548514
ps,507.4808968602508,1.0043345260843055
es,406.8519797097592,1.0056084465687305
σ,969.810134550876,1.0024403554973078
