label,ess,rhat
Overall,514.0561049434823,1.0061962921224634
as,406.2836310040018,1.007528072691823
bs,625.7086829955458,1.0053641004251148
σs,500.0877301381846,1.0043977721832236
ws,432.9163454701218,1.0087279839192849
ps,534.2161228728985,1.0048402792678088
es,470.0014850192699,1.0090528292139345
σ,1051.6819923074154,1.0053592505986793
