label,ess,rhat
Overall,618.8265731044461,1.0072884371018265
as,493.6608556747958,1.0098197118923302
bs,783.5693972325591,1.0043100432330547
σs,476.3489889899796,1.0088980657835875
ws,588.1593597179275,1.0049666112322533
ps,622.5678733003878,1.0085463702322048
es,542.789774260554,1.0084464268376747
σ,1041.632926335968,1.0001281066751564
