label,ess,rhat
Overall,490.5355206558074,1.0069169439878278
as,470.38744744365044,1.0065546302038817
bs,518.8798860476768,1.0061586565613778
σs,461.0288688088414,1.0109511083452525
ws,457.33843853805325,1.0071491072651058
ps,486.9053127544179,1.0070025930092537
es,418.85834146764716,1.0071853774855664
σ,1126.640269881303,1.0013672431079446
