label,ess,rhat
Overall,582.2363010603232,1.0072778616046971
as,451.05833368576236,1.0099702221465532
bs,758.078529423871,1.0030985652091313
σs,421.4449614999691,1.0126308306780536
ws,475.94462680366604,1.0096135009452605
ps,613.9719642331397,1.0063562239936714
es,567.7696887336411,1.0068148949701188
σ,1061.5423743003366,1.004138700673766
