label,ess,rhat
Overall,548.8254442840517,1.0082408735398882
as,464.94281656622866,1.007288198332388
bs,650.1472137408626,1.0090217255388805
σs,486.0445340236953,1.0088594370905173
ws,459.5047468587541,1.0078772126160624
ps,576.3421842965478,1.0081051173006246
es,448.86553359397647,1.016229177792689
σ,1105.1583944428767,1.0001578583410513
