label,ess,rhat
Overall,527.6269255833429,1.0043925845478086
as,493.98042243824955,1.004875254606941
bs,569.7419135905651,1.0034236412685114
σs,497.14038007967866,1.0061431681403994
ws,465.7091313234859,1.002715560256848
ps,538.315914170251,1.005364518670432
es,433.70321584193755,1.0039010750534665
σ,1180.574172924826,1.0002296078397894
