label,ess,rhat
Overall,700.8077640616925,1.004200364017977
as,618.9401768344801,1.0034405154256123
bs,848.6638652268235,1.0044334895467075
σs,463.2491138851841,1.0060965670470599
ws,573.3617649614822,1.004535114037535
ps,754.1434800398633,1.0043820407648683
es,665.9297228222515,1.0009277531712877
σ,913.1872203106531,1.0020049900574814
