label,ess,rhat
Overall,875.7915794071265,1.0037589474175788
as,712.0281727442963,1.0027934654142134
bs,1087.3787263940055,1.004590827911667
σs,598.4138855276451,1.0045338361713838
ws,682.8347872091545,1.005102359473633
ps,913.0043197341616,1.003491914921218
es,1062.4784875054854,1.003715451098178
σ,1031.6877338883928,1.0005425552090412
