label,ess,rhat
Overall,582.5255142940068,1.0079454612833636
as,438.94297397771857,1.0094302205551928
bs,741.825712011,1.006134897309364
σs,491.3631013699207,1.009835128555952
ws,385.7472662966018,1.0091754650835603
ps,624.632417078808,1.0077858649253861
es,557.6242673823868,1.0063551763766483
σ,972.535650415654,1.0040266106773499
