label,ess,rhat
Overall,1043.5374147090029,1.0037027973282444
as,893.1472722136383,1.00440075180721
bs,1274.136729087494,1.0027855066247813
σs,578.3242177868713,1.004974947430327
ws,658.8646587320796,1.0053858234939945
ps,1142.2368714952684,1.0033878818566775
es,1036.1148500489917,1.0005948620677831
σ,936.8816900113675,1.0048382964953662
