label,ess,rhat
Overall,1057.9761266879982,1.004177874816282
as,852.2583817958206,1.0024489494405404
bs,1337.2306647726296,1.00517231736375
σs,631.4627261717667,1.0084378752202705
ws,701.6909601608264,1.0064686132571445
ps,1141.518614069188,1.003522695817664
es,1233.4090989483338,1.005304700535655
σ,972.4927861962722,1.0058839540208535
