label,ess,rhat
Overall,38.443042972482594,1.4261301763552727
as,31.703687288532894,1.4571525535349377
bs,53.76153185603934,1.3592062382708043
σs,7.558163453897194,1.555375795612565
ws,32.471506884038476,1.3160741230361221
ps,44.80026623468764,1.4610793253057859
es,7.3738673761449265,1.5435224225812583
σ,6.952022409156222,1.603340451019755
