label,ess,rhat
Overall,87.68216627853823,1.4082432722055822
as,43.715892237767534,1.3355169183167968
bs,152.7836029341959,1.4637160023717357
σs,11.595580864945266,1.4703563176070575
ws,174.6031312321329,1.4258942091612772
ps,56.837943858700974,1.3832212346293704
es,7.259547419895613,1.5691513955150196
σ,7.425607468456654,1.525188759099886
