label,ess,rhat
Overall,20.483776338119718,1.593208093889339
as,13.81568967436069,1.6538628934339537
bs,30.873709682867098,1.4832511352854576
σs,7.085128286561631,1.770695866502701
ws,19.303910959626933,1.7270575377630264
ps,22.628606937513503,1.4960135531922312
es,6.448188728731862,2.049088060552638
σ,6.947740514570309,1.6023128922033014
