param,value
Exponential mean,2.236842105263158
Cauchy mean,0.8631578947368421
