label,ess,rhat
Overall,484.72274950523274,1.0069092349646853
as,363.48563134787025,1.0075570345241323
bs,609.1941667861297,1.0068822819580292
σs,473.0792726605093,1.0046741873746392
ws,400.15260764985874,1.0082199369201417
ps,515.772186009094,1.0060866137505895
es,364.73338505743607,1.0125679602732194
σ,932.2578315649309,1.001251512448634
