label,ess,rhat
Overall,560.2377029792983,1.0044980914948234
as,417.98430811727377,1.003667220403433
bs,746.548250168885,1.004428801530891
σs,401.6319546000752,1.0077386712939855
ws,490.4529781151316,1.0064899801950848
ps,587.8524278906565,1.0037539235443942
es,485.61055255446394,1.0038328934593888
σ,828.9258545036587,1.0012741898737065
