label,ess,rhat
Overall,676.8636377946837,1.0038102334702865
as,476.5741300381054,1.0038985976873565
bs,897.6484081473892,1.0033220337210498
σs,557.9911147371464,1.006129279556855
ws,524.9619693577573,1.002967954969144
ps,715.0213801714171,1.0041683373721322
es,481.160782325283,1.0003297389748516
σ,1059.5177358933975,1.0036895771862837
