label,ess,rhat
Overall,780.0583308633713,1.0036702511412836
as,599.6913900862694,1.0025460520255782
bs,1012.9451868277607,1.004010099468787
σs,475.44282277710107,1.0082194857128568
ws,624.334078067867,1.0071971450696244
ps,824.7832890819483,1.0028396398814854
es,597.9134830486935,1.0016290543734208
σ,866.2410655470832,1.0052992580072386
