label,ess,rhat
Overall,478.9841830584309,1.0067677998170141
as,322.0288370438236,1.00721022546728
bs,649.2365617066724,1.0060732063603024
σs,401.86139378335156,1.0082303730943996
ws,371.9825085200507,1.0102550012742804
ps,498.3183928200499,1.005998990765496
es,410.0094461023755,1.0082642109206716
σ,972.9116828733927,0.9988313945953763
