label,ess,rhat
Overall,946.080036754138,1.0042116912730412
as,616.0574836945765,1.0051306797449047
bs,1348.0492496163574,1.003184657377842
σs,528.7894098987213,1.0048383547283894
ws,611.8473287297547,1.0034941961895192
ps,1044.4611832746389,1.0042854384049904
es,565.7542716540768,1.0070520157991165
σ,995.2290302628098,1.0036011208895954
