label,ess,rhat
Overall,749.7108105542054,1.0053376220796169
as,580.5676923527365,1.0069396013607936
bs,961.2717419298341,1.0032389707212312
σs,503.68749414407995,1.008218320127425
ws,540.8998894491917,1.0030253020546496
ps,806.0518679565777,1.0061596609753047
es,556.3740660743956,1.0016123474131664
σ,937.7445974601258,1.0010781447191073
