label,ess,rhat
Overall,819.5815160347254,1.0045678116818322
as,614.4953911247285,1.0051399414677165
bs,1072.7513683516872,1.0037931666485138
σs,540.6958970743286,1.0057424001169455
ws,561.2409738146338,1.0046759325976635
ps,889.3231386324404,1.0045321676687573
es,587.3743249594532,1.0020085666294458
σ,1036.4845201360438,1.0100997634242201
