label,ess,rhat
Overall,570.3877155006215,1.0066984286646927
as,450.0630978247035,1.0085491574035406
bs,701.5229085882089,1.0045952314431308
σs,507.6863781129414,1.008162745864435
ws,404.0154705355187,1.0118341907963373
ps,610.2642226233488,1.005250324574481
es,416.86248890883246,1.013129572629142
σ,959.8327663745323,1.0017159914862153
