label,ess,rhat
Overall,754.7134832401699,1.0046508484389307
as,509.4648848393907,1.0040695240887816
bs,1043.1439364531955,1.0047897276967581
σs,504.258725329142,1.0072170299743965
ws,573.9012025698877,1.0071233566864357
ps,804.7153770023434,1.0039806926168482
es,596.2090774722242,1.0044819789585904
σ,841.3787622351268,1.007485967889506
