label,ess,rhat
Overall,990.8232355186557,1.0046914738103503
as,726.6880578836399,1.0053567052620827
bs,1332.184084867699,1.0034205822071
σs,542.914339577298,1.008204302689157
ws,648.6470238754131,1.0059206728834458
ps,1091.6113229883008,1.004619807972547
es,676.7964627107758,1.0017879422013964
σ,887.163122310366,0.9991881083656781
