label,ess,rhat
Overall,1141.4910465016105,1.0039667890994448
as,943.2419287491701,1.0018325136678496
bs,1422.8940934559398,1.005707814884278
σs,659.1982571306562,1.0062476370506632
ws,743.7784758140748,1.0041154713362974
ps,1229.5799889043349,1.0038088958778002
es,1464.6579626391626,1.0075984303628336
σ,1039.4388271461623,1.002498194369356
