label,ess,rhat
Overall,681.8997663172573,1.003435595022443
as,559.270486856247,1.0022475278732828
bs,830.9863725160616,1.0044182339854169
σs,528.4472712380551,1.0046270785023272
ws,484.52907017863214,1.0042307654557951
ps,719.7232592359918,1.003110550196329
es,758.3366864139231,1.0083296431084634
σ,1081.9466196881865,0.9997076053036629
