label,ess,rhat
Overall,1128.626631515128,1.0037621192621606
as,957.9610919488368,1.0027177455289324
bs,1395.214505631549,1.0046044024529452
σs,572.2770911243805,1.0049342444083393
ws,672.8098229438607,1.0051280898006565
ps,1238.4366730529584,1.0032255222394308
es,1290.4918210081344,1.0044761341704058
σ,1003.8159615684916,1.0116991000747573
