label,ess,rhat
Overall,12.898305714751887,1.8443911417446084
as,8.812258058886462,1.9196520564477875
bs,18.480738014396067,1.6818471460313607
σs,7.511320997148355,2.1586102333808572
ws,7.756870339486539,1.7515052870793577
ps,15.831084697323973,1.8596111116155487
es,4.994449417808122,2.522262046048551
σ,14.150989264949366,1.2075603724752777
