label,ess,rhat
Overall,68.29292716757969,1.2151209574232917
as,57.12282352866688,1.181236535023246
bs,34.68516325325974,1.2266248659660965
σs,229.4932503592177,1.2956908073093583
ws,17.47043046747643,1.3619433856449794
ps,58.6979199907053,1.0954063575559052
es,5.689469405689784,1.9940488322480674
σ,1052.8399896913331,1.007975665665538
