label,ess,rhat
Overall,35.101236586445125,1.5543139682174212
as,38.86451575373143,1.4778691182747263
bs,24.036484351702445,1.6015407487660787
σs,61.386539629288066,1.6594990180359566
ws,10.458874239785805,1.5448845461098886
ps,40.71745772599088,1.494080714708854
es,5.107123569227258,2.6565464370299186
σ,244.7760611526033,1.0290666871055747
