label,ess,rhat
Overall,973.0600007326562,1.005322485869688
as,715.5477671388022,1.004460359007293
bs,1300.3277164116323,1.0058761353401757
σs,568.4782046389488,1.0071116547427483
ws,630.4904928089178,1.0038027922685426
ps,1069.8690611833906,1.0059645914444022
es,725.0994870740392,1.001105121600287
σ,932.9802214994932,1.0011724700359466
