label,ess,rhat
Overall,822.87328285678,1.003951471773602
as,610.1411256255491,1.0034668742680468
bs,1085.9188195871761,1.0046040023077991
σs,531.0556817616189,1.0029774602074761
ws,580.3355409742783,1.0037595536733317
ps,887.235553291957,1.004245801872205
es,642.9293403459194,1.0006184715835302
σ,1003.8250895800218,0.9987926446240379
