label,ess,rhat
Overall,551.7667581925892,1.006824076484618
as,388.72398787819884,1.0086589382068005
bs,724.8249480909602,1.0048846154230484
σs,493.6773246055016,1.0074307526530633
ws,382.59861104337045,1.0062458443888476
ps,587.1702480525597,1.0069973570375395
es,447.55430606604284,1.0078446374087813
σ,1090.8419149577308,1.0034042732453092
