param,value
Exponential mean,2.0842105263157893
Cauchy mean,2.8473684210526318
