label,ess,rhat
Overall,649.1587991418183,1.0038977407285667
as,590.3959763059393,1.0035817319258238
bs,752.4521714184244,1.0036375054321325
σs,488.84882115520014,1.005972219485606
ws,543.7153860977934,1.0052099054335861
ps,685.9810457720888,1.0032517878236482
es,573.8343920520542,1.0067221315130541
σ,1107.7501574626115,0.9992977582272532
