label,ess,rhat
Overall,473.2090885682953,1.0069217291446506
as,363.84757985076635,1.0085637281438251
bs,598.52242373473,1.0050997196302367
σs,415.78251335223496,1.0075697669995125
ws,409.29627954171656,1.0078613580434053
ps,484.38738411730577,1.0067779481856851
es,432.18746165212997,1.0056762544402336
σ,1031.5703664452988,1.0018754367015283
