label,ess,rhat
Overall,628.8701072734327,1.0072034286509866
as,575.3391192055939,1.0072990000417699
bs,743.956062642278,1.0035767878923307
σs,407.27222498981007,1.0199152783753287
ws,561.3007529722362,1.0107566179803535
ps,648.378360940682,1.005865488220279
es,566.2240754226953,1.0049987512185643
σ,1057.7798272407895,1.0037609627618305
