label,ess,rhat
Overall,648.4465473450422,1.0046819625069736
as,564.7238571570072,1.0062809122543614
bs,769.039044836397,1.0033518363459475
σs,515.7152410530913,1.0037141975960677
ws,532.6801547028342,1.0060111996924122
ps,690.5828099264098,1.0043210784602592
es,593.510693882124,1.0036359474077223
σ,1051.9721388618132,1.000206131694774
