label,ess,rhat
Overall,947.676735059374,1.004020173410721
as,603.4352495275657,1.004086950986816
bs,1363.927545100867,1.0032692946480326
σs,530.0226529032026,1.0079879602929627
ws,630.2871584987638,1.0067507828945106
ps,1039.9448895806481,1.0033276738738746
es,648.0065484118683,1.0058691703120646
σ,926.8206100605543,1.000794843571195
