label,ess,rhat
Overall,870.9083896857271,1.0043783403192994
as,622.5903383666936,1.0038886035660797
bs,1185.5983583079865,1.0036206244466472
σs,485.95126932701714,1.011613565549355
ws,584.38846846523,1.0083622013052953
ps,947.4645765879673,1.0034964273224556
es,647.4021717338126,1.001753617807624
σ,1081.4629089280008,1.004153277359203
