label,ess,rhat
Overall,482.8831651326131,1.0105689488986074
as,330.96469179142315,1.0174194675166204
bs,633.0357930554943,1.003853926138842
σs,493.12506855880184,1.0097830729207715
ws,358.0299215614546,1.0076584707921852
ps,505.3360938733479,1.0112193902787343
es,340.1612080804676,1.0150898930041254
σ,1188.825422535529,1.0052316117185423
