label,ess,rhat
Overall,660.8487792488802,1.0060166197689793
as,489.97020125614694,1.008246790420002
bs,858.6589267489564,1.0038955499513655
σs,504.6456761062899,1.0053838349352067
ws,439.97975060277076,1.0073497525809387
ps,720.0785967228129,1.0056787815091355
es,441.9065881013321,1.0080495327407935
σ,906.130266548521,1.002169436554343
