label,ess,rhat
Overall,932.4030453871649,1.0040018908776904
as,733.9192835971261,1.0042001419171014
bs,1180.8262812993196,1.0040168201240187
σs,642.7540954788925,1.002765445220402
ws,781.4410889008732,1.0027337521103499
ps,962.5804722029733,1.0045036968360148
es,1135.8459504065245,1.0006787741404908
σ,888.5442260251396,1.0017791035605912
