label,ess,rhat
Overall,1198.459411044822,1.0036891260272884
as,1017.0567034314503,1.0019014034971938
bs,1475.5489541150673,1.0046234268179544
σs,643.4757653949539,1.008638972115974
ws,766.098709252538,1.0050848564990364
ps,1300.473095420744,1.0033415440783917
es,1424.0839952828778,1.0031603533048485
σ,1038.8818140318554,1.004681839358238
