label,ess,rhat
Overall,991.1300192244819,1.0042754000082577
as,838.3326886537604,1.0048803377446534
bs,1218.8643829736634,1.0030177949163623
σs,556.4952267894125,1.0080608706701586
ws,573.6888739975017,1.0056728164087334
ps,1092.7329953205297,1.0040369521207515
es,1064.8422146645153,1.0014016101771315
σ,976.0565184578741,1.0046994814651078
