param,value
Exponential mean,2.694736842105263
Cauchy mean,2.236842105263158
