label,ess,rhat
Overall,651.6358349854722,1.0060537918541246
as,606.1834462104872,1.0058781441497018
bs,764.7533385173208,1.0038349673512825
σs,408.0414218607645,1.014673891800279
ws,561.340785980472,1.0068248330481395
ps,692.3912793898318,1.0060343354290813
es,575.6618879775128,1.0037572444730625
σ,827.4827625480538,1.0019002593391972
