label,ess,rhat
Overall,463.4103706816963,1.0074599719842008
as,410.90544542162553,1.0056791748996394
bs,519.5403068176659,1.0074701919921254
σs,450.36033152846096,1.0138340494600928
ws,454.24408141374056,1.0066110893996758
ps,453.2756470026513,1.0081948394500697
es,374.2983138513129,1.005582890020805
σ,1015.1327712131007,1.0022941728126962
