label,ess,rhat
Overall,495.8351631257707,1.0060282587428593
as,402.6296337522066,1.0074831429090996
bs,595.3578623511569,1.0047557306811263
σs,473.0933516592112,1.0053717767666344
ws,488.9328550044483,1.0062383342251404
ps,487.0823126985481,1.0059960857462247
es,441.03513895418166,1.0071099578381844
σ,915.8370200326053,1.0021804526773428
