param,value
Exponential mean,0.8631578947368421
Cauchy mean,1.168421052631579
