label,ess,rhat
Overall,645.6581110686236,1.004053223888037
as,524.5656543858152,1.0035332796422483
bs,823.6311918456821,1.0038720583107075
σs,440.88786432932267,1.0065772192512632
ws,577.2139881410518,1.004135067807771
ps,671.1075026917861,1.004095633127107
es,612.4820719104639,1.0025043500035853
σ,871.6554823135763,1.0050662044043148
