label,ess,rhat
Overall,510.5197163661682,1.0056506134449743
as,416.82123315758287,1.0056240982742974
bs,618.5397189106392,1.0042500316563137
σs,458.9622467569794,1.0107881624985882
ws,416.6519587958372,1.0063703421754358
ps,543.4750949844066,1.0049231107200698
es,404.2302665671998,1.0106640362586714
σ,992.6718627338739,1.0059020938995542
