label,ess,rhat
Overall,639.1098722806295,1.0055179775806635
as,533.274169243125,1.0051207744777106
bs,787.7517579095409,1.0047795951914107
σs,485.0076149515642,1.0096060853526048
ws,502.115342773182,1.007280138229528
ps,690.2770305228684,1.0045604085463324
es,592.9227726056963,1.0061098017486607
σ,1045.072311421653,1.0080851963509119
