label,ess,rhat
Overall,697.4798092161866,1.003082007144424
as,622.6410159772607,1.0029772151183616
bs,829.136519880833,1.0029441985829612
σs,492.93530648359376,1.0039553692595142
ws,585.5107779212756,1.0031482857808376
ps,742.020685934698,1.0028368883417285
es,619.2076461133913,1.004599949659887
σ,1039.5897162794133,1.0056238673466231
