label,ess,rhat
Overall,667.2745195193451,1.0050358099993646
as,530.097685625082,1.0046949417887443
bs,865.8898367864762,1.0035303104291453
σs,446.09597937701994,1.0116827340103858
ws,549.4067921670852,1.007468679228274
ps,711.4877483216823,1.0041875190417264
es,611.4431211044653,1.0025730135860207
σ,1043.8060957154566,1.0028225369777175
