label,ess,rhat
Overall,532.7684848561249,1.006431608861005
as,416.4878214301333,1.006954382134101
bs,663.3331540278933,1.0056849287127325
σs,481.3460641713279,1.0072376736116397
ws,443.71820336260834,1.0057781396342393
ps,553.6698691124129,1.0069645939265974
es,507.50214163370674,1.0068838261063617
σ,1108.46855855967,0.9995111933860796
