label,ess,rhat
Overall,593.6640438865953,1.006923520921002
as,530.6056292510234,1.0077904867880523
bs,708.7203625273246,1.0055015237206715
σs,406.4715894680282,1.0089216337208116
ws,547.0892772313796,1.0070108591527291
ps,611.380518567813,1.0069270940439923
es,481.48279279182225,1.0064710318212104
σ,916.2954042270658,1.0066875391421146
