label,ess,rhat
Overall,592.261631582412,1.0040078866597872
as,487.10537259749555,1.0043449183848236
bs,738.3364880417736,1.0027391119161344
σs,444.9546806744098,1.007362161526803
ws,575.702678395074,1.0054935456452194
ps,595.6755966759588,1.003152746247217
es,534.9013551465152,1.0040024982327846
σ,816.9265302700458,1.0084244064154262
