label,ess,rhat
Overall,493.7040723113879,1.0067842238356035
as,418.3023886716909,1.0089162739423922
bs,582.1607680092625,1.0041151972695301
σs,446.7060289019479,1.0087173390890263
ws,429.5473914158119,1.0071944353815137
ps,507.9410217303056,1.0061345565338575
es,473.9172542488018,1.014317934254886
σ,932.9971942916125,1.0036856142915038
