label,ess,rhat
Overall,520.9824201386966,1.0042302797218885
as,389.67860610548695,1.0050052039288195
bs,668.9273544831317,1.0033282989629542
σs,461.0743870182849,1.0046876833091019
ws,408.0785323662085,1.0067483501456274
ps,561.0023840847331,1.0032492680650265
es,453.49824549255453,1.0021721100332484
σ,970.2783601038847,1.0036360770927226
