label,ess,rhat
Overall,903.3780242919124,1.0058439363579905
as,591.0572659149504,1.0054742261717822
bs,1281.8566391064278,1.005123692110894
σs,519.6624569541012,1.0121656720711596
ws,498.8127584906993,1.007237491075088
ps,1017.2709795683891,1.0056294653469213
es,542.8761296162063,1.0041540208359305
σ,1012.3031499870001,1.0027957193282702
