label,ess,rhat
Overall,883.4316573082766,1.0042302921618476
as,607.6384943416775,1.0040984582154144
bs,1225.8599428926095,1.003814393714836
σs,496.9479461254203,1.007407140043826
ws,584.6227682909438,1.0077042719043192
ps,966.5213263923605,1.00331351734196
es,627.2560139734642,1.0072766865354128
σ,993.1854961498659,1.000454937859657
