label,ess,rhat
Overall,681.2585341667452,1.0049058930167307
as,525.6488263179145,1.005629611525376
bs,865.3137383830103,1.0038576439114777
σs,516.2746552356235,1.0067881704770536
ws,544.1011169722648,1.0053440637337097
ps,717.4367232927111,1.0049755559668199
es,491.9004669576873,1.001840258616229
σ,969.3105968722512,1.0024352916096977
