label,ess,rhat
Overall,505.6028195023533,1.008105810393394
as,440.7065608063001,1.0077608162456908
bs,584.8203738951129,1.00606938869717
σs,454.0461549942114,1.0166789074315306
ws,454.07290432236056,1.0097834453755112
ps,516.276489617962,1.0072325744162525
es,402.1379831916307,1.0093242163923546
σ,1053.37605127789,1.0082415140157395
