label,ess,rhat
Overall,488.31527753319097,1.008253708317821
as,417.07736358556156,1.0092938178425568
bs,569.5707643133018,1.0067079417600644
σs,452.25201533625886,1.0100740736366944
ws,446.42295162288923,1.0075803876994296
ps,491.4974985350054,1.0091249639367588
es,434.5929839488641,1.0055788421469258
σ,1015.7300295782967,0.9990306419879208
