label,ess,rhat
Overall,542.165146934717,1.0061024440049287
as,465.40670961435603,1.0075309165246007
bs,660.2896019321114,1.002068075271717
σs,393.24748329739725,1.01548367037367
ws,508.8190283711668,1.009491485395257
ps,545.1737248094528,1.004437413187877
es,542.7905431742416,1.0053383514479424
σ,862.8447524751467,1.0102529336782984
