label,ess,rhat
Overall,642.8821396371425,1.0048132368429248
as,583.7445960151317,1.0034803870488498
bs,753.3392641618531,1.0044931489837152
σs,458.1316483874231,1.0107638123947489
ws,605.9541104348926,1.0050627796722282
ps,651.4313505369962,1.0046051870329369
es,611.4314769684779,1.002991584390204
σ,926.6403320052743,1.010871322856404
