label,ess,rhat
Overall,515.8882635605962,1.0087781713072814
as,443.7109807760081,1.0120018849178045
bs,597.5411577427539,1.0060133158811349
σs,481.77606252934595,1.0071262818435254
ws,474.7466074061502,1.0066894093260421
ps,522.3481039401114,1.009925602014074
es,429.3981129380977,1.0091996261426117
σ,1014.6125887915474,1.00316720703488
