label,ess,rhat
Overall,8.422037190884756,1.9620698037252966
as,5.839636864052378,2.219145216680749
bs,11.69564746671214,1.6627461488684796
σs,5.933681374502737,2.114163474570211
ws,6.7505589524389045,1.9098208697040746
ps,9.546273658166012,1.8842456976205273
es,4.561613452099859,3.4673520091996437
σ,6.970475380492158,1.6019193597552674
