label,ess,rhat
Overall,73.31592245473325,1.2565041919453168
as,57.724781968475476,1.1931063019828951
bs,30.86762271425107,1.2923900950944018
σs,282.25790727099724,1.3555473444733306
ws,16.61336149323092,1.3584368504429474
ps,55.088192581424465,1.1453962673935734
es,5.431497724053693,2.213871440495924
σ,1363.4364801601494,1.0073838312178702
