label,ess,rhat
Overall,727.4706345384405,1.0034546823756727
as,563.0755021298436,1.0036909834724002
bs,919.8252849233647,1.0029238456286325
σs,565.3054302757417,1.0051629891474863
ws,560.9113539059118,1.0040641716047418
ps,767.4955853945781,1.0033795934313547
es,588.5337318633192,1.0023301209604758
σ,1082.8581663844125,1.0019942037845118
