label,ess,rhat
Overall,876.6024350703208,1.005149075634387
as,691.804648851675,1.0052780901837937
bs,1131.6731082659996,1.004076664789537
σs,469.0196906035293,1.0106207741479598
ws,593.5842276484424,1.0083745075511954
ps,955.560784892169,1.0044089033504806
es,654.4797566315001,1.003830736315017
σ,927.065489561798,1.0046088408989378
