label,ess,rhat
Overall,472.7818448519227,1.0064842912653893
as,312.0463762129623,1.007915466854655
bs,633.4056171288171,1.0041295478028274
σs,473.4296837519063,1.0118409849305061
ws,351.3872642837807,1.0070500193805285
ps,496.0328796549786,1.0061086224944895
es,348.01281236421596,1.0073042693604188
σ,1063.0052060983594,1.016087698696848
