label,ess,rhat
Overall,643.5975227459527,1.0058457554240876
as,521.6838500056454,1.0060408900831197
bs,776.5847014193625,1.0053471965466718
σs,579.3711883339602,1.0076056158907147
ws,494.56931015524077,1.0039280825422954
ps,670.139971144998,1.0065755908619063
es,718.9361350492978,1.0021201151246344
σ,1007.2213260736467,1.0012770095892238
