label,ess,rhat
Overall,832.1091821496516,1.0031203686899686
as,655.6471295905745,1.003480717437987
bs,1042.0424991072987,1.0026521458419613
σs,637.9758486379466,1.003746038469904
ws,720.5786518312772,1.0035307081464386
ps,855.0381558525117,1.0031110723567485
es,958.433050979316,1.0012230808674256
σ,817.2370705735332,1.0024370948519694
