label,ess,rhat
Overall,1121.3004194084858,1.0033260726606277
as,864.6095863880516,1.0020064170181844
bs,1477.8164443125738,1.003781972738245
σs,542.3143064832954,1.008335854936616
ws,680.2085919495676,1.0039019527659636
ps,1206.9158855697506,1.0031356234231545
es,1796.3790890046225,1.002755490946691
σ,954.7026339825254,1.0066982382231708
