label,ess,rhat
Overall,1179.8764936006166,1.0033379347383504
as,1037.1338110996123,1.00255094736174
bs,1419.7000254532013,1.003855998648379
σs,616.8075673614492,1.0048976908445244
ws,669.7287145095546,1.0047850154439353
ps,1302.8674249721641,1.002790242313485
es,1311.416208096358,1.005173890935675
σ,1135.005707867584,1.0085902902702248
