label,ess,rhat
Overall,571.8189475053368,1.0052274680070215
as,486.3006615707522,1.0046660037143833
bs,673.1626016194612,1.0048858871075397
σs,480.0318120640072,1.010465130121315
ws,442.55860201060386,1.0078872399884797
ps,601.7968390435179,1.0042524342962225
es,434.0722748770671,1.009834405899727
σ,959.4976448659812,1.0108979465624592
