label,ess,rhat
Overall,782.2129275881459,1.0058949908847308
as,603.2976076873733,1.0066532585205346
bs,998.5874718955093,1.0045587630860862
σs,564.9494260299157,1.0092471598292085
ws,575.5859122755544,1.005574901996632
ps,836.4913120331279,1.0058786103730146
es,579.8384795615912,1.007260844165975
σ,1061.1235540332254,1.0077906155418022
