label,ess,rhat
Overall,975.7649284325082,1.003387081637945
as,726.074931149619,1.001477822791436
bs,1312.4826648203884,1.0048710840810755
σs,471.00404162356233,1.005853568777544
ws,620.8853524517717,1.0044870787208462
ps,1077.9268641967735,1.0030598168612572
es,690.5787129297892,1.0046204418438112
σ,900.919354522047,1.0034291055124092
