label,ess,rhat
Overall,759.6824004448309,1.0064231825652987
as,510.44213280516766,1.0066003945497966
bs,1057.6590157853452,1.0050804030462437
σs,477.0115837798964,1.0131834742657317
ws,542.142702579129,1.006347094483707
ps,820.3123873695649,1.0063812802740673
es,489.31931733376666,1.0073715655207656
σ,1000.6455686681479,1.007450783612576
