label,ess,rhat
Overall,1034.3675795790843,1.0061221771968387
as,694.8165206785523,1.0053815908522878
bs,1467.3309692333603,1.0052806592686676
σs,492.57606120736693,1.0152983819786265
ws,620.1182891349468,1.009295712547341
ps,1158.320104425882,1.005351063229195
es,547.2680940901987,1.0076370442682718
σ,1029.8368432402215,1.0020234892948257
