label,ess,rhat
Overall,493.4882042533808,1.0087311368916652
as,380.37565920866,1.0099776714909692
bs,619.2094556608882,1.007108188695121
σs,420.35770734922,1.0109143357556598
ws,350.50720312812444,1.0092193549046857
ps,525.4669195482953,1.0086800922136274
es,365.5685719281657,1.0110209891034372
σ,930.1211482509949,1.000742960857685
