label,ess,rhat
Overall,735.2938583396525,1.004327411701247
as,582.6738116394324,1.0039156944368843
bs,918.4755029290934,1.0043575239497218
σs,558.0365905821748,1.006540720793397
ws,547.5809061722425,1.0062697019579379
ps,792.0991645296077,1.0037733368516208
es,459.94559864068754,1.0048061731839812
σ,811.8911066286562,1.0066579984375439
