label,ess,rhat
Overall,148.14854320847903,1.040486613399508
as,169.80460420676198,1.034956738163888
bs,98.36401816270698,1.0446656548427085
σs,249.41101377943983,1.0453496150522212
ws,73.99620165607492,1.0682393042121145
ps,162.7288559275186,1.0219223814501248
es,22.198549492343524,1.135255085391155
σ,910.7884985745695,1.0005874103489154
