label,ess,rhat
Overall,564.7089992616673,1.006617642795515
as,437.4659590743656,1.006470721330086
bs,717.3389410242289,1.0050761756666142
σs,473.3161535907311,1.0126958417351013
ws,456.36367010115265,1.0096442586665366
ps,598.4178145817988,1.0055146153645707
es,467.40959012733083,1.00518051579993
σ,1183.022569133096,1.0018512195389775
