label,ess,rhat
Overall,42.10287179730514,1.4977322544051184
as,44.87418635005426,1.4300860072105506
bs,35.639172387055424,1.4916540476801545
σs,55.395457284307255,1.7631402885154315
ws,19.289717430386283,1.731606910821547
ps,47.45712443910559,1.3449045992818647
es,5.890687456196582,2.3174378000747353
σ,249.07452419573687,1.0253443192733298
