label,ess,rhat
Overall,553.7192148779319,1.0039884550675091
as,447.35974702332663,1.0043572815503754
bs,670.07951501588,1.0035966134474872
σs,517.7162186578978,1.0040713095612717
ws,496.973478358853,1.0059230908508885
ps,573.8026044036094,1.0033233660047278
es,434.89609707013597,1.0029446241000426
σ,950.1461610548566,1.0001528032342202
