label,ess,rhat
Overall,517.2904465520448,1.0047207379807415
as,489.1197511961903,1.004463062199442
bs,558.8098054160112,1.0040391392719041
σs,469.2352579228429,1.0081021261452332
ws,440.3804906582409,1.0067480950652101
ps,538.4922671466177,1.0040523373965806
es,451.78092931858316,1.002853719860103
σ,1019.9816162857234,1.0015049043965651
