label,ess,rhat
Overall,614.9239628401239,1.0030384324870154
as,572.241197531765,1.002172807539135
bs,695.1508932034087,1.0035817395219633
σs,479.7649686423918,1.004198776973571
ws,570.9381613337099,1.005392955043895
ps,623.4602830148589,1.0017043503591676
es,590.6821030342376,1.0064634698763562
σ,969.2929759857566,1.0026202223498115
