label,ess,rhat
Overall,591.6804527735907,1.0072589277430726
as,468.0744632265113,1.0096925419251934
bs,750.1410948661313,1.004367232444302
σs,466.20370360992985,1.008908019763013
ws,400.6415566748308,1.0088921218339038
ps,670.1127708707617,1.0069102080579517
es,485.31921700219686,1.006037892161458
σ,1057.6294069750481,0.9991693816294812
