label,ess,rhat
Overall,439.77634307334637,1.0091222624959892
as,382.1100895730505,1.0095471485835676
bs,500.8834047656344,1.0072630286891118
σs,427.38943358217387,1.0142859142854657
ws,408.63972748169016,1.0089567715094203
ps,438.63129850654053,1.0092336084658144
es,364.05312155294126,1.0122256632311535
σ,994.6333319509818,1.0020063576490321
