label,ess,rhat
Overall,1089.863636585169,1.0044146100884126
as,669.5084931124462,1.003416459971672
bs,1605.3205466709173,1.0043111921780954
σs,538.2733902296183,1.010803704645349
ws,637.8754690973557,1.0075706859397389
ps,1220.1270620518894,1.003600566400539
es,682.2558765977922,1.0073095216773562
σ,1076.2927440110884,0.9998259737125423
