label,ess,rhat
Overall,739.5045823528563,1.004696355057672
as,553.310618199995,1.006082124645185
bs,950.6509027415244,1.0031775353094103
σs,594.7809161851785,1.0054680459900134
ws,536.4343350599064,1.0024995962382839
ps,793.2866890470392,1.005219813421966
es,485.5018904371108,1.0067913959806596
σ,1102.811812378988,1.0017413775582213
