label,ess,rhat
Overall,828.0412703158554,1.0034392707753768
as,615.6526108206283,1.0021052261457624
bs,1100.1914706110388,1.004492981823128
σs,481.4243336761139,1.0050652055501859
ws,602.5475505092002,1.0034843352382306
ps,891.1011132963871,1.0034920806697587
es,582.510015009869,1.0034022478296496
σ,998.1559555421798,1.0004376681822553
