label,ess,rhat
Overall,670.6408879057564,1.0045337982285492
as,563.3982314911897,1.0047165733980497
bs,835.711569931053,1.004540864023955
σs,462.4599957071288,1.0038503707548871
ws,582.9827085104185,1.0042290432008891
ps,701.5167038561771,1.0049600232569627
es,601.1446978563963,1.003077881658386
σ,1058.7602060375912,1.000020840962047
