label,ess,rhat
Overall,467.9658218075457,1.0060002535265848
as,403.7362116457717,1.0066674324048572
bs,546.0718257753548,1.0051080912200523
σs,418.0108041058187,1.0068101938683196
ws,436.39992024348777,1.006608958307172
ps,470.56811760483356,1.005584601234348
es,402.9318509607074,1.0106751834873045
σ,909.1648915404329,1.0001528958362482
