label,ess,rhat
Overall,506.71423630467564,1.0036991386320306
as,442.7025039452353,1.0029634410773012
bs,591.047724352808,1.0035740015938126
σs,433.5559158253842,1.006798143166641
ws,474.52497210012126,1.0069269552521225
ps,508.6347511095832,1.0020164485290861
es,432.87484162871283,1.0064411991478335
σ,990.7308111836586,1.003231160835874
