label,ess,rhat
Overall,610.374480197337,1.004080422100268
as,569.1693382257538,1.003235399841439
bs,701.8165976071003,1.0033041558106592
σs,429.5213686198882,1.0099170608746477
ws,550.1096985638109,1.0060732200637201
ps,640.3697523429536,1.0035445005677182
es,442.3339138006452,1.000608603861965
σ,889.7559168069986,1.001044442861755
