label,ess,rhat
Overall,678.5899794862314,1.0051926155452062
as,569.9025477963385,1.005280778663907
bs,832.2025292172196,1.003308366270615
σs,516.8595545382884,1.0116585257064141
ws,589.2811810471283,1.009009055131524
ps,710.0508951134955,1.00335928262165
es,589.8737029385914,1.006100499609564
σ,1109.7443075418923,1.0052462283931571
