label,ess,rhat
Overall,13.804752584700752,1.7719430602911543
as,14.604258715374076,1.7524744496982416
bs,14.956565609481409,1.7465848427580086
σs,6.780003625066449,1.9333196415449607
ws,6.666587052433425,1.928650748533441
ps,18.029016627006943,1.651120496501437
es,5.370712919223129,2.4348621211181802
σ,6.499953202903032,1.7069993382622932
