label,ess,rhat
Overall,29.327430143648304,1.734014756627321
as,8.020368485032483,1.8040599492028437
bs,9.481985222098306,1.641972642135756
σs,177.47645383224526,1.8132036755250678
ws,5.929689573923349,1.9481728838470922
ps,9.934489224500219,1.5207551073353234
es,4.528896958180802,3.5873425572189834
σ,863.913847249133,1.0022125103986605
