label,ess,rhat
Overall,58.020241211220444,1.25729331234666
as,48.57313476857403,1.0901987270742008
bs,14.431822908776859,1.4278605402312117
σs,248.9481302935444,1.2447917989431274
ws,35.25583088088005,1.1210581742081098
ps,33.060666318786794,1.300227856372165
es,9.803466133161502,1.6436511429136256
σ,1076.5756625346978,1.0031011642122025
