label,ess,rhat
Overall,564.4523391837615,1.006789376121041
as,495.4537578325036,1.00992688633728
bs,659.873302083304,1.003453306494988
σs,469.33176560993604,1.007504189996372
ws,505.37313562458604,1.0073613077000516
ps,580.6014009744237,1.006433828453093
es,466.77279449629765,1.009564456848698
σ,1048.8862647115752,1.0036202750842527
