label,ess,rhat
Overall,489.463992735485,1.0088430879849106
as,380.21544816439626,1.0149086268156793
bs,596.1533526470839,1.0035258486367902
σs,498.6770575096483,1.0061492098473763
ws,477.2224042506905,1.0048439151143438
ps,479.6628004755044,1.010591947549211
es,404.9166699072339,1.010941897702838
σ,1060.2886989690153,1.0071651943240443
