label,ess,rhat
Overall,667.2218720838175,1.0061842093596047
as,532.1419020447271,1.0068362877276535
bs,841.9864616844108,1.0047675172327766
σs,437.05107862710247,1.010618969160527
ws,453.57539545807475,1.008563718277136
ps,724.1773610918805,1.0055149270966497
es,461.8725721040656,1.0097818650848738
σ,907.8147191652095,1.0025603395205354
