label,ess,rhat
Overall,993.1798797695996,1.0058720242883823
as,540.4834604848122,1.0078807003221273
bs,1523.4892316916569,1.0042562143875735
σs,543.024870473432,1.0035934007173521
ws,617.2095031975606,1.0032709759924243
ps,1102.9718017861958,1.0067365162885482
es,582.1310303807812,1.0027075098691252
σ,1056.909840615087,1.001918016670418
