label,ess,rhat
Overall,758.7745629892447,1.0061396444703345
as,538.3135023360754,1.0067551756619555
bs,1033.6718646102481,1.0041138563432639
σs,443.0443653758051,1.0143191346959437
ws,514.4643721480049,1.0084528722571344
ps,826.1781858798887,1.0054890744173364
es,506.89154756736696,1.0092377281370042
σ,958.8889851769608,1.003412106239312
