label,ess,rhat
Overall,455.30488223565504,1.0088364339567837
as,318.9891903554732,1.012835183933837
bs,594.2831524732435,1.0052787928368736
σs,439.86192776269735,1.0062780025853555
ws,330.2551397466779,1.0096764319232545
ps,483.87596758454384,1.0083677227893342
es,266.18050429623844,1.0173423705480267
σ,962.7384512355496,1.0042427212142213
