label,ess,rhat
Overall,519.5854989643678,1.007446278566199
as,366.08521851623385,1.0095559028627865
bs,686.0226931910095,1.0048022824185863
σs,444.5513990490229,1.010545635302148
ws,351.45765906330115,1.0091398321761271
ps,557.3773414664212,1.0069786354593768
es,373.085864432059,1.008690443250163
σ,1016.1104067432206,1.007082175006608
