label,ess,rhat
Overall,978.4833265472324,1.0060576888125226
as,716.1143650834463,1.0051588033798842
bs,1322.8043139060178,1.006019127913062
σs,503.1615763562362,1.0114948775386987
ws,638.5138507304009,1.008292344960945
ps,1076.5340913585385,1.0056830062297302
es,675.8155182019425,1.0028725271019021
σ,957.0159420970896,1.0035969024267366
