label,ess,rhat
Overall,822.2619405572428,1.004590622732
as,604.6621186306913,1.0042710689809489
bs,1093.9866771374975,1.003904791168012
σs,508.3374355657643,1.0104218575592339
ws,573.7858791835815,1.0055366500717762
ps,888.0800862645101,1.0045528471515854
es,605.8130147580714,1.0011867079745451
σ,1077.6015346907038,1.001859352029495
