param,value
Exponential mean,17.833333333333332
Cauchy mean,2.6666666666666665
