label,ess,rhat
Overall,6.493320253466381,2.1967098137994054
as,6.327603458607994,2.349157748826726
bs,7.033182539143482,1.9495553863515604
σs,5.146396486519011,2.537653186513292
ws,6.019090224305034,2.168461139813559
ps,6.89480643339096,2.1204957312974857
es,4.660534533452326,3.4046508168864955
σ,5.411011365391573,2.1013780405052747
