label,ess,rhat
Overall,7.067155004101995,1.9627702916329903
as,7.021173505548671,1.9377698683078668
bs,6.78077977737588,1.939982146672689
σs,8.26363921510799,2.134809137460519
ws,7.005400462019403,2.0297742744575427
ps,6.773625773369192,1.9338577575372402
es,6.079721057721764,2.336858718730348
σ,17.4148374009065,1.162271530033141
