label,ess,rhat
Overall,13.299313139892583,1.8588683137399609
as,17.03534466343677,1.9744907352289323
bs,11.235154735960137,1.679673281143254
σs,7.280569909290321,2.0877297137278092
ws,7.219860791530276,2.0743928984079933
ps,16.928174443855998,1.7162534330897463
es,5.051723469770371,2.632200724188248
σ,8.397526757436017,1.4338953737325828
