label,ess,rhat
Overall,505.02257930122613,1.0060977362360346
as,422.2807300974042,1.0060389194387827
bs,598.0409699232978,1.0060794148364829
σs,445.41863907537675,1.0065451377775003
ws,323.01631946002414,1.008059679325942
ps,550.1103644762717,1.0056092626537076
es,344.7512655013955,1.0079756473243124
σ,845.426636593128,1.0022453289322952
