label,ess,rhat
Overall,784.1935908239549,1.0051662045642782
as,602.2392716605168,1.0054132849711357
bs,1011.9530249758598,1.004718692167096
σs,518.5239238908468,1.0063287101081604
ws,549.9214771711878,1.0034271016774157
ps,846.6789026478777,1.00564207495576
es,530.4751906559428,1.0042141648713763
σ,1103.6007874448837,1.0050977398013021
