label,ess,rhat
Overall,1069.071080581156,1.006844924837247
as,652.6029430569629,1.0061242996274427
bs,1576.7426722124046,1.0063609105937616
σs,540.0910467602337,1.013831833666328
ws,584.9206337421138,1.0100554313389438
ps,1206.1985794129332,1.006027225725319
es,712.3042226227415,1.008154908974325
σ,1010.2902146411963,1.0049484359152816
