label,ess,rhat
Overall,589.789834679308,1.0046118783623297
as,508.9589559285991,1.0056123306645777
bs,704.6676159352176,1.0035706732496346
σs,467.2209856605865,1.0047585884799408
ws,505.1618982319622,1.0049453769641856
ps,615.4201301316277,1.004594071992575
es,543.2615434016667,1.0059441104213145
σ,1031.9939728424272,0.9984083966357192
