label,ess,rhat
Overall,518.2273626521882,1.0096089140161895
as,348.4730455974663,1.0153355587643387
bs,694.1268449010728,1.0041834090413362
σs,482.5854045260445,1.0078623033310727
ws,362.39141863251854,1.0097327471587942
ps,550.1514719101403,1.0098120072902157
es,364.64874015827615,1.0082857604525735
σ,1163.0586914943426,1.0010207462789182
