label,ess,rhat
Overall,914.9905998979037,1.0035980371939552
as,660.4717802391518,1.0042135867635062
bs,1229.1383159272946,1.003132857056309
σs,569.1430009481992,1.0027258944889073
ws,650.1991061715993,1.0025419509439752
ps,989.5338811903395,1.0040124123908767
es,662.58897023754,1.0023391516884497
σ,1019.214281897365,0.9988988337524866
