label,ess,rhat
Overall,654.0543753099321,1.0063607023411838
as,433.63967825738456,1.008196398213979
bs,893.600786411373,1.0044399645269997
σs,543.090433826353,1.0068539456012418
ws,465.7117896790026,1.0056574842618977
ps,702.6078987986006,1.0063781349818395
es,409.62361140092304,1.0059746582829314
σ,1072.4578032430327,1.0147346406576323
