param,value
Exponential mean,1.168421052631579
Cauchy mean,1.4736842105263157
