label,ess,rhat
Overall,427.17606952758115,1.0082840345110462
as,371.79584195173504,1.0099991741051992
bs,477.47735237174453,1.005350768073281
σs,445.4602705616385,1.0126692911480477
ws,363.3604449409054,1.0084850305699604
ps,434.9160592333082,1.0081397593634525
es,378.79726047011707,1.0070726137114248
σ,1088.481450333712,1.0120460772407467
