label,ess,rhat
Overall,604.7549875234272,1.0047841429178972
as,549.660579988265,1.0053149171823277
bs,694.9458928791133,1.002675133890107
σs,478.4075953695407,1.0104657880659922
ws,576.1115042909965,1.0039464530202693
ps,604.1339362793192,1.004614402428521
es,551.3566315606,1.0056226676538504
σ,1071.4208305850557,1.017572624941305
