label,ess,rhat
Overall,501.3828333025489,1.0083118652447587
as,384.09452616182017,1.0097952904285517
bs,640.5480417074292,1.0057805958713548
σs,422.62598875160245,1.0120841043273594
ws,421.82153870120464,1.0083868191394316
ps,534.332875479879,1.0083353716075827
es,413.20422619590954,1.0061865205220197
σ,775.7744861213687,1.0110519425207516
