label,ess,rhat
Overall,1330.5478793019777,1.0043533049141382
as,987.7862326728927,1.0033755523584553
bs,1789.0550507750058,1.0051410180937377
σs,659.2238352071084,1.0054555332954194
ws,724.3807547307688,1.0038931219651077
ps,1492.8652350082693,1.0046238876156253
es,1167.5889199093572,1.0016836893221126
σ,1139.238219039735,1.0022267618151655
