label,ess,rhat
Overall,985.4025489416316,1.0044792547797543
as,718.6135485710583,1.0039092608714153
bs,1304.7034345180598,1.0050362211930852
σs,680.8336147476731,1.0045548142508016
ws,673.6288274084278,1.0038557810396587
ps,1052.5053711744265,1.0050055045713921
es,1164.981015577677,0.9986350478782194
σ,1146.5948068938387,0.998389363465362
