label,ess,rhat
Overall,647.9144906209328,1.0046364257685998
as,566.9743343416827,1.0058683415795522
bs,774.3048100417614,1.002642426764731
σs,484.2939033112515,1.0073799252631004
ws,581.0342914376945,1.0056793884726716
ps,672.9098988756788,1.0040362232628657
es,574.5524920535601,1.0047512829472431
σ,947.3202633311535,1.0074964241115385
