label,ess,rhat
Overall,483.8814338787331,1.008350346288316
as,372.60153635367936,1.0131075443143094
bs,593.3946594102462,1.0035523905985124
σs,490.24145305548046,1.008497073878035
ws,445.8766734657533,1.0122496966898427
ps,484.4975656707866,1.0065677887940947
es,421.5973336028886,1.008030614758991
σ,1048.4873327927942,1.0085440993784016
