label,ess,rhat
Overall,525.2388079264659,1.0094267417699183
as,446.0183429448482,1.0104805793197384
bs,609.3594978440108,1.0074195509241555
σs,507.59799815712796,1.012858813635311
ws,425.68622151549,1.012618651780917
ps,559.3183370976299,1.00744773189212
es,362.2655608914012,1.0136142010820763
σ,1159.7485804780422,1.014203159836359
