label,ess,rhat
Overall,635.8676575371425,1.0044717620229286
as,529.19721988772,1.0049502966216517
bs,789.6172842831738,1.0025464846050354
σs,466.38257678935133,1.0096800361719405
ws,595.641637553564,1.0055851611259496
ps,639.8080231269755,1.003879154652513
es,615.7137608997759,1.0054610495273502
σ,1056.4381852791644,1.0045401894086314
