label,ess,rhat
Overall,808.6632407961545,1.0046242011661293
as,617.8759151958462,1.005571939940279
bs,1048.0654612970272,1.0034445962444867
σs,526.6968503728809,1.0059690248215878
ws,583.1452007694419,1.0056301856037602
ps,870.0075224379258,1.0042693655387243
es,583.1899609924255,1.0075832153588398
σ,1021.3007619191392,1.0036664696445714
