label,ess,rhat
Overall,735.4671503952085,1.0043824397835004
as,587.7794181525743,1.0046281209925172
bs,905.4884197098148,1.004327105030012
σs,605.9326353777691,1.0032784303414335
ws,553.175593376436,1.005125863743727
ps,785.2969687056149,1.0042514204566928
es,528.1395185456179,1.0059096631644158
σ,945.7898194201546,0.9986958331856943
