label,ess,rhat
Overall,632.1649791344885,1.0051502707760367
as,539.9223348599477,1.0044951917498155
bs,768.6689275304758,1.005096819305101
σs,472.8242842972803,1.0077009805658004
ws,534.37000807595,1.0042259335522603
ps,674.4561280202147,1.0058709008683455
es,502.3448507040764,1.0030465906587895
σ,965.7750176688945,1.0017132952958097
