label,ess,rhat
Overall,404.4346064627824,1.0127815367869186
as,379.2059485682132,1.0162295087215794
bs,429.02244706927945,1.0100742922134058
σs,406.7415486998435,1.0101149182867843
ws,331.65368706045655,1.0159795309294402
ps,421.8097321122377,1.0107177923510813
es,317.9930484162155,1.0240542889411761
σ,998.9354884979942,1.0055174580999093
