label,ess,rhat
Overall,512.5079363644495,1.007227798169642
as,452.68414323423656,1.0106561998994112
bs,584.7761915570668,1.0032234564827756
σs,467.7078729397932,1.0093011820151934
ws,471.858848106964,1.0057911103815453
ps,519.0922366726251,1.008034163566171
es,427.1516922774384,1.0040472022147173
σ,999.8176756157344,1.0098637432269089
