label,ess,rhat
Overall,668.9170611034564,1.004434151117977
as,620.2077726856996,1.003312331126792
bs,772.7596431426255,1.0043611419202811
σs,470.4372040663731,1.008735536197948
ws,563.6315762774167,1.007635892975959
ps,707.2543973172903,1.002716688865516
es,656.6887150909255,1.005048556467508
σ,960.0288294813184,1.0094384566871208
