param,value
Exponential mean,1.0157894736842106
Cauchy mean,0.5578947368421052
