label,ess,rhat
Overall,603.454398777637,1.0051217243854038
as,497.4380632187459,1.0060392989069311
bs,748.8539015511295,1.0043207280473423
σs,461.67499680507336,1.004702042924927
ws,546.7410796983029,1.0071741337394904
ps,622.64737743174,1.0043094215635802
es,541.4642990129665,1.0063182713415533
σ,908.9769822523174,0.999219591591482
