label,ess,rhat
Overall,612.0873799166085,1.0053891657597607
as,553.9478781548828,1.005845445917335
bs,705.5082404861129,1.0040068080810447
σs,485.0744882086048,1.0087230448358706
ws,498.72392135988935,1.0075394858498214
ps,653.57781173911,1.0048092373567923
es,550.4730535284518,1.0013802184489249
σ,1016.9263079885078,1.0026813577778753
