param,value
Exponential mean,9.166666666666666
Cauchy mean,4.833333333333333
