label,ess,rhat
Overall,499.6372267952086,1.0045071434736197
as,430.50922104572487,1.0024617104041325
bs,578.694198969445,1.0065672465788642
σs,463.89294766610027,1.0044543313448933
ws,441.44800458672995,1.00366535083426
ps,517.5573363780309,1.00447941465747
es,380.42021353789215,1.009505162507766
σ,970.4190706582136,1.0053335662975287
