label,ess,rhat
Overall,172.817468369052,1.1876550223983053
as,50.80135195085583,1.3713789023932503
bs,256.9643743939977,1.0183779496286423
σs,309.1466257847535,1.135646516387291
ws,186.12675793965968,1.0321616903235675
ps,133.78490144932917,1.256733175078885
es,139.0706182703962,1.3142308897334425
σ,1095.4464336318642,1.0043913029298102
