label,ess,rhat
Overall,19.174863229546755,1.5371838444217183
as,10.338829410404058,1.6588683143724692
bs,29.078767403270483,1.3790620236455022
σs,15.330529953055057,1.6683583073933934
ws,27.309726517796303,1.6800565349748584
ps,16.921004776074376,1.4212110139050877
es,5.532631286999356,2.1906345113523393
σ,7.441287445928975,1.5311038173551874
