label,ess,rhat
Overall,650.5212652152323,1.0093857062392528
as,462.94433698184537,1.012701084467867
bs,857.7372379310318,1.00658603860495
σs,536.6148072172379,1.00639458479225
ws,468.54190816913047,1.0109984006405754
ps,690.0647867309291,1.0092633888184765
es,541.9316867930631,1.0076627112237702
σ,1153.3636738593405,0.9993505996516064
