label,ess,rhat
Overall,907.4977594889211,1.0082872971209698
as,545.6706166784905,1.0112923007713364
bs,1341.650788546695,1.0055358592019148
σs,488.0076192543277,1.0068166158793577
ws,620.4173370399595,1.0063449039804155
ps,988.4254030174824,1.0087605607748447
es,642.202885002494,1.0113049505204428
σ,998.5256884783693,1.0028440526226643
