label,ess,rhat
Overall,473.23760595713713,1.0080917657120618
as,370.10079001974873,1.0084233052777152
bs,581.2632916312447,1.0081419026378138
σs,444.8821614841669,1.005878042061908
ws,338.9481616739363,1.0108329048732296
ps,508.22125281966737,1.006790960534835
es,240.06912021957487,1.0225011319460744
σ,871.8328594292228,1.0088180118169043
