label,ess,rhat
Overall,890.9736338379454,1.0075542580264427
as,603.6532017660825,1.0117582110096293
bs,1244.6165824733691,1.0033007115524823
σs,506.30303776929156,1.0078419002729286
ws,596.2436590935367,1.0065774152737916
ps,972.8313137113843,1.0078602442963434
es,584.5036575445437,1.008252936146968
σ,1111.504649432589,1.0031916738619737
