param,value
Exponential mean,1.0157894736842106
Cauchy mean,1.4736842105263157
