label,ess,rhat
Overall,594.0203132749082,1.004039688065936
as,540.244602398838,1.003569551944915
bs,673.3212543946432,1.0044989418793255
σs,502.12948439771463,1.0040788643734069
ws,583.7765783673851,1.004176685972366
ps,590.95833468999,1.0038340791546192
es,453.00617423058316,1.0066100161304106
σ,1078.5848534617087,1.0026008887540585
