label,ess,rhat
Overall,502.2472309290994,1.005714787307261
as,433.1130953066514,1.007171033784776
bs,579.9552263860633,1.0037755759133842
σs,471.38133552484135,1.007453461006164
ws,475.71930565156754,1.0065841998837406
ps,494.17607129959094,1.0050928484379669
es,460.647854136716,1.010728822581192
σ,1113.6312382114656,1.001424176443296
