label,ess,rhat
Overall,459.3342610711248,1.0077302273617592
as,379.72181646211106,1.010403527266969
bs,527.7107128939665,1.0062442182146576
σs,499.7838351013437,1.0034559806325685
ws,466.0008619368594,1.005088887775081
ps,440.815308661579,1.0088499462264222
es,361.066647165694,1.0135686229955119
σ,1057.363041141358,0.9986368206531532
