param,value
Exponential mean,1.6263157894736842
Cauchy mean,2.389473684210526
