label,ess,rhat
Overall,493.76651015749746,1.0065025606396347
as,425.3742768898716,1.0072623093207385
bs,587.5480610096522,1.004978993731962
σs,402.36496685319264,1.009252306255283
ws,463.97042938417195,1.0087959838983955
ps,500.53316905752945,1.0052956103665556
es,434.12573833496407,1.0117544572860369
σ,794.6678916816298,0.9998583953417516
