label,ess,rhat
Overall,603.6334450134086,1.0043981858690647
as,520.0171982353505,1.0046349577209996
bs,729.9203352715215,1.0036308640608245
σs,450.01912848521187,1.0063081657117632
ws,534.4360842412154,1.0044865142464159
ps,628.12228463303,1.003788184225317
es,496.84927620245105,1.0093899761758538
σ,1010.8602817914903,1.009214707464716
