label,ess,rhat
Overall,553.9359578257626,1.0067953001709493
as,428.4574305503072,1.0081207410276198
bs,704.1401835013262,1.0048229755084033
σs,464.92344358537184,1.0091240818721017
ws,491.90824282208564,1.0079393321959407
ps,571.9877914278925,1.0064139822601557
es,472.6427624140279,1.0072685914880393
σ,991.5072550379663,1.0020345989175177
