label,ess,rhat
Overall,519.5018805090785,1.0067630907262846
as,440.65564053900266,1.0079201372116202
bs,611.8115877117667,1.0044775186572952
σs,471.0333984716738,1.0108257828274365
ws,502.34389632023016,1.0075062163339434
ps,506.11157579777876,1.0065169794102675
es,447.2459780564708,1.0086747728089271
σ,1218.0574181742677,1.000421113485531
