label,ess,rhat
Overall,976.178213322325,1.0044794812638538
as,612.1641423238202,1.0044918566279748
bs,1427.542040813659,1.0039483975692476
σs,469.54962566391333,1.0074879895806688
ws,637.4883024140099,1.0062328209953024
ps,1072.5792876938724,1.004135387938767
es,689.1874345836095,1.0023221008847405
σ,987.1871318652562,1.004270644848845
