label,ess,rhat
Overall,529.2783851272267,1.0071271884857416
as,402.98809228115107,1.0080901289356954
bs,673.1242218399409,1.0057885310057015
σs,427.456230700723,1.0093063472602402
ws,371.87412462315046,1.0092020633458134
ps,567.3304187876022,1.0066391438909503
es,370.3401380519883,1.008634102975034
σ,909.5083896285939,1.0026410017362595
