label,ess,rhat
Overall,868.7022382464173,1.0047669238919152
as,652.1755051001821,1.0048819118447552
bs,1143.517761860258,1.0040989128614028
σs,530.6272535343023,1.0079744577424186
ws,559.6718329733063,1.00760710017735
ps,952.8332132518038,1.0040480400906702
es,613.0401850516644,1.0056711687205735
σ,1050.104407654695,1.003382741269163
