label,ess,rhat
Overall,216.9158720707207,1.0914557707830654
as,95.68405975207662,1.1580816209771982
bs,309.910617072276,1.0136849117195796
σs,318.56931441224026,1.1315778027127361
ws,121.72739104187859,1.2173386421878412
ps,233.31137998082707,1.0200673010031656
es,96.88290185417202,1.3073007153307854
σ,1172.9603791871573,1.0052716391077101
