label,ess,rhat
Overall,486.76115880465227,1.0079835316224257
as,342.07628646038154,1.0106081042054755
bs,636.7980466225342,1.0049416147640708
σs,455.71946905770636,1.0104041284191967
ws,388.12013584514096,1.0081356091720957
ps,504.37033175421465,1.0079965604806396
es,356.52056208982117,1.007855546360515
σ,1085.6943261694562,1.005789186355951
