label,ess,rhat
Overall,683.3143114562457,1.006554942358406
as,501.34332388971984,1.0068058877178874
bs,888.7173485106691,1.0058696084142635
σs,547.4084244264366,1.009074396149438
ws,465.01300352329173,1.0081624073925015
ps,738.7732886377124,1.0060774191889814
es,406.5422191814124,1.0104751949377158
σ,1194.443286490946,1.0023459689230108
