label,ess,rhat
Overall,949.1198283074209,1.0025764626549933
as,613.8849099497094,1.0017295140669211
bs,1354.0761645898222,1.0034235638102385
σs,544.7356043442217,1.00257557776539
ws,687.6175405946072,1.0024784310340926
ps,1026.9452370720032,1.0026202465732859
es,662.4745096993761,1.002504052083974
σ,924.8182973773224,1.001796035169804
