label,ess,rhat
Overall,816.8330878067441,1.004016280303816
as,615.8825047062085,1.0023061815050116
bs,1075.7974861886637,1.0048771239616576
σs,480.35295917471313,1.0089419601213978
ws,518.8018643977534,1.0054051637831243
ps,897.4204716891467,1.0036917864597095
es,618.8308608246684,1.000611515653265
σ,921.0177963234427,1.0097349123703216
