param,value
Exponential mean,2.694736842105263
Cauchy mean,1.6263157894736842
