label,ess,rhat
Overall,527.7105583518318,1.004561970757006
as,389.8855249335051,1.0038257861962903
bs,682.5701741085065,1.0044483510514923
σs,466.38606193378,1.0076212661154322
ws,446.07138966227996,1.0084896517815596
ps,555.3487324592751,1.002854226167406
es,484.3403433725293,1.002495235705805
σ,875.5284857915397,1.0059646278943686
