label,ess,rhat
Overall,601.4593857134724,1.0066393052666933
as,499.1866879083887,1.005406222697879
bs,758.6227150585996,1.0072224044397167
σs,403.85311216931666,1.0089792454915414
ws,554.5412407105167,1.0080858154760426
ps,616.2512446649769,1.0062979365334028
es,507.9700667480025,1.0059094739918617
σ,966.8674309407712,0.9996164323697141
