label,ess,rhat
Overall,504.26698175757934,1.0070238019590978
as,501.3913154342221,1.0049830158428157
bs,528.5263909057687,1.0084928067236112
σs,427.28550758818335,1.0090822148254646
ws,382.5245234889085,1.0111191304985676
ps,549.4848435664658,1.005268915705846
es,415.09315982045666,1.006452339727634
σ,967.8597178248272,1.0046498265329296
