label,ess,rhat
Overall,609.7775505890621,1.0060242258062246
as,532.5899775919137,1.0066688054260395
bs,735.2739454076637,1.0043087644277489
σs,435.8657920318318,1.0098794001374014
ws,554.6866880474621,1.0047699725551424
ps,632.3847902653584,1.0067389923628545
es,473.2017747439942,1.0066259296732594
σ,956.2312211947004,1.001287926612751
