label,ess,rhat
Overall,618.14842153075,1.0052358844154545
as,470.4125029902486,1.0047035411091894
bs,798.7084068159915,1.0044994907536595
σs,499.98178124968655,1.0098033375004711
ws,529.3739582381057,1.006048263869295
ps,647.9576297937072,1.0050249840309937
es,547.494910135855,1.0029414949562252
σ,1049.709588995388,1.0055595198838214
