label,ess,rhat
Overall,512.4420285624119,1.0065733754016601
as,423.6135260933658,1.0079098435047449
bs,619.544284025708,1.004789788238375
σs,446.65651778311275,1.0081830040183821
ws,402.72823033101196,1.005891584378856
ps,547.1953954046029,1.0073792316109518
es,477.970940722598,1.00368686912386
σ,994.3622451218814,0.9995756187893355
