label,ess,rhat
Overall,442.3510792391435,1.009810867573018
as,370.10183104892917,1.0093069528396061
bs,509.7827954934346,1.009891081537625
σs,459.6941942084674,1.011336190340715
ws,427.2480872814281,1.010312572280418
ps,436.14384609367966,1.0099714051704305
es,329.2145007756593,1.0088915280872826
σ,1011.2482014407591,1.0014551125229536
