label,ess,rhat
Overall,590.9857606184252,1.0069746060958464
as,444.7559873439548,1.0086266041237695
bs,755.5310664844,1.0054773770806917
σs,484.7556715876982,1.0060769458217897
ws,416.3910441914582,1.0104972647973038
ps,637.8782840892391,1.0059047288017808
es,388.13067462431025,1.0140959499101094
σ,840.9914031311797,1.0018141241649796
