label,ess,rhat
Overall,776.361352856913,1.0057360693624753
as,520.5259166878776,1.0066703603568319
bs,1079.364052873921,1.0044628940556293
σs,502.7912225386723,1.007701598374917
ws,531.4755053877483,1.006762869467886
ps,843.6921218733927,1.005579666797759
es,481.60283857274135,1.0054540450298775
σ,1072.631638264201,1.0014858398691258
