label,ess,rhat
Overall,9.27864186153283,1.9293824597451215
as,5.76256028073444,2.2777915408469287
bs,10.038333384475447,1.612288359743093
σs,19.201646069813613,1.8166485277859181
ws,8.141810470824828,1.735621989293007
ps,7.7198347362797595,2.007938727321037
es,5.323682314655252,2.473019561279608
σ,71.35952290036386,1.1247709451277266
