label,ess,rhat
Overall,4.586883887844043,3.435381427513921
as,4.589498427443219,3.4133670080745206
bs,4.59232307633555,3.4219254573303477
σs,4.557890466717584,3.56307483015663
ws,4.583824704032192,3.449657722659225
ps,4.5899479329286255,3.423668836811082
es,4.5764869832114545,3.491292483101372
σ,4.564722730652264,3.4567711328691964
