label,ess,rhat
Overall,25.1917181112016,1.5571053991939947
as,18.909669516994157,1.7236333972099573
bs,32.395246005026,1.4037031636736412
σs,21.8743926325805,1.5098526542098025
ws,25.998706401487254,1.3883079113243697
ps,24.158350459726435,1.6215033961420577
es,6.107969599433152,1.9906322183097818
σ,80.54291458966469,1.0412736947482923
