label,ess,rhat
Overall,85.65799672885994,1.3881840116372919
as,129.11228704068074,1.4009980744673427
bs,63.964003126810695,1.3302299494094447
σs,7.320928573682234,1.5506880094693603
ws,107.73052184642529,1.3168997154869435
ps,62.117735838620135,1.4125750592155322
es,298.3386914621445,1.426263142990682
σ,7.473088997741331,1.5332700657004483
