param,value
Exponential mean,0.8631578947368421
Cauchy mean,0.7105263157894737
