label,ess,rhat
Overall,543.5306614630475,1.004490437847135
as,479.01752557374857,1.0026455371979508
bs,596.5602037578487,1.0068844798312355
σs,584.8715984032399,1.0025135290414375
ws,456.2192824403406,1.0068323425220458
ps,568.025813933167,1.0032044640746824
es,412.9850166940879,1.0089734202804523
σ,1215.4845350503429,1.0008569349653456
