label,ess,rhat
Overall,614.5681743834667,1.007177616671151
as,527.7274215705661,1.0101473825280698
bs,762.5877014166982,1.0027721080260925
σs,394.3245871902762,1.0123462907084528
ws,549.3851919317754,1.00515192780743
ps,634.685099593377,1.0081026740016834
es,598.8935260655129,1.0091755910454911
σ,905.0732049820053,1.0034384436932742
