label,ess,rhat
Overall,640.7597645150995,1.0077102451726212
as,502.9837859700279,1.0077033447271755
bs,809.0772165217312,1.0067001479523743
σs,530.8104600534841,1.0113714367691116
ws,535.4563087109385,1.0082709546164697
ps,679.0787858995657,1.0075950331367727
es,493.17365267198437,1.009124785431591
σ,1203.278901855146,1.001148164260543
