label,ess,rhat
Overall,1076.696357893547,1.0040351258038402
as,821.2807433817497,1.0040703783584777
bs,1381.7034489532336,1.004327011606193
σs,789.065793915787,1.002137723333296
ws,843.1534600860278,1.0032533892967352
ps,1117.8977527356687,1.0040989702312706
es,1496.5742979947545,1.0087194092764948
σ,1061.7882989595143,1.0009828644271228
