label,ess,rhat
Overall,1184.9993558416627,1.0042865822801281
as,877.6734285480752,1.0038027004752974
bs,1578.192378879891,1.0048068333697089
σs,686.9702005227484,1.004075640428581
ws,600.8143707286624,1.0061660400043124
ps,1340.4836397089211,1.0040041903372592
es,1020.2657889151196,1.0005047405503982
σ,1061.4406854223466,1.0028515863070957
