label,ess,rhat
Overall,1091.5773716118194,1.002749120668716
as,862.2070865451134,1.0025699705367197
bs,1394.1726192872086,1.0029880650769152
σs,666.8725884814605,1.0024023138667384
ws,651.9638307197123,1.0030292449181637
ps,1206.7697664076584,1.002810126984859
es,934.0512033429361,1.001745474271798
σ,1152.757248654611,0.9984666192943198
