label,ess,rhat
Overall,1097.244128300947,1.0052153754855488
as,757.2159962654564,1.0053975017706067
bs,1508.9386500619612,1.004652468934689
σs,681.5790678929084,1.0074239010272008
ws,752.177243026324,1.006613669496256
ps,1187.2133362816678,1.004851211140853
es,1049.008808691177,1.0059213360590302
σ,1015.9954077413596,1.0045038147555128
