label,ess,rhat
Overall,1040.4339178391738,1.003804345763269
as,652.0459729900733,1.0045137533155715
bs,1513.025596716684,1.0031513015063245
σs,552.0522604743979,1.0034774386501943
ws,625.7381726229061,1.0042976037555522
ps,1163.940158288974,1.0036938432760867
es,653.9341629259402,1.0049499139322697
σ,861.4828286704458,1.0008982329026246
