label,ess,rhat
Overall,654.2732131089887,1.0041350789170698
as,470.718228815561,1.003066152192119
bs,847.9295500067251,1.0052446763478802
σs,595.6853680040023,1.0038991888230853
ws,496.32479731258474,1.0075452104918223
ps,691.8640835758116,1.0029504222904537
es,418.7628983045282,1.0129682950854035
σ,1216.3130498672717,1.0024105857609493
