param,value
Exponential mean,2.236842105263158
Cauchy mean,0.7105263157894737
