label,ess,rhat
Overall,633.8209002758099,1.0038232833972363
as,576.9877723346196,1.0035137720790415
bs,738.6598649561607,1.0029671337160257
σs,460.99988801483204,1.0080196629950966
ws,533.3555092834882,1.0069664488357928
ps,669.5725870830854,1.0025950215704786
es,547.7114110393293,1.0015916034555237
σ,1082.080713667465,1.0025034655136849
