label,ess,rhat
Overall,439.04117438036735,1.008386930921119
as,395.0616106757655,1.0098289855320601
bs,491.28666597320586,1.0065435127950255
σs,409.28383398271535,1.0098318395756656
ws,381.27200180692404,1.0067348046565898
ps,448.572881206609,1.009352991652563
es,388.17689630488223,1.0061177410172444
σ,986.1754239303733,1.007633246885666
