label,ess,rhat
Overall,610.2558276596038,1.006032267968528
as,556.9771532688594,1.0050258738738276
bs,709.3605179747556,1.0061139773896637
σs,445.2821703317377,1.0093611327933625
ws,515.1651443608235,1.0053092980754705
ps,633.6082324555559,1.0065768306030771
es,622.8486100530854,1.004940071195036
σ,1118.995937763252,1.0027336717339341
