label,ess,rhat
Overall,510.82266198810515,1.005944632942811
as,445.25707955048097,1.0054735655493434
bs,595.7201678099232,1.0055281892493733
σs,441.227737805007,1.0091396728556705
ws,417.3639622585226,1.007407870493313
ps,540.8307456660142,1.0058240562695544
es,415.703257607521,1.0017315577871124
σ,1042.3556918786262,0.9999469261528553
