cpu-bind=MASK - bp1-compute189, task  0  0 [3013878]: mask 0x80000400800004 set
Running on host bp1-compute189
Time is Tue Aug 11 13:02:19 BST 2026
Directory is /user/home/em18564/bayesian/BC4/Bayes/wordType_experiments/models/sampledSigmas
Slurm job ID is 18418423
This job runs on the following machines:
bp1-compute189
ERROR: LoadError: IOError: mkdir("output_FullADP_23_1931_6PCA_250"; mode=0o777): file already exists (EEXIST)
Stacktrace:
 [1] uv_error
   @ ./libuv.jl:100 [inlined]
 [2] mkdir(path::String; mode::UInt16)
   @ Base.Filesystem ./file.jl:185
 [3] mkdir
   @ ./file.jl:177 [inlined]
 [4] createVariables(args::Vector{String})
   @ Main ~/bayesian/BC4/Bayes/wordType_experiments/model_master.jl:103
 [5] createVariables()
   @ Main ~/bayesian/BC4/Bayes/wordType_experiments/model_master.jl:13
 [6] top-level scope
   @ ~/bayesian/BC4/Bayes/wordType_experiments/models/sampledSigmas/model.jl:10
in expression starting at /user/home/em18564/bayesian/BC4/Bayes/wordType_experiments/models/sampledSigmas/model.jl:10
ERROR: LoadError: IOError: mkdir("output_FullADP_23_1931_6PCA_250"; mode=0o777): file already exists (EEXIST)
Stacktrace:
 [1] uv_error
   @ ./libuv.jl:100 [inlined]
 [2] mkdir(path::String; mode::UInt16)
   @ Base.Filesystem ./file.jl:185
 [3] mkdir
   @ ./file.jl:177 [inlined]
 [4] createVariables(args::Vector{String})
   @ Main ~/bayesian/BC4/Bayes/wordType_experiments/model_master.jl:103
 [5] createVariables()
   @ Main ~/bayesian/BC4/Bayes/wordType_experiments/model_master.jl:13
 [6] top-level scope
   @ ~/bayesian/BC4/Bayes/wordType_experiments/models/sampledSigmas/model.jl:10
in expression starting at /user/home/em18564/bayesian/BC4/Bayes/wordType_experiments/models/sampledSigmas/model.jl:10
Sampling (4 threads)   0%|                              |  ETA: N/A
┌ Info: Found initial step size
└   ϵ = 0.00625
┌ Info: Found initial step size
└   ϵ = 0.00625
┌ Info: Found initial step size
└   ϵ = 0.0001953125
┌ Info: Found initial step size
└   ϵ = 0.000390625
Sampling (4 threads)   0%|▏                             |  ETA: 3:35:04
Sampling (4 threads)   1%|▎                             |  ETA: 1:47:06
Sampling (4 threads)   2%|▌                             |  ETA: 1:11:03
Sampling (4 threads)   2%|▋                             |  ETA: 1:47:28
Sampling (4 threads)   2%|▊                             |  ETA: 1:25:32
Sampling (4 threads)   3%|▉                             |  ETA: 1:10:55
Sampling (4 threads)   4%|█                             |  ETA: 4:56:30
Sampling (4 threads)   4%|█▎                            |  ETA: 4:18:06
Sampling (4 threads)   4%|█▍                            |  ETA: 3:48:13
Sampling (4 threads)   5%|█▌                            |  ETA: 3:24:20
Sampling (4 threads)   6%|█▋                            |  ETA: 5:16:45
Sampling (4 threads)   6%|█▊                            |  ETA: 4:48:49
Sampling (4 threads)   6%|██                            |  ETA: 6:07:16
Sampling (4 threads)   7%|██▏                           |  ETA: 5:39:12
Sampling (4 threads)   8%|██▎                           |  ETA: 5:14:53
Sampling (4 threads)   8%|██▍                           |  ETA: 5:50:33
Sampling (4 threads)   8%|██▌                           |  ETA: 5:28:09
Sampling (4 threads)   9%|██▊                           |  ETA: 6:48:15
Sampling (4 threads)  10%|██▉                           |  ETA: 6:24:39
Sampling (4 threads)  10%|███                           |  ETA: 6:03:23
Sampling (4 threads)  10%|███▏                          |  ETA: 6:39:35
Sampling (4 threads)  11%|███▎                          |  ETA: 6:19:17
Sampling (4 threads)  12%|███▌                          |  ETA: 6:39:46
Sampling (4 threads)  12%|███▋                          |  ETA: 6:20:56
Sampling (4 threads)  12%|███▊                          |  ETA: 7:01:13
Sampling (4 threads)  13%|███▉                          |  ETA: 6:42:42
Sampling (4 threads)  14%|████                          |  ETA: 6:25:33
Sampling (4 threads)  14%|████▎                         |  ETA: 7:07:35
Sampling (4 threads)  14%|████▍                         |  ETA: 6:50:26
Sampling (4 threads)  15%|████▌                         |  ETA: 6:34:26
Sampling (4 threads)  16%|████▋                         |  ETA: 6:19:28
Sampling (4 threads)  16%|████▊                         |  ETA: 6:52:43
Sampling (4 threads)  16%|█████                         |  ETA: 6:37:49
Sampling (4 threads)  17%|█████▏                        |  ETA: 6:23:49
Sampling (4 threads)  18%|█████▎                        |  ETA: 6:40:34
Sampling (4 threads)  18%|█████▍                        |  ETA: 6:27:05
Sampling (4 threads)  18%|█████▌                        |  ETA: 6:38:52
Sampling (4 threads)  19%|█████▊                        |  ETA: 6:25:59
Sampling (4 threads)  20%|█████▉                        |  ETA: 6:29:29
Sampling (4 threads)  20%|██████                        |  ETA: 6:17:24
Sampling (4 threads)  20%|██████▏                       |  ETA: 6:41:51
Sampling (4 threads)  21%|██████▎                       |  ETA: 6:29:49
Sampling (4 threads)  22%|██████▌                       |  ETA: 6:18:21
Sampling (4 threads)  22%|██████▋                       |  ETA: 6:07:23
Sampling (4 threads)  22%|██████▊                       |  ETA: 6:22:37
Sampling (4 threads)  23%|██████▉                       |  ETA: 6:11:53
Sampling (4 threads)  24%|███████                       |  ETA: 6:01:37
Sampling (4 threads)  24%|███████▎                      |  ETA: 6:20:08
Sampling (4 threads)  24%|███████▍                      |  ETA: 6:09:55
Sampling (4 threads)  25%|███████▌                      |  ETA: 6:00:07
Sampling (4 threads)  26%|███████▋                      |  ETA: 6:06:11
Sampling (4 threads)  26%|███████▊                      |  ETA: 5:56:44
Sampling (4 threads)  26%|████████                      |  ETA: 6:01:31
Sampling (4 threads)  27%|████████▏                     |  ETA: 5:52:25
Sampling (4 threads)  28%|████████▎                     |  ETA: 6:02:37
Sampling (4 threads)  28%|████████▍                     |  ETA: 5:53:41
Sampling (4 threads)  28%|████████▌                     |  ETA: 6:01:09
Sampling (4 threads)  29%|████████▊                     |  ETA: 5:52:27
Sampling (4 threads)  30%|████████▉                     |  ETA: 5:44:02
Sampling (4 threads)  30%|█████████                     |  ETA: 5:52:50
Sampling (4 threads)  30%|█████████▏                    |  ETA: 5:44:34
Sampling (4 threads)  31%|█████████▎                    |  ETA: 5:58:07
Sampling (4 threads)  32%|█████████▌                    |  ETA: 5:49:53
Sampling (4 threads)  32%|█████████▋                    |  ETA: 5:41:54
Sampling (4 threads)  32%|█████████▊                    |  ETA: 5:55:52
Sampling (4 threads)  33%|█████████▉                    |  ETA: 5:47:52
Sampling (4 threads)  34%|██████████                    |  ETA: 5:40:07
Sampling (4 threads)  34%|██████████▎                   |  ETA: 5:32:36
Sampling (4 threads)  34%|██████████▍                   |  ETA: 5:42:32
Sampling (4 threads)  35%|██████████▌                   |  ETA: 5:35:03
Sampling (4 threads)  36%|██████████▋                   |  ETA: 5:37:39
Sampling (4 threads)  36%|██████████▊                   |  ETA: 5:30:23
Sampling (4 threads)  36%|███████████                   |  ETA: 5:23:18
Sampling (4 threads)  37%|███████████▏                  |  ETA: 5:30:57
Sampling (4 threads)  38%|███████████▎                  |  ETA: 5:23:57
Sampling (4 threads)  38%|███████████▍                  |  ETA: 5:17:08
Sampling (4 threads)  38%|███████████▌                  |  ETA: 5:21:46
Sampling (4 threads)  39%|███████████▊                  |  ETA: 5:15:03
Sampling (4 threads)  40%|███████████▉                  |  ETA: 5:22:50
Sampling (4 threads)  40%|████████████                  |  ETA: 5:16:09
Sampling (4 threads)  40%|████████████▏                 |  ETA: 5:09:39
Sampling (4 threads)  41%|████████████▎                 |  ETA: 5:03:18
Sampling (4 threads)  42%|████████████▌                 |  ETA: 5:05:04
Sampling (4 threads)  42%|████████████▋                 |  ETA: 4:58:51
Sampling (4 threads)  42%|████████████▊                 |  ETA: 5:00:40
Sampling (4 threads)  43%|████████████▉                 |  ETA: 4:54:36
Sampling (4 threads)  44%|█████████████                 |  ETA: 5:00:29
Sampling (4 threads)  44%|█████████████▎                |  ETA: 4:54:27
Sampling (4 threads)  44%|█████████████▍                |  ETA: 4:48:32
Sampling (4 threads)  45%|█████████████▌                |  ETA: 4:51:48
Sampling (4 threads)  46%|█████████████▋                |  ETA: 4:45:59
Sampling (4 threads)  46%|█████████████▊                |  ETA: 4:46:53
Sampling (4 threads)  46%|██████████████                |  ETA: 4:41:10
Sampling (4 threads)  47%|██████████████▏               |  ETA: 4:40:30
Sampling (4 threads)  48%|██████████████▎               |  ETA: 4:34:56
Sampling (4 threads)  48%|██████████████▍               |  ETA: 4:35:35
Sampling (4 threads)  48%|██████████████▌               |  ETA: 4:30:08
Sampling (4 threads)  49%|██████████████▊               |  ETA: 4:30:11
Sampling (4 threads)  50%|██████████████▉               |  ETA: 4:24:50
Sampling (4 threads)  50%|███████████████               |  ETA: 4:25:12
Sampling (4 threads)  50%|███████████████▏              |  ETA: 4:19:57
Sampling (4 threads)  51%|███████████████▎              |  ETA: 4:18:36
Sampling (4 threads)  52%|███████████████▌              |  ETA: 4:13:29
Sampling (4 threads)  52%|███████████████▋              |  ETA: 4:13:18
Sampling (4 threads)  52%|███████████████▊              |  ETA: 4:08:16
Sampling (4 threads)  53%|███████████████▉              |  ETA: 4:10:46
Sampling (4 threads)  54%|████████████████              |  ETA: 4:05:47
Sampling (4 threads)  54%|████████████████▎             |  ETA: 4:00:53
Sampling (4 threads)  55%|████████████████▍             |  ETA: 4:00:52
Sampling (4 threads)  55%|████████████████▌             |  ETA: 3:56:03
Sampling (4 threads)  56%|████████████████▋             |  ETA: 3:55:47
Sampling (4 threads)  56%|████████████████▊             |  ETA: 3:51:03
Sampling (4 threads)  56%|█████████████████             |  ETA: 3:51:34
Sampling (4 threads)  57%|█████████████████▏            |  ETA: 3:46:53
Sampling (4 threads)  57%|█████████████████▎            |  ETA: 3:42:18
Sampling (4 threads)  58%|█████████████████▍            |  ETA: 3:43:59
Sampling (4 threads)  58%|█████████████████▌            |  ETA: 3:39:25
Sampling (4 threads)  59%|█████████████████▊            |  ETA: 3:34:57
Sampling (4 threads)  60%|█████████████████▉            |  ETA: 3:38:19
Sampling (4 threads)  60%|██████████████████            |  ETA: 3:33:49
Sampling (4 threads)  60%|██████████████████▏           |  ETA: 3:29:24
Sampling (4 threads)  61%|██████████████████▎           |  ETA: 3:25:03
Sampling (4 threads)  62%|██████████████████▌           |  ETA: 3:26:39
Sampling (4 threads)  62%|██████████████████▋           |  ETA: 3:22:19
Sampling (4 threads)  62%|██████████████████▊           |  ETA: 3:18:04
Sampling (4 threads)  63%|██████████████████▉           |  ETA: 3:17:10
Sampling (4 threads)  64%|███████████████████           |  ETA: 3:12:58
Sampling (4 threads)  64%|███████████████████▎          |  ETA: 3:11:55
Sampling (4 threads)  64%|███████████████████▍          |  ETA: 3:07:47
Sampling (4 threads)  65%|███████████████████▌          |  ETA: 3:06:49
Sampling (4 threads)  66%|███████████████████▋          |  ETA: 3:02:44
Sampling (4 threads)  66%|███████████████████▊          |  ETA: 3:03:39
Sampling (4 threads)  66%|████████████████████          |  ETA: 2:59:35
Sampling (4 threads)  67%|████████████████████▏         |  ETA: 2:55:35
Sampling (4 threads)  68%|████████████████████▎         |  ETA: 2:54:51
Sampling (4 threads)  68%|████████████████████▍         |  ETA: 2:50:54
Sampling (4 threads)  68%|████████████████████▌         |  ETA: 2:49:03
Sampling (4 threads)  69%|████████████████████▊         |  ETA: 2:45:09
Sampling (4 threads)  70%|████████████████████▉         |  ETA: 2:45:08
Sampling (4 threads)  70%|█████████████████████         |  ETA: 2:41:16
Sampling (4 threads)  70%|█████████████████████▏        |  ETA: 2:37:27
Sampling (4 threads)  71%|█████████████████████▎        |  ETA: 2:33:41
Sampling (4 threads)  72%|█████████████████████▌        |  ETA: 2:32:18
Sampling (4 threads)  72%|█████████████████████▋        |  ETA: 2:28:35
Sampling (4 threads)  72%|█████████████████████▊        |  ETA: 2:27:37
Sampling (4 threads)  73%|█████████████████████▉        |  ETA: 2:23:56
Sampling (4 threads)  74%|██████████████████████        |  ETA: 2:22:53
Sampling (4 threads)  74%|██████████████████████▎       |  ETA: 2:19:14
Sampling (4 threads)  74%|██████████████████████▍       |  ETA: 2:15:39
Sampling (4 threads)  75%|██████████████████████▌       |  ETA: 2:12:06
Sampling (4 threads)  76%|██████████████████████▋       |  ETA: 2:10:27
Sampling (4 threads)  76%|██████████████████████▊       |  ETA: 2:06:57
Sampling (4 threads)  76%|███████████████████████       |  ETA: 2:05:15
Sampling (4 threads)  77%|███████████████████████▏      |  ETA: 2:01:48
Sampling (4 threads)  78%|███████████████████████▎      |  ETA: 1:59:33
Sampling (4 threads)  78%|███████████████████████▍      |  ETA: 1:56:09
Sampling (4 threads)  78%|███████████████████████▌      |  ETA: 1:54:19
Sampling (4 threads)  79%|███████████████████████▊      |  ETA: 1:50:57
Sampling (4 threads)  80%|███████████████████████▉      |  ETA: 1:49:58
Sampling (4 threads)  80%|████████████████████████      |  ETA: 1:46:36
Sampling (4 threads)  80%|████████████████████████▏     |  ETA: 1:43:18
Sampling (4 threads)  81%|████████████████████████▎     |  ETA: 1:41:42
Sampling (4 threads)  82%|████████████████████████▌     |  ETA: 1:38:25
Sampling (4 threads)  82%|████████████████████████▋     |  ETA: 1:35:10
Sampling (4 threads)  82%|████████████████████████▊     |  ETA: 1:34:08
Sampling (4 threads)  83%|████████████████████████▉     |  ETA: 1:30:54
Sampling (4 threads)  84%|█████████████████████████     |  ETA: 1:27:42
Sampling (4 threads)  84%|█████████████████████████▎    |  ETA: 1:26:19
Sampling (4 threads)  84%|█████████████████████████▍    |  ETA: 1:23:07
Sampling (4 threads)  85%|█████████████████████████▌    |  ETA: 1:19:58
Sampling (4 threads)  86%|█████████████████████████▋    |  ETA: 1:17:48
Sampling (4 threads)  86%|█████████████████████████▊    |  ETA: 1:14:41
Sampling (4 threads)  86%|██████████████████████████    |  ETA: 1:12:30
Sampling (4 threads)  87%|██████████████████████████▏   |  ETA: 1:09:25
Sampling (4 threads)  88%|██████████████████████████▎   |  ETA: 1:06:22
Sampling (4 threads)  88%|██████████████████████████▍   |  ETA: 1:04:46
Sampling (4 threads)  88%|██████████████████████████▌   |  ETA: 1:01:43
Sampling (4 threads)  89%|██████████████████████████▊   |  ETA: 0:58:42
Sampling (4 threads)  90%|██████████████████████████▉   |  ETA: 0:56:23
Sampling (4 threads)  90%|███████████████████████████   |  ETA: 0:53:24
Sampling (4 threads)  90%|███████████████████████████▏  |  ETA: 0:51:40
Sampling (4 threads)  91%|███████████████████████████▎  |  ETA: 0:48:40
Sampling (4 threads)  92%|███████████████████████████▌  |  ETA: 0:45:43
Sampling (4 threads)  92%|███████████████████████████▋  |  ETA: 0:42:48
Sampling (4 threads)  92%|███████████████████████████▊  |  ETA: 0:40:41
Sampling (4 threads)  93%|███████████████████████████▉  |  ETA: 0:37:46
Sampling (4 threads)  94%|████████████████████████████  |  ETA: 0:34:53
Sampling (4 threads)  94%|████████████████████████████▎ |  ETA: 0:32:31
Sampling (4 threads)  94%|████████████████████████████▍ |  ETA: 0:29:39
Sampling (4 threads)  95%|████████████████████████████▌ |  ETA: 0:27:06
Sampling (4 threads)  96%|████████████████████████████▋ |  ETA: 0:24:15
Sampling (4 threads)  96%|████████████████████████████▊ |  ETA: 0:21:41
Sampling (4 threads)  96%|█████████████████████████████ |  ETA: 0:18:53
Sampling (4 threads)  97%|█████████████████████████████▏|  ETA: 0:16:06
Sampling (4 threads)  98%|█████████████████████████████▎|  ETA: 0:13:34
Sampling (4 threads)  98%|█████████████████████████████▍|  ETA: 0:10:48
Sampling (4 threads)  98%|█████████████████████████████▌|  ETA: 0:08:03
Sampling (4 threads)  99%|█████████████████████████████▊|  ETA: 0:05:22
Sampling (4 threads) 100%|█████████████████████████████▉|  ETA: 0:02:42
Sampling (4 threads) 100%|██████████████████████████████| Time: 9:03:10
Sampling (4 threads) 100%|██████████████████████████████| Time: 9:03:10
Sampling (4 threads)   0%|                              |  ETA: N/A
┌ Info: Found initial step size
└   ϵ = 0.0015625
┌ Info: Found initial step size
└   ϵ = 0.00078125
┌ Info: Found initial step size
└   ϵ = 0.000390625
┌ Info: Found initial step size
└   ϵ = 9.765625e-5
Sampling (4 threads)   0%|▏                             |  ETA: 3:29:49
Sampling (4 threads)   1%|▎                             |  ETA: 1:44:28
Sampling (4 threads)   2%|▌                             |  ETA: 1:24:11
Sampling (4 threads)   2%|▋                             |  ETA: 1:02:49
Sampling (4 threads)   2%|▊                             |  ETA: 0:50:00
Sampling (4 threads)   3%|▉                             |  ETA: 0:48:46
Sampling (4 threads)   4%|█                             |  ETA: 0:41:35
Sampling (4 threads)   4%|█▎                            |  ETA: 0:36:12
Sampling (4 threads)   4%|█▍                            |  ETA: 0:38:45
Sampling (4 threads)   5%|█▌                            |  ETA: 0:34:42
Sampling (4 threads)   6%|█▋                            |  ETA: 2:05:52
Sampling (4 threads)   6%|█▊                            |  ETA: 1:54:46
Sampling (4 threads)   6%|██                            |  ETA: 1:45:23
Sampling (4 threads)   7%|██▏                           |  ETA: 1:37:20
Sampling (4 threads)   8%|██▎                           |  ETA: 3:17:54
Sampling (4 threads)   8%|██▍                           |  ETA: 3:04:32
Sampling (4 threads)   8%|██▌                           |  ETA: 3:28:22
Sampling (4 threads)   9%|██▊                           |  ETA: 3:15:43
Sampling (4 threads)  10%|██▉                           |  ETA: 4:22:39
Sampling (4 threads)  10%|███                           |  ETA: 4:08:08
Sampling (4 threads)  10%|███▏                          |  ETA: 3:55:01
Sampling (4 threads)  11%|███▎                          |  ETA: 4:40:18
Sampling (4 threads)  12%|███▌                          |  ETA: 4:26:36
Sampling (4 threads)  12%|███▋                          |  ETA: 4:58:29
Sampling (4 threads)  12%|███▊                          |  ETA: 4:44:55
Sampling (4 threads)  13%|███▉                          |  ETA: 4:32:23
Sampling (4 threads)  14%|████                          |  ETA: 5:22:27
Sampling (4 threads)  14%|████▎                         |  ETA: 5:09:09
Sampling (4 threads)  14%|████▍                         |  ETA: 4:56:45
Sampling (4 threads)  15%|████▌                         |  ETA: 5:27:09
Sampling (4 threads)  16%|████▋                         |  ETA: 5:14:44
Sampling (4 threads)  16%|████▊                         |  ETA: 5:03:05
Sampling (4 threads)  16%|█████                         |  ETA: 4:52:09
Sampling (4 threads)  17%|█████▏                        |  ETA: 5:05:28
Sampling (4 threads)  18%|█████▎                        |  ETA: 4:54:57
Sampling (4 threads)  18%|█████▍                        |  ETA: 5:04:34
Sampling (4 threads)  18%|█████▌                        |  ETA: 4:54:31
Sampling (4 threads)  19%|█████▊                        |  ETA: 4:45:01
Sampling (4 threads)  20%|█████▉                        |  ETA: 5:03:34
Sampling (4 threads)  20%|██████                        |  ETA: 4:54:08
Sampling (4 threads)  20%|██████▏                       |  ETA: 5:07:49
Sampling (4 threads)  21%|██████▎                       |  ETA: 4:58:36
Sampling (4 threads)  22%|██████▌                       |  ETA: 4:49:48
Sampling (4 threads)  22%|██████▋                       |  ETA: 4:41:25
Sampling (4 threads)  22%|██████▊                       |  ETA: 5:03:37
Sampling (4 threads)  23%|██████▉                       |  ETA: 4:55:06
Sampling (4 threads)  24%|███████                       |  ETA: 4:46:57
Sampling (4 threads)  24%|███████▎                      |  ETA: 4:55:20
Sampling (4 threads)  24%|███████▍                      |  ETA: 4:47:24
Sampling (4 threads)  25%|███████▌                      |  ETA: 5:05:00
Sampling (4 threads)  26%|███████▋                      |  ETA: 4:57:02
Sampling (4 threads)  26%|███████▊                      |  ETA: 4:49:22
Sampling (4 threads)  26%|████████                      |  ETA: 4:41:59
Sampling (4 threads)  27%|████████▏                     |  ETA: 4:53:36
Sampling (4 threads)  28%|████████▎                     |  ETA: 4:46:17
Sampling (4 threads)  28%|████████▍                     |  ETA: 4:39:14
Sampling (4 threads)  28%|████████▌                     |  ETA: 4:43:47
Sampling (4 threads)  29%|████████▊                     |  ETA: 4:36:56
Sampling (4 threads)  30%|████████▉                     |  ETA: 4:47:48
Sampling (4 threads)  30%|█████████                     |  ETA: 4:40:59
Sampling (4 threads)  30%|█████████▏                    |  ETA: 4:34:25
Sampling (4 threads)  31%|█████████▎                    |  ETA: 4:28:02
Sampling (4 threads)  32%|█████████▌                    |  ETA: 4:36:10
Sampling (4 threads)  32%|█████████▋                    |  ETA: 4:29:52
Sampling (4 threads)  32%|█████████▊                    |  ETA: 4:41:39
Sampling (4 threads)  33%|█████████▉                    |  ETA: 4:35:20
Sampling (4 threads)  34%|██████████                    |  ETA: 4:48:09
Sampling (4 threads)  34%|██████████▎                   |  ETA: 4:41:46
Sampling (4 threads)  34%|██████████▍                   |  ETA: 4:35:35
Sampling (4 threads)  35%|██████████▌                   |  ETA: 4:48:18
Sampling (4 threads)  36%|██████████▋                   |  ETA: 4:42:03
Sampling (4 threads)  36%|██████████▊                   |  ETA: 4:35:59
Sampling (4 threads)  36%|███████████                   |  ETA: 4:41:09
Sampling (4 threads)  37%|███████████▏                  |  ETA: 4:35:10
Sampling (4 threads)  38%|███████████▎                  |  ETA: 4:43:44
Sampling (4 threads)  38%|███████████▍                  |  ETA: 4:37:46
Sampling (4 threads)  38%|███████████▌                  |  ETA: 4:31:57
Sampling (4 threads)  39%|███████████▊                  |  ETA: 4:45:07
Sampling (4 threads)  40%|███████████▉                  |  ETA: 4:39:12
Sampling (4 threads)  40%|████████████                  |  ETA: 4:33:26
Sampling (4 threads)  40%|████████████▏                 |  ETA: 4:39:48
Sampling (4 threads)  41%|████████████▎                 |  ETA: 4:34:04
Sampling (4 threads)  42%|████████████▌                 |  ETA: 4:34:16
Sampling (4 threads)  42%|████████████▋                 |  ETA: 4:28:41
Sampling (4 threads)  42%|████████████▊                 |  ETA: 4:32:50
Sampling (4 threads)  43%|████████████▉                 |  ETA: 4:27:19
Sampling (4 threads)  44%|█████████████                 |  ETA: 4:29:27
Sampling (4 threads)  44%|█████████████▎                |  ETA: 4:24:02
Sampling (4 threads)  44%|█████████████▍                |  ETA: 4:30:14
Sampling (4 threads)  45%|█████████████▌                |  ETA: 4:24:49
Sampling (4 threads)  46%|█████████████▋                |  ETA: 4:19:32
Sampling (4 threads)  46%|█████████████▊                |  ETA: 4:26:02
Sampling (4 threads)  46%|██████████████                |  ETA: 4:20:44
Sampling (4 threads)  47%|██████████████▏               |  ETA: 4:15:33
Sampling (4 threads)  48%|██████████████▎               |  ETA: 4:18:26
Sampling (4 threads)  48%|██████████████▍               |  ETA: 4:13:19
Sampling (4 threads)  48%|██████████████▌               |  ETA: 4:19:13
Sampling (4 threads)  49%|██████████████▊               |  ETA: 4:14:05
Sampling (4 threads)  50%|██████████████▉               |  ETA: 4:09:03
Sampling (4 threads)  50%|███████████████               |  ETA: 4:10:36
Sampling (4 threads)  50%|███████████████▏              |  ETA: 4:05:38
Sampling (4 threads)  51%|███████████████▎              |  ETA: 4:08:22
Sampling (4 threads)  52%|███████████████▌              |  ETA: 4:03:27
Sampling (4 threads)  52%|███████████████▋              |  ETA: 3:58:37
Sampling (4 threads)  52%|███████████████▊              |  ETA: 4:04:24
Sampling (4 threads)  53%|███████████████▉              |  ETA: 3:59:33
Sampling (4 threads)  54%|████████████████              |  ETA: 3:54:47
Sampling (4 threads)  54%|████████████████▎             |  ETA: 3:57:54
Sampling (4 threads)  55%|████████████████▍             |  ETA: 3:53:09
Sampling (4 threads)  55%|████████████████▌             |  ETA: 3:48:30
Sampling (4 threads)  56%|████████████████▋             |  ETA: 3:52:45
Sampling (4 threads)  56%|████████████████▊             |  ETA: 3:48:04
Sampling (4 threads)  56%|█████████████████             |  ETA: 3:43:29
Sampling (4 threads)  57%|█████████████████▏            |  ETA: 3:38:59
Sampling (4 threads)  57%|█████████████████▎            |  ETA: 3:43:00
Sampling (4 threads)  58%|█████████████████▍            |  ETA: 3:38:29
Sampling (4 threads)  58%|█████████████████▌            |  ETA: 3:34:02
Sampling (4 threads)  59%|█████████████████▊            |  ETA: 3:37:58
Sampling (4 threads)  60%|█████████████████▉            |  ETA: 3:33:30
Sampling (4 threads)  60%|██████████████████            |  ETA: 3:29:07
Sampling (4 threads)  60%|██████████████████▏           |  ETA: 3:31:58
Sampling (4 threads)  61%|██████████████████▎           |  ETA: 3:27:34
Sampling (4 threads)  62%|██████████████████▌           |  ETA: 3:23:14
Sampling (4 threads)  62%|██████████████████▋           |  ETA: 3:24:10
Sampling (4 threads)  62%|██████████████████▊           |  ETA: 3:19:52
Sampling (4 threads)  63%|██████████████████▉           |  ETA: 3:15:38
Sampling (4 threads)  64%|███████████████████           |  ETA: 3:17:14
Sampling (4 threads)  64%|███████████████████▎          |  ETA: 3:13:01
Sampling (4 threads)  64%|███████████████████▍          |  ETA: 3:13:10
Sampling (4 threads)  65%|███████████████████▌          |  ETA: 3:08:58
Sampling (4 threads)  66%|███████████████████▋          |  ETA: 3:04:51
Sampling (4 threads)  66%|███████████████████▊          |  ETA: 3:06:51
Sampling (4 threads)  66%|████████████████████          |  ETA: 3:02:43
Sampling (4 threads)  67%|████████████████████▏         |  ETA: 2:58:39
Sampling (4 threads)  68%|████████████████████▎         |  ETA: 3:00:32
Sampling (4 threads)  68%|████████████████████▍         |  ETA: 2:56:27
Sampling (4 threads)  68%|████████████████████▌         |  ETA: 2:52:26
Sampling (4 threads)  69%|████████████████████▊         |  ETA: 2:48:28
Sampling (4 threads)  70%|████████████████████▉         |  ETA: 2:49:29
Sampling (4 threads)  70%|█████████████████████         |  ETA: 2:45:31
Sampling (4 threads)  70%|█████████████████████▏        |  ETA: 2:41:36
Sampling (4 threads)  71%|█████████████████████▎        |  ETA: 2:42:12
Sampling (4 threads)  72%|█████████████████████▌        |  ETA: 2:38:17
Sampling (4 threads)  72%|█████████████████████▋        |  ETA: 2:34:26
Sampling (4 threads)  72%|█████████████████████▊        |  ETA: 2:32:48
Sampling (4 threads)  73%|█████████████████████▉        |  ETA: 2:28:59
Sampling (4 threads)  74%|██████████████████████        |  ETA: 2:28:37
Sampling (4 threads)  74%|██████████████████████▎       |  ETA: 2:24:49
Sampling (4 threads)  74%|██████████████████████▍       |  ETA: 2:23:31
Sampling (4 threads)  75%|██████████████████████▌       |  ETA: 2:19:46
Sampling (4 threads)  76%|██████████████████████▋       |  ETA: 2:17:54
Sampling (4 threads)  76%|██████████████████████▊       |  ETA: 2:14:11
Sampling (4 threads)  76%|███████████████████████       |  ETA: 2:13:00
Sampling (4 threads)  77%|███████████████████████▏      |  ETA: 2:09:20
Sampling (4 threads)  78%|███████████████████████▎      |  ETA: 2:05:42
Sampling (4 threads)  78%|███████████████████████▍      |  ETA: 2:03:52
Sampling (4 threads)  78%|███████████████████████▌      |  ETA: 2:00:17
Sampling (4 threads)  79%|███████████████████████▊      |  ETA: 1:59:22
Sampling (4 threads)  80%|███████████████████████▉      |  ETA: 1:55:47
Sampling (4 threads)  80%|████████████████████████      |  ETA: 1:54:46
Sampling (4 threads)  80%|████████████████████████▏     |  ETA: 1:51:12
Sampling (4 threads)  81%|████████████████████████▎     |  ETA: 1:47:41
Sampling (4 threads)  82%|████████████████████████▌     |  ETA: 1:46:07
Sampling (4 threads)  82%|████████████████████████▋     |  ETA: 1:42:37
Sampling (4 threads)  82%|████████████████████████▊     |  ETA: 1:40:40
Sampling (4 threads)  83%|████████████████████████▉     |  ETA: 1:37:12
Sampling (4 threads)  84%|█████████████████████████     |  ETA: 1:35:26
Sampling (4 threads)  84%|█████████████████████████▎    |  ETA: 1:31:59
Sampling (4 threads)  84%|█████████████████████████▍    |  ETA: 1:28:35
Sampling (4 threads)  85%|█████████████████████████▌    |  ETA: 1:26:44
Sampling (4 threads)  86%|█████████████████████████▋    |  ETA: 1:23:21
Sampling (4 threads)  86%|█████████████████████████▊    |  ETA: 1:21:41
Sampling (4 threads)  86%|██████████████████████████    |  ETA: 1:18:19
Sampling (4 threads)  87%|██████████████████████████▏   |  ETA: 1:14:59
Sampling (4 threads)  88%|██████████████████████████▎   |  ETA: 1:11:41
Sampling (4 threads)  88%|██████████████████████████▍   |  ETA: 1:09:55
Sampling (4 threads)  88%|██████████████████████████▌   |  ETA: 1:06:38
Sampling (4 threads)  89%|██████████████████████████▊   |  ETA: 1:03:22
Sampling (4 threads)  90%|██████████████████████████▉   |  ETA: 1:01:24
Sampling (4 threads)  90%|███████████████████████████   |  ETA: 0:58:09
Sampling (4 threads)  90%|███████████████████████████▏  |  ETA: 0:54:56
Sampling (4 threads)  91%|███████████████████████████▎  |  ETA: 0:52:18
Sampling (4 threads)  92%|███████████████████████████▌  |  ETA: 0:49:08
Sampling (4 threads)  92%|███████████████████████████▋  |  ETA: 0:46:37
Sampling (4 threads)  92%|███████████████████████████▊  |  ETA: 0:43:28
Sampling (4 threads)  93%|███████████████████████████▉  |  ETA: 0:40:48
Sampling (4 threads)  94%|████████████████████████████  |  ETA: 0:37:41
Sampling (4 threads)  94%|████████████████████████████▎ |  ETA: 0:35:07
Sampling (4 threads)  94%|████████████████████████████▍ |  ETA: 0:32:01
Sampling (4 threads)  95%|████████████████████████████▌ |  ETA: 0:28:57
Sampling (4 threads)  96%|████████████████████████████▋ |  ETA: 0:26:13
Sampling (4 threads)  96%|████████████████████████████▊ |  ETA: 0:23:11
Sampling (4 threads)  96%|█████████████████████████████ |  ETA: 0:20:10
Sampling (4 threads)  97%|█████████████████████████████▏|  ETA: 0:17:19
Sampling (4 threads)  98%|█████████████████████████████▎|  ETA: 0:14:23
Sampling (4 threads)  98%|█████████████████████████████▍|  ETA: 0:11:32
Sampling (4 threads)  98%|█████████████████████████████▌|  ETA: 0:08:38
Sampling (4 threads)  99%|█████████████████████████████▊|  ETA: 0:05:45
Sampling (4 threads) 100%|█████████████████████████████▉|  ETA: 0:02:52
Sampling (4 threads) 100%|██████████████████████████████| Time: 9:35:51
Sampling (4 threads) 100%|██████████████████████████████| Time: 9:35:52
Sampling (4 threads)   0%|                              |  ETA: N/A
┌ Info: Found initial step size
└   ϵ = 0.00625
┌ Info: Found initial step size
└   ϵ = 0.0001953125
┌ Info: Found initial step size
└   ϵ = 0.0001953125
┌ Info: Found initial step size
└   ϵ = 0.000390625
Sampling (4 threads)   0%|▏                             |  ETA: 4:26:32
Sampling (4 threads)   1%|▎                             |  ETA: 2:12:44
Sampling (4 threads)   2%|▌                             |  ETA: 1:28:02
Sampling (4 threads)   2%|▋                             |  ETA: 1:12:01
Sampling (4 threads)   2%|▊                             |  ETA: 0:57:20
Sampling (4 threads)   3%|▉                             |  ETA: 0:47:32
Sampling (4 threads)   4%|█                             |  ETA: 1:43:05
Sampling (4 threads)   4%|█▎                            |  ETA: 1:29:44
Sampling (4 threads)   4%|█▍                            |  ETA: 1:19:20
Sampling (4 threads)   5%|█▌                            |  ETA: 2:44:03
Sampling (4 threads)   6%|█▋                            |  ETA: 2:28:21
Sampling (4 threads)   6%|█▊                            |  ETA: 4:01:49
Sampling (4 threads)   6%|██                            |  ETA: 3:42:01
Sampling (4 threads)   7%|██▏                           |  ETA: 3:25:04
Sampling (4 threads)   8%|██▎                           |  ETA: 5:36:53
Sampling (4 threads)   8%|██▍                           |  ETA: 5:14:07
Sampling (4 threads)   8%|██▌                           |  ETA: 4:54:02
Sampling (4 threads)   9%|██▊                           |  ETA: 6:44:53
Sampling (4 threads)  10%|██▉                           |  ETA: 6:21:28
Sampling (4 threads)  10%|███                           |  ETA: 6:00:23
Sampling (4 threads)  10%|███▏                          |  ETA: 7:33:48
Sampling (4 threads)  11%|███▎                          |  ETA: 7:10:45
Sampling (4 threads)  12%|███▌                          |  ETA: 6:49:43
Sampling (4 threads)  12%|███▋                          |  ETA: 7:55:20
Sampling (4 threads)  12%|███▊                          |  ETA: 7:33:44
Sampling (4 threads)  13%|███▉                          |  ETA: 7:13:47
Sampling (4 threads)  14%|████                          |  ETA: 7:52:42
Sampling (4 threads)  14%|████▎                         |  ETA: 7:33:11
Sampling (4 threads)  14%|████▍                         |  ETA: 8:41:27
Sampling (4 threads)  15%|████▌                         |  ETA: 8:21:07
Sampling (4 threads)  16%|████▋                         |  ETA: 8:02:06
Sampling (4 threads)  16%|████▊                         |  ETA: 7:44:16
Sampling (4 threads)  16%|█████                         |  ETA: 8:28:11
Sampling (4 threads)  17%|█████▏                        |  ETA: 8:10:17
Sampling (4 threads)  18%|█████▎                        |  ETA: 7:53:25
Sampling (4 threads)  18%|█████▍                        |  ETA: 8:16:54
Sampling (4 threads)  18%|█████▌                        |  ETA: 8:00:31
Sampling (4 threads)  19%|█████▊                        |  ETA: 8:29:52
Sampling (4 threads)  20%|█████▉                        |  ETA: 8:13:43
Sampling (4 threads)  20%|██████                        |  ETA: 7:58:23
Sampling (4 threads)  20%|██████▏                       |  ETA: 8:29:40
Sampling (4 threads)  21%|██████▎                       |  ETA: 8:14:24
Sampling (4 threads)  22%|██████▌                       |  ETA: 7:59:51
Sampling (4 threads)  22%|██████▋                       |  ETA: 8:22:11
Sampling (4 threads)  22%|██████▊                       |  ETA: 8:07:53
Sampling (4 threads)  23%|██████▉                       |  ETA: 7:54:12
Sampling (4 threads)  24%|███████                       |  ETA: 8:23:27
Sampling (4 threads)  24%|███████▎                      |  ETA: 8:09:45
Sampling (4 threads)  24%|███████▍                      |  ETA: 7:56:36
Sampling (4 threads)  25%|███████▌                      |  ETA: 7:43:58
Sampling (4 threads)  26%|███████▋                      |  ETA: 8:04:00
Sampling (4 threads)  26%|███████▊                      |  ETA: 7:51:30
Sampling (4 threads)  26%|████████                      |  ETA: 7:39:29
Sampling (4 threads)  27%|████████▏                     |  ETA: 7:52:15
Sampling (4 threads)  28%|████████▎                     |  ETA: 7:40:30
Sampling (4 threads)  28%|████████▍                     |  ETA: 7:51:50
Sampling (4 threads)  28%|████████▌                     |  ETA: 7:40:20
Sampling (4 threads)  29%|████████▊                     |  ETA: 7:51:16
Sampling (4 threads)  30%|████████▉                     |  ETA: 7:40:01
Sampling (4 threads)  30%|█████████                     |  ETA: 7:41:21
Sampling (4 threads)  30%|█████████▏                    |  ETA: 7:30:32
Sampling (4 threads)  31%|█████████▎                    |  ETA: 7:49:28
Sampling (4 threads)  32%|█████████▌                    |  ETA: 7:38:40
Sampling (4 threads)  32%|█████████▋                    |  ETA: 7:28:12
Sampling (4 threads)  32%|█████████▊                    |  ETA: 7:18:04
Sampling (4 threads)  33%|█████████▉                    |  ETA: 7:22:50
Sampling (4 threads)  34%|██████████                    |  ETA: 7:12:58
Sampling (4 threads)  34%|██████████▎                   |  ETA: 7:24:00
Sampling (4 threads)  34%|██████████▍                   |  ETA: 7:14:15
Sampling (4 threads)  35%|██████████▌                   |  ETA: 7:26:41
Sampling (4 threads)  36%|██████████▋                   |  ETA: 7:17:00
Sampling (4 threads)  36%|██████████▊                   |  ETA: 7:07:35
Sampling (4 threads)  36%|███████████                   |  ETA: 6:58:26
Sampling (4 threads)  37%|███████████▏                  |  ETA: 7:09:59
Sampling (4 threads)  38%|███████████▎                  |  ETA: 7:00:53
Sampling (4 threads)  38%|███████████▍                  |  ETA: 7:01:46
Sampling (4 threads)  38%|███████████▌                  |  ETA: 6:52:56
Sampling (4 threads)  39%|███████████▊                  |  ETA: 7:00:39
Sampling (4 threads)  40%|███████████▉                  |  ETA: 6:51:56
Sampling (4 threads)  40%|████████████                  |  ETA: 6:43:25
Sampling (4 threads)  40%|████████████▏                 |  ETA: 6:35:07
Sampling (4 threads)  41%|████████████▎                 |  ETA: 6:48:23
Sampling (4 threads)  42%|████████████▌                 |  ETA: 6:40:02
Sampling (4 threads)  42%|████████████▋                 |  ETA: 6:31:54
Sampling (4 threads)  42%|████████████▊                 |  ETA: 6:35:30
Sampling (4 threads)  43%|████████████▉                 |  ETA: 6:27:30
Sampling (4 threads)  44%|█████████████                 |  ETA: 6:26:41
Sampling (4 threads)  44%|█████████████▎                |  ETA: 6:18:54
Sampling (4 threads)  44%|█████████████▍                |  ETA: 6:25:13
Sampling (4 threads)  45%|█████████████▌                |  ETA: 6:17:31
Sampling (4 threads)  46%|█████████████▋                |  ETA: 6:09:58
Sampling (4 threads)  46%|█████████████▊                |  ETA: 6:02:35
Sampling (4 threads)  46%|██████████████                |  ETA: 6:08:54
Sampling (4 threads)  47%|██████████████▏               |  ETA: 6:01:34
Sampling (4 threads)  48%|██████████████▎               |  ETA: 6:01:59
Sampling (4 threads)  48%|██████████████▍               |  ETA: 5:54:48
Sampling (4 threads)  48%|██████████████▌               |  ETA: 5:47:46
Sampling (4 threads)  49%|██████████████▊               |  ETA: 5:48:24
Sampling (4 threads)  50%|██████████████▉               |  ETA: 5:41:30
Sampling (4 threads)  50%|███████████████               |  ETA: 5:41:57
Sampling (4 threads)  50%|███████████████▏              |  ETA: 5:35:11
Sampling (4 threads)  51%|███████████████▎              |  ETA: 5:37:06
Sampling (4 threads)  52%|███████████████▌              |  ETA: 5:30:25
Sampling (4 threads)  52%|███████████████▋              |  ETA: 5:33:27
Sampling (4 threads)  52%|███████████████▊              |  ETA: 5:26:50
Sampling (4 threads)  53%|███████████████▉              |  ETA: 5:20:20
Sampling (4 threads)  54%|████████████████              |  ETA: 5:20:02
Sampling (4 threads)  54%|████████████████▎             |  ETA: 5:13:39
Sampling (4 threads)  55%|████████████████▍             |  ETA: 5:14:45
Sampling (4 threads)  55%|████████████████▌             |  ETA: 5:08:28
Sampling (4 threads)  56%|████████████████▋             |  ETA: 5:06:32
Sampling (4 threads)  56%|████████████████▊             |  ETA: 5:00:23
Sampling (4 threads)  56%|█████████████████             |  ETA: 4:59:32
Sampling (4 threads)  57%|█████████████████▏            |  ETA: 4:53:29
Sampling (4 threads)  57%|█████████████████▎            |  ETA: 4:52:52
Sampling (4 threads)  58%|█████████████████▍            |  ETA: 4:46:55
Sampling (4 threads)  58%|█████████████████▌            |  ETA: 4:48:50
Sampling (4 threads)  59%|█████████████████▊            |  ETA: 4:42:56
Sampling (4 threads)  60%|█████████████████▉            |  ETA: 4:37:08
Sampling (4 threads)  60%|██████████████████            |  ETA: 4:31:26
Sampling (4 threads)  60%|██████████████████▏           |  ETA: 4:34:14
Sampling (4 threads)  61%|██████████████████▎           |  ETA: 4:28:32
Sampling (4 threads)  62%|██████████████████▌           |  ETA: 4:22:56
Sampling (4 threads)  62%|██████████████████▋           |  ETA: 4:24:40
Sampling (4 threads)  62%|██████████████████▊           |  ETA: 4:19:05
Sampling (4 threads)  63%|██████████████████▉           |  ETA: 4:13:36
Sampling (4 threads)  64%|███████████████████           |  ETA: 4:12:18
Sampling (4 threads)  64%|███████████████████▎          |  ETA: 4:06:54
Sampling (4 threads)  64%|███████████████████▍          |  ETA: 4:05:27
Sampling (4 threads)  65%|███████████████████▌          |  ETA: 4:00:08
Sampling (4 threads)  66%|███████████████████▋          |  ETA: 3:59:33
Sampling (4 threads)  66%|███████████████████▊          |  ETA: 3:54:17
Sampling (4 threads)  66%|████████████████████          |  ETA: 3:52:37
Sampling (4 threads)  67%|████████████████████▏         |  ETA: 3:47:26
Sampling (4 threads)  68%|████████████████████▎         |  ETA: 3:47:03
Sampling (4 threads)  68%|████████████████████▍         |  ETA: 3:41:55
Sampling (4 threads)  68%|████████████████████▌         |  ETA: 3:36:52
Sampling (4 threads)  69%|████████████████████▊         |  ETA: 3:36:42
Sampling (4 threads)  70%|████████████████████▉         |  ETA: 3:31:40
Sampling (4 threads)  70%|█████████████████████         |  ETA: 3:26:43
Sampling (4 threads)  70%|█████████████████████▏        |  ETA: 3:25:49
Sampling (4 threads)  71%|█████████████████████▎        |  ETA: 3:20:54
Sampling (4 threads)  72%|█████████████████████▌        |  ETA: 3:16:04
Sampling (4 threads)  72%|█████████████████████▋        |  ETA: 3:11:17
Sampling (4 threads)  72%|█████████████████████▊        |  ETA: 3:11:38
Sampling (4 threads)  73%|█████████████████████▉        |  ETA: 3:06:52
Sampling (4 threads)  74%|██████████████████████        |  ETA: 3:02:10
Sampling (4 threads)  74%|██████████████████████▎       |  ETA: 3:01:21
Sampling (4 threads)  74%|██████████████████████▍       |  ETA: 2:56:40
Sampling (4 threads)  75%|██████████████████████▌       |  ETA: 2:52:03
Sampling (4 threads)  76%|██████████████████████▋       |  ETA: 2:49:43
Sampling (4 threads)  76%|██████████████████████▊       |  ETA: 2:45:09
Sampling (4 threads)  76%|███████████████████████       |  ETA: 2:42:53
Sampling (4 threads)  77%|███████████████████████▏      |  ETA: 2:38:23
Sampling (4 threads)  78%|███████████████████████▎      |  ETA: 2:36:55
Sampling (4 threads)  78%|███████████████████████▍      |  ETA: 2:32:27
Sampling (4 threads)  78%|███████████████████████▌      |  ETA: 2:28:02
Sampling (4 threads)  79%|███████████████████████▊      |  ETA: 2:26:00
Sampling (4 threads)  80%|███████████████████████▉      |  ETA: 2:21:37
Sampling (4 threads)  80%|████████████████████████      |  ETA: 2:19:05
Sampling (4 threads)  80%|████████████████████████▏     |  ETA: 2:14:46
Sampling (4 threads)  81%|████████████████████████▎     |  ETA: 2:12:07
Sampling (4 threads)  82%|████████████████████████▌     |  ETA: 2:07:51
Sampling (4 threads)  82%|████████████████████████▋     |  ETA: 2:06:12
Sampling (4 threads)  82%|████████████████████████▊     |  ETA: 2:01:57
Sampling (4 threads)  83%|████████████████████████▉     |  ETA: 1:57:45
Sampling (4 threads)  84%|█████████████████████████     |  ETA: 1:55:58
Sampling (4 threads)  84%|█████████████████████████▎    |  ETA: 1:51:47
Sampling (4 threads)  84%|█████████████████████████▍    |  ETA: 1:47:39
Sampling (4 threads)  85%|█████████████████████████▌    |  ETA: 1:43:34
Sampling (4 threads)  86%|█████████████████████████▋    |  ETA: 1:41:24
Sampling (4 threads)  86%|█████████████████████████▊    |  ETA: 1:37:20
Sampling (4 threads)  86%|██████████████████████████    |  ETA: 1:33:19
Sampling (4 threads)  87%|██████████████████████████▏   |  ETA: 1:31:25
Sampling (4 threads)  88%|██████████████████████████▎   |  ETA: 1:27:24
Sampling (4 threads)  88%|██████████████████████████▍   |  ETA: 1:23:25
Sampling (4 threads)  88%|██████████████████████████▌   |  ETA: 1:20:13
Sampling (4 threads)  89%|██████████████████████████▊   |  ETA: 1:16:18
Sampling (4 threads)  90%|██████████████████████████▉   |  ETA: 1:12:28
Sampling (4 threads)  90%|███████████████████████████   |  ETA: 1:09:14
Sampling (4 threads)  90%|███████████████████████████▏  |  ETA: 1:05:43
Sampling (4 threads)  91%|███████████████████████████▎  |  ETA: 1:02:29
Sampling (4 threads)  92%|███████████████████████████▌  |  ETA: 0:59:00
Sampling (4 threads)  92%|███████████████████████████▋  |  ETA: 0:55:33
Sampling (4 threads)  92%|███████████████████████████▊  |  ETA: 0:52:12
Sampling (4 threads)  93%|███████████████████████████▉  |  ETA: 0:48:36
Sampling (4 threads)  94%|████████████████████████████  |  ETA: 0:45:12
Sampling (4 threads)  94%|████████████████████████████▎ |  ETA: 0:41:52
Sampling (4 threads)  94%|████████████████████████████▍ |  ETA: 0:38:16
Sampling (4 threads)  95%|████████████████████████████▌ |  ETA: 0:34:53
Sampling (4 threads)  96%|████████████████████████████▋ |  ETA: 0:31:27
Sampling (4 threads)  96%|████████████████████████████▊ |  ETA: 0:27:57
Sampling (4 threads)  96%|█████████████████████████████ |  ETA: 0:24:32
Sampling (4 threads)  97%|█████████████████████████████▏|  ETA: 0:21:04
Sampling (4 threads)  98%|█████████████████████████████▎|  ETA: 0:17:34
Sampling (4 threads)  98%|█████████████████████████████▍|  ETA: 0:14:05
Sampling (4 threads)  98%|█████████████████████████████▌|  ETA: 0:10:35
Sampling (4 threads)  99%|█████████████████████████████▊|  ETA: 0:07:04
Sampling (4 threads) 100%|█████████████████████████████▉|  ETA: 0:03:32
Sampling (4 threads) 100%|██████████████████████████████| Time: 11:47:15
Sampling (4 threads) 100%|██████████████████████████████| Time: 11:47:16
Sampling (4 threads)   0%|                              |  ETA: N/A
┌ Info: Found initial step size
└   ϵ = 0.003125
┌ Info: Found initial step size
└   ϵ = 0.00078125
┌ Info: Found initial step size
└   ϵ = 0.00625
┌ Info: Found initial step size
└   ϵ = 0.0015625
Sampling (4 threads)   0%|▏                             |  ETA: 4:40:34
Sampling (4 threads)   1%|▎                             |  ETA: 2:19:43
Sampling (4 threads)   2%|▌                             |  ETA: 1:32:41
Sampling (4 threads)   2%|▋                             |  ETA: 1:21:08
Sampling (4 threads)   2%|▊                             |  ETA: 1:04:34
Sampling (4 threads)   3%|▉                             |  ETA: 1:02:38
Sampling (4 threads)   4%|█                             |  ETA: 0:53:25
Sampling (4 threads)   4%|█▎                            |  ETA: 0:46:29
Sampling (4 threads)   4%|█▍                            |  ETA: 2:24:27
Sampling (4 threads)   5%|█▌                            |  ETA: 2:09:20
Sampling (4 threads)   6%|█▋                            |  ETA: 1:56:57
Sampling (4 threads)   6%|█▊                            |  ETA: 4:12:27
Sampling (4 threads)   6%|██                            |  ETA: 3:51:48
Sampling (4 threads)   7%|██▏                           |  ETA: 6:24:07
Sampling (4 threads)   8%|██▎                           |  ETA: 5:56:35
Sampling (4 threads)   8%|██▍                           |  ETA: 5:32:29
Sampling (4 threads)   8%|██▌                           |  ETA: 6:33:26
Sampling (4 threads)   9%|██▊                           |  ETA: 6:09:33
Sampling (4 threads)  10%|██▉                           |  ETA: 8:00:07
Sampling (4 threads)  10%|███                           |  ETA: 7:33:35
Sampling (4 threads)  10%|███▏                          |  ETA: 7:09:35
Sampling (4 threads)  11%|███▎                          |  ETA: 6:47:46
Sampling (4 threads)  12%|███▌                          |  ETA: 7:58:25
Sampling (4 threads)  12%|███▋                          |  ETA: 7:35:53
Sampling (4 threads)  12%|███▊                          |  ETA: 7:15:10
Sampling (4 threads)  13%|███▉                          |  ETA: 8:32:23
Sampling (4 threads)  14%|████                          |  ETA: 8:10:34
Sampling (4 threads)  14%|████▎                         |  ETA: 7:50:19
Sampling (4 threads)  14%|████▍                         |  ETA: 7:31:28
Sampling (4 threads)  15%|████▌                         |  ETA: 8:23:33
Sampling (4 threads)  16%|████▋                         |  ETA: 8:04:26
Sampling (4 threads)  16%|████▊                         |  ETA: 8:17:03
Sampling (4 threads)  16%|█████                         |  ETA: 7:59:07
Sampling (4 threads)  17%|█████▏                        |  ETA: 8:19:24
Sampling (4 threads)  18%|█████▎                        |  ETA: 8:02:13
Sampling (4 threads)  18%|█████▍                        |  ETA: 7:45:59
Sampling (4 threads)  18%|█████▌                        |  ETA: 8:19:53
Sampling (4 threads)  19%|█████▊                        |  ETA: 8:03:45
Sampling (4 threads)  20%|█████▉                        |  ETA: 7:48:26
Sampling (4 threads)  20%|██████                        |  ETA: 8:27:24
Sampling (4 threads)  20%|██████▏                       |  ETA: 8:11:55
Sampling (4 threads)  21%|██████▎                       |  ETA: 7:57:11
Sampling (4 threads)  22%|██████▌                       |  ETA: 8:25:51
Sampling (4 threads)  22%|██████▋                       |  ETA: 8:11:13
Sampling (4 threads)  22%|██████▊                       |  ETA: 7:57:13
Sampling (4 threads)  23%|██████▉                       |  ETA: 7:43:50
Sampling (4 threads)  24%|███████                       |  ETA: 8:06:17
Sampling (4 threads)  24%|███████▎                      |  ETA: 7:53:02
Sampling (4 threads)  24%|███████▍                      |  ETA: 8:09:28
Sampling (4 threads)  25%|███████▌                      |  ETA: 7:56:30
Sampling (4 threads)  26%|███████▋                      |  ETA: 8:01:09
Sampling (4 threads)  26%|███████▊                      |  ETA: 7:48:43
Sampling (4 threads)  26%|████████                      |  ETA: 8:07:42
Sampling (4 threads)  27%|████████▏                     |  ETA: 7:55:25
Sampling (4 threads)  28%|████████▎                     |  ETA: 7:43:34
Sampling (4 threads)  28%|████████▍                     |  ETA: 7:55:35
Sampling (4 threads)  28%|████████▌                     |  ETA: 7:44:00
Sampling (4 threads)  29%|████████▊                     |  ETA: 7:32:49
Sampling (4 threads)  30%|████████▉                     |  ETA: 7:51:44
Sampling (4 threads)  30%|█████████                     |  ETA: 7:40:35
Sampling (4 threads)  30%|█████████▏                    |  ETA: 7:29:48
Sampling (4 threads)  31%|█████████▎                    |  ETA: 7:19:22
Sampling (4 threads)  32%|█████████▌                    |  ETA: 7:29:36
Sampling (4 threads)  32%|█████████▋                    |  ETA: 7:19:21
Sampling (4 threads)  32%|█████████▊                    |  ETA: 7:32:46
Sampling (4 threads)  33%|█████████▉                    |  ETA: 7:22:37
Sampling (4 threads)  34%|██████████                    |  ETA: 7:12:45
Sampling (4 threads)  34%|██████████▎                   |  ETA: 7:03:11
Sampling (4 threads)  34%|██████████▍                   |  ETA: 7:17:30
Sampling (4 threads)  35%|██████████▌                   |  ETA: 7:07:58
Sampling (4 threads)  36%|██████████▋                   |  ETA: 6:58:42
Sampling (4 threads)  36%|██████████▊                   |  ETA: 7:15:21
Sampling (4 threads)  36%|███████████                   |  ETA: 7:06:02
Sampling (4 threads)  37%|███████████▏                  |  ETA: 6:56:58
Sampling (4 threads)  38%|███████████▎                  |  ETA: 7:00:32
Sampling (4 threads)  38%|███████████▍                  |  ETA: 6:51:41
Sampling (4 threads)  38%|███████████▌                  |  ETA: 7:02:20
Sampling (4 threads)  39%|███████████▊                  |  ETA: 6:53:32
Sampling (4 threads)  40%|███████████▉                  |  ETA: 6:44:57
Sampling (4 threads)  40%|████████████                  |  ETA: 6:55:05
Sampling (4 threads)  40%|████████████▏                 |  ETA: 6:46:33
Sampling (4 threads)  41%|████████████▎                 |  ETA: 6:38:13
Sampling (4 threads)  42%|████████████▌                 |  ETA: 6:30:05
Sampling (4 threads)  42%|████████████▋                 |  ETA: 6:39:44
Sampling (4 threads)  42%|████████████▊                 |  ETA: 6:31:37
Sampling (4 threads)  43%|████████████▉                 |  ETA: 6:33:47
Sampling (4 threads)  44%|█████████████                 |  ETA: 6:25:51
Sampling (4 threads)  44%|█████████████▎                |  ETA: 6:27:21
Sampling (4 threads)  44%|█████████████▍                |  ETA: 6:19:35
Sampling (4 threads)  45%|█████████████▌                |  ETA: 6:11:59
Sampling (4 threads)  46%|█████████████▋                |  ETA: 6:18:12
Sampling (4 threads)  46%|█████████████▊                |  ETA: 6:10:39
Sampling (4 threads)  46%|██████████████                |  ETA: 6:03:16
Sampling (4 threads)  47%|██████████████▏               |  ETA: 6:04:27
Sampling (4 threads)  48%|██████████████▎               |  ETA: 5:57:13
Sampling (4 threads)  48%|██████████████▍               |  ETA: 5:58:27
Sampling (4 threads)  48%|██████████████▌               |  ETA: 5:51:20
Sampling (4 threads)  49%|██████████████▊               |  ETA: 5:50:17
Sampling (4 threads)  50%|██████████████▉               |  ETA: 5:43:21
Sampling (4 threads)  50%|███████████████               |  ETA: 5:44:04
Sampling (4 threads)  50%|███████████████▏              |  ETA: 5:37:15
Sampling (4 threads)  51%|███████████████▎              |  ETA: 5:41:11
Sampling (4 threads)  52%|███████████████▌              |  ETA: 5:34:26
Sampling (4 threads)  52%|███████████████▋              |  ETA: 5:38:21
Sampling (4 threads)  52%|███████████████▊              |  ETA: 5:31:38
Sampling (4 threads)  53%|███████████████▉              |  ETA: 5:25:03
Sampling (4 threads)  54%|████████████████              |  ETA: 5:18:35
Sampling (4 threads)  54%|████████████████▎             |  ETA: 5:23:05
Sampling (4 threads)  55%|████████████████▍             |  ETA: 5:16:39
Sampling (4 threads)  55%|████████████████▌             |  ETA: 5:21:51
Sampling (4 threads)  56%|████████████████▋             |  ETA: 5:15:24
Sampling (4 threads)  56%|████████████████▊             |  ETA: 5:09:04
Sampling (4 threads)  56%|█████████████████             |  ETA: 5:02:51
Sampling (4 threads)  57%|█████████████████▏            |  ETA: 5:07:01
Sampling (4 threads)  57%|█████████████████▎            |  ETA: 5:00:48
Sampling (4 threads)  58%|█████████████████▍            |  ETA: 4:54:42
Sampling (4 threads)  58%|█████████████████▌            |  ETA: 4:57:29
Sampling (4 threads)  59%|█████████████████▊            |  ETA: 4:51:25
Sampling (4 threads)  60%|█████████████████▉            |  ETA: 4:45:27
Sampling (4 threads)  60%|██████████████████            |  ETA: 4:45:38
Sampling (4 threads)  60%|██████████████████▏           |  ETA: 4:39:44
Sampling (4 threads)  61%|██████████████████▎           |  ETA: 4:38:49
Sampling (4 threads)  62%|██████████████████▌           |  ETA: 4:33:00
Sampling (4 threads)  62%|██████████████████▋           |  ETA: 4:34:05
Sampling (4 threads)  62%|██████████████████▊           |  ETA: 4:28:19
Sampling (4 threads)  63%|██████████████████▉           |  ETA: 4:22:38
Sampling (4 threads)  64%|███████████████████           |  ETA: 4:17:03
Sampling (4 threads)  64%|███████████████████▎          |  ETA: 4:20:01
Sampling (4 threads)  64%|███████████████████▍          |  ETA: 4:14:25
Sampling (4 threads)  65%|███████████████████▌          |  ETA: 4:08:54
Sampling (4 threads)  66%|███████████████████▋          |  ETA: 4:10:02
Sampling (4 threads)  66%|███████████████████▊          |  ETA: 4:04:32
Sampling (4 threads)  66%|████████████████████          |  ETA: 3:59:08
Sampling (4 threads)  67%|████████████████████▏         |  ETA: 3:59:22
Sampling (4 threads)  68%|████████████████████▎         |  ETA: 3:54:00
Sampling (4 threads)  68%|████████████████████▍         |  ETA: 3:48:42
Sampling (4 threads)  68%|████████████████████▌         |  ETA: 3:46:51
Sampling (4 threads)  69%|████████████████████▊         |  ETA: 3:41:38
Sampling (4 threads)  70%|████████████████████▉         |  ETA: 3:41:59
Sampling (4 threads)  70%|█████████████████████         |  ETA: 3:36:47
Sampling (4 threads)  70%|█████████████████████▏        |  ETA: 3:31:40
Sampling (4 threads)  71%|█████████████████████▎        |  ETA: 3:30:28
Sampling (4 threads)  72%|█████████████████████▌        |  ETA: 3:25:23
Sampling (4 threads)  72%|█████████████████████▋        |  ETA: 3:23:56
Sampling (4 threads)  72%|█████████████████████▊        |  ETA: 3:18:55
Sampling (4 threads)  73%|█████████████████████▉        |  ETA: 3:16:47
Sampling (4 threads)  74%|██████████████████████        |  ETA: 3:11:50
Sampling (4 threads)  74%|██████████████████████▎       |  ETA: 3:08:57
Sampling (4 threads)  74%|██████████████████████▍       |  ETA: 3:04:04
Sampling (4 threads)  75%|██████████████████████▌       |  ETA: 3:01:30
Sampling (4 threads)  76%|██████████████████████▋       |  ETA: 2:56:41
Sampling (4 threads)  76%|██████████████████████▊       |  ETA: 2:54:19
Sampling (4 threads)  76%|███████████████████████       |  ETA: 2:49:35
Sampling (4 threads)  77%|███████████████████████▏      |  ETA: 2:47:09
Sampling (4 threads)  78%|███████████████████████▎      |  ETA: 2:42:28
Sampling (4 threads)  78%|███████████████████████▍      |  ETA: 2:39:27
Sampling (4 threads)  78%|███████████████████████▌      |  ETA: 2:34:50
Sampling (4 threads)  79%|███████████████████████▊      |  ETA: 2:33:28
Sampling (4 threads)  80%|███████████████████████▉      |  ETA: 2:28:53
Sampling (4 threads)  80%|████████████████████████      |  ETA: 2:24:20
Sampling (4 threads)  80%|████████████████████████▏     |  ETA: 2:19:51
Sampling (4 threads)  81%|████████████████████████▎     |  ETA: 2:18:23
Sampling (4 threads)  82%|████████████████████████▌     |  ETA: 2:13:55
Sampling (4 threads)  82%|████████████████████████▋     |  ETA: 2:09:30
Sampling (4 threads)  82%|████████████████████████▊     |  ETA: 2:07:08
Sampling (4 threads)  83%|████████████████████████▉     |  ETA: 2:02:45
Sampling (4 threads)  84%|█████████████████████████     |  ETA: 2:00:15
Sampling (4 threads)  84%|█████████████████████████▎    |  ETA: 1:55:54
Sampling (4 threads)  84%|█████████████████████████▍    |  ETA: 1:53:01
Sampling (4 threads)  85%|█████████████████████████▌    |  ETA: 1:48:44
Sampling (4 threads)  86%|█████████████████████████▋    |  ETA: 1:46:11
Sampling (4 threads)  86%|█████████████████████████▊    |  ETA: 1:41:56
Sampling (4 threads)  86%|██████████████████████████    |  ETA: 1:37:43
Sampling (4 threads)  87%|██████████████████████████▏   |  ETA: 1:33:34
Sampling (4 threads)  88%|██████████████████████████▎   |  ETA: 1:31:14
Sampling (4 threads)  88%|██████████████████████████▍   |  ETA: 1:27:05
Sampling (4 threads)  88%|██████████████████████████▌   |  ETA: 1:22:59
Sampling (4 threads)  89%|██████████████████████████▊   |  ETA: 1:20:40
Sampling (4 threads)  90%|██████████████████████████▉   |  ETA: 1:16:34
Sampling (4 threads)  90%|███████████████████████████   |  ETA: 1:12:31
Sampling (4 threads)  90%|███████████████████████████▏  |  ETA: 1:09:18
Sampling (4 threads)  91%|███████████████████████████▎  |  ETA: 1:05:17
Sampling (4 threads)  92%|███████████████████████████▌  |  ETA: 1:01:49
Sampling (4 threads)  92%|███████████████████████████▋  |  ETA: 0:57:51
Sampling (4 threads)  92%|███████████████████████████▊  |  ETA: 0:54:33
Sampling (4 threads)  93%|███████████████████████████▉  |  ETA: 0:50:38
Sampling (4 threads)  94%|████████████████████████████  |  ETA: 0:46:46
Sampling (4 threads)  94%|████████████████████████████▎ |  ETA: 0:43:50
Sampling (4 threads)  94%|████████████████████████████▍ |  ETA: 0:39:58
Sampling (4 threads)  95%|████████████████████████████▌ |  ETA: 0:36:41
Sampling (4 threads)  96%|████████████████████████████▋ |  ETA: 0:32:50
Sampling (4 threads)  96%|████████████████████████████▊ |  ETA: 0:29:02
Sampling (4 threads)  96%|█████████████████████████████ |  ETA: 0:25:17
Sampling (4 threads)  97%|█████████████████████████████▏|  ETA: 0:21:56
Sampling (4 threads)  98%|█████████████████████████████▎|  ETA: 0:18:11
Sampling (4 threads)  98%|█████████████████████████████▍|  ETA: 0:14:29
Sampling (4 threads)  98%|█████████████████████████████▌|  ETA: 0:10:51
Sampling (4 threads)  99%|█████████████████████████████▊|  ETA: 0:07:13
Sampling (4 threads) 100%|█████████████████████████████▉|  ETA: 0:03:37
Sampling (4 threads) 100%|██████████████████████████████| Time: 12:04:59
Sampling (4 threads) 100%|██████████████████████████████| Time: 12:05:00
Sampling (4 threads)   0%|                              |  ETA: N/A
┌ Info: Found initial step size
└   ϵ = 0.00625
┌ Info: Found initial step size
└   ϵ = 0.000390625
┌ Info: Found initial step size
└   ϵ = 9.765625e-5
┌ Info: Found initial step size
└   ϵ = 0.0001953125
Sampling (4 threads)   0%|▏                             |  ETA: 4:22:47
Sampling (4 threads)   1%|▎                             |  ETA: 2:10:52
Sampling (4 threads)   2%|▌                             |  ETA: 1:26:48
Sampling (4 threads)   2%|▋                             |  ETA: 1:11:38
Sampling (4 threads)   2%|▊                             |  ETA: 0:57:01
Sampling (4 threads)   3%|▉                             |  ETA: 0:47:16
Sampling (4 threads)   4%|█                             |  ETA: 0:46:57
Sampling (4 threads)   4%|█▎                            |  ETA: 0:40:52
Sampling (4 threads)   4%|█▍                            |  ETA: 0:36:09
Sampling (4 threads)   5%|█▌                            |  ETA: 0:38:43
Sampling (4 threads)   6%|█▋                            |  ETA: 0:35:01
Sampling (4 threads)   6%|█▊                            |  ETA: 0:31:56
Sampling (4 threads)   6%|██                            |  ETA: 1:07:43
Sampling (4 threads)   7%|██▏                           |  ETA: 1:02:32
Sampling (4 threads)   8%|██▎                           |  ETA: 3:43:39
Sampling (4 threads)   8%|██▍                           |  ETA: 3:28:32
Sampling (4 threads)   8%|██▌                           |  ETA: 5:10:26
Sampling (4 threads)   9%|██▊                           |  ETA: 4:51:35
Sampling (4 threads)  10%|██▉                           |  ETA: 4:34:43
Sampling (4 threads)  10%|███                           |  ETA: 4:19:32
Sampling (4 threads)  10%|███▏                          |  ETA: 5:05:58
Sampling (4 threads)  11%|███▎                          |  ETA: 4:50:25
Sampling (4 threads)  12%|███▌                          |  ETA: 5:17:37
Sampling (4 threads)  12%|███▋                          |  ETA: 5:02:40
Sampling (4 threads)  12%|███▊                          |  ETA: 5:32:20
Sampling (4 threads)  13%|███▉                          |  ETA: 5:17:44
Sampling (4 threads)  14%|████                          |  ETA: 5:56:48
Sampling (4 threads)  14%|████▎                         |  ETA: 5:42:04
Sampling (4 threads)  14%|████▍                         |  ETA: 6:03:34
Sampling (4 threads)  15%|████▌                         |  ETA: 5:49:23
Sampling (4 threads)  16%|████▋                         |  ETA: 6:25:15
Sampling (4 threads)  16%|████▊                         |  ETA: 6:11:01
Sampling (4 threads)  16%|█████                         |  ETA: 5:57:37
Sampling (4 threads)  17%|█████▏                        |  ETA: 6:24:40
Sampling (4 threads)  18%|█████▎                        |  ETA: 6:11:25
Sampling (4 threads)  18%|█████▍                        |  ETA: 6:31:31
Sampling (4 threads)  18%|█████▌                        |  ETA: 6:18:37
Sampling (4 threads)  19%|█████▊                        |  ETA: 6:45:50
Sampling (4 threads)  20%|█████▉                        |  ETA: 6:32:59
Sampling (4 threads)  20%|██████                        |  ETA: 6:20:47
Sampling (4 threads)  20%|██████▏                       |  ETA: 7:00:10
Sampling (4 threads)  21%|██████▎                       |  ETA: 6:47:35
Sampling (4 threads)  22%|██████▌                       |  ETA: 6:35:35
Sampling (4 threads)  22%|██████▋                       |  ETA: 6:24:08
Sampling (4 threads)  22%|██████▊                       |  ETA: 6:41:20
Sampling (4 threads)  23%|██████▉                       |  ETA: 6:30:05
Sampling (4 threads)  24%|███████                       |  ETA: 6:19:18
Sampling (4 threads)  24%|███████▎                      |  ETA: 6:43:22
Sampling (4 threads)  24%|███████▍                      |  ETA: 6:32:32
Sampling (4 threads)  25%|███████▌                      |  ETA: 6:22:08
Sampling (4 threads)  26%|███████▋                      |  ETA: 6:50:49
Sampling (4 threads)  26%|███████▊                      |  ETA: 6:40:13
Sampling (4 threads)  26%|████████                      |  ETA: 6:30:01
Sampling (4 threads)  27%|████████▏                     |  ETA: 6:55:09
Sampling (4 threads)  28%|████████▎                     |  ETA: 6:44:48
Sampling (4 threads)  28%|████████▍                     |  ETA: 6:34:50
Sampling (4 threads)  28%|████████▌                     |  ETA: 6:25:13
Sampling (4 threads)  29%|████████▊                     |  ETA: 6:44:40
Sampling (4 threads)  30%|████████▉                     |  ETA: 6:35:00
Sampling (4 threads)  30%|█████████                     |  ETA: 6:25:40
Sampling (4 threads)  30%|█████████▏                    |  ETA: 6:37:05
Sampling (4 threads)  31%|█████████▎                    |  ETA: 6:27:52
Sampling (4 threads)  32%|█████████▌                    |  ETA: 6:35:00
Sampling (4 threads)  32%|█████████▋                    |  ETA: 6:25:59
Sampling (4 threads)  32%|█████████▊                    |  ETA: 6:28:31
Sampling (4 threads)  33%|█████████▉                    |  ETA: 6:19:48
Sampling (4 threads)  34%|██████████                    |  ETA: 6:25:30
Sampling (4 threads)  34%|██████████▎                   |  ETA: 6:16:59
Sampling (4 threads)  34%|██████████▍                   |  ETA: 6:22:35
Sampling (4 threads)  35%|██████████▌                   |  ETA: 6:14:14
Sampling (4 threads)  36%|██████████▋                   |  ETA: 6:15:14
Sampling (4 threads)  36%|██████████▊                   |  ETA: 6:07:09
Sampling (4 threads)  36%|███████████                   |  ETA: 6:10:47
Sampling (4 threads)  37%|███████████▏                  |  ETA: 6:02:53
Sampling (4 threads)  38%|███████████▎                  |  ETA: 6:13:07
Sampling (4 threads)  38%|███████████▍                  |  ETA: 6:05:16
Sampling (4 threads)  38%|███████████▌                  |  ETA: 6:15:17
Sampling (4 threads)  39%|███████████▊                  |  ETA: 6:07:28
Sampling (4 threads)  40%|███████████▉                  |  ETA: 5:59:50
Sampling (4 threads)  40%|████████████                  |  ETA: 6:10:13
Sampling (4 threads)  40%|████████████▏                 |  ETA: 6:02:36
Sampling (4 threads)  41%|████████████▎                 |  ETA: 5:55:10
Sampling (4 threads)  42%|████████████▌                 |  ETA: 5:59:21
Sampling (4 threads)  42%|████████████▋                 |  ETA: 5:52:02
Sampling (4 threads)  42%|████████████▊                 |  ETA: 6:07:12
Sampling (4 threads)  43%|████████████▉                 |  ETA: 5:59:46
Sampling (4 threads)  44%|█████████████                 |  ETA: 5:52:31
Sampling (4 threads)  44%|█████████████▎                |  ETA: 5:45:25
Sampling (4 threads)  44%|█████████████▍                |  ETA: 5:54:10
Sampling (4 threads)  45%|█████████████▌                |  ETA: 5:47:04
Sampling (4 threads)  46%|█████████████▋                |  ETA: 5:40:08
Sampling (4 threads)  46%|█████████████▊                |  ETA: 5:45:40
Sampling (4 threads)  46%|██████████████                |  ETA: 5:38:47
Sampling (4 threads)  47%|██████████████▏               |  ETA: 5:44:22
Sampling (4 threads)  48%|██████████████▎               |  ETA: 5:37:32
Sampling (4 threads)  48%|██████████████▍               |  ETA: 5:30:50
Sampling (4 threads)  48%|██████████████▌               |  ETA: 5:37:25
Sampling (4 threads)  49%|██████████████▊               |  ETA: 5:30:43
Sampling (4 threads)  50%|██████████████▉               |  ETA: 5:36:06
Sampling (4 threads)  50%|███████████████               |  ETA: 5:29:27
Sampling (4 threads)  50%|███████████████▏              |  ETA: 5:22:56
Sampling (4 threads)  51%|███████████████▎              |  ETA: 5:25:10
Sampling (4 threads)  52%|███████████████▌              |  ETA: 5:18:44
Sampling (4 threads)  52%|███████████████▋              |  ETA: 5:21:32
Sampling (4 threads)  52%|███████████████▊              |  ETA: 5:15:10
Sampling (4 threads)  53%|███████████████▉              |  ETA: 5:08:54
Sampling (4 threads)  54%|████████████████              |  ETA: 5:15:23
Sampling (4 threads)  54%|████████████████▎             |  ETA: 5:09:06
Sampling (4 threads)  55%|████████████████▍             |  ETA: 5:02:56
Sampling (4 threads)  55%|████████████████▌             |  ETA: 5:07:08
Sampling (4 threads)  56%|████████████████▋             |  ETA: 5:00:59
Sampling (4 threads)  56%|████████████████▊             |  ETA: 4:54:57
Sampling (4 threads)  56%|█████████████████             |  ETA: 4:59:44
Sampling (4 threads)  57%|█████████████████▏            |  ETA: 4:53:41
Sampling (4 threads)  57%|█████████████████▎            |  ETA: 4:47:45
Sampling (4 threads)  58%|█████████████████▍            |  ETA: 4:52:06
Sampling (4 threads)  58%|█████████████████▌            |  ETA: 4:46:09
Sampling (4 threads)  59%|█████████████████▊            |  ETA: 4:40:19
Sampling (4 threads)  60%|█████████████████▉            |  ETA: 4:34:34
Sampling (4 threads)  60%|██████████████████            |  ETA: 4:37:14
Sampling (4 threads)  60%|██████████████████▏           |  ETA: 4:31:30
Sampling (4 threads)  61%|██████████████████▎           |  ETA: 4:25:52
Sampling (4 threads)  62%|██████████████████▌           |  ETA: 4:28:35
Sampling (4 threads)  62%|██████████████████▋           |  ETA: 4:22:58
Sampling (4 threads)  62%|██████████████████▊           |  ETA: 4:17:25
Sampling (4 threads)  63%|██████████████████▉           |  ETA: 4:19:57
Sampling (4 threads)  64%|███████████████████           |  ETA: 4:14:25
Sampling (4 threads)  64%|███████████████████▎          |  ETA: 4:08:58
Sampling (4 threads)  64%|███████████████████▍          |  ETA: 4:08:49
Sampling (4 threads)  65%|███████████████████▌          |  ETA: 4:03:26
Sampling (4 threads)  66%|███████████████████▋          |  ETA: 4:04:09
Sampling (4 threads)  66%|███████████████████▊          |  ETA: 3:58:47
Sampling (4 threads)  66%|████████████████████          |  ETA: 3:53:30
Sampling (4 threads)  67%|████████████████████▏         |  ETA: 3:48:18
Sampling (4 threads)  68%|████████████████████▎         |  ETA: 3:49:02
Sampling (4 threads)  68%|████████████████████▍         |  ETA: 3:43:51
Sampling (4 threads)  68%|████████████████████▌         |  ETA: 3:45:59
Sampling (4 threads)  69%|████████████████████▊         |  ETA: 3:40:47
Sampling (4 threads)  70%|████████████████████▉         |  ETA: 3:35:39
Sampling (4 threads)  70%|█████████████████████         |  ETA: 3:30:36
Sampling (4 threads)  70%|█████████████████████▏        |  ETA: 3:31:34
Sampling (4 threads)  71%|█████████████████████▎        |  ETA: 3:26:31
Sampling (4 threads)  72%|█████████████████████▌        |  ETA: 3:21:32
Sampling (4 threads)  72%|█████████████████████▋        |  ETA: 3:23:12
Sampling (4 threads)  72%|█████████████████████▊        |  ETA: 3:18:11
Sampling (4 threads)  73%|█████████████████████▉        |  ETA: 3:13:15
Sampling (4 threads)  74%|██████████████████████        |  ETA: 3:08:23
Sampling (4 threads)  74%|██████████████████████▎       |  ETA: 3:07:30
Sampling (4 threads)  74%|██████████████████████▍       |  ETA: 3:02:40
Sampling (4 threads)  75%|██████████████████████▌       |  ETA: 3:01:26
Sampling (4 threads)  76%|██████████████████████▋       |  ETA: 2:56:37
Sampling (4 threads)  76%|██████████████████████▊       |  ETA: 2:51:53
Sampling (4 threads)  76%|███████████████████████       |  ETA: 2:47:12
Sampling (4 threads)  77%|███████████████████████▏      |  ETA: 2:47:15
Sampling (4 threads)  78%|███████████████████████▎      |  ETA: 2:42:34
Sampling (4 threads)  78%|███████████████████████▍      |  ETA: 2:37:56
Sampling (4 threads)  78%|███████████████████████▌      |  ETA: 2:36:49
Sampling (4 threads)  79%|███████████████████████▊      |  ETA: 2:32:12
Sampling (4 threads)  80%|███████████████████████▉      |  ETA: 2:29:54
Sampling (4 threads)  80%|████████████████████████      |  ETA: 2:25:20
Sampling (4 threads)  80%|████████████████████████▏     |  ETA: 2:20:49
Sampling (4 threads)  81%|████████████████████████▎     |  ETA: 2:18:53
Sampling (4 threads)  82%|████████████████████████▌     |  ETA: 2:14:24
Sampling (4 threads)  82%|████████████████████████▋     |  ETA: 2:09:58
Sampling (4 threads)  82%|████████████████████████▊     |  ETA: 2:07:07
Sampling (4 threads)  83%|████████████████████████▉     |  ETA: 2:02:44
Sampling (4 threads)  84%|█████████████████████████     |  ETA: 2:00:24
Sampling (4 threads)  84%|█████████████████████████▎    |  ETA: 1:56:04
Sampling (4 threads)  84%|█████████████████████████▍    |  ETA: 1:53:12
Sampling (4 threads)  85%|█████████████████████████▌    |  ETA: 1:48:54
Sampling (4 threads)  86%|█████████████████████████▋    |  ETA: 1:44:40
Sampling (4 threads)  86%|█████████████████████████▊    |  ETA: 1:42:03
Sampling (4 threads)  86%|██████████████████████████    |  ETA: 1:37:50
Sampling (4 threads)  87%|██████████████████████████▏   |  ETA: 1:35:45
Sampling (4 threads)  88%|██████████████████████████▎   |  ETA: 1:31:32
Sampling (4 threads)  88%|██████████████████████████▍   |  ETA: 1:27:23
Sampling (4 threads)  88%|██████████████████████████▌   |  ETA: 1:24:20
Sampling (4 threads)  89%|██████████████████████████▊   |  ETA: 1:20:13
Sampling (4 threads)  90%|██████████████████████████▉   |  ETA: 1:16:08
Sampling (4 threads)  90%|███████████████████████████   |  ETA: 1:12:43
Sampling (4 threads)  90%|███████████████████████████▏  |  ETA: 1:09:11
Sampling (4 threads)  91%|███████████████████████████▎  |  ETA: 1:05:50
Sampling (4 threads)  92%|███████████████████████████▌  |  ETA: 1:02:03
Sampling (4 threads)  92%|███████████████████████████▋  |  ETA: 0:58:37
Sampling (4 threads)  92%|███████████████████████████▊  |  ETA: 0:55:01
Sampling (4 threads)  93%|███████████████████████████▉  |  ETA: 0:51:08
Sampling (4 threads)  94%|████████████████████████████  |  ETA: 0:47:38
Sampling (4 threads)  94%|████████████████████████████▎ |  ETA: 0:44:09
Sampling (4 threads)  94%|████████████████████████████▍ |  ETA: 0:40:26
Sampling (4 threads)  95%|████████████████████████████▌ |  ETA: 0:36:44
Sampling (4 threads)  96%|████████████████████████████▋ |  ETA: 0:33:05
Sampling (4 threads)  96%|████████████████████████████▊ |  ETA: 0:29:23
Sampling (4 threads)  96%|█████████████████████████████ |  ETA: 0:25:43
Sampling (4 threads)  97%|█████████████████████████████▏|  ETA: 0:22:01
Sampling (4 threads)  98%|█████████████████████████████▎|  ETA: 0:18:21
Sampling (4 threads)  98%|█████████████████████████████▍|  ETA: 0:14:40
Sampling (4 threads)  98%|█████████████████████████████▌|  ETA: 0:11:02
Sampling (4 threads)  99%|█████████████████████████████▊|  ETA: 0:07:21
Sampling (4 threads) 100%|█████████████████████████████▉|  ETA: 0:03:40
Sampling (4 threads) 100%|██████████████████████████████| Time: 12:16:57
Sampling (4 threads) 100%|██████████████████████████████| Time: 12:16:58
Sampling (4 threads)   0%|                              |  ETA: N/A
┌ Info: Found initial step size
└   ϵ = 0.0001953125
┌ Info: Found initial step size
└   ϵ = 0.003125
┌ Info: Found initial step size
└   ϵ = 0.0015625
┌ Info: Found initial step size
└   ϵ = 0.00078125
Sampling (4 threads)   0%|▏                             |  ETA: 4:33:11
Sampling (4 threads)   1%|▎                             |  ETA: 2:16:03
Sampling (4 threads)   2%|▌                             |  ETA: 1:30:15
Sampling (4 threads)   2%|▋                             |  ETA: 1:24:30
Sampling (4 threads)   2%|▊                             |  ETA: 1:07:15
Sampling (4 threads)   3%|▉                             |  ETA: 1:16:31
Sampling (4 threads)   4%|█                             |  ETA: 1:05:15
Sampling (4 threads)   4%|█▎                            |  ETA: 4:25:53
Sampling (4 threads)   4%|█▍                            |  ETA: 3:55:07
Sampling (4 threads)   5%|█▌                            |  ETA: 3:30:30
Sampling (4 threads)   6%|█▋                            |  ETA: 3:10:21
Sampling (4 threads)   6%|█▊                            |  ETA: 5:40:52
Sampling (4 threads)   6%|██                            |  ETA: 5:12:58
Sampling (4 threads)   7%|██▏                           |  ETA: 4:49:04
Sampling (4 threads)   8%|██▎                           |  ETA: 7:02:40
Sampling (4 threads)   8%|██▍                           |  ETA: 6:34:06
Sampling (4 threads)   8%|██▌                           |  ETA: 6:08:54
Sampling (4 threads)   9%|██▊                           |  ETA: 7:52:20
Sampling (4 threads)  10%|██▉                           |  ETA: 7:25:01
Sampling (4 threads)  10%|███                           |  ETA: 7:00:26
Sampling (4 threads)  10%|███▏                          |  ETA: 6:38:11
Sampling (4 threads)  11%|███▎                          |  ETA: 8:22:25
Sampling (4 threads)  12%|███▌                          |  ETA: 7:57:52
Sampling (4 threads)  12%|███▋                          |  ETA: 7:35:22
Sampling (4 threads)  12%|███▊                          |  ETA: 9:01:23
Sampling (4 threads)  13%|███▉                          |  ETA: 8:37:35
Sampling (4 threads)  14%|████                          |  ETA: 8:15:33
Sampling (4 threads)  14%|████▎                         |  ETA: 9:02:28
Sampling (4 threads)  14%|████▍                         |  ETA: 8:40:43
Sampling (4 threads)  15%|████▌                         |  ETA: 8:20:25
Sampling (4 threads)  16%|████▋                         |  ETA: 9:09:13
Sampling (4 threads)  16%|████▊                         |  ETA: 8:48:54
Sampling (4 threads)  16%|█████                         |  ETA: 8:29:49
Sampling (4 threads)  17%|█████▏                        |  ETA: 9:18:31
Sampling (4 threads)  18%|█████▎                        |  ETA: 8:59:17
Sampling (4 threads)  18%|█████▍                        |  ETA: 8:41:08
Sampling (4 threads)  18%|█████▌                        |  ETA: 9:02:31
Sampling (4 threads)  19%|█████▊                        |  ETA: 8:45:00
Sampling (4 threads)  20%|█████▉                        |  ETA: 8:57:59
Sampling (4 threads)  20%|██████                        |  ETA: 8:41:16
Sampling (4 threads)  20%|██████▏                       |  ETA: 8:59:13
Sampling (4 threads)  21%|██████▎                       |  ETA: 8:43:04
Sampling (4 threads)  22%|██████▌                       |  ETA: 8:49:47
Sampling (4 threads)  22%|██████▋                       |  ETA: 8:34:27
Sampling (4 threads)  22%|██████▊                       |  ETA: 8:19:47
Sampling (4 threads)  23%|██████▉                       |  ETA: 8:37:34
Sampling (4 threads)  24%|███████                       |  ETA: 8:23:16
Sampling (4 threads)  24%|███████▎                      |  ETA: 8:09:33
Sampling (4 threads)  24%|███████▍                      |  ETA: 8:33:49
Sampling (4 threads)  25%|███████▌                      |  ETA: 8:20:12
Sampling (4 threads)  26%|███████▋                      |  ETA: 8:07:08
Sampling (4 threads)  26%|███████▊                      |  ETA: 8:20:42
Sampling (4 threads)  26%|████████                      |  ETA: 8:07:56
Sampling (4 threads)  27%|████████▏                     |  ETA: 8:14:59
Sampling (4 threads)  28%|████████▎                     |  ETA: 8:02:39
Sampling (4 threads)  28%|████████▍                     |  ETA: 8:20:35
Sampling (4 threads)  28%|████████▌                     |  ETA: 8:08:23
Sampling (4 threads)  29%|████████▊                     |  ETA: 7:56:36
Sampling (4 threads)  30%|████████▉                     |  ETA: 8:17:32
Sampling (4 threads)  30%|█████████                     |  ETA: 8:05:46
Sampling (4 threads)  30%|█████████▏                    |  ETA: 7:54:24
Sampling (4 threads)  31%|█████████▎                    |  ETA: 8:05:25
Sampling (4 threads)  32%|█████████▌                    |  ETA: 7:54:15
Sampling (4 threads)  32%|█████████▋                    |  ETA: 7:43:26
Sampling (4 threads)  32%|█████████▊                    |  ETA: 7:54:43
Sampling (4 threads)  33%|█████████▉                    |  ETA: 7:44:04
Sampling (4 threads)  34%|██████████                    |  ETA: 7:47:53
Sampling (4 threads)  34%|██████████▎                   |  ETA: 7:37:32
Sampling (4 threads)  34%|██████████▍                   |  ETA: 7:44:32
Sampling (4 threads)  35%|██████████▌                   |  ETA: 7:34:24
Sampling (4 threads)  36%|██████████▋                   |  ETA: 7:24:34
Sampling (4 threads)  36%|██████████▊                   |  ETA: 7:39:21
Sampling (4 threads)  36%|███████████                   |  ETA: 7:29:31
Sampling (4 threads)  37%|███████████▏                  |  ETA: 7:19:57
Sampling (4 threads)  38%|███████████▎                  |  ETA: 7:22:52
Sampling (4 threads)  38%|███████████▍                  |  ETA: 7:13:33
Sampling (4 threads)  38%|███████████▌                  |  ETA: 7:26:21
Sampling (4 threads)  39%|███████████▊                  |  ETA: 7:17:02
Sampling (4 threads)  40%|███████████▉                  |  ETA: 7:07:58
Sampling (4 threads)  40%|████████████                  |  ETA: 7:08:04
Sampling (4 threads)  40%|████████████▏                 |  ETA: 6:59:16
Sampling (4 threads)  41%|████████████▎                 |  ETA: 6:50:40
Sampling (4 threads)  42%|████████████▌                 |  ETA: 6:50:14
Sampling (4 threads)  42%|████████████▋                 |  ETA: 6:41:53
Sampling (4 threads)  42%|████████████▊                 |  ETA: 6:33:44
Sampling (4 threads)  43%|████████████▉                 |  ETA: 6:31:34
Sampling (4 threads)  44%|█████████████                 |  ETA: 6:23:40
Sampling (4 threads)  44%|█████████████▎                |  ETA: 6:15:57
Sampling (4 threads)  44%|█████████████▍                |  ETA: 6:15:34
Sampling (4 threads)  45%|█████████████▌                |  ETA: 6:08:03
Sampling (4 threads)  46%|█████████████▋                |  ETA: 6:00:42
Sampling (4 threads)  46%|█████████████▊                |  ETA: 6:09:34
Sampling (4 threads)  46%|██████████████                |  ETA: 6:02:12
Sampling (4 threads)  47%|██████████████▏               |  ETA: 5:55:00
Sampling (4 threads)  48%|██████████████▎               |  ETA: 6:00:40
Sampling (4 threads)  48%|██████████████▍               |  ETA: 5:53:30
Sampling (4 threads)  48%|██████████████▌               |  ETA: 5:46:30
Sampling (4 threads)  49%|██████████████▊               |  ETA: 5:51:26
Sampling (4 threads)  50%|██████████████▉               |  ETA: 5:44:28
Sampling (4 threads)  50%|███████████████               |  ETA: 5:37:39
Sampling (4 threads)  50%|███████████████▏              |  ETA: 5:44:03
Sampling (4 threads)  51%|███████████████▎              |  ETA: 5:37:14
Sampling (4 threads)  52%|███████████████▌              |  ETA: 5:30:33
Sampling (4 threads)  52%|███████████████▋              |  ETA: 5:35:33
Sampling (4 threads)  52%|███████████████▊              |  ETA: 5:28:53
Sampling (4 threads)  53%|███████████████▉              |  ETA: 5:22:21
Sampling (4 threads)  54%|████████████████              |  ETA: 5:15:57
Sampling (4 threads)  54%|████████████████▎             |  ETA: 5:22:18
Sampling (4 threads)  55%|████████████████▍             |  ETA: 5:15:52
Sampling (4 threads)  55%|████████████████▌             |  ETA: 5:09:34
Sampling (4 threads)  56%|████████████████▋             |  ETA: 5:10:14
Sampling (4 threads)  56%|████████████████▊             |  ETA: 5:04:00
Sampling (4 threads)  56%|█████████████████             |  ETA: 5:07:40
Sampling (4 threads)  57%|█████████████████▏            |  ETA: 5:01:27
Sampling (4 threads)  57%|█████████████████▎            |  ETA: 4:55:22
Sampling (4 threads)  58%|█████████████████▍            |  ETA: 4:59:35
Sampling (4 threads)  58%|█████████████████▌            |  ETA: 4:53:30
Sampling (4 threads)  59%|█████████████████▊            |  ETA: 4:47:30
Sampling (4 threads)  60%|█████████████████▉            |  ETA: 4:41:36
Sampling (4 threads)  60%|██████████████████            |  ETA: 4:42:44
Sampling (4 threads)  60%|██████████████████▏           |  ETA: 4:36:53
Sampling (4 threads)  61%|██████████████████▎           |  ETA: 4:36:40
Sampling (4 threads)  62%|██████████████████▌           |  ETA: 4:30:54
Sampling (4 threads)  62%|██████████████████▋           |  ETA: 4:28:23
Sampling (4 threads)  62%|██████████████████▊           |  ETA: 4:22:44
Sampling (4 threads)  63%|██████████████████▉           |  ETA: 4:23:27
Sampling (4 threads)  64%|███████████████████           |  ETA: 4:17:51
Sampling (4 threads)  64%|███████████████████▎          |  ETA: 4:12:20
Sampling (4 threads)  64%|███████████████████▍          |  ETA: 4:14:14
Sampling (4 threads)  65%|███████████████████▌          |  ETA: 4:08:44
Sampling (4 threads)  66%|███████████████████▋          |  ETA: 4:10:18
Sampling (4 threads)  66%|███████████████████▊          |  ETA: 4:04:48
Sampling (4 threads)  66%|████████████████████          |  ETA: 3:59:23
Sampling (4 threads)  67%|████████████████████▏         |  ETA: 3:54:03
Sampling (4 threads)  68%|████████████████████▎         |  ETA: 3:56:08
Sampling (4 threads)  68%|████████████████████▍         |  ETA: 3:50:47
Sampling (4 threads)  68%|████████████████████▌         |  ETA: 3:45:31
Sampling (4 threads)  69%|████████████████████▊         |  ETA: 3:45:26
Sampling (4 threads)  70%|████████████████████▉         |  ETA: 3:40:12
Sampling (4 threads)  70%|█████████████████████         |  ETA: 3:40:42
Sampling (4 threads)  70%|█████████████████████▏        |  ETA: 3:35:29
Sampling (4 threads)  71%|█████████████████████▎        |  ETA: 3:30:20
Sampling (4 threads)  72%|█████████████████████▌        |  ETA: 3:29:28
Sampling (4 threads)  72%|█████████████████████▋        |  ETA: 3:24:22
Sampling (4 threads)  72%|█████████████████████▊        |  ETA: 3:19:20
Sampling (4 threads)  73%|█████████████████████▉        |  ETA: 3:19:08
Sampling (4 threads)  74%|██████████████████████        |  ETA: 3:14:07
Sampling (4 threads)  74%|██████████████████████▎       |  ETA: 3:09:10
Sampling (4 threads)  74%|██████████████████████▍       |  ETA: 3:09:25
Sampling (4 threads)  75%|██████████████████████▌       |  ETA: 3:04:28
Sampling (4 threads)  76%|██████████████████████▋       |  ETA: 2:59:35
Sampling (4 threads)  76%|██████████████████████▊       |  ETA: 2:58:41
Sampling (4 threads)  76%|███████████████████████       |  ETA: 2:53:49
Sampling (4 threads)  77%|███████████████████████▏      |  ETA: 2:49:01
Sampling (4 threads)  78%|███████████████████████▎      |  ETA: 2:44:16
Sampling (4 threads)  78%|███████████████████████▍      |  ETA: 2:43:46
Sampling (4 threads)  78%|███████████████████████▌      |  ETA: 2:39:01
Sampling (4 threads)  79%|███████████████████████▊      |  ETA: 2:37:35
Sampling (4 threads)  80%|███████████████████████▉      |  ETA: 2:32:52
Sampling (4 threads)  80%|████████████████████████      |  ETA: 2:28:12
Sampling (4 threads)  80%|████████████████████████▏     |  ETA: 2:23:36
Sampling (4 threads)  81%|████████████████████████▎     |  ETA: 2:21:56
Sampling (4 threads)  82%|████████████████████████▌     |  ETA: 2:17:21
Sampling (4 threads)  82%|████████████████████████▋     |  ETA: 2:15:04
Sampling (4 threads)  82%|████████████████████████▊     |  ETA: 2:10:31
Sampling (4 threads)  83%|████████████████████████▉     |  ETA: 2:06:01
Sampling (4 threads)  84%|█████████████████████████     |  ETA: 2:04:06
Sampling (4 threads)  84%|█████████████████████████▎    |  ETA: 1:59:37
Sampling (4 threads)  84%|█████████████████████████▍    |  ETA: 1:55:12
Sampling (4 threads)  85%|█████████████████████████▌    |  ETA: 1:53:08
Sampling (4 threads)  86%|█████████████████████████▋    |  ETA: 1:48:43
Sampling (4 threads)  86%|█████████████████████████▊    |  ETA: 1:45:47
Sampling (4 threads)  86%|██████████████████████████    |  ETA: 1:41:25
Sampling (4 threads)  87%|██████████████████████████▏   |  ETA: 1:37:06
Sampling (4 threads)  88%|██████████████████████████▎   |  ETA: 1:34:02
Sampling (4 threads)  88%|██████████████████████████▍   |  ETA: 1:29:45
Sampling (4 threads)  88%|██████████████████████████▌   |  ETA: 1:27:08
Sampling (4 threads)  89%|██████████████████████████▊   |  ETA: 1:22:53
Sampling (4 threads)  90%|██████████████████████████▉   |  ETA: 1:18:40
Sampling (4 threads)  90%|███████████████████████████   |  ETA: 1:16:10
Sampling (4 threads)  90%|███████████████████████████▏  |  ETA: 1:11:58
Sampling (4 threads)  91%|███████████████████████████▎  |  ETA: 1:07:48
Sampling (4 threads)  92%|███████████████████████████▌  |  ETA: 1:03:41
Sampling (4 threads)  92%|███████████████████████████▋  |  ETA: 1:00:43
Sampling (4 threads)  92%|███████████████████████████▊  |  ETA: 0:56:37
Sampling (4 threads)  93%|███████████████████████████▉  |  ETA: 0:52:33
Sampling (4 threads)  94%|████████████████████████████  |  ETA: 0:49:33
Sampling (4 threads)  94%|████████████████████████████▎ |  ETA: 0:45:29
Sampling (4 threads)  94%|████████████████████████████▍ |  ETA: 0:41:29
Sampling (4 threads)  95%|████████████████████████████▌ |  ETA: 0:37:31
Sampling (4 threads)  96%|████████████████████████████▋ |  ETA: 0:34:02
Sampling (4 threads)  96%|████████████████████████████▊ |  ETA: 0:30:06
Sampling (4 threads)  96%|█████████████████████████████ |  ETA: 0:26:12
Sampling (4 threads)  97%|█████████████████████████████▏|  ETA: 0:22:22
Sampling (4 threads)  98%|█████████████████████████████▎|  ETA: 0:18:41
Sampling (4 threads)  98%|█████████████████████████████▍|  ETA: 0:14:59
Sampling (4 threads)  98%|█████████████████████████████▌|  ETA: 0:11:11
Sampling (4 threads)  99%|█████████████████████████████▊|  ETA: 0:07:29
Sampling (4 threads) 100%|█████████████████████████████▉|  ETA: 0:03:44
Sampling (4 threads) 100%|██████████████████████████████| Time: 12:28:31
Sampling (4 threads) 100%|██████████████████████████████| Time: 12:28:31
Sampling (4 threads)   0%|                              |  ETA: N/A
┌ Info: Found initial step size
└   ϵ = 0.0015625
┌ Info: Found initial step size
└   ϵ = 0.003125
┌ Info: Found initial step size
└   ϵ = 0.00078125
┌ Info: Found initial step size
└   ϵ = 0.00078125
Sampling (4 threads)   0%|▏                             |  ETA: 4:27:10
Sampling (4 threads)   1%|▎                             |  ETA: 2:13:03
Sampling (4 threads)   2%|▌                             |  ETA: 1:42:15
Sampling (4 threads)   2%|▋                             |  ETA: 1:16:18
Sampling (4 threads)   2%|▊                             |  ETA: 3:28:16
Sampling (4 threads)   3%|▉                             |  ETA: 2:52:40
Sampling (4 threads)   4%|█                             |  ETA: 2:27:14
Sampling (4 threads)   4%|█▎                            |  ETA: 6:55:56
Sampling (4 threads)   4%|█▍                            |  ETA: 6:07:48
Sampling (4 threads)   5%|█▌                            |  ETA: 5:29:17
Sampling (4 threads)   6%|█▋                            |  ETA: 7:45:49
Sampling (4 threads)   6%|█▊                            |  ETA: 7:04:45
Sampling (4 threads)   6%|██                            |  ETA: 6:29:59
Sampling (4 threads)   7%|██▏                           |  ETA: 7:32:53
Sampling (4 threads)   8%|██▎                           |  ETA: 7:00:25
Sampling (4 threads)   8%|██▍                           |  ETA: 7:33:15
Sampling (4 threads)   8%|██▌                           |  ETA: 7:04:16
Sampling (4 threads)   9%|██▊                           |  ETA: 8:07:06
Sampling (4 threads)  10%|██▉                           |  ETA: 7:38:55
Sampling (4 threads)  10%|███                           |  ETA: 8:18:06
Sampling (4 threads)  10%|███▏                          |  ETA: 7:51:45
Sampling (4 threads)  11%|███▎                          |  ETA: 8:38:33
Sampling (4 threads)  12%|███▌                          |  ETA: 8:13:13
Sampling (4 threads)  12%|███▋                          |  ETA: 8:30:12
Sampling (4 threads)  12%|███▊                          |  ETA: 8:07:01
Sampling (4 threads)  13%|███▉                          |  ETA: 8:45:47
Sampling (4 threads)  14%|████                          |  ETA: 8:23:24
Sampling (4 threads)  14%|████▎                         |  ETA: 8:36:15
Sampling (4 threads)  14%|████▍                         |  ETA: 8:15:33
Sampling (4 threads)  15%|████▌                         |  ETA: 8:46:09
Sampling (4 threads)  16%|████▋                         |  ETA: 8:26:11
Sampling (4 threads)  16%|████▊                         |  ETA: 8:44:36
Sampling (4 threads)  16%|█████                         |  ETA: 8:25:40
Sampling (4 threads)  17%|█████▏                        |  ETA: 9:15:42
Sampling (4 threads)  18%|█████▎                        |  ETA: 8:56:35
Sampling (4 threads)  18%|█████▍                        |  ETA: 8:38:31
Sampling (4 threads)  18%|█████▌                        |  ETA: 8:21:25
Sampling (4 threads)  19%|█████▊                        |  ETA: 8:59:27
Sampling (4 threads)  20%|█████▉                        |  ETA: 8:42:23
Sampling (4 threads)  20%|██████                        |  ETA: 8:26:09
Sampling (4 threads)  20%|██████▏                       |  ETA: 9:03:05
Sampling (4 threads)  21%|██████▎                       |  ETA: 8:46:49
Sampling (4 threads)  22%|██████▌                       |  ETA: 8:31:19
Sampling (4 threads)  22%|██████▋                       |  ETA: 8:53:53
Sampling (4 threads)  22%|██████▊                       |  ETA: 8:38:40
Sampling (4 threads)  23%|██████▉                       |  ETA: 8:24:07
Sampling (4 threads)  24%|███████                       |  ETA: 8:48:38
Sampling (4 threads)  24%|███████▎                      |  ETA: 8:34:14
Sampling (4 threads)  24%|███████▍                      |  ETA: 8:20:26
Sampling (4 threads)  25%|███████▌                      |  ETA: 8:39:51
Sampling (4 threads)  26%|███████▋                      |  ETA: 8:26:16
Sampling (4 threads)  26%|███████▊                      |  ETA: 8:13:11
Sampling (4 threads)  26%|████████                      |  ETA: 8:30:39
Sampling (4 threads)  27%|████████▏                     |  ETA: 8:17:47
Sampling (4 threads)  28%|████████▎                     |  ETA: 8:31:35
Sampling (4 threads)  28%|████████▍                     |  ETA: 8:18:59
Sampling (4 threads)  28%|████████▌                     |  ETA: 8:06:49
Sampling (4 threads)  29%|████████▊                     |  ETA: 7:55:05
Sampling (4 threads)  30%|████████▉                     |  ETA: 8:09:59
Sampling (4 threads)  30%|█████████                     |  ETA: 7:58:24
Sampling (4 threads)  30%|█████████▏                    |  ETA: 8:02:23
Sampling (4 threads)  31%|█████████▎                    |  ETA: 7:51:11
Sampling (4 threads)  32%|█████████▌                    |  ETA: 8:07:26
Sampling (4 threads)  32%|█████████▋                    |  ETA: 7:56:19
Sampling (4 threads)  32%|█████████▊                    |  ETA: 7:45:32
Sampling (4 threads)  33%|█████████▉                    |  ETA: 7:35:05
Sampling (4 threads)  34%|██████████                    |  ETA: 7:48:59
Sampling (4 threads)  34%|██████████▎                   |  ETA: 7:38:36
Sampling (4 threads)  34%|██████████▍                   |  ETA: 7:28:32
Sampling (4 threads)  35%|██████████▌                   |  ETA: 7:34:51
Sampling (4 threads)  36%|██████████▋                   |  ETA: 7:25:00
Sampling (4 threads)  36%|██████████▊                   |  ETA: 7:39:03
Sampling (4 threads)  36%|███████████                   |  ETA: 7:29:13
Sampling (4 threads)  37%|███████████▏                  |  ETA: 7:19:40
Sampling (4 threads)  38%|███████████▎                  |  ETA: 7:33:00
Sampling (4 threads)  38%|███████████▍                  |  ETA: 7:23:28
Sampling (4 threads)  38%|███████████▌                  |  ETA: 7:14:11
Sampling (4 threads)  39%|███████████▊                  |  ETA: 7:15:53
Sampling (4 threads)  40%|███████████▉                  |  ETA: 7:06:50
Sampling (4 threads)  40%|████████████                  |  ETA: 7:14:10
Sampling (4 threads)  40%|████████████▏                 |  ETA: 7:05:14
Sampling (4 threads)  41%|████████████▎                 |  ETA: 6:56:31
Sampling (4 threads)  42%|████████████▌                 |  ETA: 7:04:53
Sampling (4 threads)  42%|████████████▋                 |  ETA: 6:56:14
Sampling (4 threads)  42%|████████████▊                 |  ETA: 6:47:48
Sampling (4 threads)  43%|████████████▉                 |  ETA: 6:53:56
Sampling (4 threads)  44%|█████████████                 |  ETA: 6:45:35
Sampling (4 threads)  44%|█████████████▎                |  ETA: 6:37:26
Sampling (4 threads)  44%|█████████████▍                |  ETA: 6:43:58
Sampling (4 threads)  45%|█████████████▌                |  ETA: 6:35:53
Sampling (4 threads)  46%|█████████████▋                |  ETA: 6:27:58
Sampling (4 threads)  46%|█████████████▊                |  ETA: 6:37:07
Sampling (4 threads)  46%|██████████████                |  ETA: 6:29:12
Sampling (4 threads)  47%|██████████████▏               |  ETA: 6:29:43
Sampling (4 threads)  48%|██████████████▎               |  ETA: 6:21:59
Sampling (4 threads)  48%|██████████████▍               |  ETA: 6:14:24
Sampling (4 threads)  48%|██████████████▌               |  ETA: 6:19:21
Sampling (4 threads)  49%|██████████████▊               |  ETA: 6:11:50
Sampling (4 threads)  50%|██████████████▉               |  ETA: 6:04:28
Sampling (4 threads)  50%|███████████████               |  ETA: 6:10:52
Sampling (4 threads)  50%|███████████████▏              |  ETA: 6:03:31
Sampling (4 threads)  51%|███████████████▎              |  ETA: 5:56:19
Sampling (4 threads)  52%|███████████████▌              |  ETA: 6:02:52
Sampling (4 threads)  52%|███████████████▋              |  ETA: 5:55:41
Sampling (4 threads)  52%|███████████████▊              |  ETA: 5:48:37
Sampling (4 threads)  53%|███████████████▉              |  ETA: 5:41:42
Sampling (4 threads)  54%|████████████████              |  ETA: 5:44:58
Sampling (4 threads)  54%|████████████████▎             |  ETA: 5:38:05
Sampling (4 threads)  55%|████████████████▍             |  ETA: 5:38:45
Sampling (4 threads)  55%|████████████████▌             |  ETA: 5:31:59
Sampling (4 threads)  56%|████████████████▋             |  ETA: 5:30:51
Sampling (4 threads)  56%|████████████████▊             |  ETA: 5:24:12
Sampling (4 threads)  56%|█████████████████             |  ETA: 5:26:14
Sampling (4 threads)  57%|█████████████████▏            |  ETA: 5:19:39
Sampling (4 threads)  57%|█████████████████▎            |  ETA: 5:13:11
Sampling (4 threads)  58%|█████████████████▍            |  ETA: 5:06:50
Sampling (4 threads)  58%|█████████████████▌            |  ETA: 5:09:45
Sampling (4 threads)  59%|█████████████████▊            |  ETA: 5:03:25
Sampling (4 threads)  60%|█████████████████▉            |  ETA: 4:57:12
Sampling (4 threads)  60%|██████████████████            |  ETA: 5:00:54
Sampling (4 threads)  60%|██████████████████▏           |  ETA: 4:54:41
Sampling (4 threads)  61%|██████████████████▎           |  ETA: 4:48:35
Sampling (4 threads)  62%|██████████████████▌           |  ETA: 4:42:34
Sampling (4 threads)  62%|██████████████████▋           |  ETA: 4:44:19
Sampling (4 threads)  62%|██████████████████▊           |  ETA: 4:38:20
Sampling (4 threads)  63%|██████████████████▉           |  ETA: 4:36:44
Sampling (4 threads)  64%|███████████████████           |  ETA: 4:30:51
Sampling (4 threads)  64%|███████████████████▎          |  ETA: 4:29:56
Sampling (4 threads)  64%|███████████████████▍          |  ETA: 4:24:07
Sampling (4 threads)  65%|███████████████████▌          |  ETA: 4:22:16
Sampling (4 threads)  66%|███████████████████▋          |  ETA: 4:16:33
Sampling (4 threads)  66%|███████████████████▊          |  ETA: 4:15:58
Sampling (4 threads)  66%|████████████████████          |  ETA: 4:10:19
Sampling (4 threads)  67%|████████████████████▏         |  ETA: 4:08:47
Sampling (4 threads)  68%|████████████████████▎         |  ETA: 4:03:12
Sampling (4 threads)  68%|████████████████████▍         |  ETA: 3:57:42
Sampling (4 threads)  68%|████████████████████▌         |  ETA: 3:55:38
Sampling (4 threads)  69%|████████████████████▊         |  ETA: 3:50:12
Sampling (4 threads)  70%|████████████████████▉         |  ETA: 3:49:54
Sampling (4 threads)  70%|█████████████████████         |  ETA: 3:44:30
Sampling (4 threads)  70%|█████████████████████▏        |  ETA: 3:39:12
Sampling (4 threads)  71%|█████████████████████▎        |  ETA: 3:38:58
Sampling (4 threads)  72%|█████████████████████▌        |  ETA: 3:33:41
Sampling (4 threads)  72%|█████████████████████▋        |  ETA: 3:28:29
Sampling (4 threads)  72%|█████████████████████▊        |  ETA: 3:28:15
Sampling (4 threads)  73%|█████████████████████▉        |  ETA: 3:23:03
Sampling (4 threads)  74%|██████████████████████        |  ETA: 3:17:56
Sampling (4 threads)  74%|██████████████████████▎       |  ETA: 3:16:50
Sampling (4 threads)  74%|██████████████████████▍       |  ETA: 3:11:45
Sampling (4 threads)  75%|██████████████████████▌       |  ETA: 3:06:44
Sampling (4 threads)  76%|██████████████████████▋       |  ETA: 3:04:06
Sampling (4 threads)  76%|██████████████████████▊       |  ETA: 2:59:09
Sampling (4 threads)  76%|███████████████████████       |  ETA: 2:56:30
Sampling (4 threads)  77%|███████████████████████▏      |  ETA: 2:51:37
Sampling (4 threads)  78%|███████████████████████▎      |  ETA: 2:50:23
Sampling (4 threads)  78%|███████████████████████▍      |  ETA: 2:45:32
Sampling (4 threads)  78%|███████████████████████▌      |  ETA: 2:40:44
Sampling (4 threads)  79%|███████████████████████▊      |  ETA: 2:38:14
Sampling (4 threads)  80%|███████████████████████▉      |  ETA: 2:33:30
Sampling (4 threads)  80%|████████████████████████      |  ETA: 2:28:49
Sampling (4 threads)  80%|████████████████████████▏     |  ETA: 2:26:23
Sampling (4 threads)  81%|████████████████████████▎     |  ETA: 2:21:45
Sampling (4 threads)  82%|████████████████████████▌     |  ETA: 2:19:45
Sampling (4 threads)  82%|████████████████████████▋     |  ETA: 2:15:09
Sampling (4 threads)  82%|████████████████████████▊     |  ETA: 2:10:36
Sampling (4 threads)  83%|████████████████████████▉     |  ETA: 2:07:54
Sampling (4 threads)  84%|█████████████████████████     |  ETA: 2:03:24
Sampling (4 threads)  84%|█████████████████████████▎    |  ETA: 2:01:23
Sampling (4 threads)  84%|█████████████████████████▍    |  ETA: 1:56:54
Sampling (4 threads)  85%|█████████████████████████▌    |  ETA: 1:52:28
Sampling (4 threads)  86%|█████████████████████████▋    |  ETA: 1:49:46
Sampling (4 threads)  86%|█████████████████████████▊    |  ETA: 1:45:22
Sampling (4 threads)  86%|██████████████████████████    |  ETA: 1:41:01
Sampling (4 threads)  87%|██████████████████████████▏   |  ETA: 1:38:43
Sampling (4 threads)  88%|██████████████████████████▎   |  ETA: 1:34:22
Sampling (4 threads)  88%|██████████████████████████▍   |  ETA: 1:30:05
Sampling (4 threads)  88%|██████████████████████████▌   |  ETA: 1:27:37
Sampling (4 threads)  89%|██████████████████████████▊   |  ETA: 1:23:20
Sampling (4 threads)  90%|██████████████████████████▉   |  ETA: 1:19:06
Sampling (4 threads)  90%|███████████████████████████   |  ETA: 1:14:55
Sampling (4 threads)  90%|███████████████████████████▏  |  ETA: 1:12:17
Sampling (4 threads)  91%|███████████████████████████▎  |  ETA: 1:08:06
Sampling (4 threads)  92%|███████████████████████████▌  |  ETA: 1:03:58
Sampling (4 threads)  92%|███████████████████████████▋  |  ETA: 1:00:47
Sampling (4 threads)  92%|███████████████████████████▊  |  ETA: 0:56:41
Sampling (4 threads)  93%|███████████████████████████▉  |  ETA: 0:52:37
Sampling (4 threads)  94%|████████████████████████████  |  ETA: 0:49:27
Sampling (4 threads)  94%|████████████████████████████▎ |  ETA: 0:45:24
Sampling (4 threads)  94%|████████████████████████████▍ |  ETA: 0:41:24
Sampling (4 threads)  95%|████████████████████████████▌ |  ETA: 0:37:26
Sampling (4 threads)  96%|████████████████████████████▋ |  ETA: 0:33:45
Sampling (4 threads)  96%|████████████████████████████▊ |  ETA: 0:30:02
Sampling (4 threads)  96%|█████████████████████████████ |  ETA: 0:26:15
Sampling (4 threads)  97%|█████████████████████████████▏|  ETA: 0:22:32
Sampling (4 threads)  98%|█████████████████████████████▎|  ETA: 0:18:49
Sampling (4 threads)  98%|█████████████████████████████▍|  ETA: 0:15:04
Sampling (4 threads)  98%|█████████████████████████████▌|  ETA: 0:11:17
Sampling (4 threads)  99%|█████████████████████████████▊|  ETA: 0:07:32
Sampling (4 threads) 100%|█████████████████████████████▉|  ETA: 0:03:47
Sampling (4 threads) 100%|██████████████████████████████| Time: 12:38:14
Sampling (4 threads) 100%|██████████████████████████████| Time: 12:38:14
┌ Warning: Runtime invalidation was disabled, but the CPU info is out-of-date.
│ Will continue with incorrect CPU name (from build time).
└ @ HostCPUFeatures ~/.julia/packages/HostCPUFeatures/ZTXz4/src/cpu_info.jl:71
┌ Warning: Runtime invalidation was disabled, but the CPU info is out-of-date.
│ Will continue with incorrect CPU feature flag: +avx512vnni.
└ @ HostCPUFeatures ~/.julia/packages/HostCPUFeatures/ZTXz4/src/cpu_info.jl:56
┌ Warning: Runtime invalidation was disabled, but the CPU info is out-of-date.
│ Will continue with incorrect CPU feature flag: -rtm.
└ @ HostCPUFeatures ~/.julia/packages/HostCPUFeatures/ZTXz4/src/cpu_info.jl:56
Sampling (4 threads)   0%|                              |  ETA: N/A
┌ Info: Found initial step size
└   ϵ = 0.00078125
┌ Info: Found initial step size
└   ϵ = 9.765625e-5
┌ Info: Found initial step size
└   ϵ = 0.00625
┌ Info: Found initial step size
└   ϵ = 0.0001953125
Sampling (4 threads)   0%|▏                             |  ETA: 3:53:55
Sampling (4 threads)   1%|▎                             |  ETA: 1:56:28
Sampling (4 threads)   2%|▌                             |  ETA: 1:23:22
Sampling (4 threads)   2%|▋                             |  ETA: 1:02:13
Sampling (4 threads)   2%|▊                             |  ETA: 0:49:31
Sampling (4 threads)   3%|▉                             |  ETA: 1:11:23
Sampling (4 threads)   4%|█                             |  ETA: 1:00:52
Sampling (4 threads)   4%|█▎                            |  ETA: 0:52:59
Sampling (4 threads)   4%|█▍                            |  ETA: 1:21:20
Sampling (4 threads)   5%|█▌                            |  ETA: 1:12:49
Sampling (4 threads)   6%|█▋                            |  ETA: 1:05:51
Sampling (4 threads)   6%|█▊                            |  ETA: 3:05:12
Sampling (4 threads)   6%|██                            |  ETA: 2:50:03
Sampling (4 threads)   7%|██▏                           |  ETA: 2:37:04
Sampling (4 threads)   8%|██▎                           |  ETA: 3:18:39
Sampling (4 threads)   8%|██▍                           |  ETA: 3:05:14
Sampling (4 threads)   8%|██▌                           |  ETA: 4:22:16
Sampling (4 threads)   9%|██▊                           |  ETA: 4:06:20
Sampling (4 threads)  10%|██▉                           |  ETA: 3:52:06
Sampling (4 threads)  10%|███                           |  ETA: 4:25:06
Sampling (4 threads)  10%|███▏                          |  ETA: 4:11:05
Sampling (4 threads)  11%|███▎                          |  ETA: 4:20:20
Sampling (4 threads)  12%|███▌                          |  ETA: 4:07:37
Sampling (4 threads)  12%|███▋                          |  ETA: 4:43:17
Sampling (4 threads)  12%|███▊                          |  ETA: 4:30:25
Sampling (4 threads)  13%|███▉                          |  ETA: 4:18:32
Sampling (4 threads)  14%|████                          |  ETA: 4:43:59
Sampling (4 threads)  14%|████▎                         |  ETA: 4:32:15
Sampling (4 threads)  14%|████▍                         |  ETA: 4:21:20
Sampling (4 threads)  15%|████▌                         |  ETA: 5:06:59
Sampling (4 threads)  16%|████▋                         |  ETA: 4:55:20
Sampling (4 threads)  16%|████▊                         |  ETA: 4:44:25
Sampling (4 threads)  16%|█████                         |  ETA: 4:34:09
Sampling (4 threads)  17%|█████▏                        |  ETA: 4:54:04
Sampling (4 threads)  18%|█████▎                        |  ETA: 4:43:56
Sampling (4 threads)  18%|█████▍                        |  ETA: 5:08:21
Sampling (4 threads)  18%|█████▌                        |  ETA: 4:58:11
Sampling (4 threads)  19%|█████▊                        |  ETA: 4:48:34
Sampling (4 threads)  20%|█████▉                        |  ETA: 5:19:57
Sampling (4 threads)  20%|██████                        |  ETA: 5:10:01
Sampling (4 threads)  20%|██████▏                       |  ETA: 5:21:10
Sampling (4 threads)  21%|██████▎                       |  ETA: 5:11:33
Sampling (4 threads)  22%|██████▌                       |  ETA: 5:02:23
Sampling (4 threads)  22%|██████▋                       |  ETA: 5:10:12
Sampling (4 threads)  22%|██████▊                       |  ETA: 5:01:21
Sampling (4 threads)  23%|██████▉                       |  ETA: 5:08:52
Sampling (4 threads)  24%|███████                       |  ETA: 5:00:20
Sampling (4 threads)  24%|███████▎                      |  ETA: 5:09:00
Sampling (4 threads)  24%|███████▍                      |  ETA: 5:00:42
Sampling (4 threads)  25%|███████▌                      |  ETA: 4:52:44
Sampling (4 threads)  26%|███████▋                      |  ETA: 4:58:40
Sampling (4 threads)  26%|███████▊                      |  ETA: 4:50:57
Sampling (4 threads)  26%|████████                      |  ETA: 4:43:32
Sampling (4 threads)  27%|████████▏                     |  ETA: 4:52:41
Sampling (4 threads)  28%|████████▎                     |  ETA: 4:45:23
Sampling (4 threads)  28%|████████▍                     |  ETA: 4:58:25
Sampling (4 threads)  28%|████████▌                     |  ETA: 4:51:08
Sampling (4 threads)  29%|████████▊                     |  ETA: 4:44:07
Sampling (4 threads)  30%|████████▉                     |  ETA: 4:37:20
Sampling (4 threads)  30%|█████████                     |  ETA: 4:46:10
Sampling (4 threads)  30%|█████████▏                    |  ETA: 4:39:28
Sampling (4 threads)  31%|█████████▎                    |  ETA: 4:45:33
Sampling (4 threads)  32%|█████████▌                    |  ETA: 4:38:59
Sampling (4 threads)  32%|█████████▋                    |  ETA: 4:32:37
Sampling (4 threads)  32%|█████████▊                    |  ETA: 4:26:27
Sampling (4 threads)  33%|█████████▉                    |  ETA: 4:41:57
Sampling (4 threads)  34%|██████████                    |  ETA: 4:35:40
Sampling (4 threads)  34%|██████████▎                   |  ETA: 4:40:38
Sampling (4 threads)  34%|██████████▍                   |  ETA: 4:34:28
Sampling (4 threads)  35%|██████████▌                   |  ETA: 4:28:29
Sampling (4 threads)  36%|██████████▋                   |  ETA: 4:34:03
Sampling (4 threads)  36%|██████████▊                   |  ETA: 4:28:09
Sampling (4 threads)  36%|███████████                   |  ETA: 4:36:11
Sampling (4 threads)  37%|███████████▏                  |  ETA: 4:30:19
Sampling (4 threads)  38%|███████████▎                  |  ETA: 4:24:35
Sampling (4 threads)  38%|███████████▍                  |  ETA: 4:27:26
Sampling (4 threads)  38%|███████████▌                  |  ETA: 4:21:50
Sampling (4 threads)  39%|███████████▊                  |  ETA: 4:27:03
Sampling (4 threads)  40%|███████████▉                  |  ETA: 4:21:30
Sampling (4 threads)  40%|████████████                  |  ETA: 4:16:06
Sampling (4 threads)  40%|████████████▏                 |  ETA: 4:16:49
Sampling (4 threads)  41%|████████████▎                 |  ETA: 4:11:33
Sampling (4 threads)  42%|████████████▌                 |  ETA: 4:13:25
Sampling (4 threads)  42%|████████████▋                 |  ETA: 4:08:16
Sampling (4 threads)  42%|████████████▊                 |  ETA: 4:08:18
Sampling (4 threads)  43%|████████████▉                 |  ETA: 4:03:16
Sampling (4 threads)  44%|█████████████                 |  ETA: 4:06:24
Sampling (4 threads)  44%|█████████████▎                |  ETA: 4:01:27
Sampling (4 threads)  44%|█████████████▍                |  ETA: 4:07:01
Sampling (4 threads)  45%|█████████████▌                |  ETA: 4:02:04
Sampling (4 threads)  46%|█████████████▋                |  ETA: 3:57:14
Sampling (4 threads)  46%|█████████████▊                |  ETA: 4:00:50
Sampling (4 threads)  46%|██████████████                |  ETA: 3:56:02
Sampling (4 threads)  47%|██████████████▏               |  ETA: 3:51:20
Sampling (4 threads)  48%|██████████████▎               |  ETA: 3:57:01
Sampling (4 threads)  48%|██████████████▍               |  ETA: 3:52:19
Sampling (4 threads)  48%|██████████████▌               |  ETA: 3:55:23
Sampling (4 threads)  49%|██████████████▊               |  ETA: 3:50:43
Sampling (4 threads)  50%|██████████████▉               |  ETA: 3:46:09
Sampling (4 threads)  50%|███████████████               |  ETA: 3:48:58
Sampling (4 threads)  50%|███████████████▏              |  ETA: 3:44:26
Sampling (4 threads)  51%|███████████████▎              |  ETA: 3:39:59
Sampling (4 threads)  52%|███████████████▌              |  ETA: 3:39:50
Sampling (4 threads)  52%|███████████████▋              |  ETA: 3:35:28
Sampling (4 threads)  52%|███████████████▊              |  ETA: 3:38:10
Sampling (4 threads)  53%|███████████████▉              |  ETA: 3:33:50
Sampling (4 threads)  54%|████████████████              |  ETA: 3:35:33
Sampling (4 threads)  54%|████████████████▎             |  ETA: 3:31:16
Sampling (4 threads)  55%|████████████████▍             |  ETA: 3:27:03
Sampling (4 threads)  55%|████████████████▌             |  ETA: 3:27:59
Sampling (4 threads)  56%|████████████████▋             |  ETA: 3:23:50
Sampling (4 threads)  56%|████████████████▊             |  ETA: 3:19:44
Sampling (4 threads)  56%|█████████████████             |  ETA: 3:19:37
Sampling (4 threads)  57%|█████████████████▏            |  ETA: 3:15:36
Sampling (4 threads)  57%|█████████████████▎            |  ETA: 3:15:03
Sampling (4 threads)  58%|█████████████████▍            |  ETA: 3:11:06
Sampling (4 threads)  58%|█████████████████▌            |  ETA: 3:11:49
Sampling (4 threads)  59%|█████████████████▊            |  ETA: 3:07:54
Sampling (4 threads)  60%|█████████████████▉            |  ETA: 3:10:03
Sampling (4 threads)  60%|██████████████████            |  ETA: 3:06:08
Sampling (4 threads)  60%|██████████████████▏           |  ETA: 3:02:18
Sampling (4 threads)  61%|██████████████████▎           |  ETA: 3:03:01
Sampling (4 threads)  62%|██████████████████▌           |  ETA: 2:59:12
Sampling (4 threads)  62%|██████████████████▋           |  ETA: 2:55:26
Sampling (4 threads)  62%|██████████████████▊           |  ETA: 2:56:52
Sampling (4 threads)  63%|██████████████████▉           |  ETA: 2:53:07
Sampling (4 threads)  64%|███████████████████           |  ETA: 2:49:26
Sampling (4 threads)  64%|███████████████████▎          |  ETA: 2:49:54
Sampling (4 threads)  64%|███████████████████▍          |  ETA: 2:46:14
Sampling (4 threads)  65%|███████████████████▌          |  ETA: 2:46:59
Sampling (4 threads)  66%|███████████████████▋          |  ETA: 2:43:21
Sampling (4 threads)  66%|███████████████████▊          |  ETA: 2:42:21
Sampling (4 threads)  66%|████████████████████          |  ETA: 2:38:45
Sampling (4 threads)  67%|████████████████████▏         |  ETA: 2:35:13
Sampling (4 threads)  68%|████████████████████▎         |  ETA: 2:34:18
Sampling (4 threads)  68%|████████████████████▍         |  ETA: 2:30:48
Sampling (4 threads)  68%|████████████████████▌         |  ETA: 2:27:22
Sampling (4 threads)  69%|████████████████████▊         |  ETA: 2:27:09
Sampling (4 threads)  70%|████████████████████▉         |  ETA: 2:23:44
Sampling (4 threads)  70%|█████████████████████         |  ETA: 2:20:22
Sampling (4 threads)  70%|█████████████████████▏        |  ETA: 2:18:54
Sampling (4 threads)  71%|█████████████████████▎        |  ETA: 2:15:35
Sampling (4 threads)  72%|█████████████████████▌        |  ETA: 2:15:26
Sampling (4 threads)  72%|█████████████████████▋        |  ETA: 2:12:08
Sampling (4 threads)  72%|█████████████████████▊        |  ETA: 2:10:52
Sampling (4 threads)  73%|█████████████████████▉        |  ETA: 2:07:36
Sampling (4 threads)  74%|██████████████████████        |  ETA: 2:05:56
Sampling (4 threads)  74%|██████████████████████▎       |  ETA: 2:02:44
Sampling (4 threads)  74%|██████████████████████▍       |  ETA: 1:59:34
Sampling (4 threads)  75%|██████████████████████▌       |  ETA: 1:57:52
Sampling (4 threads)  76%|██████████████████████▋       |  ETA: 1:54:45
Sampling (4 threads)  76%|██████████████████████▊       |  ETA: 1:53:13
Sampling (4 threads)  76%|███████████████████████       |  ETA: 1:50:08
Sampling (4 threads)  77%|███████████████████████▏      |  ETA: 1:48:08
Sampling (4 threads)  78%|███████████████████████▎      |  ETA: 1:45:06
Sampling (4 threads)  78%|███████████████████████▍      |  ETA: 1:43:38
Sampling (4 threads)  78%|███████████████████████▌      |  ETA: 1:40:38
Sampling (4 threads)  79%|███████████████████████▊      |  ETA: 1:39:32
Sampling (4 threads)  80%|███████████████████████▉      |  ETA: 1:36:33
Sampling (4 threads)  80%|████████████████████████      |  ETA: 1:34:56
Sampling (4 threads)  80%|████████████████████████▏     |  ETA: 1:32:00
Sampling (4 threads)  81%|████████████████████████▎     |  ETA: 1:29:44
Sampling (4 threads)  82%|████████████████████████▌     |  ETA: 1:26:50
Sampling (4 threads)  82%|████████████████████████▋     |  ETA: 1:25:29
Sampling (4 threads)  82%|████████████████████████▊     |  ETA: 1:22:37
Sampling (4 threads)  83%|████████████████████████▉     |  ETA: 1:19:46
Sampling (4 threads)  84%|█████████████████████████     |  ETA: 1:18:06
Sampling (4 threads)  84%|█████████████████████████▎    |  ETA: 1:15:17
Sampling (4 threads)  84%|█████████████████████████▍    |  ETA: 1:13:20
Sampling (4 threads)  85%|█████████████████████████▌    |  ETA: 1:10:33
Sampling (4 threads)  86%|█████████████████████████▋    |  ETA: 1:08:45
Sampling (4 threads)  86%|█████████████████████████▊    |  ETA: 1:06:00
Sampling (4 threads)  86%|██████████████████████████    |  ETA: 1:04:19
Sampling (4 threads)  87%|██████████████████████████▏   |  ETA: 1:01:35
Sampling (4 threads)  88%|██████████████████████████▎   |  ETA: 0:58:52
Sampling (4 threads)  88%|██████████████████████████▍   |  ETA: 0:56:56
Sampling (4 threads)  88%|██████████████████████████▌   |  ETA: 0:54:15
Sampling (4 threads)  89%|██████████████████████████▊   |  ETA: 0:52:28
Sampling (4 threads)  90%|██████████████████████████▉   |  ETA: 0:49:48
Sampling (4 threads)  90%|███████████████████████████   |  ETA: 0:47:10
Sampling (4 threads)  90%|███████████████████████████▏  |  ETA: 0:44:34
Sampling (4 threads)  91%|███████████████████████████▎  |  ETA: 0:42:28
Sampling (4 threads)  92%|███████████████████████████▌  |  ETA: 0:39:53
Sampling (4 threads)  92%|███████████████████████████▋  |  ETA: 0:37:50
Sampling (4 threads)  92%|███████████████████████████▊  |  ETA: 0:35:17
Sampling (4 threads)  93%|███████████████████████████▉  |  ETA: 0:33:12
Sampling (4 threads)  94%|████████████████████████████  |  ETA: 0:30:40
Sampling (4 threads)  94%|████████████████████████████▎ |  ETA: 0:28:09
Sampling (4 threads)  94%|████████████████████████████▍ |  ETA: 0:25:54
Sampling (4 threads)  95%|████████████████████████████▌ |  ETA: 0:23:25
Sampling (4 threads)  96%|████████████████████████████▋ |  ETA: 0:21:24
Sampling (4 threads)  96%|████████████████████████████▊ |  ETA: 0:18:55
Sampling (4 threads)  96%|█████████████████████████████ |  ETA: 0:16:42
Sampling (4 threads)  97%|█████████████████████████████▏|  ETA: 0:14:15
Sampling (4 threads)  98%|█████████████████████████████▎|  ETA: 0:11:49
Sampling (4 threads)  98%|█████████████████████████████▍|  ETA: 0:09:36
Sampling (4 threads)  98%|█████████████████████████████▌|  ETA: 0:07:10
Sampling (4 threads)  99%|█████████████████████████████▊|  ETA: 0:04:47
Sampling (4 threads) 100%|█████████████████████████████▉|  ETA: 0:02:24
Sampling (4 threads) 100%|██████████████████████████████| Time: 8:01:51
Sampling (4 threads) 100%|██████████████████████████████| Time: 8:01:51
ERROR: LoadError: MethodError: no method matching plotGraphs(::String, ::Vector{String}, ::Vector{RGB{Float64}}, ::Int64)

Closest candidates are:
  plotGraphs(::Any, ::Any, ::Any, ::Any, !Matched::Any)
   @ Main ~/bayesian/BC4/Bayes/wordType_experiments/plottingFuncs.jl:197

Stacktrace:
 [1] concludeAndPlot(m::Chains{Float64, AxisArray{Float64, 3, Array{Float64, 3}, Tuple{Axis{:iter, StepRange{Int64, Int64}}, Axis{:var, Vector{Symbol}}, Axis{:chain, UnitRange{Int64}}}}, Missing, @NamedTuple{parameters::Vector{Symbol}, internals::Vector{Symbol}}, @NamedTuple{varname_to_symbol::OrderedDict{AbstractPPL.VarName, Symbol}, start_time::Vector{Float64}, stop_time::Vector{Float64}, samplerstate::Vector{Nothing}}}, output_loc::String, pc::Int64, wordTypes::Vector{String}, cols::Vector{RGB{Float64}}, noPCS::Int64)
   @ Main ~/bayesian/BC4/Bayes/wordType_experiments/plottingFuncs.jl:21
 [2] runModel(model::DynamicPPL.Model{typeof(model_ss), (:participant, :word, :surprisal, :tags, :PCA, :ExpMean, :cauchyMean, :NUM_TYPES, :NUM_PARTICIPANTS), (), (), Tuple{Vector{Int64}, Vector{Float64}, Vector{Float64}, Vector{Int64}, Vector{Float64}, Float64, Float64, Int64, Int64}, Tuple{}, DynamicPPL.DefaultContext}, df_modified::DataFrame, dfPCA::DataFrame, pc::Int64, NUM_PARTICIPANTS::Int64, NUM_WORDS::Int64, TYPE_STRUCTURE::String, NUM_TYPES::Int64, wordTypes::Vector{String}, cols::Vector{RGB{Float64}}, isPlotting::Int64, analyseEssRhat::Int64, output_loc::String, expMean::Float64, cauchyMean::Float64, noPCS::Int64, noInChain::Int64)
   @ Main ~/bayesian/BC4/Bayes/wordType_experiments/model_master.jl:131
 [3] top-level scope
   @ ~/bayesian/BC4/Bayes/wordType_experiments/models/sampledSigmas/model.jl:13
in expression starting at /user/home/em18564/bayesian/BC4/Bayes/wordType_experiments/models/sampledSigmas/model.jl:13
Sampling (4 threads)   0%|                              |  ETA: N/A
┌ Info: Found initial step size
└   ϵ = 0.003125
┌ Info: Found initial step size
└   ϵ = 0.00078125
┌ Info: Found initial step size
└   ϵ = 0.0001953125
┌ Info: Found initial step size
└   ϵ = 9.765625e-5
Sampling (4 threads)   0%|▏                             |  ETA: 4:51:56
Sampling (4 threads)   1%|▎                             |  ETA: 2:25:22
Sampling (4 threads)   2%|▌                             |  ETA: 1:36:25
Sampling (4 threads)   2%|▋                             |  ETA: 5:18:44
Sampling (4 threads)   2%|▊                             |  ETA: 4:13:41
Sampling (4 threads)   3%|▉                             |  ETA: 3:30:19
Sampling (4 threads)   4%|█                             |  ETA: 5:37:19
Sampling (4 threads)   4%|█▎                            |  ETA: 4:53:37
Sampling (4 threads)   4%|█▍                            |  ETA: 4:19:38
Sampling (4 threads)   5%|█▌                            |  ETA: 3:52:27
Sampling (4 threads)   6%|█▋                            |  ETA: 8:27:58
Sampling (4 threads)   6%|█▊                            |  ETA: 7:43:11
Sampling (4 threads)   6%|██                            |  ETA: 7:05:16
Sampling (4 threads)   7%|██▏                           |  ETA: 8:52:16
Sampling (4 threads)   8%|██▎                           |  ETA: 8:14:07
Sampling (4 threads)   8%|██▍                           |  ETA: 9:15:08
Sampling (4 threads)   8%|██▌                           |  ETA: 8:39:39
Sampling (4 threads)   9%|██▊                           |  ETA: 10:33:27
Sampling (4 threads)  10%|██▉                           |  ETA: 9:56:49
Sampling (4 threads)  10%|███                           |  ETA: 9:23:51
Sampling (4 threads)  10%|███▏                          |  ETA: 11:33:50
Sampling (4 threads)  11%|███▎                          |  ETA: 10:58:36
Sampling (4 threads)  12%|███▌                          |  ETA: 10:26:25
Sampling (4 threads)  12%|███▋                          |  ETA: 9:56:56
Sampling (4 threads)  12%|███▊                          |  ETA: 10:42:20
Sampling (4 threads)  13%|███▉                          |  ETA: 10:14:06
Sampling (4 threads)  14%|████                          |  ETA: 10:54:58
Sampling (4 threads)  14%|████▎                         |  ETA: 10:27:56
Sampling (4 threads)  14%|████▍                         |  ETA: 11:34:49
Sampling (4 threads)  15%|████▌                         |  ETA: 11:07:44
Sampling (4 threads)  16%|████▋                         |  ETA: 10:42:24
Sampling (4 threads)  16%|████▊                         |  ETA: 10:18:38
Sampling (4 threads)  16%|█████                         |  ETA: 10:58:41
Sampling (4 threads)  17%|█████▏                        |  ETA: 10:35:29
Sampling (4 threads)  18%|█████▎                        |  ETA: 11:01:23
Sampling (4 threads)  18%|█████▍                        |  ETA: 10:39:07
Sampling (4 threads)  18%|█████▌                        |  ETA: 11:15:34
Sampling (4 threads)  19%|█████▊                        |  ETA: 10:53:45
Sampling (4 threads)  20%|█████▉                        |  ETA: 10:33:03
Sampling (4 threads)  20%|██████                        |  ETA: 10:55:36
Sampling (4 threads)  20%|██████▏                       |  ETA: 10:35:37
Sampling (4 threads)  21%|██████▎                       |  ETA: 10:56:47
Sampling (4 threads)  22%|██████▌                       |  ETA: 10:37:27
Sampling (4 threads)  22%|██████▋                       |  ETA: 10:19:00
Sampling (4 threads)  22%|██████▊                       |  ETA: 10:29:20
Sampling (4 threads)  23%|██████▉                       |  ETA: 10:11:41
Sampling (4 threads)  24%|███████                       |  ETA: 10:33:24
Sampling (4 threads)  24%|███████▎                      |  ETA: 10:16:09
Sampling (4 threads)  24%|███████▍                      |  ETA: 9:59:36
Sampling (4 threads)  25%|███████▌                      |  ETA: 10:14:35
Sampling (4 threads)  26%|███████▋                      |  ETA: 9:58:31
Sampling (4 threads)  26%|███████▊                      |  ETA: 10:14:23
Sampling (4 threads)  26%|████████                      |  ETA: 9:58:43
Sampling (4 threads)  27%|████████▏                     |  ETA: 9:43:38
Sampling (4 threads)  28%|████████▎                     |  ETA: 10:03:49
Sampling (4 threads)  28%|████████▍                     |  ETA: 9:48:57
Sampling (4 threads)  28%|████████▌                     |  ETA: 9:34:36
Sampling (4 threads)  29%|████████▊                     |  ETA: 9:50:27
Sampling (4 threads)  30%|████████▉                     |  ETA: 9:36:21
Sampling (4 threads)  30%|█████████                     |  ETA: 9:22:43
Sampling (4 threads)  30%|█████████▏                    |  ETA: 9:34:39
Sampling (4 threads)  31%|█████████▎                    |  ETA: 9:21:19
Sampling (4 threads)  32%|█████████▌                    |  ETA: 9:08:24
Sampling (4 threads)  32%|█████████▋                    |  ETA: 9:29:19
Sampling (4 threads)  32%|█████████▊                    |  ETA: 9:16:26
Sampling (4 threads)  33%|█████████▉                    |  ETA: 9:03:57
Sampling (4 threads)  34%|██████████                    |  ETA: 9:07:35
Sampling (4 threads)  34%|██████████▎                   |  ETA: 8:55:29
Sampling (4 threads)  34%|██████████▍                   |  ETA: 9:08:40
Sampling (4 threads)  35%|██████████▌                   |  ETA: 8:56:42
Sampling (4 threads)  36%|██████████▋                   |  ETA: 8:45:04
Sampling (4 threads)  36%|██████████▊                   |  ETA: 8:33:46
Sampling (4 threads)  36%|███████████                   |  ETA: 8:51:47
Sampling (4 threads)  37%|███████████▏                  |  ETA: 8:40:28
Sampling (4 threads)  38%|███████████▎                  |  ETA: 8:29:27
Sampling (4 threads)  38%|███████████▍                  |  ETA: 8:42:16
Sampling (4 threads)  38%|███████████▌                  |  ETA: 8:31:19
Sampling (4 threads)  39%|███████████▊                  |  ETA: 8:20:40
Sampling (4 threads)  40%|███████████▉                  |  ETA: 8:29:06
Sampling (4 threads)  40%|████████████                  |  ETA: 8:18:35
Sampling (4 threads)  40%|████████████▏                 |  ETA: 8:23:07
Sampling (4 threads)  41%|████████████▎                 |  ETA: 8:12:49
Sampling (4 threads)  42%|████████████▌                 |  ETA: 8:02:45
Sampling (4 threads)  42%|████████████▋                 |  ETA: 8:09:36
Sampling (4 threads)  42%|████████████▊                 |  ETA: 7:59:40
Sampling (4 threads)  43%|████████████▉                 |  ETA: 8:06:14
Sampling (4 threads)  44%|█████████████                 |  ETA: 7:56:25
Sampling (4 threads)  44%|█████████████▎                |  ETA: 7:46:50
Sampling (4 threads)  44%|█████████████▍                |  ETA: 7:50:11
Sampling (4 threads)  45%|█████████████▌                |  ETA: 7:40:46
Sampling (4 threads)  46%|█████████████▋                |  ETA: 7:44:01
Sampling (4 threads)  46%|█████████████▊                |  ETA: 7:34:46
Sampling (4 threads)  46%|██████████████                |  ETA: 7:39:42
Sampling (4 threads)  47%|██████████████▏               |  ETA: 7:30:34
Sampling (4 threads)  48%|██████████████▎               |  ETA: 7:32:40
Sampling (4 threads)  48%|██████████████▍               |  ETA: 7:23:41
Sampling (4 threads)  48%|██████████████▌               |  ETA: 7:14:54
Sampling (4 threads)  49%|██████████████▊               |  ETA: 7:24:24
Sampling (4 threads)  50%|██████████████▉               |  ETA: 7:15:36
Sampling (4 threads)  50%|███████████████               |  ETA: 7:06:58
Sampling (4 threads)  50%|███████████████▏              |  ETA: 7:15:14
Sampling (4 threads)  51%|███████████████▎              |  ETA: 7:06:37
Sampling (4 threads)  52%|███████████████▌              |  ETA: 6:58:10
Sampling (4 threads)  52%|███████████████▋              |  ETA: 6:49:52
Sampling (4 threads)  52%|███████████████▊              |  ETA: 6:52:53
Sampling (4 threads)  53%|███████████████▉              |  ETA: 6:44:41
Sampling (4 threads)  54%|████████████████              |  ETA: 6:49:11
Sampling (4 threads)  54%|████████████████▎             |  ETA: 6:41:02
Sampling (4 threads)  55%|████████████████▍             |  ETA: 6:33:02
Sampling (4 threads)  55%|████████████████▌             |  ETA: 6:39:26
Sampling (4 threads)  56%|████████████████▋             |  ETA: 6:31:26
Sampling (4 threads)  56%|████████████████▊             |  ETA: 6:23:35
Sampling (4 threads)  56%|█████████████████             |  ETA: 6:27:30
Sampling (4 threads)  57%|█████████████████▏            |  ETA: 6:19:41
Sampling (4 threads)  57%|█████████████████▎            |  ETA: 6:12:00
Sampling (4 threads)  58%|█████████████████▍            |  ETA: 6:18:39
Sampling (4 threads)  58%|█████████████████▌            |  ETA: 6:10:57
Sampling (4 threads)  59%|█████████████████▊            |  ETA: 6:03:22
Sampling (4 threads)  60%|█████████████████▉            |  ETA: 6:01:47
Sampling (4 threads)  60%|██████████████████            |  ETA: 5:54:20
Sampling (4 threads)  60%|██████████████████▏           |  ETA: 5:53:47
Sampling (4 threads)  61%|██████████████████▎           |  ETA: 5:46:27
Sampling (4 threads)  62%|██████████████████▌           |  ETA: 5:39:14
Sampling (4 threads)  62%|██████████████████▋           |  ETA: 5:41:06
Sampling (4 threads)  62%|██████████████████▊           |  ETA: 5:33:55
Sampling (4 threads)  63%|██████████████████▉           |  ETA: 5:34:19
Sampling (4 threads)  64%|███████████████████           |  ETA: 5:27:12
Sampling (4 threads)  64%|███████████████████▎          |  ETA: 5:20:12
Sampling (4 threads)  64%|███████████████████▍          |  ETA: 5:20:40
Sampling (4 threads)  65%|███████████████████▌          |  ETA: 5:13:43
Sampling (4 threads)  66%|███████████████████▋          |  ETA: 5:06:52
Sampling (4 threads)  66%|███████████████████▊          |  ETA: 5:06:11
Sampling (4 threads)  66%|████████████████████          |  ETA: 4:59:25
Sampling (4 threads)  67%|████████████████████▏         |  ETA: 4:52:45
Sampling (4 threads)  68%|████████████████████▎         |  ETA: 4:52:06
Sampling (4 threads)  68%|████████████████████▍         |  ETA: 4:45:30
Sampling (4 threads)  68%|████████████████████▌         |  ETA: 4:38:59
Sampling (4 threads)  69%|████████████████████▊         |  ETA: 4:38:45
Sampling (4 threads)  70%|████████████████████▉         |  ETA: 4:32:17
Sampling (4 threads)  70%|█████████████████████         |  ETA: 4:32:58
Sampling (4 threads)  70%|█████████████████████▏        |  ETA: 4:26:31
Sampling (4 threads)  71%|█████████████████████▎        |  ETA: 4:20:09
Sampling (4 threads)  72%|█████████████████████▌        |  ETA: 4:13:53
Sampling (4 threads)  72%|█████████████████████▋        |  ETA: 4:14:15
Sampling (4 threads)  72%|█████████████████████▊        |  ETA: 4:07:59
Sampling (4 threads)  73%|█████████████████████▉        |  ETA: 4:01:48
Sampling (4 threads)  74%|██████████████████████        |  ETA: 4:01:49
Sampling (4 threads)  74%|██████████████████████▎       |  ETA: 3:55:39
Sampling (4 threads)  74%|██████████████████████▍       |  ETA: 3:49:34
Sampling (4 threads)  75%|██████████████████████▌       |  ETA: 3:43:34
Sampling (4 threads)  76%|██████████████████████▋       |  ETA: 3:43:27
Sampling (4 threads)  76%|██████████████████████▊       |  ETA: 3:37:27
Sampling (4 threads)  76%|███████████████████████       |  ETA: 3:31:32
Sampling (4 threads)  77%|███████████████████████▏      |  ETA: 3:30:29
Sampling (4 threads)  78%|███████████████████████▎      |  ETA: 3:24:34
Sampling (4 threads)  78%|███████████████████████▍      |  ETA: 3:18:45
Sampling (4 threads)  78%|███████████████████████▌      |  ETA: 3:12:59
Sampling (4 threads)  79%|███████████████████████▊      |  ETA: 3:10:14
Sampling (4 threads)  80%|███████████████████████▉      |  ETA: 3:04:33
Sampling (4 threads)  80%|████████████████████████      |  ETA: 3:00:41
Sampling (4 threads)  80%|████████████████████████▏     |  ETA: 2:55:04
Sampling (4 threads)  81%|████████████████████████▎     |  ETA: 2:52:21
Sampling (4 threads)  82%|████████████████████████▌     |  ETA: 2:46:47
Sampling (4 threads)  82%|████████████████████████▋     |  ETA: 2:41:17
Sampling (4 threads)  82%|████████████████████████▊     |  ETA: 2:37:42
Sampling (4 threads)  83%|████████████████████████▉     |  ETA: 2:32:16
Sampling (4 threads)  84%|█████████████████████████     |  ETA: 2:29:53
Sampling (4 threads)  84%|█████████████████████████▎    |  ETA: 2:24:28
Sampling (4 threads)  84%|█████████████████████████▍    |  ETA: 2:19:08
Sampling (4 threads)  85%|█████████████████████████▌    |  ETA: 2:15:57
Sampling (4 threads)  86%|█████████████████████████▋    |  ETA: 2:10:39
Sampling (4 threads)  86%|█████████████████████████▊    |  ETA: 2:05:25
Sampling (4 threads)  86%|██████████████████████████    |  ETA: 2:01:32
Sampling (4 threads)  87%|██████████████████████████▏   |  ETA: 1:56:21
Sampling (4 threads)  88%|██████████████████████████▎   |  ETA: 1:52:49
Sampling (4 threads)  88%|██████████████████████████▍   |  ETA: 1:47:41
Sampling (4 threads)  88%|██████████████████████████▌   |  ETA: 1:42:37
Sampling (4 threads)  89%|██████████████████████████▊   |  ETA: 1:37:36
Sampling (4 threads)  90%|██████████████████████████▉   |  ETA: 1:34:13
Sampling (4 threads)  90%|███████████████████████████   |  ETA: 1:29:14
Sampling (4 threads)  90%|███████████████████████████▏  |  ETA: 1:24:18
Sampling (4 threads)  91%|███████████████████████████▎  |  ETA: 1:20:53
Sampling (4 threads)  92%|███████████████████████████▌  |  ETA: 1:15:58
Sampling (4 threads)  92%|███████████████████████████▋  |  ETA: 1:11:07
Sampling (4 threads)  92%|███████████████████████████▊  |  ETA: 1:06:18
Sampling (4 threads)  93%|███████████████████████████▉  |  ETA: 1:02:14
Sampling (4 threads)  94%|████████████████████████████  |  ETA: 0:57:29
Sampling (4 threads)  94%|████████████████████████████▎ |  ETA: 0:53:15
Sampling (4 threads)  94%|████████████████████████████▍ |  ETA: 0:48:34
Sampling (4 threads)  95%|████████████████████████████▌ |  ETA: 0:44:18
Sampling (4 threads)  96%|████████████████████████████▋ |  ETA: 0:39:40
Sampling (4 threads)  96%|████████████████████████████▊ |  ETA: 0:35:11
Sampling (4 threads)  96%|█████████████████████████████ |  ETA: 0:30:44
Sampling (4 threads)  97%|█████████████████████████████▏|  ETA: 0:26:17
Sampling (4 threads)  98%|█████████████████████████████▎|  ETA: 0:21:51
Sampling (4 threads)  98%|█████████████████████████████▍|  ETA: 0:17:28
Sampling (4 threads)  98%|█████████████████████████████▌|  ETA: 0:13:06
Sampling (4 threads)  99%|█████████████████████████████▊|  ETA: 0:08:43
Sampling (4 threads) 100%|█████████████████████████████▉|  ETA: 0:04:23
Sampling (4 threads) 100%|██████████████████████████████| Time: 14:40:20
Sampling (4 threads) 100%|██████████████████████████████| Time: 14:40:21
[2026-08-13T12:13:52.746] error: *** JOB 18418429 ON bp1-compute012 CANCELLED AT 2026-08-13T12:13:52 DUE to SIGNAL Terminated ***
