label,ess,rhat
Overall,467.7379922021735,1.0093756782624943
as,344.7791511046203,1.0136422108753353
bs,584.4177359849859,1.0062065132383484
σs,490.3427425352408,1.005425154943191
ws,428.07246085207083,1.00777327092181
ps,473.83935529857774,1.0100861211216963
es,360.1057663061281,1.011613762175485
σ,1000.3533796889859,1.0056568841854616
