label,ess,rhat
Overall,619.9199844069632,1.0049724356637508
as,543.7092596564419,1.0059297566429093
bs,738.9387927540881,1.0038934155644361
σs,465.81088345918977,1.0054105524963128
ws,576.1507579858725,1.0051156492018316
ps,635.838588975358,1.0046905623226288
es,530.325356056597,1.0091467623324517
σ,910.4562393825165,1.0022339267385538
