label,ess,rhat
Overall,620.5813555168888,1.004669182563284
as,510.0927314714753,1.0054216944637069
bs,771.1812278602218,1.0026603177063542
σs,476.18086164437943,1.009192053206713
ws,523.7926173623713,1.0057202485559769
ps,658.3886764027021,1.004511790637772
es,526.5261678181395,0.9996857005189614
σ,987.1662457374578,1.0061155448029415
