label,ess,rhat
Overall,1146.5669679307657,1.0036493257657448
as,833.9044247688377,1.0025822415173877
bs,1547.337571572582,1.0044567228552548
σs,635.5402171474148,1.005155511287059
ws,696.1804546630369,1.0047164304750897
ps,1277.6278003525267,1.0036054895352153
es,773.2792320920591,1.0010286081639426
σ,1006.8606425763988,0.9981896435226307
