label,ess,rhat
Overall,918.0704507710454,1.004213057179523
as,715.3040361436817,1.002708530471612
bs,1192.3060284777998,1.004734815539995
σs,503.54930491058184,1.0099131135946737
ws,608.8083555386163,1.0052125646849934
ps,1002.5760724519765,1.0039293296372254
es,686.7284348269685,1.0042646268157016
σ,1035.6297847636627,1.0057347498718117
