label,ess,rhat
Overall,722.3199318685399,1.0054429261948135
as,608.4953477093856,1.006731837117917
bs,865.5567371025896,1.0041774700068082
σs,551.7290496341473,1.0053068887312435
ws,603.5730980098292,1.0051176635404346
ps,747.8440869059331,1.0056842767516947
es,628.4513042979579,1.0029028795926576
σ,1109.8597515193553,1.0028413445213769
