label,ess,rhat
Overall,1019.2999890482095,1.0051446647911797
as,673.7056797848863,1.0057140238675668
bs,1448.585576103946,1.0039447930997765
σs,533.89057785221,1.0088016379582776
ws,660.8048962273136,1.0058964374256065
ps,1120.959199341031,1.0050203858950633
es,732.8415117589126,1.0040718783180136
σ,1014.5159634220986,1.0042343531379658
