label,ess,rhat
Overall,529.7870182627354,1.004023113952643
as,411.8083948879625,1.003519479007569
bs,660.5004906455424,1.0035017669973887
σs,455.92489401613574,1.0099680089745444
ws,389.6875591089083,1.007023927523174
ps,561.507651581338,1.00302597938311
es,347.1375765788152,1.0065057788065332
σ,1053.6890121835686,1.010910480736066
