label,ess,rhat
Overall,62.001159555325124,1.2239310804174441
as,41.47573041206358,1.1732900190072089
bs,26.519686785446726,1.2629540108568247
σs,263.62600644262886,1.2657563519125237
ws,18.700048035235447,1.4528526683191731
ps,46.703637998326606,1.0784671967028583
es,6.187208702829237,1.851871334342397
σ,1090.9779599833544,1.003052494326041
