label,ess,rhat
Overall,150.37406890259234,1.380122494254365
as,177.90329515537994,1.372047703137479
bs,144.78056044731662,1.3844956082809656
σs,71.40548483154961,1.3934485317793917
ws,33.2009591969876,1.3485047084158748
ps,208.99517302677975,1.3916517110548052
es,7.170920404203178,1.5894240424050954
σ,318.7089751377556,1.0411731912033366
