label,ess,rhat
Overall,9.9892426408156,2.05306539576917
as,10.440500314437136,2.095322690721636
bs,10.799085340287979,1.9009213697263208
σs,5.449281297677523,2.448657627694548
ws,8.563198977456072,1.9933000933785943
ps,11.216856064818728,2.015396874332299
es,4.998961979138195,2.7764112658884477
σ,5.164378900403465,2.3029388415761685
