label,ess,rhat
Overall,734.2355821529123,1.005765430352081
as,566.0200256751879,1.0080734495193404
bs,933.8851354777604,1.0033769081674835
σs,551.9184004395943,1.0062323478526434
ws,557.0039366942519,1.0034783317610454
ps,784.6005853749848,1.0065021279104174
es,551.2941986192301,1.0024255746867519
σ,809.3779400647218,1.0045288419750409
