label,ess,rhat
Overall,877.06434356194,1.005005312497294
as,728.3796587031344,1.0044880095994466
bs,1096.5898571712444,1.0046452506555719
σs,466.18753680904354,1.0100940279867978
ws,621.0611756135297,1.0049881554495272
ps,945.7554898411522,1.0050518899328749
es,720.1043875034,1.0048103660808305
σ,965.8472496577446,1.003365372995534
