label,ess,rhat
Overall,510.68138836799284,1.0058836607839066
as,372.5191513532624,1.0054610190694901
bs,654.2231292836776,1.0055999258887878
σs,479.48026574245733,1.0099806451192124
ws,384.4715910515931,1.010330662112721
ps,535.1725619087607,1.004641849288676
es,360.7501571664733,1.0080696326706828
σ,1149.4850886109634,1.0077546528356538
