param,value
Exponential mean,9.166666666666666
Cauchy mean,17.833333333333332
