label,ess,rhat
Overall,9.175091853590967,2.075634321581489
as,6.9887036743993125,2.0705872809594275
bs,12.42249472619304,1.8706176114553783
σs,5.355438957313448,2.8318638242749135
ws,13.502767846086558,2.0024728515559564
ps,7.643409634060163,2.029603032646299
es,5.100160368017475,2.7094524834211917
σ,5.2165806225916835,2.8827491505234306
