label,ess,rhat
Overall,631.0420047775283,1.0071440126630522
as,540.1358286168964,1.0097419118758932
bs,779.8860684071351,1.0031985796974883
σs,422.465609889218,1.0119951341728537
ws,614.3835918109494,1.00750322904866
ps,639.556921757088,1.0071133610148675
es,543.7468386667526,1.0066700235223092
σ,784.1454511294684,1.0045783371700348
