label,ess,rhat
Overall,1011.103369173965,1.0039417685329373
as,744.695321358316,1.0031861183508899
bs,1356.9724158069575,1.0039230596515158
σs,550.229576033373,1.0084330511010555
ws,635.7944643584927,1.0058025909069686
ps,1112.8085175984731,1.003561097854287
es,811.9947554471646,1.0022827934607035
σ,1031.180330036841,1.0032020427642536
