label,ess,rhat
Overall,566.2773171692693,1.0068732151165622
as,441.48552282748165,1.0106610551230752
bs,699.7768148066357,1.003665289409083
σs,515.7726380549136,1.0035097121821699
ws,414.82441811700346,1.004806850963252
ps,603.4478448663243,1.0073946511889251
es,379.0154735248011,1.0110606615432414
σ,974.0504636267581,0.9982657606295043
