label,ess,rhat
Overall,842.1327453697148,1.0038323873545403
as,679.1002332236845,1.0032074500849562
bs,1057.2903591619936,1.0042191101950173
σs,539.8071558214748,1.0052140310433608
ws,604.9518155574088,1.004201127763941
ps,902.6193237081197,1.0036998433641995
es,732.7356800020361,1.0040314953035576
σ,1003.742273609316,1.0053713980800572
