label,ess,rhat
Overall,892.5312424586609,1.003947534296596
as,662.2530455006013,1.0042392447972313
bs,1183.1673882819587,1.0034363720461794
σs,542.4551390402813,1.0052203544453266
ws,595.7554931567573,1.0053512594679752
ps,974.0987933641776,1.0035435252834284
es,629.136925045005,1.0038874326187575
σ,1065.3864254440173,1.0066154682277761
