label,ess,rhat
Overall,492.58800514002365,1.0081590716540527
as,375.3275605572271,1.0117074932558674
bs,617.3809177069118,1.0044716190062175
σs,448.89969083229096,1.008965451720968
ws,337.93912910451803,1.0101829721494315
ps,525.9130085386047,1.0079602559004783
es,378.3187412063295,1.0042151921315339
σ,977.3128823015917,1.0013031809261062
