label,ess,rhat
Overall,977.8118811632211,1.0045859881338552
as,646.8445072525468,1.003571431830837
bs,1374.8894860315484,1.0052776558252163
σs,594.3725416088334,1.0064587420814657
ws,628.4642461291909,1.0070327176344274
ps,1074.5998577018945,1.0040207045745235
es,639.0958657106709,1.0050740773169098
σ,1201.592658620357,1.0013826666087768
