label,ess,rhat
Overall,813.3341950420083,1.0035628942047594
as,652.1713656200433,1.0021145935647178
bs,1034.9274317715501,1.0042818114561343
σs,462.8378326580625,1.0077933178590261
ws,564.6765907229723,1.0060661435119092
ps,888.2585522982458,1.0030799929747032
es,543.938163763377,1.0010326160578868
σ,739.6483611283015,1.0017637178554117
