label,ess,rhat
Overall,962.2330483476989,1.0047661835972441
as,665.5559259399238,1.003314902347306
bs,1331.3810625362937,1.0058109379385098
σs,541.9018760189466,1.0071240396675438
ws,597.87998596461,1.006511014425129
ps,1060.2357106798786,1.0044875775755933
es,700.1706078902928,1.0004932186490698
σ,1154.4668859149624,1.0057472325982224
