label,ess,rhat
Overall,494.4381439186205,1.0067849166397047
as,409.8981039987586,1.0082046564470508
bs,589.5442184218978,1.0055477241395068
σs,433.1551433348109,1.0057261422582418
ws,401.0342798038226,1.0078610095248026
ps,514.5230441770219,1.006303821824378
es,357.1330213567051,1.0127756931729812
σ,925.819546016755,1.0049828000876624
