param,value
Exponential mean,0.25263157894736843
Cauchy mean,1.0157894736842106
