label,ess,rhat
Overall,597.1273845105094,1.006509087654031
as,469.1129104874795,1.0074375677257497
bs,757.6216267703405,1.004642663198515
σs,480.2002188580248,1.009885687435701
ws,596.9202335703272,1.0059700507960876
ps,585.4875718509686,1.0067586526894754
es,540.2235785204116,1.0054342631197142
σ,1016.055936920948,1.0086384880964239
