label,ess,rhat
Overall,454.73787400509235,1.008192548497166
as,364.49298883753573,1.0105456337774414
bs,539.1983592805233,1.006086281038403
σs,475.56171361674524,1.0073040043397241
ws,439.3310694338724,1.0079165732132334
ps,447.2019327001407,1.0086880342557552
es,374.79207257991925,1.0069587188326037
σ,995.4456056388278,1.0010892815101726
