label,ess,rhat
Overall,496.8429691018899,1.0050525634118046
as,373.8761116211764,1.004723088748279
bs,631.6470902330733,1.0042601687968238
σs,428.1868399291654,1.0115594052271415
ws,380.1945926788021,1.0088814876838843
ps,523.6508840180494,1.0038436376832875
es,346.5109780577974,1.0110002947048824
σ,910.5075522914732,1.005238444529507
