label,ess,rhat
Overall,717.4454635132952,1.0069913105341846
as,539.8260425402547,1.0117767887864593
bs,926.3962371117519,1.0029967328837017
σs,535.7236182858833,1.0024040870437925
ws,508.8443411085782,1.005099816167666
ps,778.5305648114022,1.0076386930527834
es,474.9437087298966,1.0035979729200366
σ,773.5775796275714,1.0054015572679562
