label,ess,rhat
Overall,936.3361822173305,1.0044493844799554
as,558.0130542012575,1.0035974436318855
bs,1389.5261652461381,1.004550561635192
σs,502.10842314346985,1.0088038138983872
ws,579.3324613420174,1.0070789775152458
ps,1041.2428319950257,1.0037749947415333
es,544.1425539401118,1.0076196131377282
σ,969.2488999461465,0.9989245181851838
