label,ess,rhat
Overall,853.0537921018703,1.0048261315918443
as,628.9436498457989,1.0050672850524152
bs,1137.6851862599524,1.0044203570427337
σs,502.03053107020315,1.0057809339053756
ws,540.7770872511345,1.0053561792788641
ps,939.0227283467148,1.0046566588477845
es,579.9931744621653,1.006023551292286
σ,1019.986545837561,1.0042054116615915
