label,ess,rhat
Overall,760.8259775679495,1.005604796584677
as,549.6869907881211,1.0071563567569017
bs,1026.0572259781432,1.0035455040314192
σs,447.090860111832,1.0085496443946695
ws,539.6509641272195,1.00527977023528
ps,825.5766907588444,1.0056714778739042
es,506.44418445257133,1.0058244843801294
σ,815.6554919245104,1.005865035303644
