param,value
Exponential mean,0.8631578947368421
Cauchy mean,2.8473684210526318
