label,ess,rhat
Overall,624.8714328942781,1.0044831187266556
as,531.4991782017582,1.0041854614923327
bs,756.202833307851,1.0050409435932322
σs,488.2185082984879,1.0035465152505434
ws,528.8647711539189,1.0067856331516403
ps,663.0584924067226,1.0033570857252483
es,523.8306646875676,1.0065850428340408
σ,986.1693628684556,1.001925955448662
