label,ess,rhat
Overall,649.3506022549278,1.0060225518829682
as,580.2836663632718,1.0097753710027997
bs,766.769046913289,1.0028520389350133
σs,475.2851706947902,1.003926249664211
ws,599.4018088803404,1.0055201444342865
ps,667.5869252163928,1.0063821945345572
es,572.6547683472606,1.0070118168074513
σ,927.983393567223,1.0007222024768585
