label,ess,rhat
Overall,640.1484509942688,1.006391542468387
as,516.0489872438692,1.0080689526182443
bs,820.005972053147,1.0041674563388676
σs,439.41944468374714,1.008359575995168
ws,594.4293576791849,1.0053852311037514
ps,658.6371897999327,1.0069205772139616
es,551.9734587075893,1.0066842118950763
σ,884.4203464013762,1.0041270366056918
