label,ess,rhat
Overall,521.897768353377,1.0053810806683576
as,465.37018574390396,1.0066468875403436
bs,598.8115331529966,1.0030098958204774
σs,448.50751246884977,1.0093604413815782
ws,425.0680592319289,1.0080349949983651
ps,561.6978388893566,1.0041664173814444
es,399.85592317163844,1.0049128376369265
σ,893.1361342387625,1.0060518402308731
