label,ess,rhat
Overall,789.1886636479314,1.0053302774082222
as,596.5855473604372,1.0055253489056035
bs,1006.0066296847668,1.0049921909174473
σs,648.7425351017539,1.0061597643699056
ws,609.179672230505,1.0052344516787775
ps,833.0563738977453,1.0053820752091507
es,658.915651346173,1.00484919427138
σ,1104.1924932695088,1.0049560579906824
