label,ess,rhat
Overall,1048.0871268140118,1.0039596880104935
as,744.775365936036,1.0025575563312845
bs,1433.2346630122365,1.0043573976864442
σs,573.4396299565694,1.0097853356293927
ws,682.8186773590195,1.003909553722417
ps,1151.3074435759142,1.0041490070746717
es,814.7919552128226,1.0007767214038248
σ,943.323658904968,1.001839917600195
