label,ess,rhat
Overall,519.9918464369084,1.0072340533972781
as,428.3151103287684,1.0072445394851994
bs,622.7457730937516,1.006969715171882
σs,455.74414125442973,1.0087063957946274
ws,368.11424211445006,1.009484893912174
ps,554.2287404449888,1.0064934370244896
es,363.64035738295075,1.014645632249903
σ,1011.8551640264619,1.0009503954071197
