label,ess,rhat
Overall,1030.3843015220243,1.0042010618617667
as,784.5361128877508,1.0041824686909047
bs,1326.2167289508627,1.0042719369890174
σs,740.475716513544,1.0038978265147123
ws,846.5638686317037,1.003754054835735
ps,1060.920592341557,1.0043111306249737
es,1375.845690506273,1.0056376921586199
σ,1079.5647588997858,1.001408584946507
