label,ess,rhat
Overall,1186.3872621319351,1.0052618021788897
as,859.1547864297756,1.0062556821155209
bs,1603.4115699756785,1.0041359658385436
σs,665.5946357107445,1.0060271493204347
ws,593.5494266417011,1.0049960728682537
ps,1334.909885372522,1.005464707948363
es,1139.2626552743475,1.003530313152531
σ,1265.6045861817192,1.0021740550245135
