label,ess,rhat
Overall,1123.08635393494,1.003482015898464
as,873.2480039276791,1.0017203043134109
bs,1437.3532978996925,1.0051771005264265
σs,749.4005089814967,1.0038684522495893
ws,738.5428950449515,1.0038496219675357
ps,1225.4950539267725,1.0035208429840405
es,918.8859374819347,1.000757702440091
σ,1230.391093912883,1.002655669878675
