label,ess,rhat
Overall,924.1056272137859,1.0024788405070992
as,759.4699232780384,1.0012792387777931
bs,1128.8820773294144,1.003486218561874
σs,691.2892993704742,1.0035937378193807
ws,689.002474071773,1.0035892001427917
ps,966.405769591262,1.0022751454817214
es,1164.6541635100075,1.0013294456708506
σ,1233.8395582066398,1.0012306757694185
