label,ess,rhat
Overall,845.7546082937176,1.005097030093266
as,673.0316885940479,1.0055863337851052
bs,1077.2352344198025,1.0040718872867072
σs,504.95991102050755,1.0082048969586412
ws,586.5380682603593,1.0075512647499807
ps,916.4406790309969,1.0045866158275878
es,627.0269171652598,1.0059224282176815
σ,1000.8770755615277,0.998495302716425
