label,ess,rhat
Overall,1072.1239227388112,1.0035593080609382
as,755.805075615444,1.003631897407603
bs,1481.7429832195635,1.002854724900789
σs,530.9826852659777,1.0072248721791432
ws,606.6651396682572,1.0083698522190094
ps,1202.580113768567,1.0024727906979705
es,756.711432281258,1.0016469820003902
σ,1026.5571310722903,1.001810263707624
