label,ess,rhat
Overall,666.4295151980808,1.0035571831639054
as,533.9672019277399,1.0037023145291597
bs,841.07419510718,1.0030064217691006
σs,514.5729952985515,1.0050174512702899
ws,600.8549682300585,1.0040833290614444
ps,684.4210113535457,1.0032718737774144
es,574.0845635768936,1.005406700703857
σ,1170.2350820146362,1.0009624413623135
