label,ess,rhat
Overall,625.2608372536296,1.0054471435244434
as,533.4357482244782,1.0044853815658754
bs,745.752729785163,1.0050313215574678
σs,522.0603446450541,1.010406445656404
ws,565.1529658465688,1.0049700806695616
ps,643.0104349327592,1.00588384511255
es,509.9237651967504,1.0041184208909706
σ,1115.739898594749,1.0024751017592046
