param,value
Exponential mean,2.236842105263158
Cauchy mean,1.168421052631579
