label,ess,rhat
Overall,566.2935093597048,1.0055454742296963
as,472.9722614529967,1.0049960214006441
bs,692.703259085109,1.0044364468229745
σs,447.1749028123985,1.0115160030784816
ws,492.0021441964573,1.0068357257452043
ps,585.8352394990948,1.0053023098406526
es,518.4176444659602,1.0042098698787716
σ,1045.4566374820208,0.9990559388605869
