label,ess,rhat
Overall,683.7339881289938,1.005446873762586
as,537.454448943233,1.0079185247203004
bs,879.491694644988,1.0034594727864468
σs,505.61258574015284,1.003703573828916
ws,577.8912904021053,1.0048254767788352
ps,722.6788955995042,1.0058060346660438
es,624.6986730946005,1.0042721345651082
σ,1059.3493966871692,1.0059149324726462
