label,ess,rhat
Overall,566.0802089387382,1.0042353606176533
as,445.2421199057279,1.005807959545483
bs,708.6139766420596,1.0021340293167758
σs,487.97576572561655,1.0061387971606226
ws,492.5015225920525,1.0034154392514807
ps,590.1701231661556,1.0042852437059064
es,503.3040199215608,1.0058123471153222
σ,948.2390532204612,1.0096234837217897
