label,ess,rhat
Overall,1066.8518219613254,1.005388133837983
as,766.6923165373411,1.004591373391152
bs,1440.239199284243,1.0054045437834427
σs,642.1301649475103,1.0099141667459406
ws,765.0285215974094,1.0041663610944236
ps,1156.4472190608894,1.0057087211766802
es,723.0320396722234,1.0028614296166714
σ,1075.7919301274408,1.0097146229458525
