label,ess,rhat
Overall,727.5528374118168,1.0085927246584248
as,627.9162298112949,1.0091211322631908
bs,858.5239043694962,1.0068614701034204
σs,545.8129731403044,1.0155692369698086
ws,695.9200284538623,1.0054926542036366
ps,728.5264841817116,1.0094884655980767
es,718.0415488040646,1.0084289629462133
σ,1079.4340771678235,1.0031255284370253
