label,ess,rhat
Overall,576.5447543656622,1.005643437610776
as,470.4885650855582,1.0065057639732737
bs,704.3105610468963,1.00433644345111
σs,450.6289734391079,1.0082225108343468
ws,385.72724085901365,1.009541742734354
ps,621.5751155366416,1.004565417111744
es,463.882742097462,1.008167241860648
σ,930.2216047748345,1.0055611515816074
