label,ess,rhat
Overall,694.9552131341643,1.0041108874296103
as,551.7740594072874,1.0033760829414022
bs,876.5487205842165,1.0043405712150482
σs,472.1635615397478,1.007040587505676
ws,506.91275282270357,1.0048332457065994
ps,746.2465739854648,1.0037826170120259
es,487.9388079691201,1.0078596101914998
σ,903.512226339354,1.003702122626011
