label,ess,rhat
Overall,969.0149375835385,1.003712869017184
as,658.5878319237686,1.0024853080635336
bs,1359.483674739246,1.0045389785133167
σs,504.77347490709974,1.0060412874707834
ws,586.6672466591051,1.005649608828546
ps,1080.6848274723557,1.003194903170217
es,577.8107753699885,1.004465028455995
σ,979.4408384406178,1.003830033057624
