label,ess,rhat
Overall,820.7647731450759,1.0037335603083388
as,693.6701248627288,1.002263401736938
bs,1006.9416752495717,1.0041753354862215
σs,478.0877009766138,1.0096981839907417
ws,538.8510426018081,1.0068638199358395
ps,896.4241419908171,1.0029313468662995
es,642.8295952478873,1.005146184098284
σ,927.9501908630866,1.0018514424163252
