param,value
Exponential mean,11.333333333333334
Cauchy mean,2.6666666666666665
