label,ess,rhat
Overall,312.36581822094394,1.0270352733386323
as,189.86447447851236,1.0380479499816313
bs,428.8992328061982,1.0111638774460292
σs,333.8503631867825,1.0445266626372074
ws,199.0177256757202,1.0450633428496967
ps,349.9281609506819,1.0159236510091902
es,193.19685812144917,1.0701127531565822
σ,934.2599379894324,1.0134456601354467
