label,ess,rhat
Overall,139.03199184676149,1.1368485157922994
as,71.93845210951959,1.1143102562144778
bs,177.42220747032837,1.1569055844738092
σs,242.36395865599155,1.1457808030190233
ws,98.77101238598111,1.2278690408223865
ps,137.02214011454245,1.0814472534307578
es,12.404860430679317,1.3764494804283083
σ,927.6741532459862,1.0058331075593157
