label,ess,rhat
Overall,102.68102655258369,1.1058898103005694
as,54.785906600976745,1.1420463851909355
bs,103.21589127079919,1.060941994901719
σs,273.17794539279276,1.137538276131116
ws,112.22688592335146,1.1770532781169842
ps,74.64478704678307,1.059832740407891
es,24.235265514804397,1.328006260849949
σ,873.9644633297454,1.0051791126144796
