label,ess,rhat
Overall,923.6560749589117,1.0055818534497836
as,565.7105311572378,1.007413981573225
bs,1351.0547958423142,1.0035537607943554
σs,520.8276478848896,1.0067184477353088
ws,555.2078597533123,1.0066353726536434
ps,1026.592157906114,1.0050857929546935
es,562.3989767805117,1.0129697004270546
σ,1126.6168723172116,1.0019748328132503
