label,ess,rhat
Overall,822.71013347675,1.0040622659017435
as,649.3742423347355,1.003141751945673
bs,1047.719630064111,1.004791901102832
σs,523.0032218937401,1.0051693626806384
ws,547.7891405495685,1.0062918792452342
ps,896.8995836844009,1.0036450059287583
es,583.6008495431585,1.00213199422415
σ,1038.8870065028675,1.0011959278383313
