label,ess,rhat
Overall,755.7762481126703,1.0046322857856704
as,584.1333970766891,1.0047796626063386
bs,974.6058111364796,1.0043818806018001
σs,482.09331858326715,1.0052298502922365
ws,574.459147855085,1.0042436143540512
ps,806.7953180333615,1.004684077259485
es,562.7349739863918,1.0047456294140766
σ,868.7486432630824,1.0065836649651667
