label,ess,rhat
Overall,93.56487876058212,1.4452324063781954
as,138.97780386005718,1.4308387138827383
bs,57.230268044573194,1.4259934349228027
σs,60.882946980103966,1.566309996601254
ws,134.9147003550706,1.4203123838004512
ps,80.43365465171775,1.4581554421268133
es,59.42869918835607,1.352519713320027
σ,7.051205601646943,1.5936991339633844
