label,ess,rhat
Overall,212.04000188198202,1.0873846235851081
as,130.17762884503156,1.1467075494131092
bs,290.8595885575677,1.0145639502419457
σs,222.99403278289532,1.1359765146396907
ws,94.21581805898052,1.196185927544452
ps,251.85148282159375,1.0256336726009339
es,131.91854895622623,1.279911432042658
σ,751.074609179607,1.002240084746428
