label,ess,rhat
Overall,232.9244237993521,1.0236135170730274
as,209.57215073433846,1.0203492368869411
bs,243.27299202805028,1.0253861367580883
σs,279.7377612100874,1.028983494876719
ws,151.48542121844324,1.0396488073379524
ps,255.77580810365401,1.0144177693712793
es,85.12192321907892,1.0580363371788524
σ,911.6614640189537,1.001433833927743
