label,ess,rhat
Overall,149.7860075158133,1.0879279255556027
as,175.9263576792357,1.0326668146907276
bs,86.44420792591298,1.1309543720787194
σs,283.7112254511336,1.1319727171859326
ws,71.70579354057668,1.1643797043208712
ps,162.30941263578768,1.0379753792364919
es,58.76704845828033,1.3196193277545496
σ,943.177960214384,1.005889980271368
