label,ess,rhat
Overall,643.3473565141171,1.0060607371576968
as,592.3820795485236,1.0065870489307658
bs,741.7911977136761,1.0042294007730688
σs,472.42452527184014,1.0107588257593094
ws,582.1215259221982,1.0067993678210307
ps,659.0095837694882,1.0056983111034612
es,607.247347725098,1.0062913348755516
σ,1043.0394325555235,1.0061590511721072
