label,ess,rhat
Overall,432.0635124466737,1.0077544338295266
as,359.2774899306691,1.0067770832265497
bs,493.54020500459205,1.0086985798461852
σs,472.7771002957834,1.0078739703402726
ws,376.9190029194471,1.0100712792428035
ps,445.13898984108624,1.0064838305653654
es,293.87168710484843,1.0127433687238883
σ,1030.218865202318,1.003010103949668
