label,ess,rhat
Overall,628.5124612700906,1.0049357972556634
as,586.9680711224945,1.0031919303503543
bs,709.2778013266625,1.0050795802888493
σs,487.3170415977781,1.0106960991953076
ws,535.2824023656625,1.006504387750501
ps,667.0521075878122,1.004391269017775
es,518.9062901430352,1.0030480128670702
σ,964.4547061165742,1.0040460142798933
