label,ess,rhat
Overall,937.8123704139314,1.0035958241283647
as,679.9237716681962,1.0040847017917547
bs,1230.7392831439324,1.0036468740440165
σs,734.5901493051921,1.000464244169922
ws,631.1601135644726,1.0037220996917673
ps,1004.6057277126605,1.0038011027368043
es,1122.696659337237,1.000109688873596
σ,1041.7897244218268,0.9991994146719714
