label,ess,rhat
Overall,1026.3564020171596,1.0041234202869316
as,834.8925934419002,1.0038920078528528
bs,1261.3674613844248,1.0046436792893265
σs,773.7823474235217,1.0024481101907032
ws,805.4554244947622,1.0041629346498266
ps,1066.9006326859617,1.0042138744892228
es,1298.237575465924,1.0030748096430404
σ,1187.2827132858938,1.001404667509998
