label,ess,rhat
Overall,1119.1018382438085,1.004486173629096
as,874.5330801957531,1.0024693650033814
bs,1439.6299043997294,1.005227920189475
σs,678.5378512181883,1.0118815336080433
ws,672.8158946224607,1.0066952448998336
ps,1247.2020581125437,1.0038031876017932
es,760.8386611360513,1.0033460909238825
σ,1042.2489622162066,1.0130408131012065
