label,ess,rhat
Overall,1332.041152154554,1.003255900257377
as,1010.6114873046907,1.002081729407982
bs,1770.646544768063,1.0042676754002462
σs,652.421931125408,1.0041977953552255
ws,707.2692435292,1.0023576694396314
ps,1504.8118843555533,1.0035092341025649
es,1049.502707915547,1.0023833757560932
σ,1101.3857984888423,1.0036196945038856
