label,ess,rhat
Overall,15.534590123478434,1.533733694803596
as,21.886816835992178,1.5863877672845108
bs,11.359648647872671,1.4352852494125012
σs,7.696363270609671,1.6985934372802454
ws,7.606441216140002,1.778198410240022
ps,20.13731548753286,1.3814823599502633
es,6.001190139844617,2.152142729407
σ,10.06831751339208,1.32187374654633
