label,ess,rhat
Overall,14.232698818330494,1.5742960839239042
as,15.47460978400405,1.5062180056270373
bs,15.114932146305376,1.5702418538782967
σs,6.585779361196096,1.833972393956812
ws,7.447956245182379,1.6723122974704048
ps,18.308228470054228,1.4734714758129388
es,5.572217163277031,2.2875566784456423
σ,7.006802061397569,1.593020143207523
