label,ess,rhat
Overall,24.17900597120707,1.5414758920443619
as,9.112663463474185,1.5964859482752085
bs,44.11025678055026,1.395777394333848
σs,6.665336085409953,1.8679542813711634
ws,30.016961211400883,1.687132093894248
ps,23.55247229823843,1.4289330176866146
es,5.871489853718309,2.104744871358629
σ,7.028450821043287,1.5931782445186269
