label,ess,rhat
Overall,487.0866286804513,1.0049708573958573
as,334.8285209295391,1.0065136796007383
bs,647.0111358468614,1.0030753001591806
σs,459.4875907846601,1.0062407035103225
ws,387.1125299517641,1.0097324164786252
ps,518.3118787520359,1.002588524521197
es,356.78412840901433,1.0073623608367308
σ,1135.5243121063809,1.0049897962620742
