label,ess,rhat
Overall,502.9785631308082,1.0050950962925753
as,423.5534270289041,1.0050251059462134
bs,595.632481436014,1.0048803970078382
σs,455.3549471989216,1.0061199789645319
ws,397.3741252100624,1.0084198925931998
ps,537.1135243165788,1.0038660396333867
es,434.93638308892594,1.0037091324685927
σ,1018.8071874334796,0.999924941471955
