label,ess,rhat
Overall,487.201133902178,1.0052291753825917
as,352.2163258137042,1.005535438255607
bs,627.3494848155295,1.0044422217748663
σs,457.25258551788846,1.008017181643912
ws,398.6478901120174,1.010680849495057
ps,506.5095317436855,1.0037065208108207
es,325.80729410476306,1.0091107402411215
σ,945.824642586579,1.0051333757609544
