label,ess,rhat
Overall,696.2849872586797,1.0069764163000081
as,517.1519427635405,1.0087773390086672
bs,914.0504935859623,1.0048237569041234
σs,472.21670863225006,1.009016489085914
ws,475.26597449961747,1.0091367428636546
ps,758.4005064382515,1.0066140543060131
es,437.12662461140064,1.0066087036064475
σ,885.2849450425485,0.9991812986351265
