label,ess,rhat
Overall,744.7993261405102,1.004491067023741
as,587.4750254904125,1.0039299243440234
bs,948.4398348941072,1.0044975876789481
σs,476.16531914021454,1.0077078747658994
ws,589.9739073816253,1.0068246381222483
ps,788.2059602086488,1.0038217106682692
es,497.5723802444506,1.0084957407214143
σ,1013.6398077685926,1.0006079715089533
