label,ess,rhat
Overall,623.4378911804727,1.0048020767626984
as,534.416351644875,1.0042273519116494
bs,760.8506625982556,1.003446722608704
σs,449.22945640460557,1.011750361180856
ws,519.9722963620121,1.0058320087574597
ps,664.5904460356518,1.0042739430680485
es,530.5460340481156,1.0034255493926043
σ,980.8423170320563,1.0089274236266543
