label,ess,rhat
Overall,479.9201858638276,1.0043218115942432
as,334.78601164671977,1.0037656206637249
bs,635.9674555297715,1.0033651894499285
σs,440.6330422480172,1.0097679386636425
ws,427.3960080318645,1.006444543564751
ps,488.79473187597824,1.0033697874076084
es,393.13599453036113,1.0029938491360415
σ,1053.040506198399,1.0062575817170467
