label,ess,rhat
Overall,617.8251094737118,1.0056475671575462
as,541.4346449103534,1.006906053984623
bs,743.7075368242781,1.0031331261915861
σs,439.65404343976326,1.010169002057526
ws,565.4078830595689,1.0062767647246318
ps,633.5331025033342,1.0058944064796689
es,613.9314557770251,1.0020713237789507
σ,846.2113150666173,0.9988318607345319
