param,value
Exponential mean,9.166666666666666
Cauchy mean,11.333333333333334
