label,ess,rhat
Overall,523.1078900018639,1.0063607143541
as,464.1804324254606,1.0058371169372597
bs,609.6985341855403,1.00546453117671
σs,423.52041821568207,1.0114719244933288
ws,502.6881530055743,1.0044406707420779
ps,526.8287868463743,1.0071296418314795
es,401.7894281935047,1.0065234499839368
σ,914.0383396167925,1.0090836520268245
