label,ess,rhat
Overall,630.6048801798004,1.005497393586137
as,601.7439932374322,1.0042506105104962
bs,723.3651654189985,1.005866833667413
σs,400.56704631121266,1.008655828365852
ws,597.7780399509194,1.00576562753719
ps,642.363564589861,1.0052770957874213
es,563.4800487432731,1.0058336857592183
σ,853.0508311378521,1.0073337445939556
