param,value
Exponential mean,2.236842105263158
Cauchy mean,0.25263157894736843
