label,ess,rhat
Overall,618.288557292902,1.00589686002837
as,500.3416916001382,1.0051629532798563
bs,790.3289025141937,1.0039022186696547
σs,423.55203099020144,1.0157196332143943
ws,510.3187572678123,1.0093058493882732
ps,655.1712907361918,1.00441348771173
es,578.3142623420648,1.0043141129484023
σ,1034.9236779701184,1.0067221621021099
