label,ess,rhat
Overall,508.27717723023966,1.0045920141020188
as,459.71324523011884,1.005015665540771
bs,575.7671360450271,1.0048039854356103
σs,440.1434806974398,1.0023037721215793
ws,421.96075674556624,1.0033445398254106
ps,534.8948549246386,1.0049359083158278
es,485.3023751980628,1.0096156165592607
σ,897.9642070562969,1.0005732509477903
