label,ess,rhat
Overall,482.5075011589264,1.009091756135008
as,434.71589030759446,1.0068198688454706
bs,538.8063912260235,1.0108041188798365
σs,451.8812959821718,1.0111060444959572
ws,423.0995201635695,1.0075710510260745
ps,491.92022764568145,1.0100477732300255
es,466.07939820988946,1.0098091873275234
σ,983.5285903456537,1.0010489105867102
