param,value
Exponential mean,0.25263157894736843
Cauchy mean,2.0842105263157893
