label,ess,rhat
Overall,511.0743126131203,1.0030572436091871
as,457.4691440245021,1.001628545021624
bs,580.850543768865,1.004190497898085
σs,452.8584873714641,1.004120843084383
ws,461.4412409891059,1.003751233934626
ps,524.0232262750494,1.0026498662382581
es,428.7586279810365,1.005267503370006
σ,934.6307861552988,1.000900651826443
