label,ess,rhat
Overall,739.5739017902542,1.0053398101176771
as,669.5149659795914,1.005442117189495
bs,865.9410998811034,1.004053107410927
σs,536.8641575815834,1.0096036344034345
ws,639.60679325328,1.0056620431150118
ps,783.1549856830162,1.0053528604796054
es,621.9383657832341,1.0045079369833139
σ,1041.3420950361772,1.002797451008261
