label,ess,rhat
Overall,484.8157751611229,1.0055782962684443
as,392.2134623611753,1.0053702204362642
bs,582.9195594554653,1.0055581943406375
σs,465.0104777813016,1.0063997362043948
ws,428.16770316874926,1.006575785423935
ps,501.89758990861907,1.0052207870677323
es,390.4678362679289,1.0037522891583648
σ,909.1613334210948,1.00655567984122
