label,ess,rhat
Overall,504.0418232394013,1.0075733269953568
as,389.57250093824143,1.0099050159755434
bs,630.0092477738305,1.0046894256346668
σs,462.6486551996328,1.0095612915651688
ws,440.53732660184625,1.0089771681364372
ps,518.7800271170771,1.006895249700982
es,436.69711943532207,1.0100254681153311
σ,1017.5918896786527,1.0034529607161886
