label,ess,rhat
Overall,674.102197563178,1.0044788976383292
as,563.9855540213442,1.0038533917077852
bs,849.693727800205,1.0046699826493979
σs,438.3926054604823,1.0060428129484411
ws,578.1231891104336,1.0057837169666008
ps,708.3857974940003,1.0041637858810764
es,665.9772819470634,1.0028053310214395
σ,950.7265320269601,1.000361104621428
