label,ess,rhat
Overall,501.24345169607227,1.0082787281597514
as,404.4877510780339,1.0111822536622268
bs,623.2186548327313,1.0044787407765097
σs,410.45324262903813,1.0115059909305113
ws,431.66361501141347,1.0072917873743858
ps,522.5832958642276,1.0087522188775266
es,438.756848765046,1.0086258857386028
σ,906.3387494019955,1.0071169437642884
