label,ess,rhat
Overall,625.2532543283561,1.0039567746176137
as,533.5541583691706,1.003616410016399
bs,765.9708816992455,1.0035199990958414
σs,448.78654124622244,1.006754479060369
ws,545.8510888675872,1.005651603376516
ps,659.3141774254304,1.0029263613685773
es,512.3622517929451,1.0054360724764606
σ,918.2772444044717,1.0074509782680416
