label,ess,rhat
Overall,829.4206521854961,1.003609784609759
as,590.8013277507331,1.0031660684433548
bs,1123.429664472675,1.0035470547287682
σs,508.1604626414825,1.0065471716846486
ws,564.7297178891821,1.0051050484153958
ps,902.6171795605527,1.003393815034277
es,565.9132246827683,1.0010220458686154
σ,1019.2934047440061,1.001208636047525
