label,ess,rhat
Overall,731.1669922744979,1.0067977938308923
as,621.4883341695822,1.0070066566945146
bs,881.0594635401833,1.0056928481181682
σs,497.92687594203437,1.0119950743556836
ws,470.3096545058623,1.0081061073435784
ps,798.2122406184575,1.006578306750863
es,569.246972442587,1.006038463073477
σ,967.1231646518941,1.0031520730349015
