label,ess,rhat
Overall,900.0724727024377,1.003874231715365
as,584.9848457184926,1.0039361156843276
bs,1287.4417880070073,1.0036163891474101
σs,480.8386804428166,1.0050107915895226
ws,539.5874923579936,1.0057554730994878
ps,1002.6180882129679,1.0034951418041895
es,560.1986871986751,1.003244266680353
σ,983.4502633378428,1.0007555809123498
