param,value
Exponential mean,2.8473684210526318
Cauchy mean,1.0157894736842106
