label,ess,rhat
Overall,574.6293117306554,1.0054904451191855
as,511.91912221002246,1.00584313644847
bs,682.6822216750885,1.0051411049838408
σs,411.3955182049755,1.005478380821004
ws,478.3472557638015,1.0075768286006703
ps,612.5651320800031,1.0048623101011163
es,505.2519146764872,1.0045242944689383
σ,882.4374483582067,0.9987176551116639
