label,ess,rhat
Overall,667.4311179107301,1.0043295628286835
as,600.1290580878916,1.004906939635469
bs,790.6600805223366,1.002961120593404
σs,466.0942678711661,1.0071773983712624
ws,601.989697656387,1.0054567231719267
ps,693.365373944129,1.003842827575353
es,564.1439340721527,1.0053109202522594
σ,985.0118717716309,1.0014960404492028
