label,ess,rhat
Overall,527.9416829121884,1.0052627101975233
as,451.80374062017813,1.0052694087477778
bs,626.9786049147548,1.004632018201229
σs,445.50535595418626,1.0075090866032679
ws,505.31263071040115,1.0106915400039975
ps,525.5357853243809,1.002575786506062
es,463.50451815004897,1.0093750220204982
σ,990.917976140908,1.0017521448518723
