label,ess,rhat
Overall,879.5877306124067,1.0045292411948934
as,653.2028018707417,1.0046203823027569
bs,1175.5449576938272,1.003327440699475
σs,476.0684002418214,1.0109710656427116
ws,592.8288449014166,1.007798965170956
ps,959.707506064754,1.0037616427788085
es,627.3480270655355,1.0052080215735204
σ,979.4245445253554,1.000779716696963
