label,ess,rhat
Overall,430.99944406928716,1.0082935368561807
as,326.8077692827673,1.0124833975544638
bs,540.4379010737119,1.0038678647106907
σs,400.5681072054378,1.0096612432499816
ws,283.5235783637126,1.0112999462165086
ps,462.6828549134747,1.007459116120059
es,290.8388701313786,1.0120569515137434
σ,960.2272598909935,1.0047419905509731
