label,ess,rhat
Overall,15.293678665568391,1.5575293120826919
as,15.856122496055693,1.5842687364265844
bs,16.843690684090486,1.5252940559190131
σs,7.6888376091345965,1.577314306633923
ws,19.934047046065213,1.5796777502093045
ps,14.164020748784846,1.5289131352244714
es,6.25506966587116,1.7728512966477017
σ,7.057581935373286,1.6051246837470563
