label,ess,rhat
Overall,857.5835005306532,1.0049974889523459
as,579.7908285904559,1.0052801600133947
bs,1191.1326132819622,1.0042241691443978
σs,534.1961438262055,1.0078432516843596
ws,622.7667953795062,1.0056560822210225
ps,922.9024889404621,1.0049378493057985
es,600.8434745359832,1.0019103321853575
σ,1053.5525706629323,1.0061313862964678
