label,ess,rhat
Overall,669.6906843508638,1.0035368720472315
as,461.6169801029898,1.004808263757688
bs,905.3382161525939,1.001921690424904
σs,509.7624845384986,1.0055308535360816
ws,507.7866213521022,1.0025774107356764
ps,711.0015775309797,1.0036911360017853
es,492.7841056643465,1.004961618097975
σ,983.429725063472,1.004796245865826
