label,ess,rhat
Overall,739.3824746045414,1.0049481587180362
as,628.4431529996061,1.0042384062255307
bs,899.8246678077198,1.0048115963631932
σs,452.2658193347326,1.0098567848326585
ws,533.266393175786,1.0072431692716448
ps,795.5650052531897,1.0044250331715519
es,527.0310309835027,1.0035822690146117
σ,940.7168678565599,1.005249837712834
