label,ess,rhat
Overall,599.747908512058,1.0075577945963932
as,444.40527948137594,1.0085508070228895
bs,789.4030194521129,1.0051949175926833
σs,476.22297363831547,1.0124893070743615
ws,525.8057956361428,1.0091586947631355
ps,617.5363883680876,1.0073260906165884
es,558.6847671731119,1.003914039050879
σ,1106.6790694441615,1.0016588071614385
