label,ess,rhat
Overall,668.2675762513336,1.0065808034149497
as,579.7856726273493,1.0057720020126686
bs,812.5377653596586,1.0054907026184292
σs,467.4297485077066,1.0134168513306354
ws,591.0807421686255,1.0089331006394278
ps,690.885354986195,1.0058449108850342
es,617.0170412379348,1.0054686492701765
σ,1108.948408164227,0.9997107507885643
