label,ess,rhat
Overall,692.2101798891474,1.0039435724314498
as,575.398172092741,1.004471075938827
bs,878.7363493356513,1.0015900689743946
σs,441.23919794879737,1.0105171722502904
ws,572.7012700427631,1.006978501392459
ps,747.098436161402,1.0028625665668376
es,582.204450226098,1.0008693735775454
σ,919.2338942932412,1.0017789750870678
