label,ess,rhat
Overall,425.89695743159416,1.00760084054495
as,348.11968426820545,1.0080189257642382
bs,509.05488065596467,1.0067016266066022
σs,406.5266172120593,1.0093329039335648
ws,401.0562928945255,1.0075570265496465
ps,427.9188640869461,1.0078242590216762
es,376.28178857270143,1.0064668258099505
σ,770.6456965550514,1.0045857575637147
