label,ess,rhat
Overall,628.3723902312771,1.0053514546616025
as,568.953857658693,1.0025347968479743
bs,735.7602782225434,1.0054626939346403
σs,455.68271072402075,1.015090961407725
ws,581.5087735853807,1.0055311438130952
ps,639.5687013790258,1.005454461241711
es,581.2430147171797,1.0015737487965675
σ,993.8904511687642,1.0080724254909308
