label,ess,rhat
Overall,604.9468242732128,1.0049831617769254
as,519.9790277108199,1.0041253658153646
bs,732.5540789855108,1.0047562307644509
σs,451.4447749335547,1.0088881788834538
ws,529.8439245569558,1.007807089344631
ps,627.5606651494259,1.0036730440173087
es,545.4488116354803,1.005297746020183
σ,1037.2177833622227,1.0045299242279724
