label,ess,rhat
Overall,481.31476454244284,1.0083392615008124
as,399.6088082693732,1.0116842505418886
bs,567.5631352781315,1.0044048995087123
σs,464.9620724770143,1.0104610041245023
ws,466.6086734114394,1.0065280677375272
ps,474.4641610235243,1.008586925660734
es,401.27538433851714,1.0174382517187768
σ,995.9823100142154,1.005436338066351
