label,ess,rhat
Overall,638.9634049429404,1.0036939994437424
as,492.61858330045027,1.0044548222530532
bs,837.466482595643,1.0020854049601822
σs,451.19368330617436,1.0067459774710423
ws,558.1500884364832,1.0037640372211138
ps,670.5286934047259,1.0036906162198684
es,542.8019279726628,1.0035744787097265
σ,980.348656954556,1.0031805514040497
