label,ess,rhat
Overall,638.1167562434773,1.0032660899605785
as,482.3477630929085,1.003366931790424
bs,839.0175129469231,1.0020277774643498
σs,475.6424074531181,1.0073609843595595
ws,509.94760113243973,1.0070533543521902
ps,692.9372183866916,1.00176022545567
es,547.5023855044424,1.001865595375718
σ,932.0433433304179,0.9997723835585859
