label,ess,rhat
Overall,465.2666102801282,1.0084549170508368
as,427.5353109139962,1.0079127114254018
bs,507.2756294665178,1.0087942430733257
σs,449.86681892720134,1.0091852836214446
ws,457.27129111285086,1.0076224432299463
ps,454.0155897190833,1.0084123995362022
es,383.25392645888576,1.015944136350275
σ,1017.7623425171098,1.004571619683154
