label,ess,rhat
Overall,954.6658404973571,1.0043020660554325
as,792.6757351314235,1.0032342175613047
bs,1196.542035653267,1.0047376393988494
σs,491.32651971549603,1.0079692619295573
ws,573.9083640586049,1.0066898853716966
ps,1064.1627128136622,1.0034609433713133
es,710.6183444293865,1.0089828615867438
σ,756.0006787156742,1.0066605320353605
