label,ess,rhat
Overall,1099.4049829696212,1.004443073539526
as,885.5686243427181,1.004063302764083
bs,1411.2443457033787,1.0048542041318678
σs,530.9875591498698,1.0042611866015148
ws,667.3049396361472,1.0025313488985208
ps,1210.628530178422,1.0049235818676518
es,1127.317838847145,1.0043367842307709
σ,890.0495251938444,1.0045319480990627
