param,value
Exponential mean,2.389473684210526
Cauchy mean,0.7105263157894737
