label,ess,rhat
Overall,482.3431134188813,1.0064034794050274
as,413.5709729509855,1.0060236294476013
bs,567.6998477632848,1.0058053260802502
σs,422.6385754634531,1.0099242912209594
ws,392.81989434340556,1.0063525771712791
ps,513.4372807747745,1.0061720258475357
es,410.39190747618846,1.0100085049133973
σ,892.0758029567465,1.0058220476880533
