label,ess,rhat
Overall,511.5611828301251,1.0053078331768952
as,436.9023727190215,1.0058670626125652
bs,597.7596677338902,1.0043893930539705
σs,470.018353576543,1.0066009916510112
ws,461.63358461304324,1.0051989384620028
ps,517.3629789741336,1.0056962275953703
es,492.43277110291547,1.0035735081586408
σ,998.1024851453056,0.9999849649117576
