label,ess,rhat
Overall,649.8079259838142,1.004436122119981
as,559.6297815441798,1.0050826275624232
bs,780.6834246216737,1.003413452391091
σs,503.2974508702049,1.0057903135511905
ws,521.12512818005,1.0061753552367205
ps,690.1393454705502,1.0037330443427912
es,661.6269299866583,1.0041149232638829
σ,1121.7465849681628,1.0024877446382279
