label,ess,rhat
Overall,620.0870959819284,1.0052996936301977
as,503.6868041019717,1.0060893485020428
bs,783.993296681357,1.004718197778273
σs,449.06582423183056,1.0045503211584836
ws,573.3714387121644,1.0049615694907184
ps,637.5503250225787,1.0058799873885447
es,517.1191940624178,1.0023067778241046
σ,932.5668320012153,1.0002553771991047
