label,ess,rhat
Overall,632.7837937867785,1.0073410983210604
as,560.517168858096,1.0061004033933483
bs,757.7010008941671,1.006642799631734
σs,443.241697943435,1.0143214753423984
ws,550.854615517627,1.0095886626772554
ps,665.1068292370571,1.0067059854318723
es,545.1060915579803,1.0053900392704382
σ,950.8904157669385,1.0007853792668544
