label,ess,rhat
Overall,680.4707706985619,1.006145904812507
as,530.4241076551666,1.0079387733080916
bs,878.278713131604,1.003992142449028
σs,508.53016489583314,1.0074451227369263
ws,548.85294934187,1.0058288657913226
ps,733.8261576042348,1.0065170616733534
es,598.8800952451293,1.0059058834923107
σ,1035.8259183382338,1.000780337325101
