label,ess,rhat
Overall,530.0434576897442,1.0068924729946018
as,477.50829335728304,1.0102803894502512
bs,601.5675689875301,1.0037040831061543
σs,461.68324861457575,1.0061741773526731
ws,524.4848921123241,1.0054196900950383
ps,520.5086388827503,1.0077965828995823
es,475.61672650968796,1.004848719550648
σ,953.5049959607403,1.00514651714777
