label,ess,rhat
Overall,477.27842776127915,1.0066608019545982
as,454.57228421348475,1.0053650913715886
bs,495.202409839466,1.0075457314514393
σs,494.49420905186724,1.008139613864804
ws,450.9844780805992,1.0068711696492005
ps,469.6560515439309,1.0068748818337774
es,449.308083562591,1.004346218868844
σ,1046.9282939778714,1.0031994789322176
