label,ess,rhat
Overall,1060.32465823001,1.003890410151844
as,744.0863444084621,1.002345040598944
bs,1463.164249773488,1.0047477755541059
σs,558.0372474428189,1.0078808342255425
ws,684.2361212794481,1.0026179309253331
ps,1170.7828646480416,1.0040797163041408
es,718.5656219948753,1.0040869003792994
σ,954.9112660415302,1.0096804851047994
