label,ess,rhat
Overall,816.3493116709928,1.0051520972823298
as,618.2766076376204,1.0064573426111376
bs,1078.1625803022223,1.0033790694416573
σs,446.6540370034201,1.0078652358511435
ws,550.6928258884977,1.005288792081546
ps,887.7514299650297,1.0051803739199467
es,594.4313397496395,1.0063057339175798
σ,1020.7614067898678,0.9998472078156243
