label,ess,rhat
Overall,502.14018806400736,1.0071833386300195
as,402.2794611730147,1.0095468088833643
bs,604.9608643595516,1.004606097682376
σs,484.9724815176088,1.008423208656953
ws,327.02478030415585,1.0078426871961221
ps,537.7861726596166,1.0068734171337097
es,365.72303196145407,1.0113281796884022
σ,1165.3521327980868,1.0058577055428992
