param,value
Exponential mean,0.4052631578947368
Cauchy mean,1.168421052631579
