label,ess,rhat
Overall,583.7685828682813,1.0056512978693208
as,562.3658613417745,1.0058684008495904
bs,636.7330066422871,1.0040166150340941
σs,470.14645477728556,1.0107545853471638
ws,531.3239201323992,1.0060673749235733
ps,598.6028956700764,1.0054666099905067
es,488.15565075271854,1.004587891378121
σ,1018.638267083322,1.0075870710498422
