label,ess,rhat
Overall,522.2789131909062,1.0082792530399127
as,437.1558026139263,1.0100870766386274
bs,613.9550561490139,1.0064327619771172
σs,498.68799661884657,1.0084184559106055
ws,431.8045103080595,1.0085288332786357
ps,547.1918571224319,1.0084610517311374
es,436.32403778723955,1.0080561655255318
σ,1132.1449563727363,1.0010036992321716
