label,ess,rhat
Overall,510.84683982240267,1.0050298882831672
as,440.5023896206514,1.005800485492574
bs,585.5946032838399,1.0039053528010693
σs,494.99491208753426,1.0063040660648515
ws,410.8860798847347,1.0053663920303706
ps,546.2458970871917,1.0050084602496097
es,390.51124686981507,1.0046308623028415
σ,1030.6716560950838,1.0023470241498473
