label,ess,rhat
Overall,712.4472696039846,1.0051143111285747
as,502.64298163315664,1.0070586581797571
bs,948.1723484230029,1.003441980880501
σs,562.1066826844805,1.0035366136705428
ws,463.39524248119193,1.0032838439843093
ps,779.5701249053631,1.00576680305288
es,480.90463640535097,1.004002497549271
σ,942.2598070086087,0.9979839316517354
