label,ess,rhat
Overall,849.9216820287489,1.0034368724556468
as,651.7069918723441,1.0019974277237187
bs,1110.5489071793795,1.0037667459564033
σs,487.9289790622368,1.009872385596441
ws,644.5787785070239,1.005080899926619
ps,908.6117898720818,1.0030870390199118
es,589.9895028014205,1.002094786316825
σ,1016.7757062641285,1.003184719996899
