label,ess,rhat
Overall,542.6298341124524,1.005274150339374
as,422.51715545848964,1.0057608983993143
bs,685.4834172307912,1.0043912703291398
σs,410.73258821907194,1.0075717156510797
ws,401.93996873660603,1.008491669645555
ps,577.3655938582364,1.004494592034796
es,376.1216538481255,1.0056510629075457
σ,896.608111353644,1.0033288921486112
