label,ess,rhat
Overall,612.1862327329935,1.0045854894089343
as,512.5673554984152,1.0032125994313787
bs,753.5373368317445,1.0051782266186156
σs,461.95021602197374,1.0073940393732816
ws,535.4125552993281,1.006166334720622
ps,641.5323093400772,1.0038074980196647
es,521.2675425568328,1.0056840678606411
σ,952.3097505051318,1.0036459648862759
