label,ess,rhat
Overall,495.0333805245008,1.0066305658997046
as,422.8310310319856,1.0061072572720435
bs,570.635411911149,1.0069495302690816
σs,482.7945257056219,1.007366205229525
ws,467.6101475539101,1.0095384908994547
ps,489.9735945546024,1.005164823046493
es,423.3941893623823,1.0107589862338497
σ,1098.944993713187,1.001587939417907
