label,ess,rhat
Overall,619.6293932392784,1.0050655815881069
as,477.9400713577526,1.0052467917138985
bs,796.5528614152481,1.0035628705808026
σs,492.7864665792803,1.009822984761554
ws,532.3625528295706,1.0099059175499818
ps,648.3437472563612,1.0029695590061818
es,551.842401459814,1.0060921849384274
σ,1055.832257270546,0.9994249304750251
