label,ess,rhat
Overall,489.397045906528,1.0050690827329445
as,422.6443768749444,1.0026947707227793
bs,575.8955526006516,1.007722694548943
σs,418.3120303213841,1.004063603431947
ws,430.294458696551,1.0051441208890475
ps,503.2189652196049,1.0049832994655323
es,420.80704095257374,1.0060189164995854
σ,976.4382001941618,1.0044993222791512
