param,value
Exponential mean,1.0157894736842106
Cauchy mean,0.25263157894736843
