label,ess,rhat
Overall,601.1346654305985,1.0076492428734107
as,537.4339074303914,1.0057589261074114
bs,704.4675043544376,1.0076666634324585
σs,458.45917410552266,1.0143916692184403
ws,503.38485861148416,1.008740183186225
ps,632.8487016820031,1.0070021726170533
es,590.2504710574624,1.0100250507500919
σ,971.3357934697226,1.0066301700315872
