label,ess,rhat
Overall,529.3718195796002,1.0045542561480625
as,446.0793455339916,1.0053984974211856
bs,617.3813525576934,1.0038576433347925
σs,512.3904074226574,1.0040227936925883
ws,478.9516543382287,1.0076413860096178
ps,539.0308102871512,1.0031904291771971
es,445.89063804709485,1.0062337109290875
σ,1050.2424071447542,0.99960928948983
