label,ess,rhat
Overall,520.4829868245187,1.0079905542374126
as,420.7818823793672,1.006786058476474
bs,622.1440862288267,1.008666983104791
σs,513.4270049715548,1.0098915950542295
ws,465.4206584516667,1.0093711019991216
ps,530.7785198685652,1.0075373339803373
es,433.268830715253,1.0086213750966233
σ,1087.975380372063,1.0019460660624313
