label,ess,rhat
Overall,621.4026267856793,1.003540119776754
as,531.855897257381,1.0020813879089503
bs,739.792136479302,1.004569920878242
σs,517.5686181905106,1.005084270535489
ws,568.1847125350035,1.0072547845155109
ps,640.1314364844245,1.0018455869899492
es,516.7742687558231,1.0029165337865216
σ,982.3252616861203,1.0042691673490476
