param,value
Exponential mean,1.3210526315789475
Cauchy mean,0.8631578947368421
