label,ess,rhat
Overall,1138.8193124549946,1.0031858895791603
as,876.7999190483158,1.000894966620052
bs,1497.2740930732916,1.0052873526446358
σs,579.4940666276061,1.0042847569622355
ws,725.1413089595734,1.004554368541979
ps,1253.3757575595355,1.0028569757943497
es,982.2609459713724,1.0031592901522355
σ,917.3627223493213,1.0026052025500996
