label,ess,rhat
Overall,942.3576029494087,1.0044707383108997
as,803.6489689849243,1.0039916902102424
bs,1151.0313636307576,1.0044362651441094
σs,536.5598679915967,1.0074491616620944
ws,569.4797913438503,1.0051737254993818
ps,1044.924817468939,1.0044314701143935
es,688.8097655799654,1.0022743753051
σ,1000.7607200175514,1.0023124914930044
