label,ess,rhat
Overall,541.3046208634643,1.0044276034525148
as,443.42360370566735,1.0046528675995754
bs,669.5492730223989,1.0035292145673123
σs,431.9955348593693,1.0068508525098252
ws,493.61745389152287,1.0045384608496195
ps,561.6755511478688,1.004288237854121
es,450.16059833776416,1.0042208271315274
σ,766.1944821836473,1.0071343728874698
