label,ess,rhat
Overall,521.5259387217301,1.0065293388251677
as,456.88647151905093,1.0073488417826006
bs,597.2957456555848,1.0052049505413203
σs,481.4567156894982,1.0083469260002598
ws,405.9131931317543,1.005797575254393
ps,563.1628628456544,1.0070698788173718
es,384.62406566617074,1.0046752964522379
σ,1100.122604690524,1.004964546623018
