label,ess,rhat
Overall,644.8657253280401,1.0048679283362025
as,543.4289638852301,1.0044108658838076
bs,794.4074242141849,1.0036033633129653
σs,471.68795053203564,1.0110657872484783
ws,513.7946433531878,1.0065089599343102
ps,699.5794286167701,1.0039060650606308
es,587.9101185408094,1.0048429139458155
σ,909.0736370937506,1.0102340231045497
