label,ess,rhat
Overall,1038.5558269505466,1.0036653705856569
as,865.9758575331568,1.0022767055006727
bs,1285.5579140706054,1.0040554021400416
σs,606.9075442750666,1.0094574450631313
ws,659.5977568684124,1.0041789831460861
ps,1137.4556412488903,1.0031704200878295
es,946.0979191987557,1.0077503671194266
σ,1023.7773971192265,1.0130896506886657
