label,ess,rhat
Overall,930.4074473395946,1.0024392805727294
as,815.8449489655007,1.0014951671115175
bs,1108.835814582647,1.0030886854676733
σs,559.985407899636,1.0041485902570848
ws,640.7817012472304,1.002975969257254
ps,1007.4536339966133,1.0022835976055084
es,788.2208371789668,1.0024777758993761
σ,992.0726612323173,1.00339480813175
