label,ess,rhat
Overall,859.3118317203256,1.004991616237213
as,740.0673168819962,1.0051125327108408
bs,1020.6849586768985,1.00450861137666
σs,614.9658814345069,1.0070917288813783
ws,603.7306440756787,1.0061045596923366
ps,924.791602532324,1.0047608163390926
es,731.1010271973955,1.0042811557828477
σ,1039.6786935260227,1.004135610794215
