param,value
Exponential mean,2.542105263157895
Cauchy mean,2.694736842105263
