label,ess,rhat
Overall,718.2844619967141,1.005515027683653
as,581.9326072080115,1.0048772941899955
bs,883.8804961792478,1.0052723701742474
σs,548.6682215124952,1.0106212955014215
ws,513.6864392007373,1.0090043908150113
ps,768.9908590989231,1.0046328631193353
es,498.8602191261789,1.0038252140346193
σ,1178.4021603834797,1.0093661964926792
