label,ess,rhat
Overall,571.9412436624922,1.0053498437167019
as,424.60542043126446,1.005115211496417
bs,743.8839548790127,1.0050739446759673
σs,429.22129334779646,1.0083109250306133
ws,418.53318687765346,1.009331165976429
ps,614.5331404880883,1.0040546597827287
es,391.1788250898335,1.0127395985881933
σ,729.9517145972662,1.0049632956876948
