label,ess,rhat
Overall,1020.195634338723,1.0037510445921967
as,672.0027954322125,1.0033048257516008
bs,1459.1690644048692,1.0036613827133951
σs,493.6682056128344,1.0068591527646995
ws,629.5888113672187,1.0052428710371044
ps,1131.5738820428965,1.0035541015948461
es,708.5092681980607,1.000901257205296
σ,984.6943524777726,1.0010019658999403
