label,ess,rhat
Overall,467.6441058930451,1.0094360733885763
as,287.0288321114654,1.0142376067313739
bs,653.9105350799961,1.0046066587791316
σs,434.8674045418905,1.009597784735136
ws,343.3916707689369,1.0081491414780173
ps,493.65715929355315,1.0102238647862223
es,298.1498820648479,1.0032908486249845
σ,1049.0352118143492,0.9993557187554615
