label,ess,rhat
Overall,736.4364007842859,1.0048653179168565
as,588.7660629303823,1.0044720855717748
bs,924.005405521556,1.0049802941431074
σs,505.0241328607609,1.0064792034060785
ws,484.77145893701544,1.0112519327967286
ps,805.2946134442055,1.0031633289104591
es,528.6817247213381,1.010976088187264
σ,866.7308474012657,0.9976998711246505
