label,ess,rhat
Overall,483.92823484266,1.006169162095091
as,441.909768495041,1.0055226484440414
bs,541.215370384996,1.005763959348683
σs,428.96102574167844,1.0099553411259397
ws,419.53131891825734,1.0102958762408847
ps,498.52332078418715,1.0043742990048536
es,449.83485465060625,1.0070035813034937
σ,945.4057518398944,1.0016461942749348
