label,ess,rhat
Overall,646.7540371823475,1.004043448307934
as,579.3787678491046,1.003693883679768
bs,753.8032294905455,1.0035688354613848
σs,503.92791447250886,1.0070104872169083
ws,524.1474049652791,1.0059057712373436
ps,690.1866322645549,1.0033557739706866
es,613.6487950661938,1.002902219617899
σ,1054.9966358820793,1.0018575633035107
