label,ess,rhat
Overall,873.7438886004036,1.0040820816792875
as,642.6242020799897,1.0037381027379393
bs,1147.823539425179,1.0042270227221377
σs,624.5760956351048,1.005236501490577
ws,682.7041021452543,1.0035409845030412
ps,926.2101277230164,1.0042556996602345
es,700.6458445722551,1.000997594202301
σ,994.0379362330735,1.0084105596627635
