label,ess,rhat
Overall,924.8926708392987,1.0037116803496338
as,825.0205535900377,1.001686672322693
bs,1075.6532898180226,1.005014810151054
σs,629.7393608084153,1.007898574057656
ws,625.7257602542431,1.0047935039166138
ps,997.3430880051997,1.0035246940730465
es,862.0299142161327,1.0039123540679187
σ,1163.0010871430482,0.9993037913854891
