label,ess,rhat
Overall,1057.0716746058056,1.004840042360903
as,685.5087602163958,1.0040270133667204
bs,1513.3645833028595,1.0051912697727987
σs,565.6377076214708,1.0075184915381659
ws,716.6767732009484,1.002646025870547
ps,1158.0234338581897,1.0052717847739348
es,726.2056209981971,1.0065872440491574
σ,957.8581545648607,1.0069502010431444
