label,ess,rhat
Overall,825.1462196260671,1.0055069223938322
as,560.9669697867846,1.00398980883635
bs,1149.923579331045,1.0051872683591938
σs,473.67718240503746,1.01616017442813
ws,575.0989081210333,1.0090421189815062
ps,893.1544850077854,1.0043598928737956
es,554.2138667564564,1.0045157932141664
σ,1103.1819251032289,1.020124238662825
