label,ess,rhat
Overall,525.638994579119,1.0051281302561357
as,402.7170976945986,1.0054593595801753
bs,658.1861611983588,1.0043410572046112
σs,469.81243011774575,1.0077720238755454
ws,362.9239469366132,1.006705606866288
ps,561.743449528445,1.0045727665195672
es,378.3222432148183,1.0116191044479712
σ,1039.839231450133,0.9998739219059214
