label,ess,rhat
Overall,557.3958192791634,1.0045310508676648
as,500.83590101248654,1.0048385242192954
bs,626.4111940379433,1.0030887688060632
σs,512.5561759075925,1.0086163622235595
ws,494.40203812820005,1.0061838152121758
ps,565.7407254631996,1.0038852275785883
es,560.185805239009,1.0010124681685952
σ,1090.7736603860972,1.0085264496476591
