label,ess,rhat
Overall,514.4293083951374,1.0047702261572655
as,462.8426934852795,1.0064419500182569
bs,568.251767134398,1.002778129589697
σs,506.3802706092858,1.005923567900946
ws,494.8396880656726,1.0033697345227954
ps,513.038163861841,1.005711138168505
es,468.43254944896574,1.0012317137023161
σ,877.6680281067557,1.0041894383885788
