label,ess,rhat
Overall,631.7414940810072,1.0071564058671372
as,566.1477833129286,1.0068259515278166
bs,740.9551629989214,1.0056976944569274
σs,474.7096447415993,1.0135974025654466
ws,516.4245440097532,1.0095956242587576
ps,676.4402686729866,1.0061329448501188
es,572.9795573422531,1.0082501395473829
σ,970.9006290220987,1.0023083042496812
