label,ess,rhat
Overall,612.8540865106492,1.0037893924453918
as,568.7185770439924,1.0024293827348887
bs,706.9828947392962,1.00367648016472
σs,432.8782109674843,1.0090919116136225
ws,572.6862864585513,1.0047612526439778
ps,617.2477377029059,1.0032923405803427
es,626.9995936983739,1.005280566679553
σ,952.3417417616972,1.0020680700853222
