label,ess,rhat
Overall,522.7624205278182,1.0052331024012446
as,485.15621838194954,1.0042435845405073
bs,576.1340463532258,1.006530921712947
σs,466.00689528147757,1.0041232171777699
ws,458.2904596244551,1.006043927607952
ps,530.4129318742546,1.0047364238540721
es,515.9770630872554,1.0078619668686
σ,1111.0833712419542,1.0031591132125242
