label,ess,rhat
Overall,462.24564397706,1.0053214512092472
as,375.81006019770126,1.0060054421849565
bs,539.028361471886,1.0039281289468347
σs,496.9959626013782,1.007875043841379
ws,428.17901751541973,1.0072826408399063
ps,463.7947698659335,1.003945276935645
es,348.1852369206955,1.0090383194726416
σ,1058.8887025187655,1.0101339702282097
