label,ess,rhat
Overall,737.6224162840169,1.0042642425651782
as,550.6867229074325,1.0037748797442752
bs,966.9695542577172,1.003950132869052
σs,491.63603762074655,1.0089243831639498
ws,536.0885921356903,1.0067052558314786
ps,790.3101574240122,1.0037235858257805
es,559.389580833629,1.0045661767373149
σ,983.4824022449285,1.0003197385164047
