label,ess,rhat
Overall,487.8810875937626,1.0090237891750877
as,348.46456929660866,1.0122548801268425
bs,629.1020968652379,1.0056454032150848
σs,477.41503994269823,1.009878100222925
ws,290.8455375047551,1.014013328948595
ps,534.687842540553,1.007994724866458
es,285.35910435504024,1.0086292473544116
σ,1010.627417693356,0.9993334823485869
