label,ess,rhat
Overall,526.4354737309868,1.005394280411252
as,432.9573530639714,1.0055296952091861
bs,632.7688200812657,1.0041783300966678
σs,480.15666127123814,1.0092842082711915
ws,469.09219624965925,1.0041424497684375
ps,536.4583343431979,1.0060097993020956
es,499.4830472110566,1.0046917425915864
σ,1007.8652806292912,1.0058178326024227
