label,ess,rhat
Overall,494.0094260692433,1.007301188368329
as,402.98154129855334,1.0103399106302346
bs,601.3343169398428,1.0044240824772317
σs,435.3402041095704,1.006719369433421
ws,460.378758873051,1.0056715462632893
ps,494.5367900044255,1.008034788724548
es,461.4291508807213,1.0092305397286467
σ,949.026520485867,1.0039245816464875
