label,ess,rhat
Overall,909.0098943344418,1.0034217714656208
as,750.7173919681287,1.002590587873312
bs,1135.7682297631986,1.0032698570624712
σs,511.90806257227234,1.009123739839279
ws,587.589722854561,1.0050570124686558
ps,994.5880738391679,1.0029307274212669
es,742.3405092416688,1.0036523402642863
σ,991.6381060517097,1.0069078559608566
