label,ess,rhat
Overall,777.353934679299,1.0064747500877467
as,575.3350986748069,1.0085361020755739
bs,1016.6738436593016,1.0039204549821203
σs,561.0077114213384,1.0093338201709783
ws,575.0234554294171,1.005620048430712
ps,829.6008646705324,1.00691106258142
es,602.7235046766422,1.0044087836859354
σ,1046.7279061039985,0.9999201030794532
