param,value
Exponential mean,15.666666666666666
Cauchy mean,2.6666666666666665
