label,ess,rhat
Overall,142.58810553891493,1.116929234546377
as,103.65412551496658,1.1380987859217742
bs,159.4685915619446,1.0719781397313992
σs,221.98068394222224,1.202542790928868
ws,61.612864160045284,1.2337870973167644
ps,161.5321960573285,1.0409135185955125
es,8.687983929456493,1.4598830630056168
σ,889.5448918255147,1.0051358391057255
