label,ess,rhat
Overall,164.2804448262348,1.0303427055398044
as,102.1220135583604,1.0365145490203083
bs,191.77343222249277,1.0208435122800137
σs,289.076042764054,1.042321164745237
ws,156.62405655377407,1.0334436084422916
ps,141.75523199789794,1.029143193201254
es,72.93608973164277,1.0424810437434622
σ,1024.5013478217068,1.0000425151049541
