label,ess,rhat
Overall,15.821145022647057,1.4929807305966387
as,15.812274686331705,1.4739225042630888
bs,16.716866859589242,1.4977820555159136
σs,12.628479620390461,1.5443055756880288
ws,12.6858451840421,1.4808951927312686
ps,18.277241752338572,1.4870207733669625
es,7.090716760276493,1.5919155316979472
σ,7.047084638668232,1.5950964707500441
