label,ess,rhat
Overall,995.2294784500542,1.0052690925174697
as,687.1893292354639,1.0046263207296648
bs,1390.3655349517974,1.0042621289439913
σs,490.07321618457,1.0148375576129156
ws,575.7786459244995,1.007558161127695
ps,1109.315134534697,1.0045935859017707
es,790.8821907310364,1.0064482212694383
σ,961.2225521318861,1.0078663292443804
