label,ess,rhat
Overall,920.2571610304394,1.0047777407608836
as,725.1499508406908,1.0053227295201836
bs,1180.3903857353798,1.0039277143780798
σs,543.1062768423261,1.0065469589772105
ws,540.5402345093255,1.0060785893375856
ps,1023.1164210371276,1.004512290227847
es,673.805780446108,1.0037275109218227
σ,1032.5185601314402,1.0040096431043641
