label,ess,rhat
Overall,710.8662920564078,1.004837745354705
as,499.8858438512986,1.0063909058637102
bs,945.8662732236501,1.003268956286493
σs,571.5530008760339,1.0049283909981073
ws,555.4837120802968,1.0072576857637927
ps,740.7329641751679,1.0043714998449167
es,685.7399239458027,1.003320398403754
σ,1192.1097262904577,1.0012129388173963
