label,ess,rhat
Overall,743.8544354439583,1.00393740754342
as,539.3447886791174,1.0041707367716102
bs,988.8905624235797,1.0036220877565378
σs,508.80085019823525,1.0044129527838346
ws,556.7193813522664,1.00228057323274
ps,799.6868692220032,1.004341880660335
es,483.41770357577616,1.003931320044562
σ,830.3917269344889,1.004416884657379
