label,ess,rhat
Overall,999.5018157834444,1.0042133423430017
as,687.4924926200506,1.0029024524526318
bs,1398.3321934841767,1.0051805448394575
σs,495.9396994668822,1.0062067292277064
ws,650.792887108145,1.0052350385684645
ps,1098.7543454271133,1.0040660018122527
es,720.6396749122589,1.003067984080836
σ,977.611818733311,1.0013160496377347
