label,ess,rhat
Overall,523.0951277456868,1.0062969966101913
as,408.6458902792597,1.0075626361926886
bs,649.512417324011,1.004691040186872
σs,453.6804254966851,1.008270834286964
ws,420.3609833265753,1.0097988671090616
ps,543.3345975468454,1.0054068869873347
es,407.1893422651118,1.0092208960332063
σ,1016.2218812805688,1.0011520136748382
