label,ess,rhat
Overall,847.6212585857056,1.0026044113466472
as,719.0847501219976,1.0014335388972164
bs,1041.1350682931447,1.002947479655544
σs,470.75291137206597,1.0074056753617466
ws,600.8934109361379,1.0075205098624136
ps,917.3850628784975,1.0013266755122152
es,646.6738499138037,1.0024050989518862
σ,861.5876416703207,1.0053411739997105
