label,ess,rhat
Overall,608.7593080489389,1.0040646153008397
as,502.6642213235764,1.0019547434664273
bs,756.5299525491573,1.0038206775445992
σs,458.72730005945795,1.0125383298271895
ws,552.468875805767,1.007359749189402
ps,631.0650608041947,1.002637517298192
es,482.4504417760163,1.0021789626258424
σ,956.9126558762016,1.0053988620569303
