label,ess,rhat
Overall,538.9317299440974,1.0056501901383281
as,449.32645161826,1.0054804882802244
bs,637.8818655598682,1.0056833491705381
σs,505.2902437003381,1.0061417443115468
ws,461.992469172986,1.0044646398197095
ps,560.8607117936865,1.0062689225496433
es,506.6825146738203,1.0044030641118842
σ,956.5477616486721,1.006284003320446
