label,ess,rhat
Overall,465.8604736006146,1.0085717391220237
as,374.86909810842803,1.0103135577163298
bs,559.1487267411857,1.006618626581489
σs,457.5917140664299,1.009332397328444
ws,409.8773110392356,1.0094095992901593
ps,481.59620268762416,1.0084489033561035
es,354.5780132779739,1.0096889017149726
σ,951.0943887201908,0.9994768218324069
