label,ess,rhat
Overall,626.34016961101,1.0026740234638916
as,574.1991370281137,1.0012307139503163
bs,713.8334411346239,1.0033982153906638
σs,499.0721094244267,1.0052628467763838
ws,622.2002815479858,1.003545932321827
ps,619.6143992600194,1.0020262193161111
es,531.053545997371,1.0055747140550744
σ,1041.462102720336,1.0032526438286116
