label,ess,rhat
Overall,949.0093537816891,1.004099483314212
as,694.4957444672323,1.0037872385375122
bs,1272.889787458484,1.0041455950610927
σs,546.6817724801285,1.0056430548871638
ws,611.196832083533,1.004705930385173
ps,1046.2860093375716,1.0040943152711337
es,621.2834427140374,1.0037418954153359
σ,988.9319696125083,0.9977853603282024
