label,ess,rhat
Overall,543.9607908325655,1.0077156308222506
as,338.55771383884826,1.00954305998974
bs,757.9943296704186,1.005335807323673
σs,493.90411213657933,1.0109195179425572
ws,389.0590422055188,1.012838124205328
ps,578.7914123813134,1.0065383484519448
es,363.01787058702485,1.0068093375148868
σ,1092.7977805083171,1.0045678506147167
