label,ess,rhat
Overall,810.2629847722059,1.0046652684899284
as,552.1275069946438,1.0049371381456371
bs,1124.750493430769,1.0043394354064317
σs,483.42120566239663,1.0049782563710976
ws,614.5402743105068,1.0036897070798874
ps,868.542574737549,1.0050429710262725
es,541.092577642708,1.0040194239218616
σ,899.8560062351027,0.999533972802022
