label,ess,rhat
Overall,717.2346796701446,1.005552757801417
as,535.7834794096718,1.0074948495766511
bs,926.1851715825358,1.0034199302911455
σs,557.7387880890153,1.0066590250646308
ws,519.7567158334516,1.005856166014323
ps,771.6601762389496,1.0050203086668126
es,492.79673884834153,1.0141107220574417
σ,923.4222920514269,1.0103534891954984
