label,ess,rhat
Overall,612.6374301075886,1.0046925978543848
as,506.2191476463322,1.0057954906237754
bs,762.7101529284114,1.0036891159454882
σs,455.48144481314847,1.004334718756607
ws,569.844336518382,1.0065111054844538
ps,625.3388361267607,1.003931386699632
es,549.279268989769,1.0052358153193985
σ,922.6343189152282,1.0015755613871016
