label,ess,rhat
Overall,651.1109796342035,1.0064526235629336
as,600.0868051847469,1.0062101687358056
bs,758.6773482062105,1.005767111356318
σs,447.5590807930213,1.0097933048844099
ws,547.5381035403806,1.0092285213746004
ps,693.448828268124,1.0051449376454689
es,546.7810671408243,1.0082094340685082
σ,1001.8612532648991,1.0036280626658647
