label,ess,rhat
Overall,408.2755788706443,1.0111510246507223
as,334.2154589466468,1.0163207223624404
bs,464.4576401649555,1.00757757254825
σs,472.63658993751505,1.0054045404574379
ws,387.77834197609064,1.010060509379568
ps,397.5080454189974,1.0122492549890194
es,321.5150663188937,1.0076093701829203
σ,1107.7193164516093,1.002766528044456
