label,ess,rhat
Overall,477.3154143873517,1.004632397795415
as,372.7974760929917,1.005113056319911
bs,584.5037564573654,1.0034817114742607
σs,467.70196079499766,1.0070444978633852
ws,415.3137832465095,1.00490055194229
ps,493.1907492471104,1.0047258240904244
es,372.1061614293279,1.0017337187776523
σ,1018.9947876397754,1.0047828223981925
