label,ess,rhat
Overall,7.603345546239337,2.009651010860288
as,6.381860994915055,2.0270948256175196
bs,9.31581150625713,1.8829939399890787
σs,5.8358124749426885,2.4028187328706037
ws,6.699345840774259,1.8999310599608898
ps,8.206333147552503,2.066649329854904
es,5.434804891558176,2.1147313976597055
σ,7.110745687040258,1.6341733541942063
