label,ess,rhat
Overall,7.955423060581685,1.8869258020629467
as,9.276363780658363,1.8626945508396764
bs,7.147292271175989,1.8856578865569031
σs,6.109307310166129,1.9787228022884786
ws,11.847136720019064,1.5585746313700033
ps,6.430011051946509,1.9557005707401522
es,4.900297031832503,3.1135210668553372
σ,7.0258234293460085,1.5858053351861743
