label,ess,rhat
Overall,406.74545770135705,1.014673647578292
as,366.17823422268424,1.0139463053836428
bs,453.1970766457855,1.0120657177863623
σs,385.5616340246372,1.0266806267299748
ws,371.6287888573584,1.016082372150662
ps,405.87444502195336,1.0136197481337654
es,285.66155304458164,1.0171744672616807
σ,1092.9596228073892,1.0201686989007595
