label,ess,rhat
Overall,87.00166983048831,1.114313950714455
as,66.71185729196215,1.1667657145905386
bs,89.64332824543872,1.0457195882557775
σs,150.53502467536092,1.1724273056117938
ws,37.4704194474834,1.2258753045641455
ps,93.32580426697717,1.0422940994539807
es,30.992944221477934,1.4305150505024664
σ,628.9666302958572,1.0156916377144938
