param,value
Exponential mean,2.236842105263158
Cauchy mean,1.6263157894736842
