label,ess,rhat
Overall,478.3054724495775,1.0111580704637584
as,375.1436987457484,1.0132518827521362
bs,613.2985614186762,1.006517279785812
σs,363.7127374946073,1.0203271926662065
ws,402.6155127897687,1.0073693179441443
ps,505.28852729308267,1.013503446987294
es,360.65053399437926,1.0070910374313953
σ,920.335439346547,1.003777377151929
