label,ess,rhat
Overall,887.0791450403658,1.0039849473601254
as,656.4868419885038,1.0028993185464794
bs,1186.8523691624982,1.0045910108055667
σs,485.8298028327954,1.006766426495714
ws,620.6406863192911,1.006186999161723
ps,962.1038882515641,1.0035222922798537
es,653.5161409253284,1.0036742316293026
σ,950.278983785823,1.0003892010556472
