label,ess,rhat
Overall,508.7702668637904,1.0074747204633707
as,418.36678957163997,1.0100623273506106
bs,610.7807379474151,1.0048187760238358
σs,441.44970287324196,1.0078710782666822
ws,383.14727104187523,1.0099158498433756
ps,537.1331123855913,1.0070649244549552
es,332.63590338000154,1.0061184622059178
σ,1007.098358647913,1.0005638928221614
