label,ess,rhat
Overall,736.1518200525804,1.0032793683487393
as,600.4671087700992,1.0025951560064195
bs,894.3236745794261,1.0038498610711246
σs,605.7263892352636,1.0039389421443625
ws,551.1001685092592,1.0033937974695901
ps,781.0686924777393,1.003046942786048
es,555.3622738114722,1.0075518196640108
σ,1162.340854647006,1.0045177432771728
