label,ess,rhat
Overall,912.9790547234534,1.0038948880560967
as,731.8194987036162,1.0041672590903192
bs,1169.3312480410893,1.003049906274423
σs,476.86175839621876,1.0072160303913131
ws,607.604548315835,1.0047556862507205
ps,1000.3920718008412,1.003676718333719
es,708.2718492393319,1.0041781528766291
σ,791.0627228684957,1.0034709267536706
