label,ess,rhat
Overall,545.190113438225,1.0054669022571259
as,464.87182979038346,1.0064533774056021
bs,645.2579823329302,1.003804116233623
σs,430.6425190064151,1.0093895053322806
ws,358.7976510150232,1.0143706462358157
ps,587.3253526572347,1.0033698081892566
es,473.62278060624107,1.0027507229764983
σ,902.542845668144,1.0047148483318449
