label,ess,rhat
Overall,825.5333546289901,1.0035897553697746
as,672.0314739910236,1.0043368601514884
bs,1018.6309394655099,1.0028605671673085
σs,595.878270277383,1.0034858392101378
ws,621.6707564547896,1.0026005691948152
ps,870.3625873230156,1.0038428342712375
es,761.3262235987718,1.0032329827088091
σ,1248.4956254666224,1.004025747520981
