label,ess,rhat
Overall,791.8219957452288,1.0059881550526104
as,599.5251361963354,1.0086039416965489
bs,1026.3886990180565,1.0031785509109008
σs,546.6569021464096,1.0071122965396857
ws,482.3774672693026,1.006479757792449
ps,873.4892108230384,1.0057196454091648
es,537.5220686305602,1.0077602856981573
σ,1093.7298679508037,1.0094331237688439
