label,ess,rhat
Overall,1007.5136240037821,1.0044170574807638
as,752.0468183868564,1.0026599662840612
bs,1327.1562909885647,1.0059226193970179
σs,635.2936280702127,1.0058759273073654
ws,632.4395985236132,1.0048180267083107
ps,1111.9404646737294,1.0043659000303118
es,723.6338621162752,1.0022603063442286
σ,1063.6731013833535,1.0063744866449718
