label,ess,rhat
Overall,498.74389193077576,1.0052225759415663
as,358.85177830432787,1.0057785263367893
bs,649.306159323056,1.004107524016947
σs,436.85700008894753,1.0084653648120665
ws,381.17721637938894,1.0068911155993476
ps,525.3818269688988,1.004781016224759
es,378.8864984872006,1.006418314785095
σ,870.6379036046593,1.004003488767886
