param,value
Exponential mean,1.0157894736842106
Cauchy mean,0.4052631578947368
