label,ess,rhat
Overall,660.8291938608752,1.0061705239360503
as,585.0145319699611,1.007064700923881
bs,787.5058676336889,1.004465031791642
σs,477.7259510860369,1.0090912584997302
ws,547.8906233680493,1.0053703646133727
ps,699.1508641811923,1.006475281267958
es,617.1729114773843,1.0064052787998707
σ,1107.0411762135225,1.0073792354509403
