label,ess,rhat
Overall,519.6064566354285,1.0064307867577484
as,414.6335411999335,1.005712496729092
bs,640.9140600400929,1.0073672280164498
σs,460.80157994641877,1.005645442329585
ws,456.57311503276406,1.0072309661228598
ps,533.931830912989,1.006479506896001
es,450.73456260652176,1.0053063003064282
σ,1041.2906127086444,0.9978108836844843
