label,ess,rhat
Overall,667.4333748331189,1.0033549299567035
as,622.7438599616154,1.0027531199146074
bs,754.8232949819683,1.0034885036188004
σs,513.7119158346748,1.0050405809246992
ws,586.6231440089443,1.0039781247751456
ps,703.6659811747676,1.0027536061945206
es,516.4655836804661,1.0069600420807325
σ,997.0439621456544,1.00430078570409
