label,ess,rhat
Overall,820.4067556891579,1.0049078829351432
as,662.0995579729409,1.0072643762878377
bs,1017.862151764737,1.0024703282515093
σs,593.3472052048585,1.005378038654593
ws,613.9895876580779,1.0029276756199146
ps,866.010150566001,1.0056059680652667
es,847.9211180454142,1.001773390255134
σ,1053.4210932611288,1.0014312698319852
