label,ess,rhat
Overall,989.8290471859635,1.0036154221672462
as,933.6872669647529,1.0025948322592229
bs,1121.2618986672696,1.0038555767954747
σs,553.1408338774035,1.008141946790061
ws,634.2227387919459,1.0073445061320712
ps,1079.8592431632396,1.002644217072653
es,946.2154350861156,1.0051852914763133
σ,1022.8825652046047,1.0023445205117005
