label,ess,rhat
Overall,1136.4802654005614,1.0042397971250754
as,953.2825375702444,1.00366171057173
bs,1409.5552435196073,1.0039866631184815
σs,615.1922137259336,1.0090608763727231
ws,719.7797775612711,1.0053335245291708
ps,1238.2175991772394,1.0038780054297636
es,1262.95586462856,1.004478741993663
σ,1000.5428997354998,1.0080031799137206
