label,ess,rhat
Overall,491.4707779487545,1.0059525433732144
as,433.9390331998056,1.0052993602033533
bs,549.1878046073938,1.006546114144186
σs,490.80376307386996,1.006167148009216
ws,460.499096867487,1.0097270096805484
ps,488.63976568616795,1.0042932133004938
es,482.2374328793953,1.0056550442416068
σ,955.2039598899366,1.004396527839161
