param,value
Exponential mean,2.8473684210526318
Cauchy mean,0.7105263157894737
