label,ess,rhat
Overall,654.8919169454986,1.0052865400361295
as,581.7704888070176,1.0046253600512396
bs,786.4970032838704,1.0041183328595225
σs,444.3507474258915,1.0118723338175186
ws,560.3231714771164,1.0070158231610093
ps,698.4920009989747,1.004637079348878
es,512.1184524083285,1.0057721884794564
σ,941.6616062500451,1.0004498235194625
