label,ess,rhat
Overall,452.7592086297833,1.005500732855125
as,389.4459708721813,1.0044785224259845
bs,527.1485093182099,1.00612198122977
σs,412.8853820788155,1.0069441962513088
ws,425.20570658916535,1.007438111158632
ps,457.9042200294177,1.004686281328747
es,364.98293630267335,1.0071598295741384
σ,825.1834813809265,1.000109739460845
