label,ess,rhat
Overall,529.3561029190474,1.0064030876228607
as,445.4453776904936,1.0068584545330683
bs,623.2239080909491,1.0054050821776792
σs,493.51061512299555,1.008356586348767
ws,476.8143295797667,1.006486682252807
ps,542.0671748262919,1.0067560077451678
es,449.08094263597906,1.004305865411804
σ,989.9198339681988,1.0004184733056318
