label,ess,rhat
Overall,467.6172647598646,1.0058499324280388
as,378.9316728704108,1.0059284637477532
bs,558.8974906983566,1.005728656695066
σs,452.56838727544346,1.0060978500249433
ws,346.81550053302817,1.0085478661795697
ps,490.939067973489,1.0051224593154664
es,366.3023039957922,1.0098919671295126
σ,1000.4218027560752,1.0003093674101975
