label,ess,rhat
Overall,1315.671144473549,1.0038811611923444
as,1029.8025794135037,1.0030519714294066
bs,1721.2267575692733,1.0041404405382537
σs,621.4862658666082,1.0071866416111104
ws,760.2353537766112,1.0047636669026663
ps,1452.862001267011,1.0037989524630737
es,1499.2826571676505,1.0004154592423142
σ,1028.516481362414,1.0041685155735323
