label,ess,rhat
Overall,651.0377823687469,1.0034906461632667
as,526.6934109670473,1.0018631042766706
bs,797.585709433485,1.0053036519649896
σs,522.2571595231242,1.0024149554555304
ws,421.66473708910644,1.00837407338096
ps,701.0942865898356,1.0023059640491216
es,631.0040261911229,1.0040030220598735
σ,1040.869635467428,1.0007295092366917
