label,ess,rhat
Overall,461.7825310886889,1.0058638310320525
as,406.21901198943146,1.0063937208841838
bs,511.00221210305,1.0035861940190027
σs,484.62034819431636,1.0121557208113587
ws,409.4303677299804,1.009680151513374
ps,466.6869257191014,1.0045077930942923
es,370.4982312758902,1.0042602249746115
σ,1145.062830628069,0.9985321837528449
