label,ess,rhat
Overall,660.4918614346386,1.005075976093861
as,606.5893467738492,1.0065394723809369
bs,756.5978715187091,1.003683151190425
σs,508.55927791082723,1.004821559112758
ws,588.663466224389,1.005472226365579
ps,687.1918674090394,1.0048938494841564
es,533.3793340171267,1.004551725244542
σ,1082.457503458237,1.0061047663842009
