label,ess,rhat
Overall,584.8262458179744,1.0062158572099902
as,452.09432010804744,1.0048351751522746
bs,750.0888818420069,1.0067454772251891
σs,467.7156886871937,1.009279680563052
ws,475.20035613731625,1.0069831090365482
ps,627.7101510322796,1.0060235850918704
es,457.3869035018047,1.0036933207435847
σ,1040.234071046271,1.0070529832952342
