label,ess,rhat
Overall,526.6784557015243,1.0056180999598883
as,469.4634442218689,1.0067681526008398
bs,585.5267020636934,1.0039523286548144
σs,520.7988101244748,1.007474687150727
ws,537.9102777798917,1.0041719100037783
ps,501.5348419789045,1.0063232119238164
es,502.892584052091,1.0051124005347896
σ,1093.202290848095,1.0056508672212732
