label,ess,rhat
Overall,804.3637657135336,1.004016872588068
as,558.463839941157,1.0021432929510166
bs,1104.604442440986,1.0049034082965291
σs,489.18741017409366,1.0097417273738896
ws,537.2734195940777,1.0060835222905335
ps,877.1561487940503,1.0035845579511606
es,569.7670259081375,1.0037163727203804
σ,984.6070108929865,1.0005691784653943
