label,ess,rhat
Overall,560.2009915206054,1.0065497078238053
as,385.89650138657083,1.0085238743016747
bs,750.8938468189441,1.004103677405392
σs,465.1484735676419,1.0092865186789612
ws,403.9549851122033,1.0086851480682633
ps,599.2473027178036,1.005897075524683
es,372.7624824078771,1.0107837881024064
σ,935.8071491813776,1.0037826146909687
