label,ess,rhat
Overall,643.5186513552246,1.0046131003516203
as,514.5898666331037,1.0034208836499399
bs,793.7046308076722,1.0056059542527591
σs,520.2269219193307,1.0057694045947634
ws,496.9706608112197,1.007055700704939
ps,678.2329332759551,1.0038124977474
es,478.39589286829994,1.0118281913514795
σ,1066.0545226620693,0.9993006391146589
