label,ess,rhat
Overall,947.8967161943546,1.0045045305494826
as,636.4812703943207,1.004277204485034
bs,1341.3068348781453,1.0045486749865906
σs,472.3276134685656,1.0055669839880568
ws,604.5177641648351,1.0031602889807896
ps,1049.1013740420665,1.0050512977719679
es,626.9477099047349,1.0014554028779012
σ,852.5185764376579,1.0004888580376707
