label,ess,rhat
Overall,15.110198899077595,1.461823470431649
as,23.15641159819136,1.3707610166515523
bs,9.360160332844725,1.499937048507624
σs,6.84397202070639,1.6524394229664856
ws,10.366042598237273,1.513311801495803
ps,18.281717471877364,1.398149186723115
es,6.311673380378501,1.9278335101846462
σ,7.17764265376572,1.5674747945776826
