label,ess,rhat
Overall,17.733646194569367,1.4324264607872208
as,16.791867832288823,1.4583009966477236
bs,21.36882547172277,1.3664247962085032
σs,8.037402901027052,1.5768841241727942
ws,8.826617236945262,1.5009464932487486
ps,23.129938083081644,1.369319362385112
es,6.420182463593498,1.75343334324345
σ,6.941332046691023,1.608956864791254
