label,ess,rhat
Overall,125.24820233522955,1.3876045535780508
as,168.7160845396281,1.4510746536639987
bs,109.9011063578385,1.3128976480846795
σs,24.01337191800266,1.4280570530447745
ws,40.79390754167962,1.3807765155667004
ps,177.80999018963334,1.3742818001501456
es,7.579464640382588,1.5326578094279673
σ,7.4307310330252365,1.525826087139959
