label,ess,rhat
Overall,476.9270311580628,1.0065867134582642
as,407.37092301513275,1.0105863789708682
bs,549.3618564226941,1.0024318845543054
σs,466.56364951993817,1.0071453016671417
ws,412.6424247388732,1.006054781695634
ps,485.7449642188318,1.0065293694184538
es,438.76641199731074,1.0127416555379036
σ,1095.3972869298461,1.0021509554856174
