label,ess,rhat
Overall,531.6189029315624,1.0045746559876985
as,410.93770745106957,1.0047195227752417
bs,667.1221842605121,1.004227067420273
σs,478.25939387711804,1.0053044543952727
ws,481.702150640029,1.0082330257163512
ps,538.1547524334565,1.0029235904268654
es,467.6275393986423,1.0046298128267814
σ,1088.6705704465592,1.0034916101473543
