label,ess,rhat
Overall,1006.3319685136723,1.0044734788121326
as,742.3823953845472,1.0035512204077899
bs,1352.4573860859828,1.0048192578458341
σs,529.7120707431957,1.0078170591618512
ws,668.9319010701535,1.005402940498053
ps,1097.6585999185354,1.0043977474486778
es,865.1907116259154,1.003413624537436
σ,953.7369841779812,0.9990747525763131
