label,ess,rhat
Overall,794.751883551691,1.0037038372293814
as,608.7448864573788,1.0044407817066845
bs,1016.1192540202821,1.0025875555141375
σs,589.6617179808737,1.0059039932094354
ws,591.8913271016863,1.0041929986771125
ps,845.6270161531592,1.0035172377404629
es,656.9822569498983,1.0063467102924122
σ,1062.611449284866,1.001504929198633
