label,ess,rhat
Overall,937.559188085333,1.0038371050539046
as,772.6705812069074,1.002715884069679
bs,1166.34612079208,1.0046293697569595
σs,566.9488982810686,1.005745051484693
ws,596.4376496068402,1.0067394791399662
ps,1028.172279459696,1.0032118504347
es,712.787233815425,1.0023220158645954
σ,1131.1331723976316,1.0020510161215967
