label,ess,rhat
Overall,528.3257529375521,1.0092591489166685
as,417.55245020846996,1.013835429234324
bs,646.9209102153907,1.0047331769512178
σs,482.9589965547636,1.0089673604738798
ws,424.675314196177,1.0077127455120658
ps,549.6262737533881,1.0098155792553418
es,412.4197581266252,1.009315191963993
σ,981.5180082957801,1.0009952474209176
