label,ess,rhat
Overall,896.5037175648364,1.0064556942981453
as,552.7878489553623,1.0078799269701268
bs,1310.2157399253776,1.004863410947322
σs,490.5260258086456,1.0074303882354265
ws,538.0789009339226,1.0064469563349077
ps,1001.2005541596503,1.0063375170611373
es,498.62802461566196,1.0115723959979324
σ,967.9047464830766,1.0019996538338165
