label,ess,rhat
Overall,829.919850186978,1.00313022535219
as,635.0924048870373,1.001896546317215
bs,1087.0350994548874,1.0035232800262042
σs,468.65058717276054,1.008005846645768
ws,550.3395657971355,1.0037782571203961
ps,907.4178228931934,1.002863113351131
es,612.0102406457986,1.0046136952463813
σ,900.799792049112,1.0052082803961682
