label,ess,rhat
Overall,476.32677837985295,1.0078918671913797
as,299.46865037796533,1.0123912082181445
bs,669.6555746107942,1.0031533183742734
σs,380.7969026513413,1.0092792723753572
ws,310.2552453043598,1.0125895459106944
ps,521.1060316429174,1.0066918090327721
es,265.90922720541914,1.0110844096534695
σ,740.616121007548,1.0027374292485807
