label,ess,rhat
Overall,544.9361622075045,1.004986732991094
as,422.6155641119352,1.0060108901319988
bs,685.3809693512305,1.0038481887965192
σs,439.8157497281968,1.0056501779023814
ws,354.38301642336177,1.0058405263350203
ps,592.9727448417763,1.0046046265839261
es,354.72301858589583,1.0093298015400243
σ,906.2442324153961,1.0043961833101727
