label,ess,rhat
Overall,917.3946197250515,1.0033883023330803
as,690.8059027916628,1.0022514995477727
bs,1208.4623403395703,1.004210542809407
σs,543.4163983744958,1.005212763725171
ws,628.2308274426558,1.0037534475882433
ps,999.1761490975922,1.0032805554768494
es,648.6937886814308,1.002987002457676
σ,999.2483793190995,1.0049810081210162
