label,ess,rhat
Overall,860.1964214829449,1.0058967381848296
as,595.8069413243467,1.007506120232901
bs,1184.8881203697804,1.0039869357863098
σs,510.44355285916737,1.0076391762174324
ws,546.5853165383797,1.0064450954586512
ps,946.0382624009573,1.005878582243695
es,596.5936632826828,1.0042018973445983
σ,1030.326833153669,1.0035776177538882
