label,ess,rhat
Overall,691.7452232470471,1.0046486895592397
as,484.8756742858679,1.0037915785649685
bs,934.5632017270826,1.0049018402454581
σs,483.2443320376795,1.0081516593459425
ws,463.59390536870563,1.0054670185335797
ps,748.0570607189175,1.0045135903889981
es,520.3432760607658,1.0042588797339254
σ,1069.3967335099253,1.0020931216893771
