label,ess,rhat
Overall,549.5553365511342,1.005833353407483
as,387.0730791459297,1.0066301744850852
bs,729.0182701915303,1.005299220369399
σs,451.0674143870218,1.004309762778279
ws,390.8890392228891,1.0079112815627307
ps,587.9742239788212,1.005268774038048
es,374.5864718696431,1.008682401254457
σ,959.3820373240784,1.0022999295834447
