label,ess,rhat
Overall,549.1395553422515,1.0072717181586937
as,499.40539634241964,1.006238193124734
bs,619.9670007557924,1.008022450023991
σs,473.2037242528978,1.008289773565877
ws,490.3418503772864,1.0099014069047088
ps,568.6068711220939,1.0064067446583607
es,490.1311034243337,1.0058086869039577
σ,866.5787084817595,1.001130826724633
