label,ess,rhat
Overall,618.6742079209954,1.005146421887908
as,530.6618771263769,1.0030962762842561
bs,745.6419739103749,1.005863296088181
σs,478.4346412198553,1.009946198940072
ws,557.3483263023066,1.0038557097029697
ps,638.7734398488105,1.005717792107999
es,495.85441120574524,1.0063284073038923
σ,1077.644350652565,1.0034153715528262
