label,ess,rhat
Overall,584.8366852184014,1.0054956291620918
as,552.6339364811497,1.0052852068428733
bs,655.6580142932272,1.005502879055947
σs,445.8097960031347,1.0062270498934036
ws,571.1373328414669,1.005366661547841
ps,577.1271000780997,1.0057345910339275
es,533.0985971023647,1.0061042381798286
σ,1053.1543036215362,0.999613013829917
