label,ess,rhat
Overall,550.7480637321422,1.0045730264913173
as,380.8220044898974,1.0046702534694745
bs,737.5314349428775,1.0040116423594532
σs,452.9756543148959,1.00726513798282
ws,386.80156243078886,1.007271409038712
ps,592.2108855041267,1.0036799023095833
es,344.68673848165986,1.0102769347730778
σ,940.0132847940854,1.0036545800823065
