label,ess,rhat
Overall,957.1130608086078,1.004319835446272
as,735.452595062571,1.002522877261423
bs,1247.4964239603876,1.0057312279314652
σs,558.5202558552971,1.0065561165042778
ws,604.0322463396171,1.0043966829250244
ps,1056.795550757349,1.0042628293836804
es,652.0366455483736,1.0050524537808332
σ,1019.4761474173804,1.0046687200365254
