label,ess,rhat
Overall,499.4596674035674,1.006674910013201
as,386.839177543101,1.0083532271916076
bs,626.3776977793309,1.0051941794100896
σs,416.53393241484343,1.0055289078764869
ws,306.22426645046863,1.0111716137252722
ps,547.0232712822761,1.005378618438343
es,332.85395220582325,1.0131536680070117
σ,868.4429230582228,1.0019789450739054
