label,ess,rhat
Overall,919.2194869825404,1.004667964485211
as,559.8545569109457,1.0038258026391391
bs,1348.1437788493065,1.005205979640412
σs,515.7751885705466,1.006432015292262
ws,602.5669334318424,1.0038397229199552
ps,1011.707591659705,1.0050723399693828
es,589.5887771385119,1.001632884363372
σ,938.8825247750772,1.0012670002717257
