label,ess,rhat
Overall,754.7066383011959,1.0044806751118636
as,511.2951579374216,1.00552402336084
bs,1039.6578847186183,1.0031201082744117
σs,513.7759951900387,1.0063205429250224
ws,562.6175542559928,1.0076647167799135
ps,809.6777492400239,1.0035993287234524
es,553.6027891105514,1.0095566052011722
σ,823.3700201611862,0.9984249415603769
