label,ess,rhat
Overall,835.5979594961158,1.0031868100909485
as,660.4751633632977,1.0020407570426397
bs,1061.8276227347671,1.0036315206920767
σs,539.1781302822792,1.007254596284597
ws,576.3594996891645,1.0047954697284138
ps,904.6276299013647,1.0029310076352307
es,606.1485728163786,1.001726200914126
σ,1091.9340710870429,0.9990826306694548
