label,ess,rhat
Overall,465.704080310976,1.0078602361808149
as,379.6447189170576,1.0112353934593665
bs,556.6331127188176,1.0038789360216733
σs,448.17326466085194,1.0100423505509388
ws,457.9361025206552,1.0052164662114607
ps,449.65555419555926,1.0092728942905067
es,435.3034451881782,1.0085058368201838
σ,1036.9827630412537,1.0015651636823482
