label,ess,rhat
Overall,444.98010618234815,1.0111025187967302
as,315.70308897364436,1.0175077965175405
bs,568.3080542451985,1.005553458301537
σs,466.39675510741984,1.0080201367845076
ws,433.4917187263368,1.0052196856338405
ps,437.64451440314895,1.0138459473657084
es,295.8429282668378,1.015196661308131
σ,1071.84049774468,1.002179088935166
