label,ess,rhat
Overall,566.8776823297519,1.0084364941940487
as,462.70540793819487,1.01193793305555
bs,709.2841865993427,1.0043865010936355
σs,429.2344547688319,1.0104112894541335
ws,536.4793869380369,1.0073950778602703
ps,567.7857585298818,1.0092075162875376
es,540.163109164574,1.0088589110517545
σ,961.4763921573182,1.000042082053277
