label,ess,rhat
Overall,638.09239435005,1.0059399438362788
as,605.0671186077282,1.0042956053419472
bs,729.9379493370221,1.0061222145955588
σs,426.33938906930797,1.0112033876824649
ws,489.6361950667753,1.0089101024513996
ps,705.5307649897065,1.0043290076926736
es,543.3191485202406,1.0064448931639176
σ,855.7156407778925,1.0111724815332785
