label,ess,rhat
Overall,198.66869008294216,1.0464073235260571
as,166.29009372471697,1.0193915226928085
bs,204.49514849973255,1.0666142501286242
σs,294.2563866721075,1.0709192707565125
ws,75.58268157527705,1.1053552630692636
ps,241.0144284405452,1.0109036184708395
es,45.88168786221987,1.1745789304053098
σ,880.2855993186887,1.0057851666847484
