label,ess,rhat
Overall,683.1906065171969,1.0059727974793389
as,601.5236125670816,1.0060153407191121
bs,832.6661846429791,1.0048693842399503
σs,439.07970348479495,1.0097919294779523
ws,607.6665473725872,1.00569955368821
ps,714.6464591532598,1.0061246455943338
es,582.5026084458541,1.0073810040685531
σ,973.0031438575625,1.0024872588045803
