label,ess,rhat
Overall,577.8887260931868,1.0045524258147465
as,463.5966845948353,1.0042570845641505
bs,711.3201562103294,1.0041746158105873
σs,508.9869270655392,1.006975770331867
ws,501.6126991655042,1.0072144073541949
ps,589.9513070801657,1.0033968333272718
es,478.525352173584,1.005791856405593
σ,1378.300691403133,1.0001751908340226
