label,ess,rhat
Overall,33.93326674643037,1.5299694455156743
as,32.33324470404893,1.3571209833137408
bs,16.19784373615157,1.7286364445706275
σs,103.5408689360072,1.4370227128448014
ws,57.079361279667694,1.4178466837424064
ps,8.669604922398698,1.5563499971259926
es,5.977104994704066,2.0735204387528974
σ,468.9476632758585,1.1024462584521637
