label,ess,rhat
Overall,586.3506242921534,1.006166341049136
as,541.3591554418618,1.0036448501115214
bs,673.6277988136557,1.006811523621109
σs,434.12208387579415,1.0129210511654445
ws,554.3223057125496,1.0072327043451779
ps,594.2140570590998,1.0055603555922508
es,511.00075034999134,1.008824950040812
σ,916.9409431911109,1.0038083853922966
