label,ess,rhat
Overall,645.7429800423641,1.0059811888911752
as,552.0307865526696,1.0055001508393728
bs,783.4151176697893,1.0053202583144538
σs,487.48718114653593,1.0100922759538613
ws,553.5389402452231,1.0081431368254505
ps,682.6152907280068,1.0052568618334907
es,540.9848322898476,1.0033763767304826
σ,1003.0276752863845,1.004079941501063
