label,ess,rhat
Overall,481.4065347140514,1.0079752749161142
as,412.4750862372651,1.0101198636936304
bs,570.0751726847167,1.0049766358119276
σs,410.35265253608605,1.011049856092127
ws,440.8038085251335,1.0066346998703273
ps,488.8320450971448,1.0089059950965362
es,385.611878364559,1.0070734056672188
σ,967.165291719617,1.001667189272372
