label,ess,rhat
Overall,511.9456664576795,1.0044492149406559
as,394.2155788489796,1.0057822851418305
bs,646.6488349755023,1.0023596997366728
σs,450.84257518483867,1.0071724169507672
ws,422.05739612090093,1.003747900193919
ps,548.4566469025774,1.0047570688600715
es,376.63350075871983,1.006619528945674
σ,911.9437503296039,1.0005201619866644
