label,ess,rhat
Overall,540.8395027901583,1.0059455794192886
as,370.5284792657235,1.00729884628305
bs,713.1699375060197,1.0049635101925647
σs,529.1269178798856,1.0037926331244709
ws,354.25216551235786,1.005693513428351
ps,580.0237728902977,1.0058445146048383
es,402.6026706826473,1.010302442742554
σ,1175.5162495321072,1.0051077557576258
