label,ess,rhat
Overall,654.1751999254479,1.0043887656592458
as,491.93241512616487,1.0053003291104825
bs,838.9506928381311,1.0036677861403953
σs,523.4854928677291,1.0032833788514082
ws,485.6999385310092,1.0042541176081952
ps,694.8769577116473,1.0045541119444847
es,466.1693204476808,1.002650231086434
σ,1098.2057218766895,1.001544989726013
