label,ess,rhat
Overall,1021.7203463831175,1.0048183541905793
as,674.3417539466334,1.0042333801808188
bs,1459.3308819657386,1.00379002920244
σs,498.3750761355229,1.0141754883784035
ws,574.6074432573743,1.0092463030187122
ps,1145.2879047649499,1.0035994763818248
es,688.6182743969925,1.008281674353991
σ,1122.036525536319,1.0032624627463895
