label,ess,rhat
Overall,1166.699844628642,1.0040588648942523
as,973.9665048144957,1.0028506159104713
bs,1454.8299911590416,1.0047271943832432
σs,613.3983656743774,1.007190397964035
ws,704.9854623780769,1.0051791231627962
ps,1260.7706667659656,1.0038114644524898
es,1774.7651917368732,1.0017363219213797
σ,975.7422748274347,1.0071360728220853
