label,ess,rhat
Overall,916.0767578552726,1.0033829774119163
as,772.2919269018956,1.0026198494417624
bs,1111.7101669905198,1.004049835803279
σs,615.3550044004276,1.0039413409689044
ws,763.5495114709661,1.002623419334132
ps,940.2917866452607,1.0036390232135264
es,1243.4477020804136,1.0031230518611705
σ,929.3404440972503,1.0007273269695225
