label,ess,rhat
Overall,1130.7143529356852,1.003763726242369
as,955.242433478543,1.0027275896725896
bs,1399.1255022887244,1.0044520998959166
σs,591.666819539479,1.0057807511565104
ws,674.695588514082,1.0061736669017338
ps,1245.0962376253412,1.0032261007681549
es,1155.9378199490359,1.0049324704822622
σ,1062.162126864713,0.9983129726124896
