label,ess,rhat
Overall,505.66062129769597,1.0075529191764583
as,351.106802669212,1.0099453537036913
bs,668.9607080875488,1.0054765649986104
σs,454.9322659617566,1.0057196531500254
ws,354.32502733089626,1.0117023493677195
ps,539.4505770148724,1.0060567881928
es,319.15499542982525,1.021852145602605
σ,1072.781126210567,1.0009755912446263
