label,ess,rhat
Overall,1032.7736370239695,1.0026508708090907
as,727.6859033350597,1.0017520294279763
bs,1417.0440841060258,1.0034120535646596
σs,573.5138993437164,1.0034492908372559
ws,713.4459070024672,1.0029876218373814
ps,1121.1977211706196,1.0027152092494684
es,788.532101779577,1.000630301884079
σ,1108.833428731569,0.9995627511814943
