param,value
Exponential mean,1.931578947368421
Cauchy mean,2.389473684210526
