label,ess,rhat
Overall,588.1239579262493,1.0068117002993366
as,482.9394438003407,1.0062243336807875
bs,741.9068128186655,1.0047243143927933
σs,413.1699311668214,1.0164408093896693
ws,514.5832427921266,1.0098516150280272
ps,609.4051800309385,1.0056068825646902
es,560.8555858304203,1.0034909674027384
σ,971.8375090054603,1.0082994504490528
