label,ess,rhat
Overall,529.913118097171,1.006918743147698
as,402.09467822722894,1.0085090508517136
bs,682.6641107877492,1.0040308193888434
σs,440.15592794288096,1.011590160945118
ws,427.74805668225605,1.0084904607283416
ps,566.8481503280135,1.005984108866482
es,408.8780597773035,1.0113031806374426
σ,1037.6531337139797,1.0035897485120961
