label,ess,rhat
Overall,640.9981232535669,1.0059001077607161
as,560.0696706827083,1.0064184874583297
bs,772.3082140415357,1.0045385712882169
σs,459.6242256719681,1.0089354721503039
ws,559.1214789436634,1.0085049143021212
ps,675.0877507553614,1.0046468671176272
es,522.4382605354823,1.0073243669063219
σ,974.3072653619101,1.0043781676929517
