label,ess,rhat
Overall,511.6977301067932,1.0044309043215918
as,439.28147000207287,1.005970650304575
bs,606.440457600758,1.0027457327284577
σs,431.32244750551416,1.004954436518132
ws,438.6797466762714,1.0051893855950709
ps,530.4796124562639,1.004002992220626
es,442.40880819141546,1.0077778168025004
σ,1038.1624340175742,0.9997610187031242
