label,ess,rhat
Overall,458.3506978388033,1.009035340674596
as,377.27875512218026,1.015331444826912
bs,548.5280681553015,1.0039619394356056
σs,425.57115847925286,1.0046336101866211
ws,440.59154481490594,1.0094965012727155
ps,457.8443769470601,1.0084859118162062
es,348.936820477388,1.0171410333901312
σ,903.452632033726,1.0015751783842177
