label,ess,rhat
Overall,593.2775662119948,1.0044525123261894
as,533.5964867819786,1.0028309763053325
bs,684.8918553839144,1.0047394435880215
σs,478.3180111411425,1.0092570894586768
ws,533.955091227341,1.008084719611103
ps,613.2456582394177,1.0029792809016376
es,450.9770459079522,1.004629976862223
σ,1070.5779139229273,0.9988151128734981
