label,ess,rhat
Overall,625.1800387433458,1.0047503062347451
as,557.6547123997842,1.0027967150662889
bs,725.7762046455305,1.006712334720031
σs,506.1250163323014,1.0047199318941609
ws,603.3113723767534,1.0046245056769714
ps,627.019100092509,1.0046855243287742
es,517.5956105067411,1.0082967420729205
σ,1054.9572965374139,1.0008513708069449
