label,ess,rhat
Overall,505.3224044447083,1.0083408930103497
as,393.8386683289109,1.0105315931649481
bs,630.7800624368062,1.0055695433799416
σs,455.0162856900268,1.0104312311232635
ws,461.735602549956,1.0085501616672288
ps,516.7241918563478,1.008090722797081
es,418.10243273907713,1.011038570808819
σ,906.3574978903686,1.0069387390758413
