label,ess,rhat
Overall,610.5077541101591,1.0077682221267907
as,491.25710015910033,1.0094240129939225
bs,785.1208652148198,1.0050417354302261
σs,411.2029083571912,1.0116227271127487
ws,512.5313404615065,1.009338232296639
ps,648.8729106599599,1.0072032953590377
es,516.445844958212,1.0084622583778096
σ,976.8544659030597,1.0022281235481474
