label,ess,rhat
Overall,929.8166044265876,1.0041122562683968
as,598.4695940072692,1.0031803796762953
bs,1331.6324558252268,1.00441202460337
σs,521.0973267465249,1.0077784841597413
ws,635.0727556749038,1.006025585933309
ps,1018.5938819065262,1.0038135092893823
es,642.0432208460261,1.0013257942672649
σ,780.9802375708668,1.001065079284408
