label,ess,rhat
Overall,514.1451917378073,1.0055802898849293
as,384.15251199560544,1.0066020803882434
bs,650.7948768671893,1.0047611690840814
σs,475.53456049216203,1.004404805610627
ws,380.6195666571389,1.0071475242399937
ps,546.6036043500033,1.0052037831346776
es,309.77087205488385,1.007797001936803
σ,967.1975266862622,1.0004123775324913
