label,ess,rhat
Overall,737.2322790433166,1.004894037893834
as,601.5847630074177,1.0039004868702515
bs,923.9692829772337,1.0053107731300335
σs,440.91324923481295,1.0082395694606583
ws,592.2292870595194,1.0026648694906282
ps,773.2898056862781,1.005502503176604
es,622.4121070041672,1.004494200093903
σ,976.1472480650398,1.0032374007592195
