label,ess,rhat
Overall,507.11992842304136,1.0048648553281916
as,470.55989657746875,1.004657156677942
bs,557.966074646276,1.0047076939782054
σs,455.68991666345863,1.0061783513290414
ws,427.36097695464497,1.0050363688109558
ps,528.2069322544841,1.0046532009996283
es,454.1293192702604,1.0060845987320444
σ,1021.9464647318541,1.0058702192699585
