label,ess,rhat
Overall,557.1651272400857,1.0063748776950365
as,401.4762085259977,1.0091084262304233
bs,723.8719010065906,1.0041963637648574
σs,517.5008490513846,1.0043767531162922
ws,434.5831610776288,1.0083581109503894
ps,607.2327584286439,1.0052879738075635
es,409.618719985275,1.0119525369449573
σ,1021.4831247966754,0.9996802612052652
