label,ess,rhat
Overall,707.9051905228697,1.0057635164183776
as,678.4466707722664,1.0056162129991273
bs,807.3458602167537,1.0043983832423558
σs,455.9694507270592,1.0112082881613567
ws,624.8084795689501,1.0079229098755662
ps,746.9032799305564,1.0050244853970263
es,645.6446985317739,1.0014493701182392
σ,815.6363813522416,1.007693894087525
