label,ess,rhat
Overall,500.1812277672228,1.0087927674925978
as,426.0808084196157,1.0106399387350578
bs,580.2232627768992,1.006158738276934
σs,478.79141138377327,1.0116254561961306
ws,467.26925556282,1.0063009831315295
ps,494.22337069079344,1.0099982834755818
es,455.11988321131446,1.0109192115780012
σ,1140.1518673190378,1.0030978760970155
