label,ess,rhat
Overall,1152.3458738239258,1.004359674664822
as,885.8513674715475,1.0041811881107754
bs,1528.2354628875275,1.0043092508099463
σs,517.8543940988322,1.0056873550365704
ws,716.8846802437628,1.0045816895682835
ps,1263.0485902296825,1.0043526321497236
es,1286.3655420794194,1.0021697655112014
σ,796.1104727985766,1.006413354855239
