label,ess,rhat
Overall,993.2514922068892,1.0035417708443715
as,865.1809273844578,1.0021511698205408
bs,1203.322440702548,1.004164966003551
σs,517.6492669021679,1.0079927248593474
ws,612.5579339641562,1.0051460176972944
ps,1093.5069089475835,1.003194157381483
es,910.203470283758,1.0028734437962599
σ,915.4102314126277,1.0023129089241698
