label,ess,rhat
Overall,861.805119115168,1.005078744256382
as,640.7192560837449,1.0046861552658382
bs,1131.621211582892,1.0042108712841655
σs,579.1697883846213,1.0123894236403934
ws,664.7505687003913,1.0044994994514294
ps,908.2050672805534,1.0051844921902902
es,872.7647840034422,1.0048347075561197
σ,977.3428823774341,1.0074418544887538
