label,ess,rhat
Overall,606.0873756660436,1.0051887109921611
as,507.2028210720622,1.006357539979476
bs,713.8392867709058,1.0041174013635261
σs,554.6567079029321,1.0046230987118177
ws,461.83646472079425,1.00476112019899
ps,635.626439955836,1.0049978385679648
es,570.8317172056088,1.0123596433205626
σ,989.7345380198673,1.005139812214824
