label,ess,rhat
Overall,605.0394389503468,1.006232729380395
as,514.8862822817837,1.0056819031485622
bs,743.5674538269715,1.0050640668438433
σs,430.8899494013258,1.0124228889465776
ws,534.2991159983533,1.0073640972263547
ps,626.618500052095,1.0059035060917751
es,500.39183101964966,1.0040625695685055
σ,1102.1629415902153,1.0055564403567663
