label,ess,rhat
Overall,540.6442546326798,1.0062680842040257
as,452.5871487816429,1.0083620772364241
bs,639.8472379503056,1.0039271017870053
σs,500.51909575295974,1.007157245988666
ws,504.65955138869873,1.0068185687582425
ps,542.4805056167845,1.0063762345324425
es,414.62137223382854,1.0040273712292103
σ,1176.7639327714367,1.0013317869642224
