label,ess,rhat
Overall,599.821054680318,1.0045608908509482
as,511.1695777418647,1.004877296256242
bs,721.5030887873781,1.003683123097493
σs,480.9110488733346,1.0065817953043275
ws,527.5701839037002,1.0041975389721127
ps,620.9334930573934,1.0050237372897428
es,552.5046570991149,1.0029070834905505
σ,1012.540901358181,1.0001947207091009
