label,ess,rhat
Overall,652.2857165346601,1.004498926545772
as,572.799054946963,1.0026134182874478
bs,778.8523622662709,1.005153984005631
σs,482.7977736165711,1.0089285494202476
ws,537.8311697838597,1.006687683113188
ps,697.9962996999956,1.0034977668477465
es,608.3000158809067,1.0056734044315943
σ,925.2365165530496,1.001915044113801
