label,ess,rhat
Overall,565.4115146877766,1.004652335308065
as,519.4789166099689,1.0035052884734286
bs,636.6533217339388,1.0048627837318336
σs,474.2983624017,1.0080240895871877
ws,470.04722408830054,1.0059893331537877
ps,601.0583435266606,1.0038699558232316
es,481.5844190843518,1.0057775193820246
σ,950.6196432773555,1.0066998596171428
