label,ess,rhat
Overall,491.76953762681086,1.0067021734220623
as,413.72621943048176,1.0071070129151722
bs,585.1946649601242,1.0049818512122937
σs,436.3950247336684,1.0114379112020342
ws,424.1307388588523,1.0066794590555177
ps,511.16267283610796,1.0068494955908398
es,412.7242647367809,1.0051912318785037
σ,957.304153180653,1.006166252519509
