label,ess,rhat
Overall,748.3162785852201,1.005520704065325
as,574.7138398136582,1.0063097901241105
bs,965.1308290639889,1.00387308502508
σs,497.6860306834202,1.010500195357791
ws,560.7051787171491,1.0064420457200032
ps,798.0836349823312,1.0054390994631588
es,587.5059241783633,1.0040170762088083
σ,932.4370787544552,1.001388880826215
