label,ess,rhat
Overall,814.5214916199285,1.0037701697105774
as,585.3511712647387,1.0024836264738515
bs,1103.7116418793908,1.0043147485451098
σs,466.40647817514656,1.0080735632432993
ws,544.1667755715656,1.0074365308897864
ps,885.7530793192601,1.0028562005257817
es,595.4566309135971,1.0007503823774497
σ,1077.7915960450239,1.009683931096515
