label,ess,rhat
Overall,596.042667762034,1.0062734041445522
as,569.1589884959615,1.0056977249609491
bs,666.5856551320194,1.004809990972438
σs,438.869158587948,1.0136141366251328
ws,566.0352027154624,1.0055249916765894
ps,594.9699498453941,1.0062502541913985
es,546.2950150427935,1.0046749287305077
σ,1083.5182195920092,1.019053203370184
