label,ess,rhat
Overall,519.2659698900637,1.0066524305647917
as,422.0780069227385,1.009604036517539
bs,641.7102646553772,1.0027310714708502
σs,428.3431754173054,1.0101435418730902
ws,452.3821328151376,1.0088825184410268
ps,539.7024240868146,1.0060027860437843
es,472.42513339484833,1.0052878269193974
σ,884.2058786640818,0.9995113408869513
