label,ess,rhat
Overall,619.7057080427182,1.0054218153755228
as,519.6509437988926,1.005166790933374
bs,766.3606005439854,1.004892077983109
σs,451.9452463159293,1.008246957979949
ws,528.2080965825118,1.0084316179426225
ps,654.0850756140317,1.0041932507631106
es,545.652375092762,1.0040522060487211
σ,971.9201546109632,1.003986083146647
