label,ess,rhat
Overall,488.0370384476601,1.0059722739908885
as,409.0444891211594,1.0073760459002865
bs,581.7680624628333,1.0027254506189562
σs,434.97852956843855,1.0126072592560107
ws,438.1559041311355,1.0101511240575762
ps,495.5909620117096,1.0036563468707802
es,408.94376673331953,1.0131806520384838
σ,1048.395181009349,1.00162342221825
