label,ess,rhat
Overall,632.6192900037495,1.0048317849427704
as,544.6815129347267,1.0040463437937417
bs,779.5093796309055,1.0042530007319823
σs,420.39096479446954,1.0097429962381104
ws,483.94035803709784,1.0088942550714464
ps,695.8631194159409,1.002866580219757
es,542.0696540642182,1.006093391863113
σ,953.5261807656542,1.0046542523563153
