label,ess,rhat
Overall,458.71788148036984,1.005310949096547
as,403.850711092831,1.0039186782422418
bs,514.6214371483532,1.0064080808461675
σs,454.98689447077015,1.0063734498734127
ws,380.4858638787777,1.0068759835754417
ps,473.3734446233335,1.004327523100402
es,410.73025423319615,1.0070305654787108
σ,1112.4327054767723,1.0086603784852566
