label,ess,rhat
Overall,518.4811069479033,1.0065279851167102
as,403.56028803043006,1.0070242959750784
bs,649.3118877818418,1.005545754986557
σs,461.20524404862846,1.008277294495139
ws,439.9818513808423,1.0105791456689128
ps,538.3988302501243,1.004702489265857
es,474.49913283494067,1.0077923797694956
σ,1030.5753161208145,1.0028481613069038
