label,ess,rhat
Overall,613.7100087052833,1.0051338163196577
as,463.99629826207445,1.006029222999748
bs,787.3202080006548,1.0038477751473702
σs,527.6826488374975,1.0065401004915673
ws,546.5955951863394,1.010547500715629
ps,634.5562142519817,1.0027557592357221
es,475.484181616681,1.0072003113289827
σ,1153.533280895655,0.997866097731678
