label,ess,rhat
Overall,471.11741221339315,1.0067263709456393
as,413.8944072847954,1.0089576551249226
bs,519.1502881480651,1.004882778366873
σs,504.201876591526,1.0053306811837799
ws,439.68231129601327,1.005174231787826
ps,474.93536920408036,1.007503457016104
es,368.2878905574933,1.0089552750095123
σ,954.7307847758806,1.0006899948795753
