label,ess,rhat
Overall,699.0128555827814,1.0032243569900872
as,663.1501626803473,1.001461077815405
bs,788.5627871963338,1.0033069549719384
σs,505.73879622275473,1.009274809284279
ws,601.9440261594167,1.006473916765448
ps,738.02360357044,1.001655339922021
es,586.1179835529504,1.0061454858453063
σ,1075.349105043698,0.9991818257450422
