label,ess,rhat
Overall,588.7486037348604,1.0053188367879513
as,474.30558490692977,1.0052848823677476
bs,746.992074582528,1.00417828888543
σs,431.06697646380627,1.0095470451497601
ws,558.5915958007566,1.0071114506290684
ps,600.3992601687888,1.0045011153222096
es,477.75472661367303,1.0053774125173618
σ,869.7033859043354,1.0049510773450034
