label,ess,rhat
Overall,538.6180150633172,1.0065834874630968
as,478.7667832404493,1.006432871448607
bs,615.4548876374173,1.0053917076506846
σs,477.46970835888044,1.011416112439943
ws,452.6426082955286,1.0069009235294175
ps,566.4481504806574,1.00653613220299
es,472.37712763626257,1.0063277244077629
σ,979.2211502800365,1.0045170175406908
