label,ess,rhat
Overall,552.4319207605316,1.0072496681299565
as,383.74638766705476,1.0102556048753841
bs,742.6751058218867,1.0033983024770399
σs,427.3975393468378,1.0121531557933896
ws,409.43230066516236,1.0064125991954536
ps,585.768295360138,1.0075624870321198
es,422.7350293499489,1.0059072892079264
σ,927.6751639450204,1.0049639458842008
