label,ess,rhat
Overall,615.1443566592566,1.0052496700748934
as,487.9534210776709,1.0048162139123211
bs,764.6366587270734,1.0052572784594223
σs,485.7964310391164,1.007719587187547
ws,435.583359308776,1.0064992181968877
ps,660.1010436284749,1.0049746938935569
es,422.96295060169064,1.0044465893498624
σ,996.3181624576786,1.0050601107651833
