label,ess,rhat
Overall,798.5656376979384,1.00382843394552
as,567.0178553806237,1.003055744189033
bs,1079.0663020711597,1.0042119708708723
σs,514.63892177368,1.0060855203661003
ws,595.2001863359757,1.005555888914801
ps,858.0876997834752,1.0033674251682803
es,502.33804399408143,1.002598404265746
σ,974.3472613434332,1.007687454981196
