label,ess,rhat
Overall,1056.1048253131826,1.0042386356854112
as,604.4866288186522,1.0051491901979628
bs,1596.0133762459552,1.0029367684588606
σs,544.0207695713777,1.0065082494266058
ws,638.1968924765067,1.004966811850913
ps,1178.9631996744126,1.004022273315793
es,652.9484534380066,1.0060904958800336
σ,980.1107937646004,1.0021821950518217
