label,ess,rhat
Overall,771.2408520003827,1.0067632814229763
as,555.3735880675531,1.009154892788858
bs,1031.4712938141167,1.0043629041026638
σs,513.9344202911398,1.006814123958676
ws,558.188632144119,1.0074918837481186
ps,829.2654317942824,1.0063148955507077
es,578.8560930458856,1.0158779367455466
σ,927.4571780773645,1.0013132647450234
