label,ess,rhat
Overall,1068.2701686909104,1.0047475376442014
as,619.1935050935208,1.0054565248402672
bs,1613.159499926172,1.0044503245385108
σs,512.5566963912497,1.0023592479200258
ws,590.8906601875474,1.0029675784249255
ps,1207.1106723092742,1.0054426365214817
es,652.7844970974136,1.0018415797764624
σ,963.4514402367915,0.9985542179015294
