label,ess,rhat
Overall,497.3400360103618,1.0102393783032513
as,297.2734596799237,1.0152515873041694
bs,703.1728990705595,1.0056464732795745
σs,463.8955729777569,1.0078074152352525
ws,353.9434438783862,1.010272622394379
ps,531.086806028035,1.0100087672221896
es,272.9810222876214,1.0175643337572018
σ,1046.9722081912373,1.0062598701927694
