param,value
Exponential mean,2.6666666666666665
Cauchy mean,11.333333333333334
