label,ess,rhat
Overall,514.3198754674977,1.004721978493094
as,424.540599678705,1.0041164024600349
bs,606.0389766578213,1.0038891237345622
σs,507.3365040219862,1.009900329342822
ws,431.9757487416744,1.0067014994051555
ps,543.3599423884589,1.0037403377718503
es,331.86543752974444,1.0049846802658942
σ,1112.3165321078925,1.0059649827550932
