label,ess,rhat
Overall,496.56028554394936,1.0066938011229518
as,442.48387617214786,1.0063377513700982
bs,564.9705964433015,1.0060440106118358
σs,444.9582400447678,1.0103148260732446
ws,444.0560547307642,1.0073849566796766
ps,505.05874317455914,1.006634168582455
es,440.9568832778284,1.004641022360585
σ,1016.8579614385644,1.0040559380199239
