label,ess,rhat
Overall,593.6664113752696,1.0055607121313628
as,532.8305806556903,1.0059031247078718
bs,688.0947031004613,1.0048216390928113
σs,472.7335517550649,1.0069886897947173
ws,557.2486769438148,1.0061682605179905
ps,594.5644031930893,1.0051135070573958
es,541.5774481656674,1.008958659485448
σ,1111.509363708617,1.0031015687068081
