label,ess,rhat
Overall,1081.771343059607,1.0044137445384964
as,837.5610582622813,1.00217025851558
bs,1401.8219617669113,1.0061863812491352
σs,641.897406381729,1.007144670549705
ws,670.4464308346668,1.0062259933084674
ps,1173.7816625595049,1.0039872998133175
es,1391.3841540379633,1.0060634363651055
σ,981.9493318070706,0.9998367224541984
