label,ess,rhat
Overall,1136.3628347966253,1.002697924835494
as,948.5214738222678,1.0022067132740893
bs,1422.770707018612,1.0027871213094386
σs,564.6770695603788,1.0050296123427636
ws,608.4693141054694,1.003478534156407
ps,1252.64412274042,1.002390506119596
es,1623.9966907116902,1.0072332954904581
σ,914.3155499582209,0.99901597003771
