label,ess,rhat
Overall,852.8405246797842,1.0040902595558274
as,656.8081348848309,1.0051264926691599
bs,1086.435690577446,1.0030464799606964
σs,634.9764232840749,1.004134029150258
ws,581.4102177937316,1.0078312464090555
ps,916.3743591892722,1.0031803649711437
es,925.961661604241,1.0035425173238417
σ,914.1378770080709,1.0039688418458688
