param,value
Exponential mean,0.8631578947368421
Cauchy mean,1.931578947368421
