label,ess,rhat
Overall,593.2986083393636,1.0058756549414194
as,572.7963119600468,1.006931575657406
bs,639.542359614619,1.0043805688920804
σs,500.62937071398375,1.0074566501414899
ws,554.7821326332938,1.006126781309409
ps,601.9179434539212,1.005611591176391
es,485.5461558036169,1.0081840389456156
σ,1046.8985089051862,1.0051110284079083
