label,ess,rhat
Overall,453.25866383283176,1.0071379899848694
as,385.62597960069917,1.0060340227619595
bs,519.5482419654004,1.0078576959486911
σs,458.09384579126197,1.008521330517588
ws,443.5813573606661,1.0064930115352289
ps,441.54581416547774,1.0076371117311018
es,419.58979883359245,1.0083855272518276
σ,941.2581628485026,0.9994054914446008
