label,ess,rhat
Overall,512.6784923683703,1.0055924484600645
as,405.65775122438737,1.0068739665415443
bs,625.1791130449013,1.0042790434959883
σs,492.9509260511968,1.005707241237412
ws,463.44646546949497,1.0079753682179058
ps,516.5689002190638,1.0047069897662764
es,495.41819029462835,1.0040918210978207
σ,1036.832815184325,1.0030205921289532
