label,ess,rhat
Overall,560.2207652088016,1.0055466218188638
as,426.89183535862617,1.0064572555262903
bs,715.7703197048253,1.0045448604081497
σs,431.34114226288204,1.0060751624979303
ws,366.7608991763836,1.0076288458998637
ps,610.4965361956973,1.004886959660636
es,317.78855120941444,1.0124180949828938
σ,953.3665782255938,0.9984807701137314
