label,ess,rhat
Overall,795.1493442287722,1.0048571879750177
as,614.33785168436,1.0048565234780598
bs,1018.6751706272597,1.0052216086692278
σs,547.406207875136,1.0027474020309581
ws,606.6762864886739,1.004018686127934
ps,849.7940062747172,1.0051130884388366
es,535.0300398285061,1.0044385491298735
σ,954.1208677051201,1.0034732655670098
