label,ess,rhat
Overall,1075.1710603473316,1.0035593112398271
as,833.9280828554091,1.0023537435568561
bs,1401.0329861373264,1.004108835661098
σs,584.3811602185126,1.0073643621576847
ws,674.0495038536701,1.0042788686489943
ps,1178.9073948305743,1.0033153262327619
es,1078.023105094777,1.0037729874763501
σ,903.5815935807314,1.0062085501958995
