label,ess,rhat
Overall,1051.1804707738079,1.0038981857811728
as,880.7590177612956,1.0036061378471166
bs,1302.126177680847,1.003879181814524
σs,584.1397981855525,1.005702286805262
ws,662.6431680861095,1.0060328527634568
ps,1150.7065061182063,1.0035014232904156
es,966.342583650868,1.003201801496709
σ,1106.0541807409352,0.9987195501190462
