label,ess,rhat
Overall,611.3447228907193,1.0053603174732764
as,506.78187426233853,1.006003390044592
bs,759.8717349137637,1.0045138694724167
σs,453.0737346699292,1.0060924690196362
ws,514.7806605596463,1.005806871707595
ps,645.3924046382624,1.0051312994867667
es,518.2374099111073,1.0075451310652856
σ,1071.0883713866879,1.0015865071266918
