label,ess,rhat
Overall,491.9819376648806,1.0066159711928158
as,438.6910836917625,1.0056102789856667
bs,557.3675264766999,1.0062296933000754
σs,448.4408922455561,1.0116270635524178
ws,414.6305493779469,1.0070557248575258
ps,512.8771246425013,1.0065392458628326
es,402.7762012820603,1.0072552554870327
σ,1055.3352084555881,1.0020552172074184
