label,ess,rhat
Overall,524.0210203968381,1.0079167197407377
as,439.33190020738607,1.008364502280285
bs,622.8705933226996,1.0072985926830287
σs,473.0433905457665,1.0085299600061215
ws,436.34797133134253,1.0088836970499102
ps,549.3852216919631,1.0076566988958935
es,526.5885005941027,1.0087929578732298
σ,911.4934151150167,1.0013210577316434
