label,ess,rhat
Overall,634.1260089944458,1.0052773582438617
as,572.9003930253407,1.0060753319078612
bs,736.8335198994113,1.0039111549956705
σs,484.7911872253484,1.007322984746954
ws,562.771345612594,1.0051369745426078
ps,657.0564601949069,1.0054620405868504
es,570.3267368422839,1.0031234912925358
σ,1021.7887826689993,1.0064679556438598
