label,ess,rhat
Overall,682.320907387919,1.0039328309062807
as,678.4042854271664,1.0045090121965505
bs,722.0602767035582,1.0032392836266308
σs,553.359016910327,1.0043553484680487
ws,539.7317460838393,1.0055505951755257
ps,739.2983695685297,1.0031356867553496
es,642.8118977185828,1.0054767993538767
σ,990.9948456796667,1.0021574707043566
