label,ess,rhat
Overall,506.3948710260242,1.0068489735722541
as,443.0111003891886,1.0100819428219454
bs,564.354897373873,1.0045550718959517
σs,525.9203504663772,1.0034683303080554
ws,485.7863161396388,1.0057275047863172
ps,505.4268021945287,1.0075045577120025
es,420.4198148221481,1.0091776783002349
σ,950.8174316892876,0.998604001914089
