param,value
Exponential mean,17.833333333333332
Cauchy mean,9.166666666666666
