label,ess,rhat
Overall,11.569032876561973,1.608932565252832
as,8.059539317070874,1.8487781699825117
bs,16.422239754894793,1.3543975710168368
σs,6.7316649287317745,1.661814367475572
ws,14.950857543589793,1.4362863111450983
ps,10.509004622508773,1.6582702398972669
es,7.262398037114714,2.0263109289474595
σ,7.161141156505821,1.563151346401075
