label,ess,rhat
Overall,8.864721883988814,2.0235654131312684
as,10.402756059295205,1.9959470551124505
bs,8.227244005423131,1.8989145560442617
σs,5.622719215722251,2.571734587512233
ws,14.512296632555815,1.7271323513442562
ps,6.610754291540989,2.1240003621777217
es,5.312837799229371,2.6288754793597935
σ,6.800750474347121,1.75883334691056
