label,ess,rhat
Overall,1071.351294311111,1.0042534464895656
as,803.2129542559074,1.0024507606154136
bs,1428.3505730957188,1.0055266880102178
σs,555.9578496805664,1.0073242237398663
ws,646.2457936111308,1.00538622372642
ps,1192.9185964876488,1.003914095932498
es,758.5906175200791,1.0069907836138488
σ,962.9081518191134,1.0014742721380037
