label,ess,rhat
Overall,577.9717462621603,1.0065380969588829
as,407.64684423930095,1.0092650831456207
bs,762.4099792655504,1.0041523133719543
σs,496.11442657508076,1.0045591218799874
ws,393.346964651326,1.00616452085092
ps,620.1578512793627,1.0066738588913426
es,429.5038040117752,1.0061096025664948
σ,1065.4719692672165,1.0053614262811306
