label,ess,rhat
Overall,943.3647325045844,1.0041216072858365
as,732.0025156369566,1.004579842140284
bs,1222.3402024699171,1.003007556402593
σs,551.2078645378975,1.0079253402528523
ws,632.492260445745,1.0037370239358754
ps,1029.6339740202166,1.0036261653354992
es,656.3458714660085,1.01154111726975
σ,1106.9485265374642,1.0176788011337425
