label,ess,rhat
Overall,890.8349586655985,1.0056606542384041
as,616.1309572027235,1.0023278447243782
bs,1234.2384167041457,1.007415194297339
σs,492.3781105266982,1.0148146170779349
ws,586.3387279126285,1.0077127657183025
ps,974.4896126137324,1.0050904469796853
es,652.1318911702865,1.0047754932372817
σ,1006.7724731814283,1.010175586900388
