label,ess,rhat
Overall,490.7257966859664,1.0070318677529564
as,387.241639576676,1.007065581515378
bs,603.5503896186333,1.005777449413244
σs,436.5512689103838,1.0141119543012431
ws,355.4450162422516,1.0079480111735584
ps,523.0804863996365,1.0068671749131588
es,320.9550884181059,1.0082403923874192
σ,900.6114722901011,1.0015263537470844
