label,ess,rhat
Overall,637.9957453363668,1.0038122840414623
as,543.8024848057149,1.002259132756881
bs,753.7212943008064,1.0054435368684909
σs,513.1084724203981,1.0033592950952692
ws,548.3774150897016,1.004106342300196
ps,655.6378185409342,1.0038438419703957
es,547.5899490278211,1.0042940944345133
σ,1047.4077870942026,0.9978051835617525
