label,ess,rhat
Overall,790.0597801801699,1.0048062862450464
as,539.7280505837088,1.006669981715769
bs,1099.5732317278835,1.0025651219449296
σs,446.8057928629052,1.0069956054555327
ws,580.4583369231092,1.0050098732075092
ps,847.2214857488333,1.004863640384223
es,585.0227027057138,1.0043113662062857
σ,971.5893869179647,1.0006000840925346
