label,ess,rhat
Overall,574.9112211429862,1.0061453429834495
as,458.16002116601976,1.0049185839116883
bs,703.5627140208768,1.0072623239370013
σs,532.070166699659,1.006540544209003
ws,592.3274180043771,1.0068492102402529
ps,558.0601616400658,1.0059845911466552
es,414.4959612515506,1.007436762456127
σ,1124.8749256650972,0.9992956447131065
