label,ess,rhat
Overall,535.9281800799408,1.0057519232307202
as,434.18561085185667,1.007309463795326
bs,658.3471888812753,1.0043390744857992
σs,461.4929976162395,1.0052310326798524
ws,464.7415569389252,1.0052532575607194
ps,561.1517464634984,1.0061262017168024
es,446.1053292481164,1.0057738586548122
σ,914.000633463279,1.0019607997843902
