label,ess,rhat
Overall,643.4169304254444,1.0069949849731425
as,550.286043023478,1.0083627935391628
bs,786.0691219081533,1.0047282026029603
σs,465.1402357347706,1.010231290668126
ws,548.6596833326588,1.0090285151352518
ps,675.1770884285507,1.006307192836113
es,587.9442538932303,1.0069783248660822
σ,1065.6851405225286,1.0005085388047248
