label,ess,rhat
Overall,512.9924633938432,1.0046525419437158
as,419.5429361182921,1.0043406613834165
bs,623.5911844579776,1.0042744651855935
σs,451.25536575494186,1.0071363882900308
ws,493.58869132221844,1.0053176555935992
ps,507.4134188635011,1.0046212518727269
es,482.1386786957494,1.0015604092978052
σ,952.6004554384185,1.0036689852826322
