label,ess,rhat
Overall,605.1962099142107,1.0033741492643242
as,545.5628082391837,1.0026431762523569
bs,703.9694661013402,1.003624604424918
σs,464.2927336706415,1.0051040135292701
ws,499.07969792089284,1.0058989740941058
ps,646.4507340967989,1.0018670308521773
es,516.239213269537,1.0094595465425784
σ,983.8907183760767,1.000090535466255
