label,ess,rhat
Overall,427.4491437301125,1.0061241316834528
as,348.1251033145896,1.005761781443422
bs,497.81391889542385,1.0065899252004677
σs,459.70249863087395,1.00575173588631
ws,371.4993941807449,1.0084287304305668
ps,437.9884885854566,1.0050437383369801
es,357.0625075487355,1.0076802806030933
σ,965.5964444463311,1.003446875887092
