label,ess,rhat
Overall,876.1570356477494,1.003690888794945
as,618.1451852729296,1.0019944360244701
bs,1191.120314525503,1.0050821643982493
σs,545.8387503307343,1.0054609163645352
ws,573.0496950452056,1.0050560915655817
ps,961.5253663384897,1.003313155763174
es,512.5242370382662,1.003605786623703
σ,1143.0308469417062,1.0056098454148041
