label,ess,rhat
Overall,671.8663060191844,1.0045248109823035
as,479.19624982575436,1.0059968543663844
bs,887.1982548761065,1.0028347105396487
σs,540.4273285709311,1.0057895419220315
ws,477.37601548352086,1.0047059859944019
ps,721.0601747963264,1.0043781395661886
es,474.53011834308643,1.0082619505641135
σ,1039.1164664965352,1.001916659647025
