label,ess,rhat
Overall,507.71942690392734,1.007940929688305
as,323.7132872019196,1.0124336480819445
bs,702.9144081233774,1.003655923442979
σs,442.8241461027612,1.0067361992280859
ws,383.6779082579978,1.0064583058601062
ps,538.4156994447202,1.0083027210131832
es,284.30574582823846,1.0099427167787645
σ,969.6239308484005,1.0043628578516013
