label,ess,rhat
Overall,911.8344793693434,1.0033279109002269
as,602.4065593380849,1.0017850495803318
bs,1289.281014695637,1.0042613898177324
σs,517.3265106581423,1.0068623288340846
ws,565.6596407351651,1.0051748382188146
ps,1012.4201131578078,1.0028899533857716
es,562.2402011872466,1.0030850868960988
σ,937.0106774973883,1.0026723917792895
