label,ess,rhat
Overall,986.9507723627495,1.0056627589799336
as,771.6577709748223,1.0061391164197344
bs,1273.4901786679243,1.004882617470903
σs,573.7216238427123,1.007424706581465
ws,642.0996188561578,1.0045378860015683
ps,1080.0825140944053,1.00624990945565
es,776.7953421724794,1.0009289599047455
σ,1075.1518717029046,1.0004456100363015
