label,ess,rhat
Overall,613.4745318038662,1.0045362713538275
as,483.32209706253076,1.0038910165509631
bs,758.9427746104722,1.005051557204182
σs,524.6428450252959,1.0052900912783849
ws,468.8459375417499,1.005452988751558
ps,644.1008176059842,1.004164122117818
es,509.2466568395887,1.0085242085905077
σ,1087.4116943761567,1.0034229514361588
