label,ess,rhat
Overall,870.212755822085,1.0038016447070792
as,720.6377822737732,1.0029443684441441
bs,1084.594428733392,1.0038425938266287
σs,494.33389951671626,1.0085363421387161
ws,554.1506773857,1.006012062158091
ps,949.0668706041887,1.0030222655753864
es,812.3695362489609,1.003797516927142
σ,993.6466266639854,1.0146950891760622
