label,ess,rhat
Overall,784.0682182967349,1.0042038199477612
as,660.5622614457895,1.0046004842942486
bs,954.0422998214196,1.0033393024528383
σs,514.5530951890502,1.006917368208687
ws,601.5575994317954,1.0042734935722142
ps,832.6672458951253,1.0041710392589418
es,666.6443730964947,1.004738410902877
σ,876.2900103537547,1.0038720276074231
