label,ess,rhat
Overall,1028.1630392801144,1.0057843759868572
as,624.1391998661643,1.0053690288247057
bs,1522.1066066723163,1.005843840101097
σs,506.6286170062505,1.0078484976647455
ws,561.5245394358136,1.0063321325017929
ps,1165.3507388526402,1.0055624022834657
es,543.4367960966359,1.01132193764821
σ,1012.267944297441,0.99879091224772
