label,ess,rhat
Overall,533.4134272308409,1.0060598576240314
as,366.3393748085976,1.0069016469154362
bs,719.9362342165412,1.0044872574840582
σs,420.6106507627913,1.01029856054573
ws,354.7856930955636,1.0081755356499043
ps,575.7982701508945,1.0054946896207917
es,398.32329554281205,1.006793131991062
σ,912.6540400676492,1.0063332367350115
