label,ess,rhat
Overall,820.8756695193485,1.003981105608651
as,625.395940396268,1.0032738146604891
bs,1078.925347929786,1.0043566014459002
σs,457.9699636526748,1.005905517251945
ws,608.8941852159361,1.0051879302285112
ps,887.547742216217,1.0035748868592007
es,506.82073827972124,1.0075093889073135
σ,792.5038541898532,1.0019411435466128
