label,ess,rhat
Overall,685.7840956358993,1.0061968292401555
as,463.2489357676714,1.0091821970629715
bs,928.9071364003988,1.0032694821052737
σs,566.3743864375272,1.0058603092501377
ws,579.3060595634792,1.004207504181143
ps,713.4628802670553,1.006831656648091
es,514.2946713513334,1.0043779772636539
σ,977.9177147786049,1.0032347183204007
