label,ess,rhat
Overall,670.5967836320572,1.004377980822728
as,512.8304491918135,1.0047049073760292
bs,852.4843318828531,1.0041906415594075
σs,530.6937435308557,1.0035683745408368
ws,479.4868973382634,1.0083496189541847
ps,720.2491264671111,1.0033306536271753
es,434.0996188232494,1.0065633336529207
σ,1053.5972926926174,1.0026193229713796
