label,ess,rhat
Overall,689.3839300811508,1.0080405722121335
as,479.65736959129373,1.010794361376853
bs,937.6922377561339,1.0050118246500426
σs,465.6097964074168,1.0096353309168875
ws,540.6238722967475,1.0070590377437827
ps,731.3112698678465,1.0083353449452972
es,458.54238058036515,1.0086940014051589
σ,923.6754127341592,1.0043630362544536
