label,ess,rhat
Overall,890.1122404492585,1.0041346403387603
as,616.6509028814401,1.0044103444105994
bs,1231.6572862468743,1.0035064768822222
σs,495.226732716436,1.006178904770017
ws,590.8635545261626,1.0048021585611793
ps,977.30771442963,1.0038868431617403
es,570.7175453849563,1.0055994196034692
σ,934.5031105971784,1.0050891276372813
