label,ess,rhat
Overall,782.8919341464693,1.0041326905819854
as,609.2800727426606,1.0041625941703358
bs,995.9223256840846,1.0042055594057018
σs,554.2644593703938,1.0035366105919992
ws,536.0918357524253,1.0070961659945037
ps,846.7335759534614,1.0032430723227124
es,637.4890615725209,1.0062326818122567
σ,970.900053287271,1.0070726796163207
