label,ess,rhat
Overall,598.0442111564198,1.0061510018895312
as,518.1895418098957,1.0085593974525418
bs,710.9682395226383,1.0038745301460292
σs,478.994518685521,1.0056760761393018
ws,532.9829932619722,1.0058767601829008
ps,613.240736413926,1.0062608064296223
es,551.7369402594077,1.007832768788162
σ,1076.2837109886607,1.0032234505294757
