label,ess,rhat
Overall,715.1456761656127,1.0055841152635225
as,497.0992362229245,1.00764251706478
bs,961.650528391063,1.0035844953477417
σs,550.086884925589,1.0052431803277628
ws,544.131676131477,1.0061086669243762
ps,759.7183168457772,1.005348599354589
es,519.5239592092775,1.011272151089646
σ,1019.0703578400066,0.999218187309858
