label,ess,rhat
Overall,848.1650217701444,1.0042664202503095
as,613.3005683999849,1.0036114811791146
bs,1143.9108812733375,1.0035365193817314
σs,495.0528661985512,1.0122984919009916
ws,528.7092153474855,1.006947150723838
ps,939.2467182997008,1.0036167122460922
es,494.26189407439387,1.0044200075948009
σ,1017.5195208148529,1.0029764640814194
