label,ess,rhat
Overall,961.3392754507142,1.0062730331097007
as,570.100925265051,1.006860875318698
bs,1425.7174181990576,1.005866862236052
σs,537.1284785871703,1.0052193393646787
ws,505.578154122288,1.0063491058319534
ps,1089.6708749362745,1.0062156432298468
es,527.0564238014019,1.0101336482442567
σ,1139.121659383554,1.000393644406543
