label,ess,rhat
Overall,479.66248507266005,1.008294945834331
as,344.0184437023084,1.0106669892644946
bs,623.769884830356,1.00570475861331
σs,430.5750064260641,1.0095601798213034
ws,365.4716838169893,1.0108764946407496
ps,503.1338153464717,1.0076611214964788
es,333.4791476921029,1.0089638466313944
σ,1015.6949217588572,1.006402126780098
