param,value
Exponential mean,1.0157894736842106
Cauchy mean,1.3210526315789475
