label,ess,rhat
Overall,460.3988339087354,1.0080040966042163
as,366.26110937734956,1.0093309374143038
bs,564.4747079762469,1.0057046789454351
σs,424.6214955786835,1.0115053732595138
ws,445.6973206794374,1.0094538045398997
ps,460.2831783024076,1.007555393849306
es,353.6782784559199,1.0091909168695916
σ,853.2651493304701,0.9999002324729244
