label,ess,rhat
Overall,607.3084559347558,1.0057498798268374
as,495.34731457027334,1.0055723650089765
bs,766.3463856395798,1.0051443591869236
σs,437.8320179095266,1.0085688074748276
ws,529.0518749062004,1.0063136977083045
ps,634.9939200153756,1.0056991121612304
es,536.5243806129818,1.004746096474578
σ,968.1335128248563,1.0023115912595395
