label,ess,rhat
Overall,627.09071719819,1.006937764493517
as,515.0937843231142,1.0092389113646536
bs,784.9167097009308,1.0039447669259245
σs,462.1061025385957,1.009428427000757
ws,565.6745497566747,1.0055135098166448
ps,643.8598470604458,1.0079483019201023
es,575.541524491192,1.0052198309354208
σ,1031.1857354917183,1.0011907146409533
