label,ess,rhat
Overall,596.5327035523342,1.006093158900831
as,469.5149837209831,1.0077318884116906
bs,748.6568306919974,1.0040322183575632
σs,506.1496372424108,1.0076131186175012
ws,492.56786501753226,1.0046220878539815
ps,639.4420046929645,1.0071084630193208
es,477.158856056418,1.0031758291838653
σ,967.2166313054025,1.003182763816227
