label,ess,rhat
Overall,776.494039273483,1.0032573628094918
as,693.8194914505758,1.0027099512959332
bs,898.528875007691,1.0035676049147955
σs,548.2043693879384,1.0046329453773728
ws,646.2386325094513,1.0013399393836455
ps,814.5581677743404,1.0036288685620784
es,582.1845544736989,1.0042066772849123
σ,901.0997220002741,1.0065355388446529
