label,ess,rhat
Overall,956.0559000681742,1.0041100960703981
as,762.018943082623,1.0036307525134645
bs,1224.9379539847157,1.0037323234898998
σs,521.9543378684285,1.009081369667501
ws,641.8703948144373,1.009258056595202
ps,1041.2351428694549,1.003005405100377
es,788.2057349439435,1.0016099731627977
σ,973.3786388999957,1.000359982148988
