label,ess,rhat
Overall,1191.2640772807329,1.0037874143850196
as,905.5504079830683,1.0024896206747456
bs,1581.573391371598,1.0048321103579774
σs,584.6093374801677,1.0052553812614544
ws,684.0632667940963,1.0047169141863848
ps,1317.4402162779718,1.003634946835873
es,1315.3395432925518,0.9997116621229241
σ,973.0681992292768,1.0081033636518621
