label,ess,rhat
Overall,495.2715569643688,1.0080694076523047
as,367.67337484341874,1.008646083735075
bs,625.248939668556,1.007511177764097
σs,481.4721935815954,1.0079624197238402
ws,381.46125098058013,1.0076858839091465
ps,517.3987349430354,1.0079793347698875
es,387.0075216310054,1.012675980112144
σ,1015.4187564605628,1.0077820460065543
