label,ess,rhat
Overall,889.3300606255323,1.002965927667238
as,679.5786188278734,1.0030686591356366
bs,1159.149869451055,1.0026210922724972
σs,540.9335318639221,1.0043701304400219
ws,618.3141584713845,1.003481107323234
ps,965.5968882596884,1.0025693514001663
es,639.6217864495171,1.006191024772488
σ,980.12970838783,1.0093692384042237
