label,ess,rhat
Overall,1056.9788164437832,1.0038146942967636
as,785.9939788981306,1.0021255143462282
bs,1422.3191562874126,1.0044899201397706
σs,509.7169031155205,1.0096956281204263
ws,674.6109795604982,1.0075321121669842
ps,1170.37734772696,1.0029493656103605
es,711.3294894013723,1.0036637512025812
σ,893.5620115355541,1.001043342989822
