label,ess,rhat
Overall,737.5844056147893,1.0029763627522397
as,579.8155008315658,1.0031778616552733
bs,927.0286101558754,1.0023756414462197
σs,553.8676670191853,1.0052918526895658
ws,550.7464095591063,1.003542932784512
ps,784.2939926873543,1.0029396952865013
es,588.4956653212116,1.0020160101212308
σ,1035.7576593870208,0.9998582659824276
