label,ess,rhat
Overall,666.3060957867664,1.0040822572328887
as,611.3590635868612,1.0037405449910095
bs,767.7028282695948,1.0030863768201643
σs,499.0871747682442,1.0088975907894633
ws,626.0889603596568,1.0062724352745847
ps,672.4269241097304,1.0030965278798607
es,658.9984470397432,1.00427662501564
σ,1004.385482009068,1.003040348345762
