label,ess,rhat
Overall,540.5806372652885,1.0055237311767624
as,484.4708561515759,1.0048171116949964
bs,623.4080902365038,1.0044896884129813
σs,444.3970185782787,1.0117901152607323
ws,493.04590279758366,1.0070799416884333
ps,551.9892897135231,1.004761778775771
es,465.6687392911805,1.0045294516797423
σ,964.1962831718611,1.0086485264565332
