label,ess,rhat
Overall,672.3601243946382,1.0047262073930954
as,558.5816655154277,1.004408029520259
bs,852.0446239003699,1.0035348825834283
σs,435.0983781391609,1.010160417050108
ws,563.7797680185987,1.0065510889290095
ps,716.4836379588844,1.0038917618167722
es,607.3995910949674,1.0024860964892683
σ,958.0341148360518,1.0090034357541977
