param,value
Exponential mean,1.168421052631579
Cauchy mean,1.0157894736842106
