label,ess,rhat
Overall,554.0334334110349,1.0074213476053
as,484.0355743888819,1.0095432906274677
bs,646.442950423967,1.0039198481913623
σs,473.35146464422996,1.0123877506156729
ws,526.3613184758995,1.0052147802929472
ps,552.4840048793883,1.0088970646533555
es,489.9991211857774,1.0028240769713141
σ,1054.4525789059883,1.0047260533720594
