label,ess,rhat
Overall,617.7900073011867,1.00498208077496
as,539.6324964553924,1.0064267956581179
bs,742.9330151387888,1.0035245633798924
σs,448.6422181306792,1.0050281698178352
ws,536.1845245152085,1.0063112240519885
ps,651.4129739828143,1.004654044775078
es,502.0516699425777,1.0038550234487502
σ,954.3353417278279,0.9998154120999768
