label,ess,rhat
Overall,458.74304135084077,1.006046169477126
as,393.92266534887244,1.0051385785284286
bs,516.3724650125536,1.005690240276243
σs,484.63046977576124,1.0105948420156168
ws,440.7749451544248,1.0078902749354628
ps,450.4138727810957,1.0050576063799337
es,404.38922618904513,1.0094417856149909
σ,999.626208844796,1.0028283122283672
