label,ess,rhat
Overall,615.0373832741425,1.0041268584645882
as,510.01345864913816,1.0033712387854317
bs,777.8335932691213,1.0038364987372315
σs,407.05715594223454,1.0078923843280347
ws,536.368831408087,1.0036350742352862
ps,646.6042423336748,1.00457413515312
es,551.5124388248623,1.0015002669936575
σ,865.3715590175224,1.0036522582562366
