label,ess,rhat
Overall,519.9667304112974,1.0059215981099676
as,444.8221877169711,1.0088444518699087
bs,602.80096187558,1.0031268614400495
σs,492.2838508394542,1.0054603765858845
ws,460.2224212981114,1.0069859938941856
ps,532.5961965254769,1.00551247482663
es,470.78700122001203,1.0055588495180232
σ,1006.8917791834289,1.0045115512500207
