label,ess,rhat
Overall,491.1247050270472,1.0056808826546795
as,409.5134365973549,1.006645582376922
bs,570.3543861782745,1.0045353622900253
σs,499.6984192295201,1.0063318369673595
ws,449.55223498541926,1.005533251582823
ps,489.24543400832556,1.0056997925460165
es,478.26995560627677,1.008057727973498
σ,1064.5648908548783,1.0022071077045493
