label,ess,rhat
Overall,647.4000245836797,1.0050460702412827
as,536.7555332537631,1.0062138491414911
bs,808.3542885356788,1.0035822155808072
σs,466.2848431441815,1.006111942978245
ws,553.1098558917556,1.0028382797763384
ps,675.9873036789322,1.005704049986078
es,616.4160030741918,1.0068037851426235
σ,1097.5808354291723,1.0109166526532558
