label,ess,rhat
Overall,718.2616178113074,1.0061292563282862
as,545.0910204111516,1.0060606734553061
bs,925.899778582787,1.005315285420741
σs,518.3497502576279,1.01124806825533
ws,501.01951678425144,1.0108330907181946
ps,772.4186182293616,1.0049228547134563
es,557.9812267199006,1.0105272230427667
σ,1046.191592252181,0.9987945877322532
