label,ess,rhat
Overall,802.1939397618999,1.0039554751792736
as,585.7981657485842,1.002762159346449
bs,1071.0570240747097,1.0038007228016093
σs,497.88354002483175,1.0117742708001072
ws,572.4400791184293,1.007056833284082
ps,864.0023771673082,1.0031755638351219
es,619.0585076850664,1.002599236658551
σ,958.706136177612,1.0068873994823058
