label,ess,rhat
Overall,725.250470195711,1.0041239832338524
as,486.07502659159934,1.0036398028151752
bs,989.4339308691052,1.0039687279735423
σs,580.2039711938722,1.007832710171979
ws,574.8954146880848,1.0048336513714182
ps,767.1766042613831,1.0037215374773594
es,512.5030661121972,1.006273759191846
σ,942.5515093019868,1.0106258099787437
