label,ess,rhat
Overall,974.4801228986104,1.0037659879124385
as,644.4254458487566,1.0028232559262913
bs,1383.1445751262722,1.0039501175749086
σs,518.5434268673234,1.008165881389766
ws,600.7492500929995,1.005700533973184
ps,1084.0718936793494,1.003127893499185
es,596.2828088092081,1.007944675873105
σ,955.2402272692807,1.0028225910983428
