label,ess,rhat
Overall,512.6655908887509,1.006660601998417
as,459.8962863706568,1.008036004142065
bs,585.8042007467997,1.0048980770029672
σs,439.3360916649146,1.0080542442649034
ws,435.98067746247756,1.0088806734523212
ps,534.8629932458367,1.0054739772021444
es,448.69764733765817,1.0092416209778192
σ,983.6879778219866,1.0057099512958538
