label,ess,rhat
Overall,628.0483102852763,1.0052711055224681
as,590.7489374976041,1.0028968535463685
bs,715.4800555051334,1.0058573838360922
σs,447.57176952941165,1.0117078107073776
ws,541.9524036073457,1.0075712783028064
ps,663.3234955536693,1.0040496255566145
es,500.7206532517547,1.0091909234919076
σ,998.6996875092688,1.0015878753317133
