label,ess,rhat
Overall,673.803080117409,1.0048291125982678
as,613.0963689156631,1.0052497294565061
bs,790.7200432031731,1.002744617916351
σs,471.4461733349426,1.0108190727635091
ws,568.231209006534,1.0066959755328293
ps,707.5774191151736,1.0040251945318437
es,641.9446020103112,1.0030802363391431
σ,1126.2496757202211,1.0068263796287993
