label,ess,rhat
Overall,568.5505066157416,1.008577738004599
as,424.08712628979725,1.0121965626783997
bs,735.9344744188602,1.005507405949709
σs,486.03639169791404,1.0066031645765217
ws,548.661822653747,1.0045431102949858
ps,571.7632695644179,1.010441117723808
es,368.4925858026679,1.012694798316944
σ,1123.7987191202433,1.000311277195847
