label,ess,rhat
Overall,475.91700190827,1.0077442530344394
as,327.57593561479075,1.0097405133524167
bs,628.5391098937014,1.004736188194983
σs,460.5052518172421,1.011386749311764
ws,435.919041137949,1.0056706756453904
ps,481.1878979481627,1.0085902808269556
es,365.1681606438736,1.0138593953442747
σ,1040.3469166437014,0.9984001744779348
