label,ess,rhat
Overall,471.57769631311515,1.0061857800204461
as,402.2060680617729,1.00829571677293
bs,546.9040286810887,1.0035733004355425
σs,450.14076149324274,1.0079949342171581
ws,428.58675441414493,1.0075156743206983
ps,482.12490978938655,1.0056255837106363
es,364.86001338845585,1.00803460114254
σ,926.6768145670193,1.0010945102282958
