label,ess,rhat
Overall,225.57741512554142,1.037886235447323
as,160.60559073851684,1.0423809116067062
bs,286.0238711731424,1.0277106557512308
σs,241.86874114746607,1.0583374881794758
ws,104.8843809228984,1.0812597443535958
ps,271.32111740130983,1.014437852717038
es,34.76083049783714,1.1000388503320915
σ,866.1907356426863,1.0027568497899118
