label,ess,rhat
Overall,576.1234817288722,1.0073053562922925
as,504.60958598966914,1.0087687188111767
bs,686.3289642874445,1.004327417626829
σs,436.833769179143,1.0127578304199782
ws,554.8676246084361,1.007942489874352
ps,582.540980127629,1.0068452586722967
es,451.2831959166713,1.006500392703233
σ,914.0193804308244,1.013232218605589
