param,value
Exponential mean,1.6263157894736842
Cauchy mean,0.5578947368421052
