label,ess,rhat
Overall,649.781576323383,1.0043960022401743
as,593.8576993292622,1.0032983957893398
bs,753.1801173600097,1.0042712011782515
σs,478.8727857703604,1.0087966692861012
ws,563.059554026166,1.004171335382434
ps,678.2955822960078,1.0045673518568508
es,581.3768809569734,1.0034581954437878
σ,1085.8910793345585,1.0045125280922487
