label,ess,rhat
Overall,552.4840100940626,1.0039617881432623
as,478.20066846996826,1.0032102560297878
bs,660.5510410118952,1.0041269613400603
σs,430.86272863660525,1.0060726802433002
ws,444.9243749402146,1.005784577231171
ps,597.5812349757326,1.0030825688468834
es,512.0245905418401,1.0029642760491007
σ,751.59062412127,1.006943044982545
