label,ess,rhat
Overall,621.3286656988896,1.0049087173468072
as,493.7988183714299,1.0030872710876926
bs,794.3217522252878,1.0049232755637862
σs,457.66100458271046,1.0114135142984952
ws,569.5618228319031,1.006569235910524
ps,631.6182389732419,1.0043116664526537
es,549.4421874569911,1.0029238191659586
σ,1118.7748314533633,1.004475614191906
