label,ess,rhat
Overall,1042.8800072116296,1.0035011690883455
as,641.0608322460286,1.0027034544697713
bs,1538.5569321945209,1.0036385149515086
σs,498.50505711134775,1.007331307869728
ws,652.5231142229374,1.003381094706433
ps,1159.2657370903162,1.003646104489669
es,639.3480637386235,1.0025891700842293
σ,947.7115758449963,0.9998091604160027
