label,ess,rhat
Overall,712.4247020856998,1.0038184909639885
as,572.2359265926071,1.0038572035141
bs,886.0917526475262,1.0036499847229552
σs,518.250706687044,1.0045712943713343
ws,513.9722018909519,1.0051893499840159
ps,766.4448194038328,1.0034698911226936
es,484.68172480438056,1.005557738790848
σ,956.3750277149196,1.000622479452084
