label,ess,rhat
Overall,685.7590667971929,1.0050944601273335
as,626.2630078131904,1.0068537191897589
bs,796.5606261572531,1.0027537052871718
σs,501.0592654433851,1.007187844927184
ws,615.0086926882298,1.0040144102582065
ps,708.2087107426628,1.0056819007180715
es,639.9502872298368,1.0059116871664873
σ,1042.690372657241,1.001147149119368
