label,ess,rhat
Overall,508.2735657144079,1.0067376111239095
as,424.2240291319415,1.0074638950898038
bs,605.3672371327391,1.0061388933478728
σs,461.3146803052943,1.006278372840422
ws,440.8264891655579,1.0051526980751364
ps,528.372896604507,1.0076477662059786
es,407.0027307735195,1.0060664183548755
σ,997.5975510398073,1.0034349211134623
