label,ess,rhat
Overall,636.444919002885,1.0045915410740407
as,561.311174230556,1.0055846851497998
bs,763.456798426069,1.002828692914088
σs,449.6836342598058,1.0073624757771396
ws,585.1967349427802,1.0042557259945346
ps,654.6867679123454,1.0047728600297439
es,583.6277392783725,1.004425695607883
σ,882.7694155271932,1.0042387201121648
