label,ess,rhat
Overall,925.935809615504,1.003652380700251
as,712.270929827765,1.0028984819183377
bs,1214.6538122381364,1.0039815483579466
σs,490.6276971731269,1.006115821220713
ws,565.3553491774909,1.004502085063012
ps,1027.8464148474388,1.003397020148958
es,685.6078212451164,1.003862233622314
σ,841.8482604795753,1.0052935289650495
