label,ess,rhat
Overall,486.98035110800544,1.0055530382153022
as,367.6551586619055,1.0065802460824678
bs,607.2880907984922,1.0042463892333926
σs,481.2815770905621,1.0071737966808139
ws,330.4129296562549,1.0107301978878764
ps,518.407031988433,1.0040995377851594
es,340.19572820443284,1.0092562598564068
σ,1150.8779720756363,1.0057886995090488
