label,ess,rhat
Overall,1059.474543517773,1.0034903388840037
as,723.1139218490731,1.002879290196958
bs,1473.5037684404783,1.0035664973977712
σs,608.9966446445418,1.0065927018890188
ws,626.5549184697364,1.0036016521024884
ps,1182.185340765392,1.0033446240560806
es,708.6221926506922,1.0040210973874582
σ,1066.0964779426552,1.0080873749955817
