label,ess,rhat
Overall,499.78924551970914,1.0060376901589672
as,344.84250527055366,1.0104634899758205
bs,661.3839291841894,1.0016082821112589
σs,475.85664922454106,1.0060506797900461
ws,457.51950001695565,1.0064846351108305
ps,508.3584681527424,1.005537841641114
es,384.4184256828917,1.0095379903113448
σ,1014.9680427675272,1.0066698118960427
