label,ess,rhat
Overall,697.9240420963997,1.006236584007132
as,581.9737689665375,1.0059616765594808
bs,859.513911336783,1.005921851712299
σs,533.6214960985235,1.0083592870800762
ws,534.7400263976377,1.0072027059757598
ps,768.9408737529509,1.0055051241403292
es,557.6460864716068,1.0121341139232523
σ,1090.2505186608041,1.0018660170882243
