label,ess,rhat
Overall,698.2353560286925,1.0037696566914842
as,569.6295229483927,1.004247699771969
bs,855.5111287463062,1.0033349424482956
σs,531.9497061322736,1.0035183494351674
ws,556.9255602849724,1.0030961249313923
ps,731.9654596535087,1.0039550215353483
es,577.4476591024911,1.0055809183900757
σ,1016.4833248145655,0.9993320019099284
