label,ess,rhat
Overall,928.6677633362017,1.0045978029070137
as,703.0970376251478,1.0027334499081701
bs,1231.2642161058552,1.0055302432209632
σs,481.9185463963237,1.010002896479406
ws,603.6551981418344,1.0055150001661624
ps,1018.5435481878444,1.004508495860171
es,726.3060686967815,1.0019693339777673
σ,919.5042620685999,1.0031351119041798
