label,ess,rhat
Overall,943.1086690052377,1.003738032140725
as,607.5407627535652,1.002738060723977
bs,1346.8297079513318,1.0039870661255546
σs,547.8204993775915,1.0080934692458503
ws,641.9712845345003,1.0046558063107391
ps,1029.5458250562767,1.003649701840614
es,654.5926254930259,1.0026793632831372
σ,984.8058792286328,0.9990819342210545
