label,ess,rhat
Overall,543.5684583827557,1.0055705672836686
as,428.389337156906,1.0052033861049114
bs,674.8955092396011,1.0055651025123846
σs,449.9104665229803,1.0077319137939065
ws,433.02836338985406,1.0087500235516527
ps,568.2865191910352,1.004874940902947
es,441.7285214411811,1.0050086157631197
σ,887.2625533833121,1.0019310613836006
