label,ess,rhat
Overall,564.958190685245,1.005838658742513
as,482.7724845009477,1.0062661281738197
bs,666.0834139213569,1.0037298032651818
σs,496.7759292987138,1.0118916485082017
ws,477.2438436266848,1.0069561181578892
ps,593.5434751084159,1.0052807668293176
es,473.21642833780044,1.0058921349503138
σ,1057.7964850804178,1.0068273830854757
