label,ess,rhat
Overall,496.9762195777113,1.006055525347578
as,400.883030134719,1.0066022083456394
bs,604.7911003235879,1.0051487920218305
σs,454.77813088732637,1.0073517065272488
ws,449.59137677729086,1.0053025495239223
ps,497.6978591592121,1.0067618667036504
es,470.2738813426503,1.0043267205000768
σ,1100.2363805338493,1.0001839696685673
