label,ess,rhat
Overall,646.3201675207908,1.0052130051348827
as,516.1275631861108,1.0047375029897865
bs,838.7457883615373,1.0048670833947435
σs,422.2813080989532,1.0081701311217324
ws,565.0689271887888,1.0060789301752824
ps,681.6930938800112,1.0049960458967917
es,554.1669907818908,1.004818719960222
σ,885.9453196428883,1.0012514151897762
