param,value
Exponential mean,0.4052631578947368
Cauchy mean,2.8473684210526318
