label,ess,rhat
Overall,492.18730545054024,1.007157708617778
as,397.1670335659312,1.011059915341945
bs,596.9739167791421,1.0029886867011073
σs,457.02848345216717,1.0081182433107974
ws,464.72260282440993,1.0083586410509051
ps,493.071209104299,1.006459757193181
es,398.921945037105,1.0097545777607904
σ,985.3129627932516,1.0056995181737807
