label,ess,rhat
Overall,501.7482072385699,1.0055797179242068
as,423.6104948578308,1.0047430853495922
bs,590.2295070327099,1.0055916621288616
σs,464.5112925503262,1.0085485960560638
ws,454.2464862922459,1.0075497303497734
ps,520.241333060008,1.004632816182081
es,370.1271601618929,1.0056808464446183
σ,854.1896813904174,1.0063567570718635
