label,ess,rhat
Overall,493.4478640120528,1.008737534863116
as,411.0445472593957,1.0107499686085306
bs,591.7768595734113,1.0055030527706006
σs,436.1154203007287,1.0131369089126798
ws,445.5963210761991,1.0089333341520157
ps,501.1081481005024,1.0089028590486284
es,411.8080474358243,1.0079735264242184
σ,1031.7786260950681,1.0036175314507991
