label,ess,rhat
Overall,475.34289081799426,1.0057792673845958
as,423.276680476293,1.0065149226125343
bs,532.7930916971372,1.0050232018669678
σs,455.9605248832033,1.0058527444274759
ws,488.9990415121006,1.0087763758120116
ps,447.64614572984806,1.0045661771401164
es,497.2445834189163,1.0055538825004842
σ,987.7810695786717,1.001805082380279
