label,ess,rhat
Overall,607.6809481647532,1.0059918805231234
as,517.1972503121965,1.0080617236892055
bs,736.9970271882571,1.004085035101535
σs,467.8843759493431,1.0054050886429446
ws,502.7393600281454,1.0055719389449183
ps,637.2741884391403,1.006607228393008
es,601.9787664946314,1.0036084605667435
σ,1108.9601220102234,0.9997989747573375
