label,ess,rhat
Overall,803.288865167123,1.0042231874591105
as,633.9651460954323,1.0051866194698902
bs,1020.7428000887143,1.0026959094878127
σs,524.1336132377012,1.0074934940301166
ws,580.6135988050329,1.0039133414851062
ps,862.4403269619135,1.0040277244602327
es,565.9948187376092,1.0068155802692638
σ,1110.7099882212926,1.012138777472983
