label,ess,rhat
Overall,782.8677756793779,1.0044174050812023
as,594.1936230568749,1.0053963276607432
bs,1004.8044529239319,1.0027905916676516
σs,589.9451328714825,1.0081751719184564
ws,587.9208546080689,1.0046072436621856
ps,834.270434621248,1.0042033745581955
es,575.2683716097335,1.006941604079099
σ,1070.1020074646108,1.00736440921794
