label,ess,rhat
Overall,997.7834914840882,1.00535165671816
as,605.7090074902314,1.0041753614981694
bs,1475.6413335280786,1.0055662831328174
σs,500.2400147933123,1.0109293357890947
ws,612.0585259945741,1.0072705709685386
ps,1112.1023271022434,1.0049788267615842
es,592.2410098505532,1.0053021371994504
σ,950.2639309538785,1.0003195626666745
