label,ess,rhat
Overall,562.0917456756466,1.0054514231148266
as,420.7617429061577,1.0070522068541732
bs,720.5076957568888,1.0039677721339912
σs,462.99325126747715,1.00477205311546
ws,446.7264216762799,1.007352640468851
ps,588.8090750469779,1.005018826151933
es,423.17659632902314,1.0050364710069688
σ,941.8741225373857,1.0042313733011303
