label,ess,rhat
Overall,807.3624128390586,1.004597978119021
as,581.3733184698696,1.0058760993693872
bs,1084.3857453134358,1.0031456572433162
σs,511.3638318289665,1.0056083359459878
ws,625.82680469546,1.00488371597876
ps,858.5718704792325,1.0045584720568177
es,563.649991713799,1.006968109978033
σ,1015.1605860844239,0.9983251510698923
