label,ess,rhat
Overall,791.7483997709895,1.0042649633989225
as,608.4206725951566,1.0046947579851142
bs,1025.185642976088,1.0029537641113317
σs,501.1132068012478,1.0093771106670366
ws,562.8134935801207,1.005682643355459
ps,856.418003019394,1.0037358888461798
es,506.5162320361337,1.0048004824475238
σ,1005.290653607716,1.011577344354936
