label,ess,rhat
Overall,1033.4945580128012,1.0044884860961865
as,681.3233802436854,1.0039525391635864
bs,1471.10024169288,1.0044803529869255
σs,537.9744237292159,1.007644150338982
ws,664.9032288748614,1.0055434469650062
ps,1141.1949728449335,1.0044054734450167
es,639.356677490757,1.0012355904245993
σ,1075.246356769815,1.002319354269683
