label,ess,rhat
Overall,512.1196804795185,1.006279126711871
as,399.0090410258434,1.0069608321830317
bs,634.3964989314059,1.005438513018371
σs,458.9558422898881,1.0072007944014385
ws,368.8683300965913,1.0114811250080333
ps,546.1933104001097,1.0047295912046756
es,330.8452309904737,1.0139202933278204
σ,958.1505478643606,1.0029505182713991
