label,ess,rhat
Overall,486.0576682672954,1.0071545850548782
as,399.71248463928106,1.0084564860852834
bs,586.2456036271174,1.0041417232808296
σs,436.22376203278816,1.0133140437319945
ws,427.7266821010616,1.0087742965655584
ps,497.4395203798946,1.0068382030803544
es,460.5679692012085,1.0036664603557508
σ,941.0807454666981,1.0029202276625828
