label,ess,rhat
Overall,655.2849679474211,1.0048521078503339
as,594.3887430261826,1.0050530741832584
bs,755.8545896558287,1.0035511581636554
σs,512.4607395136132,1.0088120479238503
ws,550.6798241484912,1.00678618771625
ps,691.9911124599962,1.0041090517439142
es,551.824956870797,1.0038454466100424
σ,1163.1069583608821,1.0029759307068395
