label,ess,rhat
Overall,501.8094686448368,1.0082736165024455
as,439.5010559189275,1.009531875342705
bs,574.3099460034266,1.0071366113806552
σs,465.118035967188,1.0078371031159565
ws,419.1263010357138,1.0086964353123025
ps,527.816609209728,1.0080596917604001
es,417.9984573920548,1.0110382793317463
σ,985.4438477727097,1.0032325084187412
