label,ess,rhat
Overall,503.4002976443099,1.0068961623586128
as,467.73098219384724,1.0071058976670588
bs,546.0019995194934,1.0065501866446938
σs,478.44370651531347,1.0073866278183154
ws,454.7269428346447,1.0035258237150486
ps,512.8354525656722,1.0084551048281962
es,430.1995273475431,1.0066414723042902
σ,988.5680679984024,1.0073171019808569
