label,ess,rhat
Overall,673.826714570308,1.0039714066287617
as,588.5312526653603,1.004116032382123
bs,809.4289887573016,1.0026509275168658
σs,492.7221903549415,1.0082044787194868
ws,590.6876530980902,1.0058907038676626
ps,705.6042991359105,1.003126664681505
es,561.1637213332197,1.0054236163765196
σ,1070.604240005427,0.9999987108951163
