label,ess,rhat
Overall,596.3165349440775,1.0075542176184014
as,476.0514959384921,1.006857339603058
bs,763.8578481632145,1.0056830997440842
σs,426.121947775292,1.0167990028211782
ws,476.59064219101515,1.011349119516045
ps,640.1823685190137,1.0061202017205408
es,517.3644126341777,1.007053883662104
σ,1050.419819652286,1.0003004761036387
