label,ess,rhat
Overall,815.1298506962911,1.0032883097137086
as,646.9994355831973,1.0024011879760568
bs,1035.4816355433786,1.0035943890739696
σs,512.2459062391237,1.0066583555025825
ws,626.0276087897964,1.0045692462788036
ps,865.7740405722831,1.003042695985703
es,596.0488987349905,1.0007004495808884
σ,1091.5975434492018,1.0048822501424897
