label,ess,rhat
Overall,971.2679311383488,1.0045513301806925
as,681.8615390961991,1.004095283227074
bs,1334.8258010278344,1.004391118964983
σs,541.1893596238009,1.0081256275627957
ws,609.4651510529449,1.0063949455266386
ps,1073.4228177548086,1.0043009813720258
es,643.2197397456214,1.0002308362153913
σ,1065.5631173585746,1.003085676775935
