label,ess,rhat
Overall,526.3515166085349,1.0063543348036297
as,406.78638101042037,1.0077790850469797
bs,662.663956345726,1.0048186435078335
σs,429.2171526018903,1.00699779290782
ws,408.08138435958494,1.0078874509367168
ps,555.0371159255285,1.0060560101742817
es,380.76832462278776,1.0071456419057867
σ,859.850720351734,1.0006939092109766
