label,ess,rhat
Overall,719.0551479001039,1.0068288923539688
as,517.3797529015419,1.0097607922427994
bs,959.725387004227,1.0038579503689506
σs,492.8850520878501,1.00705533651186
ws,522.4401888475015,1.0030715970101605
ps,770.965154682456,1.0078861443477212
es,584.2064504028135,1.004985711175903
σ,856.4517259730104,1.0048547031356851
