label,ess,rhat
Overall,505.5496785265328,1.0054524095380544
as,380.38804688062925,1.0062532988890904
bs,643.9106919246352,1.003977559984832
σs,428.99326436377976,1.0093613787107338
ws,365.7194305733958,1.006898366132941
ps,536.3728201681172,1.0048209040761449
es,324.80639943958073,1.0139701240235257
σ,1065.4884133420312,1.001377763600123
