label,ess,rhat
Overall,715.7390450857315,1.0042605246687426
as,558.8078458616434,1.0054619227109836
bs,898.2501426441503,1.0025446664301105
σs,567.375634746616,1.0072443938078057
ws,499.7424224427468,1.005547123109392
ps,768.7184143549397,1.00379061618318
es,550.9161160016562,1.0073525091632627
σ,1094.3346500477112,1.0051929816989011
