label,ess,rhat
Overall,657.554288079238,1.0051032422545985
as,525.7183212005945,1.004257172020073
bs,852.9664274880804,1.0041135303873352
σs,428.68006697052385,1.0117120578210348
ws,570.2738255500948,1.0073295960071098
ps,695.3089540044773,1.004033898376736
es,572.4844975417572,1.0071475084505226
σ,893.4381054477047,1.0021014056570199
