label,ess,rhat
Overall,453.3665220341781,1.0071437592586836
as,412.6714182991309,1.0095207894233422
bs,490.5929160669896,1.0039894941838412
σs,465.85387696222716,1.0099418049353444
ws,446.23547927272654,1.0052010898646906
ps,432.5650850226833,1.0080283332388122
es,429.20552102451313,1.0056699895711545
σ,1128.098399489792,1.0104044078783148
