label,ess,rhat
Overall,654.6164622150976,1.0041936812913037
as,573.219336231952,1.0037732114656475
bs,779.342745197536,1.0041189904608885
σs,498.63149701764326,1.0059762596531605
ws,568.4042428458225,1.006833435286842
ps,681.5571851676452,1.003116457406152
es,606.8695266669744,1.0045880967558145
σ,1084.1981689764034,0.9997356234297572
