label,ess,rhat
Overall,488.7151688996212,1.0072135237444004
as,421.80555185925095,1.0093030398478853
bs,563.6094934658055,1.0055574992972725
σs,459.9702218066911,1.0056529537815155
ws,470.88109822012024,1.0072969288285785
ps,487.89816820688026,1.007199077212365
es,330.04060694435896,1.01103405957039
σ,1041.315158975428,0.9989472009152037
