label,ess,rhat
Overall,490.0851157099503,1.0050612014989893
as,388.9229404336794,1.006252857480363
bs,591.9452202667035,1.0034922477944128
σs,487.57257030021367,1.006419473302521
ws,446.4869772544112,1.0060816944113078
ps,503.22411586513147,1.00426773319612
es,328.2328006690535,1.0087822036675393
σ,995.3534032235034,1.0060034580886716
