label,ess,rhat
Overall,586.1584245014042,1.0055717677344387
as,448.19445225195307,1.0067505309131266
bs,756.1177873701272,1.0039891908965777
σs,470.9750182720242,1.0070254969074626
ws,516.8970381199175,1.0061181147138225
ps,604.0764620168035,1.0054518779632706
es,492.6008303374823,1.0045152957245715
σ,1138.541274006702,1.0042456820519412
