label,ess,rhat
Overall,766.0013972357497,1.0056229124066758
as,544.5640164893625,1.007018851830582
bs,1029.4695418071847,1.0038947421769102
σs,522.2229670504703,1.0075498510806615
ws,540.5383601219664,1.0037811178752216
ps,825.872315758622,1.006178656480133
es,508.6351947274808,1.0062231361595568
σ,1112.4861585197943,0.9998482837524207
