label,ess,rhat
Overall,509.0961232851505,1.005686176687317
as,425.237308803093,1.0048533299513123
bs,598.1641173718692,1.0059920723605664
σs,478.882881578115,1.0087424928512991
ws,415.6069873382027,1.0100704465378223
ps,530.5349095732801,1.0043416064715054
es,309.5718619371937,1.0125775673412767
σ,1000.9525355142201,1.0038315275323115
