label,ess,rhat
Overall,1025.4115674675625,1.0045355087420913
as,669.2929478973327,1.0055764503146312
bs,1475.4288398494903,1.003219596919945
σs,480.79938115971106,1.0061303361898095
ws,587.259168912669,1.0055608426240326
ps,1150.0961406301856,1.0043493777538903
es,674.8023758648433,1.0031297209254275
σ,999.5992215258086,1.0039773652257646
