label,ess,rhat
Overall,697.9238275707897,1.0045433050338024
as,545.4421930319177,1.0054272762381868
bs,876.710638112501,1.0033986569934208
σs,545.3538067543197,1.006055230682589
ws,532.3752102208396,1.0039644712937708
ps,739.8110249962791,1.0046745285310203
es,567.1175990877384,1.0063323101172603
σ,935.5342163127993,1.001612571880803
