label,ess,rhat
Overall,773.2517819222801,1.0033764526570996
as,501.9892666778871,1.0048090748643055
bs,1097.2978384256235,1.0022627114003366
σs,467.10724262036837,1.0015269431445322
ws,546.2404490721854,1.0029893099810316
ps,838.2130801481635,1.003489051134156
es,508.6315704313564,1.0050432332494466
σ,908.4858842628629,0.9992838766865184
