label,ess,rhat
Overall,568.4569114709711,1.0070240728566604
as,434.187283988344,1.0092546886394484
bs,723.033484590609,1.0033771796208226
σs,450.6766267763099,1.0152384820843472
ws,353.61301957339083,1.0142361333936767
ps,620.3671291804526,1.0054590333764517
es,399.72633741994935,1.0055710146140675
σ,992.3543122888641,0.998507357947675
