label,ess,rhat
Overall,910.4864924112339,1.0052292653420274
as,665.109802417543,1.0058865956004852
bs,1223.619441309351,1.004402480757005
σs,517.5001907655629,1.006212100436102
ws,627.5971984913654,1.0036755314138255
ps,995.1907220542388,1.0056367898682252
es,566.0935549949941,1.006937794687838
σ,928.1408714179028,1.000895836531333
