label,ess,rhat
Overall,790.5174010833824,1.0048213972432103
as,572.7294203127701,1.0040924740945285
bs,1046.503665201044,1.0048193780130945
σs,568.9673576704961,1.009060863040234
ws,581.1480241005066,1.004467195810283
ps,845.2613922928253,1.0049464922521567
es,645.9559830471231,1.0028258487564594
σ,964.3611828971448,1.0070583509824025
