label,ess,rhat
Overall,1048.841463495982,1.0035458945558748
as,860.5676312245345,1.0031952964112245
bs,1317.9865820619389,1.0037842668426844
σs,579.7880029878277,1.0041968045313523
ws,654.323484208174,1.0040888321549153
ps,1153.5620087522166,1.0036164987456384
es,941.8193130176116,1.0009516634440079
σ,970.5153436071583,0.9988301044824769
