label,ess,rhat
Overall,877.0281372448692,1.0032865087312084
as,730.9735374391056,1.0032096828160089
bs,1069.800144900076,1.0028573752876604
σs,606.0671717181027,1.0062210730119445
ws,732.1215091495477,1.0041322109824684
ps,907.5640189466093,1.0028738531826549
es,981.1878859326175,1.0047163816432094
σ,941.8658553297118,1.0100858022226367
