label,ess,rhat
Overall,891.3635645846604,1.0034974278658209
as,791.3187060663383,1.0022814494257701
bs,1054.3233537388585,1.0046749620565187
σs,526.4569668965784,1.0037204045120673
ws,595.4086882731843,1.0058995641649158
ps,965.223704441336,1.002777346149993
es,884.6871046714278,1.006744499050792
σ,910.8882870283969,1.002741572266491
