label,ess,rhat
Overall,785.9964431305806,1.0043863800233748
as,574.618185271592,1.0057577289915836
bs,1042.7467016176324,1.0031023356706403
σs,522.8388394878132,1.0038800132536245
ws,557.1213641019773,1.004163117693965
ps,852.1115109550556,1.004398862657168
es,564.4401965007703,1.0056485663712662
σ,802.0866291586428,1.0039419888584344
