label,ess,rhat
Overall,855.3789820795477,1.0036284208396427
as,705.4617483552867,1.0031756001940089
bs,1069.3569591985054,1.0036793066529883
σs,483.82667039031105,1.0059596428669115
ws,605.7728421012852,1.0045138887231433
ps,927.3005439171233,1.003465036897257
es,553.6989109371495,1.0039971371760927
σ,1001.7778358998737,1.0001078027992474
