label,ess,rhat
Overall,1012.6175537425898,1.0033083256690314
as,727.623211695121,1.0024881055270496
bs,1378.445749568708,1.0036674847536393
σs,543.7812018264251,1.0059824798018007
ws,686.1339254444601,1.0034824179981396
ps,1110.4917892466794,1.0034078295854043
es,680.9913239619486,0.9999234324621087
σ,895.7102486851312,1.0032128161476732
