label,ess,rhat
Overall,456.4081974896774,1.0116251542112618
as,327.31191937243904,1.0149378465372658
bs,584.0387734529294,1.0085029286462275
σs,464.9092699828001,1.0105204469976354
ws,341.60637477446795,1.0106032184046974
ps,479.64864760314805,1.011559368283758
es,234.79527215291824,1.0221217335051147
σ,1161.7143152991175,1.006052949822513
