label,ess,rhat
Overall,490.8692322104678,1.005599448347544
as,408.6328448757088,1.0067827678925017
bs,573.103150658048,1.0045418033630686
σs,490.8781202043125,1.0051470199298087
ws,406.48005141491785,1.008878883625948
ps,518.1809274119661,1.0042023225823895
es,399.14510798569,1.0057393232886225
σ,976.8835749676738,1.0022917450185602
