label,ess,rhat
Overall,749.2185659975596,1.0056784472516032
as,530.5753352270187,1.0060344298317792
bs,1009.5936968647484,1.0051713502759434
σs,507.1735454370031,1.006554910745409
ws,543.2791041864499,1.0044069413770098
ps,805.4358690718865,1.0060321813616524
es,525.3904814346474,1.0049209411105673
σ,969.7177292890265,1.0054722927464341
