label,ess,rhat
Overall,813.4578056381382,1.0035220151686617
as,620.3554317883643,1.0037536540628686
bs,1059.6977529499095,1.0033102259154096
σs,505.2598795585567,1.0034068872511226
ws,565.2126974811442,1.00421289458266
ps,882.4556258652228,1.0031394729788667
es,542.4139841641321,1.008555511197501
σ,1022.591375570014,1.0035264952531644
