label,ess,rhat
Overall,536.0217941227997,1.0059539742383856
as,398.7868996443358,1.0067577391380882
bs,678.7833205106386,1.0053023009541477
σs,503.967329048426,1.0050718428686882
ws,398.95481262317816,1.0105935341134926
ps,565.7647058242297,1.0047628188682147
es,384.06775616974835,1.008860293727417
σ,1057.0738863557278,1.0016420745272372
