label,ess,rhat
Overall,980.0142942427574,1.003947162710561
as,720.4401143802522,1.00225208949856
bs,1313.1989987418401,1.0052747095753927
σs,553.073251350608,1.0060788155241425
ws,607.370235837336,1.0046918888585246
ps,1085.6811144397523,1.0037495755941555
es,669.5733465529034,1.0030086737786341
σ,1000.6175210317833,1.0063716083863052
