label,ess,rhat
Overall,508.2737030537823,1.0088216088704303
as,383.7222914883901,1.0119639069963662
bs,629.9994068428553,1.00626270260872
σs,524.6628081564344,1.0054379360579149
ws,436.7740844941556,1.0077637020460786
ps,520.3312963011824,1.0088104690784354
es,317.1749714381243,1.0161186657455712
σ,1169.7021131254144,1.007457087028117
