label,ess,rhat
Overall,1021.2176072182383,1.0037452726718628
as,696.6819800442196,1.0025872882958422
bs,1420.9376947096662,1.0045279996094403
σs,585.1477373772639,1.0059217658148354
ws,599.6202555434869,1.0053382062631548
ps,1137.7785061920729,1.003273417153629
es,665.2666197568105,1.0037676207161776
σ,1197.3646514940565,1.0072344383629381
