label,ess,rhat
Overall,806.1332938583809,1.0066188780057588
as,609.1316899606616,1.0083876453349088
bs,1056.146370285195,1.0044072468531189
σs,498.66675318963115,1.0091874881819987
ws,590.6959334285325,1.0070762643775037
ps,864.9923740028981,1.0066378647068615
es,611.7675574792569,1.006180787637725
σ,954.8772448379749,1.0010950606279536
