label,ess,rhat
Overall,518.0959240199678,1.0070720343392776
as,375.9269197876257,1.0064515680160104
bs,678.8212664538008,1.0069641131023253
σs,410.46916245132024,1.0112966821885572
ws,340.07858423395714,1.0112137812076445
ps,561.3101250377722,1.0058556809932842
es,333.69131490376157,1.013699878978634
σ,948.8315708299,1.0025003432478667
