label,ess,rhat
Overall,665.6520331180725,1.0046545926041814
as,549.051190099073,1.0051598890559705
bs,807.6254047957651,1.0037492185772736
σs,518.491366897649,1.0069750425398727
ws,492.4493555773874,1.0045413612267848
ps,710.7881737527214,1.004365523469319
es,459.12944766745744,1.0102534954064994
σ,990.5945840443654,1.0086908820017224
