label,ess,rhat
Overall,784.8629398224845,1.0046849068188701
as,573.8913604524887,1.0049092459863216
bs,1045.9698071930495,1.0044052056494102
σs,494.07826941918165,1.005006006430519
ws,551.5635940017446,1.0053707681288775
ps,848.6062967349858,1.0046171451681156
es,575.9770902681324,1.0040932005855017
σ,942.5456569799989,1.0008905428017452
