label,ess,rhat
Overall,984.894845106898,1.004176128561823
as,661.780810749216,1.0033766046796262
bs,1385.9213593801528,1.0043803676414174
σs,533.0024615965746,1.0076287804169162
ws,612.0717643689771,1.005618835695893
ps,1092.3362298335312,1.0036704730348849
es,621.1334595071279,1.005895738714337
σ,1029.108118283107,1.0076958879409832
