param,value
Exponential mean,4.833333333333333
Cauchy mean,17.833333333333332
