label,ess,rhat
Overall,516.5682367396192,1.0075279239057022
as,426.20810923783455,1.0088646932263645
bs,643.12368062865,1.0041441708414947
σs,386.2650977455331,1.0148970653824656
ws,426.8613438335526,1.011566954967588
ps,545.0526610073084,1.0058195005717956
es,486.8954089212816,1.0080990292559036
σ,911.8015762891727,1.0023363471442381
