label,ess,rhat
Overall,587.9080126444892,1.0043867833467923
as,483.18259468075445,1.004729499953623
bs,738.8556277068175,1.0035094349117364
σs,421.50810308955215,1.006311457928402
ws,520.4097388437762,1.0043898713607453
ps,609.5477970623599,1.0043326397645047
es,548.8277248822549,1.0055772635397684
σ,913.4134789128732,1.0033764999328694
