label,ess,rhat
Overall,335.9793587198188,1.0150725686831226
as,283.53400935617685,1.0115615062732926
bs,388.19816916505465,1.0159454943963193
σs,336.7948988260805,1.024569860791
ws,220.1163299241064,1.025771958305479
ps,386.3394889728597,1.0075030364503235
es,120.39117435001607,1.0534352496123673
σ,848.1486864289076,1.0067623694091172
