label,ess,rhat
Overall,545.5016664340841,1.0050772905029401
as,420.33598550257204,1.0037918501877507
bs,686.2309505378512,1.0059191074320175
σs,455.2327680350036,1.00765030614239
ws,382.17222669261304,1.0074378818290752
ps,584.0307065532268,1.004296456133885
es,440.51249831021573,1.009239526802583
σ,866.0393538606212,1.0059057717046815
