label,ess,rhat
Overall,727.8170176817844,1.00449484630991
as,560.8295953092033,1.003966901854378
bs,930.9824761688117,1.00426842380611
σs,517.9844082179959,1.0088701746740365
ws,538.0220997075025,1.003531798698694
ps,775.2156140842952,1.0046285462617366
es,642.5616806993557,1.004951020043234
σ,900.734080017499,1.0087214724901683
