label,ess,rhat
Overall,697.5306283095637,1.0039680644915294
as,622.3196802846973,1.0026885885321963
bs,830.9509822644442,1.004534408990522
σs,487.9767669615141,1.0065353377487551
ws,561.9491950422458,1.0060609400262261
ps,748.4747565572862,1.0032523563776405
es,685.3174110619922,1.001456616819509
σ,1024.3869275717377,1.0024848643803166
