label,ess,rhat
Overall,557.97563937585,1.0038073004215275
as,471.42869668793014,1.0046793945332395
bs,652.1939972767755,1.0027502800840316
σs,530.3585446090308,1.00447303483435
ws,503.6016315660349,1.0036397846337557
ps,573.128677179748,1.0037450098998673
es,522.6956226675887,1.0061784794075106
σ,887.0447836088076,1.0026946854659844
