label,ess,rhat
Overall,553.646416616492,1.0073332051447426
as,461.8418045549505,1.0107960525039248
bs,645.2842932869421,1.0048658317385144
σs,554.2466640244222,1.003749498914106
ws,474.85929289167854,1.0072154817547747
ps,569.3628367155882,1.0072751367839556
es,515.1143523196067,1.0109266221973758
σ,1167.5291073315284,1.003068829099541
