label,ess,rhat
Overall,643.4064233738283,1.0047031560358524
as,673.77064954724,1.0045966772512425
bs,641.7662701141694,1.0047829938994934
σs,539.9997608843166,1.0047990633513426
ws,540.768393494132,1.003558996980296
ps,681.1971474760317,1.0053653028427016
es,618.1984119205608,1.0058576906834167
σ,942.9199781794217,0.9989081784293276
