label,ess,rhat
Overall,872.8088475059794,1.003922522603979
as,755.6100279971072,1.0036972230307277
bs,1046.2711530779366,1.003857376062769
σs,546.4806283400812,1.0056071100678516
ws,557.3328416324849,1.0075811970099064
ps,958.1199247078233,1.003158900002014
es,666.3297659537648,1.002486331991451
σ,976.547375403831,0.999544695852212
