label,ess,rhat
Overall,1072.1948837836367,1.0041258036223528
as,740.496542675928,1.0018708719325793
bs,1495.209591560229,1.0063179449344766
σs,542.5599571041073,1.004489987812724
ws,636.3573459761441,1.0042842344376688
ps,1191.739221988513,1.0042947750449085
es,811.1690086398091,1.000735874454682
σ,1086.168853927141,1.0008938638912528
