label,ess,rhat
Overall,1015.1922710658051,1.004158666177892
as,767.7291550037206,1.0024193419680607
bs,1333.2440350416005,1.0057130090891724
σs,605.7781131662807,1.0052315577094881
ws,569.3949087736625,1.0058549369293706
ps,1134.776443542509,1.003913825330626
es,785.5151442641774,1.001180123781396
σ,1084.0745932929988,1.001512862621926
