label,ess,rhat
Overall,555.804673333989,1.0051913628871865
as,432.98288199432284,1.004704534309113
bs,686.179061060451,1.005933700252308
σs,511.99961429057237,1.0037094119223067
ws,415.68884865873207,1.0063117448165002
ps,588.03418647601,1.0048506139283682
es,434.501204911657,1.0084275289018723
σ,932.7848754647191,1.001630397729334
