label,ess,rhat
Overall,890.2211956037927,1.0041114862002734
as,723.8216548761947,1.0035154397383352
bs,1120.434153258637,1.0043842184796574
σs,520.1033774257628,1.0059867084590877
ws,551.968577731317,1.0065761662227901
ps,980.7557133495839,1.0030351368825492
es,663.0034742214676,1.0162470054359747
σ,1058.0312010401672,1.0019290547094337
