label,ess,rhat
Overall,807.6970882528921,1.0042737290268802
as,682.0741749200195,1.005207097428253
bs,970.3188779542858,1.0035051223586864
σs,593.1036053154696,1.00331811097444
ws,602.5519592988538,1.0041892826063321
ps,858.0042820594668,1.004351137108628
es,712.8880743005786,1.0031042947664652
σ,1044.3113608903802,1.003910366670398
