label,ess,rhat
Overall,581.340711230283,1.0059983742953156
as,474.99067313781575,1.0059308779896656
bs,725.2460624795248,1.0050232535317367
σs,446.1415838658954,1.009751795744539
ws,528.2504523780301,1.0067428391232052
ps,599.2686011622037,1.0053635876738378
es,501.76711896047016,1.0081808449566947
σ,911.4458637670122,1.0092043071963095
