label,ess,rhat
Overall,923.5349299682455,1.0026540200485285
as,707.2946021010902,1.002749363829423
bs,1182.5965446620141,1.0024336414015402
σs,675.1714663738874,1.0033792222718745
ws,755.7888853447679,1.0015226231800727
ps,963.8324463982543,1.0029306865023564
es,925.4727126128498,1.0026701139365128
σ,998.3311115203462,1.0029186049102956
