label,ess,rhat
Overall,905.0894596715096,1.0028525015542498
as,812.5588479879533,1.002547939449639
bs,1055.6757148397214,1.0025927112048933
σs,568.3667274605083,1.0061257457872614
ws,562.1091136985435,1.0031730798812546
ps,993.0843193532215,1.0025409342344933
es,774.1039623646183,1.0061777555265388
σ,1059.071341238718,1.0073102850339342
