label,ess,rhat
Overall,1030.7921175058766,1.0045140490236095
as,859.9377725738794,1.003491778313825
bs,1283.231264886435,1.0047773279848016
σs,557.6002633042186,1.0089162011654476
ws,622.2707350606424,1.0052148985292648
ps,1134.5288448876818,1.0042127806702303
es,1001.3621122942475,1.0059205577666854
σ,1012.5458029452909,1.0077517184318057
