label,ess,rhat
Overall,490.03831346435635,1.005870489860064
as,379.5799241055801,1.0060712457711136
bs,607.2374445616263,1.0051536672714156
σs,465.77164320577896,1.0077283298994208
ws,416.50708571669196,1.007687850698823
ps,518.696186602604,1.005261402836334
es,316.03819905147054,1.0048215553641477
σ,975.3085736676617,1.0019962914037785
