label,ess,rhat
Overall,619.1391992084613,1.0061053400712783
as,472.09481128436175,1.0078024035174573
bs,814.1391686496492,1.003501449346985
σs,446.49910574694275,1.009369918272491
ws,537.2573672727161,1.0094567492231559
ps,658.7174467972708,1.0044721907010237
es,414.7668395582359,1.0097623344825597
σ,981.4314644288058,1.0010363250528131
