label,ess,rhat
Overall,609.0992158814695,1.0068707119943925
as,500.9639370835537,1.0075714948118415
bs,752.8743288245332,1.0058776146578203
σs,480.7958129589383,1.0079230442632345
ws,558.757592344998,1.0074499402148362
ps,619.3820625939286,1.0067648241442773
es,547.8166595583168,1.0087264995003342
σ,1068.4097964415,0.9989614824401708
