label,ess,rhat
Overall,1031.7134775987522,1.0047115259965753
as,695.9982617147675,1.0046628227105197
bs,1459.2972637704122,1.0049020714444767
σs,498.87576993023487,1.0038888414578657
ws,639.8979360111879,1.00095622284874
ps,1145.604112566383,1.0057548493013002
es,723.3978719736704,1.0035977165164762
σ,883.3807094534102,1.0019232641039946
