label,ess,rhat
Overall,896.8577746142624,1.0054843055214566
as,653.8988558116739,1.0062065088564778
bs,1211.7360314050966,1.00422577468672
σs,479.7256142824381,1.008595005019805
ws,600.8939188529006,1.007051656809655
ps,978.5150042097271,1.0050213857297092
es,676.280877184789,1.005707921431899
σ,970.0308180272559,1.0084490082460622
