label,ess,rhat
Overall,767.2135823788996,1.0037113333332515
as,598.41139383412,1.0027832507538943
bs,973.0674825291425,1.004347761524954
σs,552.3136550672144,1.005402928781646
ws,557.42756363326,1.0071654262052576
ps,824.5740416533049,1.0026460964464359
es,514.7273822674331,1.0075321974669753
σ,1036.3161623780486,1.0057518611688554
