label,ess,rhat
Overall,543.9369457642563,1.0061342573647016
as,441.06583229228266,1.0074894967118249
bs,664.9437371144578,1.004517387827168
σs,438.7500140705366,1.0076517124690851
ws,405.4421287380626,1.0125582928928722
ps,576.615020866057,1.0045406006773931
es,424.5541286743054,1.0059726073963149
σ,876.0927793720559,1.0058646519542422
