label,ess,rhat
Overall,971.1401636289204,1.0047709379884988
as,642.3543218073447,1.0041280187086477
bs,1368.8304675288073,1.0052500515415024
σs,571.4942835747142,1.0057210112042156
ws,631.8696795318098,1.0041405492871611
ps,1064.820286162097,1.004731022421054
es,678.9632954420929,1.0082726491871192
σ,1130.0938275754058,1.007248127244672
