label,ess,rhat
Overall,783.10645775278,1.0071225433519293
as,615.1361688067146,1.0095176165735487
bs,997.6260270790132,1.0040593738413357
σs,513.1206315478051,1.0109975018279824
ws,558.2713102542615,1.006580666067482
ps,844.1375127326579,1.0073054494498328
es,557.5422355743568,1.0088684414100193
σ,1002.766033057702,1.0013537819497589
