label,ess,rhat
Overall,690.1390931687727,1.003335994040393
as,470.4682607446041,1.0021965348689172
bs,938.3716071603905,1.004383489751609
σs,524.481340077566,1.0038693821098985
ws,523.5377543907019,1.0052366920765403
ps,732.5923416045938,1.002721275762491
es,485.5054582222701,1.0067210205050543
σ,1060.8665034792045,1.0032640420165808
