label,ess,rhat
Overall,500.65114639693104,1.0071618114915692
as,340.8747279412035,1.0096243868787502
bs,664.8963821047844,1.0038339527177143
σs,474.73200633460146,1.0121804551342817
ws,345.01403656394154,1.013681508206758
ps,536.2408224143155,1.005273847443094
es,292.7743910849216,1.0142619896593765
σ,1075.7455261823727,1.0053473689005128
