label,ess,rhat
Overall,995.0048927503125,1.0029362750527149
as,688.3089893100558,1.0021183578912347
bs,1383.1491043674819,1.003766491308065
σs,522.6047053242153,1.00286494030827
ws,631.2381110592295,1.0030499031412183
ps,1102.6230332148234,1.0030442896329363
es,659.1216159265462,1.0024056348433368
σ,866.3020843943129,0.9974493185587854
