label,ess,rhat
Overall,788.4898141370024,1.0042350247116576
as,631.6660251051164,1.0042082649552682
bs,990.420269165358,1.004358511309199
σs,526.8711513574757,1.0036740090329732
ws,527.6874558840798,1.0038380307545727
ps,866.845743231886,1.0043049141764209
es,481.21313276214994,1.0057247256707753
σ,771.5868793673689,1.0026648559697913
