param,value
Exponential mean,1.931578947368421
Cauchy mean,2.542105263157895
