label,ess,rhat
Overall,479.70592164639925,1.0051338330681423
as,432.0368284646833,1.005592192515461
bs,524.0722010750061,1.0048725007825423
σs,491.5960511575919,1.0044245352859569
ws,438.4835670939656,1.0044075560019021
ps,491.76119393634843,1.0054733158831917
es,349.597627660934,1.0036481116494032
σ,921.1536847078548,1.0079940475092317
