label,ess,rhat
Overall,632.7469118156553,1.0054952831690958
as,537.361612090212,1.005843157953658
bs,768.1838050495296,1.0036114176587918
σs,488.56117518530425,1.0110248497817638
ws,555.6989515754225,1.0055968065277192
ps,660.3779112392507,1.0052083897294415
es,550.0568704979448,1.002991713911297
σ,1004.2965323203883,1.0167433708122087
