label,ess,rhat
Overall,485.848333163825,1.0079884837157769
as,449.98444580878777,1.0086449932248174
bs,530.771857303238,1.0067756549518125
σs,453.2336407400711,1.0099912330335021
ws,484.58920296029237,1.0039961271062554
ps,472.4813315039774,1.010019303910426
es,445.36995068766373,1.0085496165573358
σ,929.4567037145707,1.001973172286035
