label,ess,rhat
Overall,507.3940724613463,1.0042214120532105
as,450.17317877876366,1.0036653654754784
bs,568.3965500844164,1.0044549536772154
σs,493.7803702755915,1.0053824298866298
ws,460.97625186537874,1.0028815512443856
ps,513.8248034568703,1.0049115902908108
es,483.45001577758455,1.0027622107146494
σ,945.0970270968564,1.0052735102586308
