label,ess,rhat
Overall,645.5268376486274,1.004966394120962
as,561.1166433026629,1.005900032274537
bs,777.3694618589385,1.004201946339184
σs,474.77009013698023,1.0043573087824893
ws,591.0681085094897,1.0047025443857478
ps,666.8263608965306,1.0051609202774203
es,564.1831688836373,1.0049256884593882
σ,907.9313204027794,1.0031563221987452
