label,ess,rhat
Overall,635.5064081575989,1.0031916556611022
as,541.0609793346553,1.0025473960063418
bs,767.4419700482889,1.0031350991849461
σs,500.54192911371285,1.005714593732399
ws,662.2832298262763,1.0050772990599015
ps,623.2759741958151,1.0022735678206462
es,457.04745657857234,1.003216609370868
σ,989.093734297904,1.0043843113078326
