label,ess,rhat
Overall,516.072638783394,1.0045343277672427
as,423.7969951499922,1.0048533975870066
bs,629.4339600817951,1.0036894347363026
σs,440.1641991893974,1.0064272913274803
ws,477.202905265413,1.0045923411288795
ps,523.5389565064769,1.0044609726201374
es,482.6616910503261,1.0060049198837242
σ,855.2070756651525,1.0028042170193834
