param,value
Exponential mean,17.833333333333332
Cauchy mean,15.666666666666666
