label,ess,rhat
Overall,6.623638909248634,2.0545381710632293
as,6.121773067054134,2.0527249941391066
bs,7.4332658377975225,1.9347469657014575
σs,5.515698998372834,2.4923139472924505
ws,7.367735039406308,2.0580651633742266
ps,6.442879118254681,2.0067697941132137
es,5.2376567393356295,2.53370120490733
σ,5.1662042530253425,2.295865996343488
