label,ess,rhat
Overall,6.368608965459611,2.166750148097381
as,7.342863210573152,1.9142973878176528
bs,5.699378408455349,2.3016249571240923
σs,5.270523688266218,2.5900307726082383
ws,7.92742273734266,1.9290857682727542
ps,5.797690632421147,2.2190623633223945
es,5.022589121372494,2.8614850144603157
σ,5.198760050037406,2.2691353774166685
