label,ess,rhat
Overall,6.036167285306758,2.2629776725048787
as,5.9749267705370235,2.2036062703710253
bs,6.337893508377672,2.2549829556509207
σs,5.170418735422511,2.505495700861002
ws,5.296803496900906,2.523816578302088
ps,6.5211915299772825,2.039518958865048
es,4.517732079839,3.6547189918760363
σ,5.334772795678824,2.159354718831653
