label,ess,rhat
Overall,700.8449499236733,1.0064255354241372
as,618.7728721342205,1.0077196262387278
bs,839.3774274048387,1.0039633936494907
σs,497.5875110335088,1.0106305188803388
ws,557.9709119941155,1.0079130185773428
ps,763.9228334081256,1.005964391074138
es,620.707803683715,1.0070151246736594
σ,935.5827269625261,0.9993863121866066
