label,ess,rhat
Overall,727.5075072876226,1.0051364930965667
as,599.5281037465248,1.0053715193687147
bs,889.6296350288239,1.004499811392459
σs,529.4797069270205,1.0074660946019312
ws,494.0009150906745,1.0038529994073242
ps,787.3700402060695,1.0056217685048094
es,570.7611796249382,1.0030610894915397
σ,969.6776888909319,1.00139600498188
