label,ess,rhat
Overall,878.1472071659092,1.0049922304172407
as,645.1078573753184,1.005486134830317
bs,1178.00959645203,1.0041958055784135
σs,490.5735780918365,1.0067468488865958
ws,595.6838330651741,1.0060761582040028
ps,955.1328325609446,1.0046155238909324
es,707.3830641864993,1.0050452750511085
σ,913.9259633718566,1.0099609209711744
