label,ess,rhat
Overall,514.4716386431099,1.0060813337318544
as,441.6472308614063,1.0049317107877358
bs,594.1118674642667,1.0068231372250638
σs,489.93468290107984,1.0075494837551253
ws,465.9840111330172,1.0078250673620206
ps,518.5232173314882,1.0050378534257434
es,451.5986152346646,1.010666414463942
σ,1116.7281696832824,1.0031168566645612
