label,ess,rhat
Overall,654.6361645407501,1.0060070334270799
as,596.5370162502797,1.0054999280768615
bs,781.7401963088422,1.0052571654459286
σs,406.2185840213119,1.010532137420011
ws,596.4328145829913,1.0100821189869982
ps,672.2100802611528,1.0042930125931984
es,657.4627386329051,1.004561182339709
σ,890.5014071190793,1.004562250563728
