label,ess,rhat
Overall,642.5597267233843,1.0055494992570284
as,513.749221439361,1.0068307310909859
bs,809.9664964870101,1.0036646713147948
σs,503.61317459681607,1.007722445246824
ws,520.2640837083167,1.0072554995572576
ps,685.490940816578,1.0047839284604134
es,568.6485824448268,1.0050798657135345
σ,1141.7181650382763,1.0059216034532696
