label,ess,rhat
Overall,460.69033657090785,1.007835619100859
as,371.89659192269664,1.010826361113404
bs,554.2221038465793,1.0052951588791357
σs,443.6334551120506,1.0062146046539033
ws,444.90549949089353,1.0059148723248936
ps,454.42425128224863,1.0090601561889567
es,411.4386629951892,1.0062378291324638
σ,911.529946187656,1.0022421960587053
