label,ess,rhat
Overall,521.7049027627075,1.0069337469422457
as,433.69622489282096,1.0094688971896373
bs,637.9373402006382,1.003508440632566
σs,420.0993683177494,1.010138308766482
ws,441.6129894177158,1.0074598981787444
ps,547.8092746582608,1.0068451934857232
es,463.76253919740395,1.0062376506685604
σ,919.9789207488363,1.0043145145212222
