label,ess,rhat
Overall,483.8799068346027,1.0092665895269026
as,396.189305365007,1.010112635348418
bs,573.4932104728437,1.00755173311187
σs,476.95817902747893,1.0123943076635629
ws,444.7878178756471,1.0082444268191757
ps,488.79041200649436,1.0100959863209347
es,349.4865013421513,1.0083175358288643
σ,1094.0986508577867,1.0018663327708497
