label,ess,rhat
Overall,740.9757911865806,1.0031519955221941
as,636.5339112086451,1.002949140163169
bs,922.6411867550129,1.0029150648948102
σs,462.971135060793,1.0047352250732653
ws,642.5074072191813,1.0044790727790323
ps,785.2233242186654,1.0027357760930522
es,669.297914292246,1.0010953404438925
σ,915.5162937498392,1.0021620837544216
