label,ess,rhat
Overall,644.2008369782644,1.0064253523199433
as,575.0381766852365,1.0050592676727794
bs,779.66389715528,1.0059587702568307
σs,405.51939739590864,1.013022952476939
ws,597.8674248453999,1.0054199463925848
ps,657.0259988663404,1.0064745336697403
es,597.7374338259551,1.0145406866559632
σ,959.6743797872795,1.0009808396814879
