label,ess,rhat
Overall,792.7680899108545,1.005596195052963
as,538.6741803675314,1.007919796543179
bs,1098.5780982896106,1.0036992389305366
σs,492.8147166653413,1.0031216519197814
ws,574.6787335545287,1.0041727811775911
ps,852.9723579515395,1.0060310302386062
es,570.3415622884299,1.0057988793214516
σ,964.8885554787289,1.0013997041095675
