label,ess,rhat
Overall,488.29325866494,1.0084485515549355
as,349.69611937899083,1.0102746829835452
bs,641.2206262679515,1.006351048358993
σs,405.17793442597775,1.0100225078054688
ws,346.1784223065717,1.012212668564647
ps,521.8399371976286,1.00736915508979
es,293.72588598692454,1.0145718771374326
σ,972.5654707523338,1.0028435266003846
