label,ess,rhat
Overall,662.8300998409138,1.0048301590185527
as,494.18271285342763,1.002325215734119
bs,858.5503961638713,1.006934044793747
σs,505.80722569518264,1.007156292572145
ws,459.50423036874105,1.0078390693733756
ps,719.3063086707563,1.00388528400238
es,416.03902088722555,1.0098503959534937
σ,885.4646675819231,1.0040367616670896
