label,ess,rhat
Overall,1069.645149513888,1.0037888857250203
as,717.0404177217285,1.003758289137526
bs,1508.239647573124,1.003877376618235
σs,570.9045051648461,1.0034530987518433
ws,620.5069002522806,1.0036251603368658
ps,1200.8089661911406,1.0039200522297886
es,716.2607674640765,1.0023337467587492
σ,870.2097042446959,1.0023678760865427
