label,ess,rhat
Overall,820.6317921706369,1.0052753446656655
as,662.0917684788204,1.0049689682063234
bs,1052.255598718674,1.0045402615111378
σs,396.74585160455905,1.0113158104261095
ws,495.843682651122,1.0086229341713429
ps,911.7504524934105,1.0046327409730822
es,601.7796423896611,1.0019742838112933
σ,782.0977104736428,1.002551369550265
