label,ess,rhat
Overall,516.5874560639676,1.007971099486533
as,396.09801754762503,1.0107257405844048
bs,643.952349699795,1.005546588750487
σs,476.7098163709553,1.00605634338794
ws,396.153382487769,1.0069447698327065
ps,545.9277390320875,1.008337030248678
es,315.6075315374692,1.0103989835346325
σ,955.4226055615917,0.9978666106532802
