label,ess,rhat
Overall,987.0258273090612,1.0026839752142132
as,670.8513440371264,1.0017453908365854
bs,1380.658393983726,1.0032774609841828
σs,537.7689435732302,1.0046855471386313
ws,634.5352851808176,1.0029996726735435
ps,1088.9526923338174,1.0026061086966316
es,654.7654145212931,1.0045206073080353
σ,988.9436372352261,0.9989599343585124
