label,ess,rhat
Overall,471.4393645976262,1.006000471764839
as,390.07236191211183,1.0072724096993477
bs,552.3592170129558,1.0033793179731343
σs,473.04910557029035,1.0108576488507413
ws,406.65107078144797,1.0070591587650786
ps,481.67467385564515,1.0052467003702394
es,397.69098483330447,1.0073978146629876
σ,1130.2776092119113,1.010099598225237
