label,ess,rhat
Overall,630.3989190058469,1.0052059962165707
as,510.9336881384266,1.0062457831056042
bs,791.155787883619,1.003496697359138
σs,481.74902216858055,1.0076162393028052
ws,573.5065071509813,1.0047886685602134
ps,649.3885809477686,1.0052074675913205
es,492.585514400447,1.00700934711901
σ,1095.0034599850724,1.0065689705444727
