label,ess,rhat
Overall,682.6262474616497,1.0055430330392032
as,517.290166649484,1.0052715442773696
bs,871.9480420210308,1.005681193154668
σs,543.5091077277957,1.006316339188141
ws,444.13621716491,1.0068469731929404
ps,741.4849243584044,1.005146366367171
es,471.4696852333577,1.0086369718758754
σ,1141.6032444348696,1.0027478737785713
