label,ess,rhat
Overall,568.38025362464,1.006013696176308
as,454.41950861572224,1.0055633632292622
bs,706.8688748107959,1.0059939672933045
σs,426.1185717966564,1.0087400547905911
ws,343.8053313694506,1.0077796364469653
ps,624.0466863636528,1.0054383489208238
es,408.91732613995094,1.011162213225449
σ,910.2164041836714,1.0021420470933657
