label,ess,rhat
Overall,946.6570067084816,1.0037090014276857
as,624.1072008726402,1.0020048880939219
bs,1334.3133927836354,1.0050514367700851
σs,569.0388413204734,1.005806733777601
ws,682.7428920615974,1.004620019819314
ps,1023.4329008897521,1.0037402357876573
es,632.0263831619212,0.9999762713795808
σ,1057.6447088632415,0.9987429915457279
