label,ess,rhat
Overall,772.4534739639186,1.003289345386263
as,606.6280077892321,1.0035987251300236
bs,978.7490656171125,1.0029820839325345
σs,537.7267461885695,1.003277059304077
ws,609.3391096665383,1.0059219765878125
ps,813.3413942435304,1.0026535656731999
es,667.6985633598758,1.0041803242409715
σ,976.7154933191905,1.0004332394852895
