label,ess,rhat
Overall,1018.5104468472582,1.0042853080656124
as,752.7705806750502,1.0032085681960061
bs,1371.1042877275827,1.0046195940709028
σs,514.7573935401851,1.008591540478643
ws,701.3676118546415,1.0042411427094717
ps,1104.989059164911,1.0044372111217772
es,907.7606460804946,1.0011108765087051
σ,894.7506770448454,1.0038728087572093
