label,ess,rhat
Overall,969.8058383217281,1.004066446987919
as,800.4060849460665,1.002649065594797
bs,1209.3287536605067,1.0048751259064976
σs,563.0914989356495,1.0075969213402705
ws,667.5227210885979,1.0047189615290788
ps,1052.9321030289345,1.0040107074698728
es,731.87055914886,1.0018119606586375
σ,1083.0130975191175,1.0034207420187908
