label,ess,rhat
Overall,517.164649445387,1.0083181760690874
as,384.58998929248156,1.0098601951192163
bs,660.0461696036496,1.0061291858730859
σs,457.38486141431366,1.0120706087151548
ws,355.8737365913837,1.0101370181495872
ps,553.6541458501152,1.007817152828799
es,362.693736248886,1.0091882675335209
σ,1010.1016026594733,1.0088010037080684
