label,ess,rhat
Overall,527.8440297110823,1.0060432595904294
as,449.2714825244298,1.0061354471871644
bs,618.3143672117974,1.0061247086584937
σs,485.0119845804573,1.0054181675971514
ws,474.30925442629314,1.0065525316475659
ps,543.3215408336428,1.0057593691852453
es,450.72777780415504,1.0090892874046213
σ,922.078547755837,1.001221089811196
