label,ess,rhat
Overall,621.480361804334,1.0062533358623431
as,542.5965868390582,1.0060335964144622
bs,752.9738889652682,1.005721513859736
σs,432.0852538999652,1.008958957084097
ws,527.4064099135757,1.0072149640718229
ps,658.6969910736442,1.006026553836721
es,542.4199455045148,1.0065987466091562
σ,940.8562560910157,0.9999193085211214
