label,ess,rhat
Overall,526.4485200655189,1.004296240325176
as,411.98081188647177,1.0061211388831701
bs,645.3643912205357,1.0027865402223068
σs,510.4351333520291,1.0031615258867304
ws,484.53592658770714,1.0046661455236843
ps,532.8799600792763,1.004314795685552
es,455.50120757063723,1.0023632912663079
σ,1004.0768264313367,1.0032408366910515
