param,value
Exponential mean,2.694736842105263
Cauchy mean,1.4736842105263157
