label,ess,rhat
Overall,602.6997557692544,1.003703015571787
as,518.5423860532351,1.001714659739974
bs,742.148304718205,1.0040497402142665
σs,403.6515105307024,1.0096128878533874
ws,529.5767270935477,1.0065628580694852
ps,633.1106734917428,1.0025813699841972
es,512.77995864388,1.0015025477263424
σ,869.3318333437863,1.0029486265676293
