label,ess,rhat
Overall,436.87405847861845,1.0073483350382508
as,325.3756236206862,1.0107185731642316
bs,549.7214962429113,1.0033843738232977
σs,429.0498416217274,1.0107919289542944
ws,334.1079356654536,1.0102343658529773
ps,456.044676068328,1.0067724294532088
es,299.7987970274802,1.006030322421465
σ,1024.0284108328178,1.0029954585771408
