label,ess,rhat
Overall,927.2302235101689,1.0069310338975126
as,520.738472070605,1.0110931562783303
bs,1410.8270037357536,1.003040673481486
σs,480.0210565512475,1.0053548145017228
ws,635.2127590046952,1.0041264938709424
ps,1012.6743917320574,1.0078098745946409
es,651.2859187922957,1.0044994846936264
σ,882.0083323609409,1.0032642591619778
