label,ess,rhat
Overall,840.3241491608853,1.0067728183214382
as,614.9141037400148,1.0088698904418114
bs,1126.6294051336683,1.0041584323009873
σs,487.13192795979,1.0097732389418856
ws,566.9456223089388,1.005154755688557
ps,915.9280424204659,1.0069660242948666
es,615.4351729205935,1.0122106051574282
σ,941.6575474049608,1.0060401095194689
