label,ess,rhat
Overall,732.0650577712714,1.0047233150384556
as,555.7751387698083,1.0047422139153168
bs,938.056562965484,1.0042694232024163
σs,559.7958578533228,1.0072462742016879
ws,523.0909390489222,1.007280719029921
ps,784.9817453777504,1.003860829832759
es,554.2088805637579,1.0072386088579381
σ,1055.465831743491,1.01040316937533
