label,ess,rhat
Overall,694.5084105326993,1.0042634242376993
as,505.4208334140106,1.0042100117153703
bs,920.0853396851201,1.0036102004246776
σs,482.87016873705505,1.0083619149827343
ws,464.8984371596186,1.0062244482573452
ps,753.170908297027,1.0037582350117278
es,572.4134466143189,1.0059558300399305
σ,878.2181261587032,1.0015954072441209
