label,ess,rhat
Overall,541.4531085630172,1.0057823243736423
as,368.69728083739165,1.0068683678218848
bs,731.3999142228128,1.0044120507616332
σs,441.7454365448316,1.0074308593234886
ws,331.4633503559038,1.0106125433846824
ps,592.3932593872371,1.0046556646213023
es,372.41565493826903,1.0064012109482556
σ,954.2778747353161,1.0006615912042653
