label,ess,rhat
Overall,876.2141688179606,1.0031376259193008
as,730.1341768194584,1.0023972315161616
bs,1073.797474186307,1.0035467697988307
σs,577.4949512728633,1.0050588789562311
ws,584.3100075684104,1.0052286803592516
ps,949.3714179342431,1.0027365620850086
es,698.193399649069,1.0013162992096305
σ,1223.5576845687835,1.0009386901052617
