label,ess,rhat
Overall,616.5512378317824,1.004959054744754
as,512.761412994781,1.0043672776928774
bs,773.7283358991145,1.0045415764695598
σs,424.35705420259217,1.0085923739222102
ws,578.3006192428687,1.004692788542929
ps,628.4588830828662,1.0049241677145537
es,530.2214154052795,1.0081981337521906
σ,938.6195292235752,1.0025831539369923
