label,ess,rhat
Overall,608.0935168259817,1.0075955453829326
as,526.7128636885863,1.0103620011439365
bs,732.6516201207904,1.0036668034504987
σs,452.654696259294,1.0117797756000828
ws,514.5584869059015,1.0087579497612953
ps,635.3364034404808,1.0072253478806181
es,621.1211093535028,1.0064721233317098
σ,996.1436388349257,1.005518672005224
