label,ess,rhat
Overall,477.16843429928076,1.0082374935665623
as,387.7050352544615,1.0078398979879415
bs,574.4577129061561,1.0078267410957455
σs,448.9952678758791,1.01114754654454
ws,354.2337607174711,1.0089821976228082
ps,524.8234420263866,1.0078649316833292
es,363.199061223146,1.008521582851711
σ,941.2930625285153,1.0084194752853834
