label,ess,rhat
Overall,559.6725371349517,1.006569427654212
as,499.01012247564114,1.0087521522360983
bs,644.2677673908122,1.0032498439719584
σs,473.5144009873714,1.010662120415534
ws,513.479041113781,1.0084652893428825
ps,564.5748795896226,1.0059378836828308
es,543.5141720126315,1.003787240551937
σ,1018.8503158121915,1.0058036048506254
