label,ess,rhat
Overall,595.8383576976498,1.0073181747106323
as,467.8348145058145,1.010934407520907
bs,770.5727596493097,1.002917866814479
σs,427.6072661622824,1.010140845019797
ws,545.164480138316,1.007686984741315
ps,621.7951216140779,1.0069849521583467
es,474.21314033087003,1.0080266312069468
σ,772.2994613160887,1.0101393277092459
