label,ess,rhat
Overall,450.47498029002014,1.0057852565298464
as,415.5506936962447,1.0048277642616295
bs,475.8012802681366,1.0063378202186166
σs,485.02773210639225,1.007242999415853
ws,415.28217904751864,1.0047701009955123
ps,454.0741902320488,1.0063211452307836
es,358.43585839930506,1.0044791306121699
σ,963.2873804887229,1.0066462685528261
