label,ess,rhat
Overall,626.9161317440722,1.0054851351250118
as,483.40971590862745,1.0054140153903282
bs,813.9077331771771,1.005065179161815
σs,470.3694635924965,1.0072530076373805
ws,571.4159573207523,1.0085753554350712
ps,642.6674944503721,1.0040398318037171
es,502.5070390152872,1.0047592105923355
σ,1132.200979917686,1.0074322268233147
