label,ess,rhat
Overall,13.743971890981259,1.8696683811415775
as,19.27350856814351,1.6998772667318038
bs,7.540143185699768,2.042181035916165
σs,16.17142319221053,1.8598708358282459
ws,6.612149807252478,2.096224047170777
ps,16.49653487434788,1.7358618506591414
es,5.122242861264258,2.6490286330845363
σ,45.002657387628545,1.0712496774485945
