label,ess,rhat
Overall,21.50127879004277,1.5319181321756896
as,16.986338505361616,1.6188268205076477
bs,29.831251119686694,1.429214564101609
σs,7.767163428176806,1.5887796992473326
ws,18.045554465760265,1.3716622574750612
ps,24.84792713750221,1.5642079701753995
es,6.010397779590402,2.0371690980976673
σ,6.9388756683921535,1.604950908746822
