label,ess,rhat
Overall,472.6681634056405,1.008150791012157
as,382.90186622881504,1.008612379112352
bs,570.6532002428862,1.0079290277661082
σs,443.08070062812686,1.007287421537233
ws,389.26520230985506,1.0076369517810988
ps,499.51112147684427,1.0078273168578404
es,353.5566740638319,1.0166355207801478
σ,1013.8097653873821,1.005757730261123
