label,ess,rhat
Overall,622.3364797529088,1.0077090675106457
as,502.6746171595304,1.0100349862866804
bs,793.3775916190299,1.0042338128417456
σs,437.37118237103306,1.011846676724961
ws,564.2999195413412,1.0051170392828317
ps,632.9610884937174,1.0089646195021091
es,615.9309560720342,1.0091947280956333
σ,1055.346422392438,1.0031977332963882
