param,value
Exponential mean,0.5578947368421052
Cauchy mean,1.0157894736842106
