label,ess,rhat
Overall,500.94277294706023,1.006536200440714
as,425.7825053971485,1.0080430186258051
bs,587.4617794542241,1.0041007688958767
σs,460.0513127009523,1.0098792085358002
ws,415.5238122687205,1.0086516812506996
ps,536.1109148488732,1.0054898621380868
es,373.51337854084363,1.0093954651189345
σ,866.4574004524369,1.0026366972327532
