label,ess,rhat
Overall,591.2420011322884,1.0061430087286674
as,493.65908565990725,1.0069941087935603
bs,727.9711176928009,1.0036361361043846
σs,450.31567721501494,1.0121037899424692
ws,503.2963832134721,1.0087313575664039
ps,621.6305711356058,1.0052386768469284
es,517.1847325622365,1.0047326364243367
σ,1004.601133211932,1.0014161962097037
