label,ess,rhat
Overall,506.6934433827343,1.0055476003485213
as,421.8491881862908,1.007452442346888
bs,598.1713406435709,1.0038322666156765
σs,482.8123319509197,1.0048653705926405
ws,426.44991532401923,1.0042577448668906
ps,532.3487407544446,1.0059709050109702
es,412.67482760577445,1.0098442239544108
σ,990.6152799767713,1.0014266976926331
