label,ess,rhat
Overall,88.91875398141607,1.1809905072165294
as,53.49843682637244,1.2237103042048731
bs,103.92711209764168,1.1074733785753035
σs,162.40180652116086,1.2918609011669067
ws,31.589381581210986,1.27845786236669
ps,96.00667798207343,1.111700977760354
es,7.100319189798663,1.5863220755614553
σ,756.2220683500203,1.0022468745853228
