label,ess,rhat
Overall,7.697629693936191,1.8704311235728692
as,7.23318680996518,2.0756578486476283
bs,8.55643057759955,1.6195726116007805
σs,6.277940895043765,2.0347055564032575
ws,9.317751073657465,1.7979411855183132
ps,7.18224115575534,1.8455904186131646
es,4.920185411385192,2.785034062148206
σ,7.2111636950852045,1.5569628320292144
