label,ess,rhat
Overall,15.558058591386168,1.6840448121163598
as,13.31033183195714,1.7307920826839531
bs,20.343205039898717,1.588712500068472
σs,6.423347710685528,1.8589509614454225
ws,17.604307717095036,1.5954055071732762
ps,15.741515567189621,1.6700729901013074
es,5.147006271266882,2.4426283017379076
σ,7.055292352228672,1.5938168645816373
