label,ess,rhat
Overall,6.852958520896318,2.111031567485921
as,7.1979074742493445,2.043366287531838
bs,6.272064352258486,2.125631642162454
σs,7.702361295921622,2.3020663064851004
ws,5.835187260268461,2.1467422028502625
ps,7.084449009869956,2.054827233833517
es,4.744603359461744,3.0981745835034524
σ,17.26417125798515,1.169530586041267
