label,ess,rhat
Overall,469.42152185461146,1.0067851631531344
as,441.2683349111672,1.0062738351659863
bs,508.197080036944,1.0068184161403353
σs,431.1809853946146,1.0085062331529437
ws,428.13505845665696,1.0065118979369594
ps,473.65038526896075,1.0070096594600217
es,414.24673646048984,1.0081247500839667
σ,965.2582046452301,1.001548267906501
