label,ess,rhat
Overall,494.23633206925615,1.0067048022259004
as,393.9689977840087,1.0071652576552164
bs,607.0190863376184,1.0060463489468379
σs,449.18082013004295,1.0074175944849861
ws,489.13095941162464,1.004906779885
ps,491.06181966028987,1.0073369543101365
es,397.24635424802483,1.0090658149760592
σ,832.0180822364238,1.007123090626237
