param,value
Exponential mean,1.6263157894736842
Cauchy mean,0.4052631578947368
