label,ess,rhat
Overall,532.1599369075029,1.0056478243805207
as,440.55664156275816,1.0076821282997876
bs,644.5339423609593,1.003632751050678
σs,457.38538051614177,1.0055785942585955
ws,506.46798095339545,1.0088181137737195
ps,533.8147919826389,1.004673095891074
es,483.8801827947788,1.0028516356168322
σ,893.9966846287061,0.998539669915135
