label,ess,rhat
Overall,624.6807285664773,1.0040169741197922
as,519.0501328415664,1.0027588908931264
bs,777.5177347777329,1.0040643354254728
σs,454.7376508156366,1.0083755730353403
ws,527.5349539312427,1.0060567639267621
ps,656.7520091623893,1.0032192810061349
es,564.611086299068,1.0003274366522739
σ,1076.7160132304043,1.0076585923262837
