label,ess,rhat
Overall,611.6939125315562,1.0037218198346027
as,516.0079778743358,1.0037701593254336
bs,731.4002448820366,1.0030782408522454
σs,525.2204808358188,1.0058646820040993
ws,525.6279342625985,1.0040208295411743
ps,643.5406309052557,1.0038228603846608
es,503.09839721346964,1.0014066313211045
σ,1033.6620046790308,1.0021370260812372
