param,value
Exponential mean,1.168421052631579
Cauchy mean,0.8631578947368421
