label,ess,rhat
Overall,477.65131288812813,1.0072685179191958
as,368.46976533908014,1.0083463901909888
bs,580.9418315184474,1.0057436320552635
σs,498.8590169955514,1.0088777668508961
ws,437.4712113959117,1.0082640111715422
ps,482.043625660561,1.0068467901808236
es,363.71711534203973,1.0078432979141732
σ,1073.480793803647,1.0051379600987542
