label,ess,rhat
Overall,653.5645213804441,1.0044664810138413
as,611.131799860911,1.0031776046301724
bs,754.6362692992117,1.0035596951634012
σs,442.4640263432012,1.0123708650566343
ws,573.7268374962928,1.005863662096888
ps,685.0265219547153,1.0035824249337884
es,568.8761429380453,1.0054441437115553
σ,962.9814699440113,1.0087304407032325
