label,ess,rhat
Overall,473.6259895015684,1.0071479075426615
as,422.86691985178226,1.007638308517805
bs,527.4615660531081,1.0049208817459077
σs,462.550564655255,1.0133997569004598
ws,398.07892206795424,1.0058706554225532
ps,493.73735314537055,1.0076604101961082
es,393.542964866332,1.0076795568889416
σ,1017.4613932365509,1.0080865653017985
