label,ess,rhat
Overall,522.3472252909273,1.008586312173163
as,422.78905234045567,1.011457386040875
bs,646.8173254955234,1.0069545254513481
σs,432.6642871760795,1.0041248784479324
ws,434.36363168853717,1.0084659531753204
ps,560.8152767357232,1.0088366925080756
es,400.32240256757007,1.0107964853106768
σ,822.0306564016299,0.9991003851645125
