label,ess,rhat
Overall,632.6778705405301,1.006883782835051
as,541.6760460991723,1.0093517284626028
bs,762.0892123037413,1.0036793335623257
σs,494.4036081818596,1.0095351959576742
ws,580.8370798573287,1.0060229082634704
ps,644.8934286862033,1.007542837640563
es,534.4710071695565,1.0064889393604903
σ,1133.5765736933952,1.0008685396998158
