param,value
Exponential mean,1.0157894736842106
Cauchy mean,1.931578947368421
