label,ess,rhat
Overall,595.119027043962,1.0040129299506055
as,467.01055293049205,1.0046299667985288
bs,750.4757671651805,1.0027554639131937
σs,497.02526941606595,1.0063184750327656
ws,531.4625321890745,1.0047286373643631
ps,615.1102768506414,1.0037549200797167
es,487.4196266743098,1.0030075587397496
σ,1054.6232710682516,1.0041434400503357
