label,ess,rhat
Overall,489.08852579385035,1.0070512177195792
as,398.1184003542577,1.008279166430226
bs,580.4294734847001,1.0065495120457002
σs,487.75356568932546,1.0044367427872167
ws,436.5096532027057,1.0064820582767782
ps,495.8802305459471,1.0072814310596898
es,409.3396858061334,1.0111312979173452
σ,1102.9483533085072,0.9997354237947927
