label,ess,rhat
Overall,669.0021497031802,1.0042351054235017
as,592.6358921895667,1.0052874345735232
bs,792.5371236393021,1.002049489954814
σs,499.19477058215034,1.0083149361707002
ws,608.8798007526867,1.0061902577359239
ps,694.1281308947206,1.0032151136381957
es,549.5651023022924,1.0053432703764233
σ,976.0689209308274,1.0050767341865479
