label,ess,rhat
Overall,433.8455922475608,1.013928830729175
as,368.6683867133917,1.0195442031584843
bs,486.49495532017966,1.0088359608883148
σs,478.9458251091413,1.0120478214107569
ws,420.5258831339931,1.0052877641289664
ps,422.60593183693345,1.0182330503574066
es,351.4449752874905,1.0162796407305046
σ,1050.7145062068269,1.0010102995949905
