param,value
Exponential mean,2.0842105263157893
Cauchy mean,1.931578947368421
