label,ess,rhat
Overall,639.8007125411499,1.0072285082814105
as,536.9092647681292,1.007015833233741
bs,809.1360505193259,1.0059933731254136
σs,400.602707802591,1.01244062501461
ws,521.3813497195728,1.0077997627306114
ps,687.4850064386446,1.007223355538284
es,594.2514802736674,1.0053514787850704
σ,912.1398896001767,1.0042614852049767
