label,ess,rhat
Overall,620.1642014182718,1.0051412978103174
as,570.0519914341611,1.0077546401083302
bs,710.6040100784277,1.002663619903113
σs,474.9848461845092,1.004652906003408
ws,607.8017074431009,1.0046906358879273
ps,616.2540737541259,1.005014808409625
es,577.5381344483708,1.008496160004305
σ,955.4295823279158,1.0071282409090259
