label,ess,rhat
Overall,468.5140814306499,1.008411730746351
as,361.8643942360641,1.012502734631992
bs,582.4121119984612,1.0046935743624152
σs,442.42004528703944,1.0070694797402107
ws,394.14368266424077,1.0100121437950422
ps,492.86450535253573,1.0074777201619496
es,356.4290273608406,1.0149030196770648
σ,952.0179527981503,1.000508471495057
