label,ess,rhat
Overall,548.2506275478354,1.0057125154577404
as,471.29908739424525,1.0059265542784286
bs,649.414295281174,1.004602768420163
σs,461.0869682607416,1.0089370650385459
ws,486.7295246255344,1.006219715755372
ps,561.0245791056888,1.0043290716437885
es,539.157524751781,1.0149971149493004
σ,972.5673277033675,1.0170264520658117
