label,ess,rhat
Overall,614.3707541102016,1.0062555490251723
as,540.0229737631302,1.0053693166478648
bs,728.2299074936374,1.0059643440503216
σs,472.1298111792913,1.0104943234929442
ws,597.5918332940872,1.007853319274209
ps,614.9692629332676,1.0058363559230115
es,499.40192081242265,1.0040620916081624
σ,1030.094241099417,1.0023682415269475
