label,ess,rhat
Overall,878.812727550436,1.0045933301561798
as,691.9684494962914,1.0046733719525838
bs,1130.7228912543787,1.0035789021050066
σs,501.4305907816055,1.0100127704338395
ws,556.2896701224481,1.006134451345045
ps,968.6855823750201,1.0041682966832306
es,642.5505002758985,1.0054300015936295
σ,907.7168396553266,1.004828139716464
