label,ess,rhat
Overall,728.9050524339327,1.0045451530070821
as,535.7435950780002,1.0047093767937962
bs,958.3036824069712,1.0039071772077104
σs,518.7294512547178,1.0072929146804999
ws,478.4305460897431,1.0071417490032826
ps,791.0019306850346,1.003974130120157
es,614.9001779657613,1.0031579921008422
σ,981.9587214476454,1.0035694214375632
