label,ess,rhat
Overall,559.9069165234057,1.0054134676999469
as,505.0857856199212,1.003554833969102
bs,631.5913334021448,1.0064127656769992
σs,462.0998578669311,1.0103976150719425
ws,385.6118729124095,1.0083754741874729
ps,598.3874197420556,1.004609591317418
es,421.82276239026913,1.0095714705918792
σ,1080.5515936264403,1.0001394504271455
