label,ess,rhat
Overall,613.1652795943326,1.0042749232749908
as,502.2220121490835,1.002904606942984
bs,762.5517674797624,1.0043921521968044
σs,474.7696860096815,1.0087860379516853
ws,525.4709882556384,1.0059744566918338
ps,645.7305990935126,1.0037169331723448
es,493.84564975848787,1.0037076288151021
σ,1057.4377283516715,0.9995228538614452
