label,ess,rhat
Overall,527.4073201777081,1.0047667893769143
as,421.51586726428434,1.0051964340811135
bs,653.5769083780712,1.0037588313954235
σs,454.40603314472617,1.0068487171751643
ws,479.2432196525108,1.0046975859794673
ps,539.0320304492673,1.0049410055970236
es,453.62375133749333,1.0033757551261777
σ,950.7011970999635,1.0038496769249077
