param,value
Exponential mean,1.4736842105263157
Cauchy mean,1.3210526315789475
