label,ess,rhat
Overall,642.0360050562904,1.0046376643638577
as,607.3141978028883,1.0038205218451686
bs,732.4398556157412,1.0054872007286022
σs,441.58064915451615,1.0045210465180594
ws,571.7036516623161,1.0048045019730913
ps,672.3302679968388,1.004686461256889
es,555.9592926244143,1.0042813985935086
σ,870.5268341934841,1.00207942537494
