label,ess,rhat
Overall,618.3315717428653,1.0031705955495545
as,550.5224542369274,1.0025343369926893
bs,723.4787438466929,1.0028706609938842
σs,483.91457519046406,1.0065408907546822
ws,577.2181521964502,1.005370097478458
ps,627.2982433495872,1.002012286502746
es,561.2116170351107,1.0050509196315753
σ,992.799053940594,1.0031319594556913
