label,ess,rhat
Overall,560.8962511292914,1.0060021024638486
as,510.0131168381843,1.0058688848766018
bs,645.3354470869648,1.0049784825736237
σs,440.0944291296528,1.0101667173827498
ws,439.4044543130694,1.0079146818061198
ps,609.3021979559892,1.0048480407212046
es,465.53148884295456,1.0124513700374755
σ,950.9727200024887,1.000158220518095
