label,ess,rhat
Overall,500.54137064948793,1.0086366121646257
as,401.14153736943996,1.0098011024304308
bs,607.8025860886315,1.0074140058515733
σs,454.94535412673287,1.0089736852386622
ws,332.15721718314484,1.0137782763101624
ps,535.635255816619,1.0072089486912856
es,352.46286545069734,1.0163091675231408
σ,1132.8017346208935,1.000119378421474
