label,ess,rhat
Overall,692.9636332455694,1.0039787194535381
as,493.3494143044085,1.0044000619960838
bs,918.2856602322357,1.0036688121834623
σs,543.8583465816379,1.0033323948732114
ws,507.48299761439733,1.0044602351135075
ps,742.3613599726173,1.0037807344930592
es,443.3066094978674,1.007770914562494
σ,1046.9544254167438,1.000119419418991
