label,ess,rhat
Overall,973.7048674390506,1.004249790224198
as,672.6465809564922,1.0030773222373377
bs,1362.3261079674803,1.0047624349625985
σs,465.83973397299525,1.0080767650652676
ws,640.1717489848438,1.0040533506128193
ps,1070.2903009570553,1.0044157021911106
es,665.0322438679618,1.0022543273022615
σ,957.3467271674893,1.0026342169928113
