label,ess,rhat
Overall,670.0129114663903,1.006641120997525
as,573.9905718452525,1.0102768624946643
bs,819.7992034248115,1.0028668449777431
σs,476.46268305216836,1.00713984527904
ws,553.7036782587859,1.0073261553207093
ps,719.0667856379227,1.006489929777525
es,573.8840631150731,1.0068447169406185
σ,982.5806782004325,1.0019444889531428
