label,ess,rhat
Overall,512.4122775623559,1.005483898579785
as,404.18001428033324,1.0075129384209172
bs,629.59131755792,1.0033706615340794
σs,480.2038813936082,1.0057870085162464
ws,434.2479627110904,1.0078449669468943
ps,534.0099299416761,1.00458230298643
es,409.09070152540806,1.0052436085367862
σ,1095.4882459891192,1.0010731436876839
