label,ess,rhat
Overall,546.53186027207,1.0067416078944726
as,498.6786381907734,1.0062475380537685
bs,617.2122708060393,1.0066470738645537
σs,464.3539818424489,1.0088605818287146
ws,485.50841115014254,1.0088918652247745
ps,561.9715384848198,1.0057714888969818
es,491.8585872467947,1.006325188672327
σ,986.7281622542598,1.0069944523098948
