label,ess,rhat
Overall,495.535060210291,1.00883162930101
as,423.9893092717906,1.0124122781781626
bs,576.0694410127415,1.004667409665789
σs,463.17599270006957,1.010932484030056
ws,495.81028707299856,1.008652528210182
ps,479.73044369824436,1.0095264412381466
es,429.293356078875,1.0052655412147555
σ,1035.6357754338414,1.0000479081979003
