label,ess,rhat
Overall,640.6491655776197,1.003971259752812
as,565.3408012856651,1.0026618883728442
bs,760.8134293429315,1.0042301811533
σs,479.16792747353395,1.0077528796789406
ws,567.3498363115895,1.0061139904013283
ps,671.8493765804177,1.0028741636321847
es,551.0917914276682,1.0049227125610913
σ,888.1503789971364,1.0048800854903672
