label,ess,rhat
Overall,587.622032689252,1.0057522208672958
as,553.2264364999731,1.0071153270995536
bs,666.8205624631842,1.0035825467638604
σs,426.33147178450037,1.0086558652035353
ws,608.0101662212024,1.005629364579826
ps,569.2721027978693,1.0056410847383837
es,549.8373021903569,1.0059689368578957
σ,895.6320684795913,1.0096826036874542
