label,ess,rhat
Overall,820.0547588015519,1.004031533011285
as,639.3638617125533,1.003933923766325
bs,1056.3210272055833,1.0035831406482727
σs,497.7176051743618,1.0071983423375248
ws,603.71999547556,1.0070603868494743
ps,881.8354173217862,1.0034060347140803
es,561.4809280184895,1.001382576649151
σ,967.7479713083387,1.0030071179430997
