label,ess,rhat
Overall,530.9123535665059,1.0083342377004847
as,418.82400626752144,1.0079459972039078
bs,650.3107871031053,1.008820851170926
σs,488.51385338833916,1.0077636744520766
ws,362.98309433678986,1.0079263795514024
ps,568.7450373044705,1.0084357547851606
es,392.43475000096794,1.0088239619732449
σ,1007.0498520318756,1.0073762668795259
