label,ess,rhat
Overall,1019.139564910503,1.0057349856625826
as,642.5189543259709,1.0065791195354292
bs,1478.2784090133568,1.0051450824351007
σs,540.5338105042349,1.0042604479194686
ws,606.257087753556,1.0039499389382331
ps,1138.568548051058,1.0062445597813208
es,646.9638457558447,1.0040245198116469
σ,985.4895383565455,1.0061169203572213
