label,ess,rhat
Overall,639.1700444367947,1.003906215895135
as,523.5389561076703,1.0046520085230943
bs,771.3516956832418,1.003091517025277
σs,543.1767795163217,1.004305872098151
ws,527.2670807700804,1.0055190296147536
ps,664.0782373157782,1.0035037277249332
es,508.8658603830649,1.0047135033137318
σ,1047.0207183536058,1.0022573085922113
