label,ess,rhat
Overall,1137.2980208680492,1.0033392932812952
as,822.241831310377,1.002764408232872
bs,1533.9527806623082,1.003540051435436
σs,664.0263134958445,1.0055092292681311
ws,712.8596086857078,1.0022166116428355
ps,1249.8459989163832,1.0036734967131122
es,977.0112348826334,1.0015672848113
σ,1148.8295927069598,1.004313725155574
