label,ess,rhat
Overall,822.855850344948,1.004269853400603
as,662.6786180007464,1.00503641066034
bs,1025.209184771998,1.0035392013818807
σs,578.2344582644291,1.0040616030027194
ws,699.826689895495,1.0040257269500883
ps,856.5549569690626,1.0044570219551225
es,704.0697010323465,1.0024100104614395
σ,919.2209564060967,1.0019349660681771
