label,ess,rhat
Overall,985.3679887882831,1.0038693705706305
as,787.3505426910692,1.002997323407605
bs,1254.9518115361793,1.0046090271447339
σs,570.2830042143252,1.004637235986376
ws,570.2066369745917,1.0066715833315285
ps,1095.9132126635316,1.0033131330100893
es,764.3384761426826,1.0021880928078444
σ,1103.1924898318548,1.000304775871392
