label,ess,rhat
Overall,553.9419809131041,1.0061429947426963
as,456.04196532458064,1.0061294427725997
bs,668.0166186953992,1.0056387114325018
σs,460.12917218922655,1.0091464393683844
ws,398.12135259451776,1.008357427170602
ps,588.1898530649872,1.0053651378778319
es,451.69090657622905,1.0119880006077715
σ,984.3938061194898,1.0052169233911663
