label,ess,rhat
Overall,790.400336200989,1.0040235954513161
as,641.0139191934849,1.0051239143056465
bs,977.5947731306863,1.0027533548067695
σs,571.1138206522679,1.0050091418345686
ws,585.747529129806,1.0064642511267434
ps,845.0953597292679,1.00339638932746
es,678.5716154664124,1.0049072921865227
σ,844.5303331669603,1.0030742278208844
