label,ess,rhat
Overall,1115.7889551061746,1.0038893104846964
as,873.2872687671528,1.003018332875343
bs,1455.0071804093498,1.0045824706792021
σs,554.833029114088,1.0049206514908127
ws,670.8395543266238,1.004615293063125
ps,1239.7144766901558,1.003546840573477
es,926.5207701409497,1.0080026439987804
σ,885.2930983601434,1.0033894082539268
