label,ess,rhat
Overall,935.6423961433393,1.0048519461837282
as,759.1347478418178,1.00583820966053
bs,1163.6121264147398,1.0038052677769103
σs,637.1623207180389,1.0052023527778222
ws,767.4640476183869,1.0050982397735009
ps,952.2569682362258,1.0047682722411484
es,1551.2410994668348,1.0048650664909553
σ,925.0857113372157,1.0058865317358339
