label,ess,rhat
Overall,1113.697267224029,1.0035997346848489
as,958.4897253629409,1.0024948386614045
bs,1334.5210634012574,1.0047240138022062
σs,733.1229921904147,1.0034873127401527
ws,740.2739915230281,1.0063874246163138
ps,1194.2054737645515,1.003146163990167
es,1436.7616306001373,0.9999184611159242
σ,1084.2539349387528,0.999281395989839
