label,ess,rhat
Overall,1053.311386123766,1.0047401315638376
as,899.7679377048554,1.0039936830212464
bs,1287.7514539033155,1.005269908503615
σs,584.1109938320603,1.0059968268601567
ws,619.3592394387697,1.0063485957908038
ps,1154.2270037213927,1.0045274129755628
es,1296.1183252738251,1.0014806639558604
σ,931.173623357521,1.002167988293377
