label,ess,rhat
Overall,852.317403825012,1.0044165225258888
as,700.1272012929251,1.004997141872914
bs,1048.0773693543888,1.0041182481452204
σs,599.6127784407336,1.0027789217210183
ws,578.9209512257288,1.0052228561584178
ps,898.7609992598981,1.0042613886549112
es,1328.3959818210942,1.0055039142069475
σ,951.6250981497151,1.0000121613803497
