label,ess,rhat
Overall,508.5513989750355,1.0085765625372585
as,417.80235358005547,1.0091659957282226
bs,615.7729893321258,1.007702622114771
σs,449.25023711143757,1.009600788570745
ws,444.1525241646273,1.0077747534544919
ps,524.7120261540281,1.0083495543526177
es,447.21887098411537,1.0135482093648744
σ,983.8266460279632,1.0141571906758955
