label,ess,rhat
Overall,634.000383862468,1.006129342360888
as,557.8571412822405,1.0048396922580558
bs,760.626127184957,1.004410770378457
σs,452.2633811903273,1.016958941867836
ws,551.6584766325005,1.0079514842332993
ps,660.9814014615454,1.004772946564487
es,560.0649926467507,1.007662147129515
σ,1068.4675954774984,1.0164643210611228
