label,ess,rhat
Overall,633.6761685323385,1.0045196105379621
as,578.2901831165649,1.004356295136319
bs,727.2728309292576,1.0044860271397742
σs,496.1177314002157,1.0052284462173533
ws,567.7432130543933,1.0063111365725979
ps,661.6635237091218,1.0038864882028466
es,543.8146062028421,1.0046818976464489
σ,876.923524330313,0.9991579046183626
