label,ess,rhat
Overall,893.6777798883991,1.0032982980734322
as,654.2189496693986,1.0023617505880047
bs,1189.7524560949848,1.0038576735319054
σs,565.3058731604044,1.0054858958297668
ws,610.4934692555572,1.0059460863903524
ps,966.0736505243664,1.0027563027656001
es,746.833847396347,1.0017145548032707
σ,1110.5755819401786,1.0007080995866293
