label,ess,rhat
Overall,740.81777578911,1.0050542651519565
as,567.2585030193975,1.0064078877670366
bs,937.1001879880589,1.003736833739809
σs,609.0235670995392,1.0048443561749483
ws,623.8074850723674,1.0060564298221073
ps,767.8108226946434,1.0047841096400003
es,646.5217084876605,1.0054205757118029
σ,1037.8671475273109,1.0052631325643309
