label,ess,rhat
Overall,985.7515319986906,1.0045457945917693
as,701.8754432271242,1.0049225779224562
bs,1346.2741331691664,1.0033451245553562
σs,541.2017600850162,1.0093243374849818
ws,506.53859682912685,1.0071775747433296
ps,1112.8824645375396,1.0039745423131412
es,776.6873335289981,1.002865942512559
σ,1052.1503891080804,1.003744246305616
