label,ess,rhat
Overall,446.6946774416019,1.0076846953871375
as,372.17165114956447,1.0064955479763544
bs,525.4212283284542,1.007993301872835
σs,431.5619889002695,1.0108546427174427
ws,407.23264954927475,1.01163979922197
ps,449.3206932474569,1.0053765642570895
es,396.35639834016786,1.0138437945270016
σ,952.6391594001681,1.007916660470649
