label,ess,rhat
Overall,672.2225410346424,1.005578179383679
as,624.4671738300448,1.0058562789755388
bs,783.6234119042856,1.003868989173201
σs,443.09872784047855,1.0107301056107043
ws,585.9504664582266,1.0080751311591518
ps,708.8835237378339,1.0044357035396585
es,593.8845105767923,1.0064434834841327
σ,910.9779465843551,1.0035885218216305
