label,ess,rhat
Overall,685.9613108497904,1.005080971285921
as,537.4583158175842,1.0053532650942185
bs,879.9508621002667,1.0041936090427614
σs,522.2097084640181,1.0072952176514227
ws,570.7728221750707,1.0060741721574211
ps,730.6966897625358,1.0048117778543537
es,581.9590153717663,1.0031019712570952
σ,1113.107914171099,1.0041195901063131
