label,ess,rhat
Overall,573.3513910680292,1.0069416107476408
as,505.1738607995974,1.0093302126731223
bs,673.7396008788411,1.0033556272904545
σs,457.3929447154613,1.0112521842617812
ws,582.9053452090996,1.0074996732553314
ps,553.564447700468,1.0068370158311082
es,535.1996798492453,1.0059170779610966
σ,1049.467891369346,1.0050133940583035
