label,ess,rhat
Overall,629.5617124313792,1.0072455802706335
as,563.109367927298,1.0089474673157892
bs,747.4461163118528,1.0046017692816243
σs,444.4062986763661,1.0106365064685074
ws,547.2852356320305,1.0085918142802595
ps,655.8255637789445,1.0070432024386031
es,573.4989192536443,1.0054551229907083
σ,1046.1448853423346,0.9999335103477599
