label,ess,rhat
Overall,477.1633134171428,1.0075823218066269
as,401.33071468291513,1.006989438604372
bs,575.4799494378925,1.0057496274938371
σs,396.2207791856639,1.0163144008607863
ws,359.04771566911614,1.0097079327341445
ps,513.8563548763002,1.006461085704529
es,429.82145056781803,1.0069479233449135
σ,1035.215134154024,1.0124959262543713
