label,ess,rhat
Overall,517.6723207316024,1.0077647265690055
as,394.6252702891618,1.010972161711147
bs,663.878464449916,1.00387682060201
σs,434.2995849384606,1.0102144215384814
ws,421.8997579869866,1.0054884049264292
ps,545.5157951129939,1.0093113974564085
es,416.23911476544254,1.0053375051787905
σ,1145.8791516831352,0.9997215859878782
