label,ess,rhat
Overall,491.2735497978266,1.0052168743654708
as,413.493915885742,1.006287214062131
bs,580.7176696445848,1.0035432046158017
σs,449.28140043300135,1.0073888625563048
ws,433.9870939328195,1.007643912453874
ps,510.0176616490674,1.0042683128163872
es,399.00478861583707,1.0044030651718658
σ,875.9016344096303,1.0023826359680268
