label,ess,rhat
Overall,626.4556343974332,1.0055845643654646
as,524.3133711421295,1.0048876815912973
bs,771.1166656562929,1.0046810769183643
σs,473.38806958463266,1.0113458971620273
ws,512.9051971559873,1.007715733325609
ps,670.5556248780794,1.0044435357085013
es,571.7464499415723,1.004699869678206
σ,951.8794977097111,1.0114466712992976
