label,ess,rhat
Overall,201.95006943427722,1.0921662826789025
as,188.4464464072629,1.0258014195995646
bs,190.82954034128363,1.1513225504481037
σs,290.5970170663057,1.1181172257953922
ws,84.63311045510079,1.2252513551071347
ps,235.34043848810202,1.0170176861055948
es,62.80520591311189,1.3137122287536005
σ,1019.89370882728,1.0059170322967064
