label,ess,rhat
Overall,663.3278477410388,1.0055723697391505
as,609.3062550982156,1.0031095916174633
bs,771.9063960399872,1.0060181063136544
σs,466.9228073789889,1.0128337193090131
ws,553.3199404423399,1.007156590200301
ps,702.9270516213911,1.0049726065002391
es,610.386747621003,1.0046807476002655
σ,1059.7256346763354,1.0039388126948117
