label,ess,rhat
Overall,647.813934553201,1.0048176342795951
as,550.6814091551968,1.0032842963281445
bs,799.2418961893408,1.0045415291820867
σs,452.3503640959122,1.0113316292558483
ws,548.561067158971,1.0110551586603564
ps,691.1447032248827,1.0021394968115869
es,522.850347488435,1.002401444801471
σ,962.175531949766,1.0044312948349294
