label,ess,rhat
Overall,491.9791275047088,1.0079218817000248
as,403.4511135731699,1.0100851303008511
bs,588.2901728865376,1.0060373976486607
σs,463.96021428366504,1.0069183293219628
ws,437.2546162787885,1.0054218542062643
ps,505.1840086841046,1.0087673996031412
es,425.7680515475603,1.0135426090623922
σ,937.7685034657576,1.0046972914193903
