label,ess,rhat
Overall,760.5140910957152,1.0051489231885027
as,533.8491253245029,1.006197286482504
bs,1019.7030098804258,1.0043776822972266
σs,571.8751636174272,1.0035416132526966
ws,514.6065250807947,1.0047908749657488
ps,827.2262436773959,1.0053867855788419
es,513.7161833900931,1.0034389778556987
σ,1002.8173747653428,1.001447997790888
