label,ess,rhat
Overall,529.522134328015,1.0054751824796708
as,398.0946425931713,1.0052806053971552
bs,675.2869762647701,1.0052365598050341
σs,446.3655031569295,1.0079877410711533
ws,342.9683460294259,1.009023314089428
ps,574.5507401025789,1.0045342638932517
es,346.3870034182942,1.0069083521722253
σ,973.0647785514607,1.0051953559255837
