label,ess,rhat
Overall,529.9635518748807,1.0055694646176012
as,455.4911852385693,1.0047664730531427
bs,622.9298801787648,1.0050125867360775
σs,463.38528987162033,1.0104649946231385
ws,455.69635689203295,1.0055867129406224
ps,559.323534211285,1.0054198498916866
es,337.6418836221727,1.0063852411312881
σ,1042.4536874279622,1.0076209145877673
