label,ess,rhat
Overall,609.4450221995662,1.0067207127997229
as,474.1312271447233,1.0054768868181359
bs,781.1497325153708,1.0048670537853996
σs,478.4377272601041,1.0178716587850012
ws,555.1615583297026,1.008773185448976
ps,620.1959834360415,1.005639118401978
es,502.39956471704704,1.0080467187246942
σ,1195.4125114546102,1.0075604835001175
