label,ess,rhat
Overall,1118.3113577022793,1.004601993388443
as,950.4969412357254,1.0015977336680926
bs,1370.6158214623777,1.006687991483195
σs,628.2690833997216,1.0099279108169137
ws,650.3916941875324,1.0073470899528927
ps,1210.6160257647605,1.0040109368975039
es,1749.603342310337,1.0026092165460487
σ,1040.1392836640482,1.0040170998649203
