label,ess,rhat
Overall,988.5436818240393,1.003652555295376
as,947.3398696036409,1.0030429858583225
bs,1107.53987762927,1.0032180119211216
σs,537.3478570320098,1.009708409600957
ws,625.4864369041449,1.0052918744399508
ps,1077.4622220160961,1.0029361242252375
es,1049.695438346896,1.0053256513374393
σ,954.837178598325,1.0150232248429887
