label,ess,rhat
Overall,659.1336450125581,1.0047661049451275
as,541.3410421513546,1.0044879087208338
bs,799.0416774913407,1.0044218887698597
σs,530.8641532305984,1.0083760968625886
ws,454.8668301394825,1.0070697200313767
ps,698.9032216541767,1.0042098068962317
es,760.8451523062104,1.005442209127114
σ,997.9727301044644,1.0024728218931738
