label,ess,rhat
Overall,916.3603751246305,1.0040189207875503
as,734.7178355426062,1.0030171192940944
bs,1152.3918593097756,1.0042986767394386
σs,600.9044964265255,1.0082067849286402
ws,738.1813854080848,1.0040858726008803
ps,955.1849688182937,1.0037774645707482
es,1081.6124742774787,1.0009023767321983
σ,860.4235561216444,1.021038485544786
