label,ess,rhat
Overall,497.2181572221466,1.0054657895766945
as,360.87124117602355,1.0065813179047425
bs,643.3671141030413,1.0038651239680796
σs,440.3663203804708,1.0082795858039817
ws,400.6852419863065,1.0065422760964868
ps,519.1724953125469,1.005351447431629
es,337.3720309565569,1.0043462215851235
σ,921.497164244195,1.0002755102854726
