label,ess,rhat
Overall,801.1933444041958,1.0085932733119454
as,548.5812635126882,1.0125765573532683
bs,1107.9743774950987,1.0041784328339487
σs,487.01342164770296,1.011096300644656
ws,585.6593018652039,1.0062472705352061
ps,860.6660456924866,1.0091360296352654
es,549.1692098753953,1.0124209690300696
σ,1036.960462091742,1.0030376116772222
