label,ess,rhat
Overall,909.545345842191,1.0051997326603304
as,609.8173018581278,1.0053279165595028
bs,1270.7066883230423,1.0046614435838919
σs,553.2322145608185,1.0075783426884728
ws,580.7382268085747,1.008510523963986
ps,1001.9844061919994,1.0043872810069574
es,587.4591780458875,1.0060035719171971
σ,1062.3282130473847,1.0028602378646188
