label,ess,rhat
Overall,571.7678294384935,1.0069404468909018
as,392.82867729564424,1.0095546486977538
bs,768.509398351249,1.0045304513961908
σs,468.5138121730359,1.0057560502804799
ws,404.8091476483473,1.0092386138354061
ps,613.4768977936266,1.006293560885027
es,392.6874563468256,1.0089999971813133
σ,931.3974760571934,1.0062938712580192
