label,ess,rhat
Overall,594.4489862796331,1.007499704450424
as,501.4720676288373,1.0071561708003207
bs,732.1449232071197,1.006186703285595
σs,433.4605204835452,1.01346322978418
ws,562.7738950814545,1.0076176722634222
ps,602.3164309088863,1.0076858823876627
es,535.3423073584787,1.0089200409719514
σ,888.2098781394999,0.9984027912831844
