label,ess,rhat
Overall,595.9645895250089,1.007571634221586
as,538.537950599292,1.0081569065415426
bs,675.8163459236371,1.0060200905265033
σs,515.2341666225277,1.0110502111720399
ws,522.9174211093713,1.009930857935644
ps,616.299953322424,1.006480217581085
es,502.0610993633701,1.0111989002539503
σ,1131.6181321031402,1.0003832502411845
