label,ess,rhat
Overall,479.81432241942423,1.0068998666879583
as,356.1522924905608,1.0091476768370857
bs,607.811786763211,1.0043381038437271
σs,464.2067585257005,1.0080300963903313
ws,418.9997142037907,1.0079569441208214
ps,497.9157856511953,1.0062824064166387
es,370.20698266133996,1.005705250726572
σ,958.1662564971479,1.0126581364706744
