label,ess,rhat
Overall,637.3436234021176,1.0068731161562081
as,544.4083367576404,1.0064338020225199
bs,774.3635504047569,1.005484161275822
σs,478.6389181127335,1.0134548846068765
ws,622.3800028868654,1.0091719049596555
ps,636.1546371695871,1.0062356183534484
es,520.0174552792635,1.004494156319804
σ,1082.4730478766398,1.000620513059403
