label,ess,rhat
Overall,491.6782857408792,1.0079652668118755
as,482.488771754969,1.0095580848108006
bs,527.6590408556192,1.0063292915296054
σs,395.22981767709143,1.008120633031917
ws,402.6023653667468,1.0070475052465135
ps,524.0459739222765,1.0087324769079016
es,425.7482219900364,1.00472596093259
σ,850.8895650158192,1.0055095548581081
