label,ess,rhat
Overall,654.44656807836,1.004967531372461
as,563.0293208724806,1.0052490394692717
bs,813.4476493090342,1.0034392830287744
σs,411.1447655890985,1.0094557962612134
ws,523.7266514812169,1.0069371359102117
ps,715.4772251670375,1.0041361241009015
es,593.955249133656,1.004423637380415
σ,757.2711208278687,1.00403665396409
