label,ess,rhat
Overall,496.2488133683884,1.0061088944963084
as,386.8510602440287,1.0078521216613658
bs,622.3431988700953,1.0041411338400157
σs,399.4083455797737,1.0074111887454715
ws,327.4581302347437,1.008220210598633
ps,534.327459484827,1.0054883653456592
es,405.80677135346093,1.0101707405408535
σ,874.8460814129247,1.0024348084104924
