label,ess,rhat
Overall,758.1572307629101,1.0047085253706975
as,605.0037262682322,1.0047909856120951
bs,952.2250721672069,1.00405143927135
σs,520.8540766871167,1.0080413553468086
ws,569.481849785103,1.0041061812283303
ps,810.6058928295483,1.0047367069995852
es,557.1005956804338,1.0051618490349434
σ,906.8392934628998,1.0096772895639932
