label,ess,rhat
Overall,778.4091150546658,1.0044176845448065
as,565.8698038722064,1.004307848543001
bs,1044.243339317007,1.0039087861169078
σs,469.2986191913509,1.0080063442370881
ws,581.4904283260646,1.0061072070685053
ps,833.4802648421659,1.0041299905887995
es,517.6040711694404,1.002302802008013
σ,1019.628253768321,1.0021824892223388
