label,ess,rhat
Overall,971.4569884203419,1.0045385523821087
as,787.6123695272224,1.004073587030857
bs,1196.4206750480712,1.0046068318873702
σs,732.9663955596037,1.0068393302888496
ws,845.0974112473967,1.0043236123493864
ps,987.8427848598385,1.0046968483263299
es,1312.2329972448456,1.0008279763209202
σ,1019.7016677508379,1.0069407795745355
