label,ess,rhat
Overall,1227.456883852523,1.004319599195264
as,903.5108574724039,1.0034738598665653
bs,1660.3650374572373,1.005112060457603
σs,595.4765459498709,1.004628611980152
ws,591.7752100424138,1.0039552568105299
ps,1399.6356687804448,1.0044999299742445
es,1094.332398809031,1.0037249550424892
σ,857.304263120578,1.0012251187265615
