label,ess,rhat
Overall,1115.833486172263,1.0032203651967246
as,828.7349301949077,1.0024464830540767
bs,1462.6305683505166,1.0041014226161409
σs,769.5820342070514,1.0025987485914687
ws,791.3371269072,1.0021807365767332
ps,1192.9386546023068,1.0037370173280928
es,1250.6654308138907,0.9991723907905025
σ,1039.0778234276547,0.9989925551433818
