label,ess,rhat
Overall,1145.0382377686253,1.0049133462012845
as,877.3688891446033,1.0033080425007428
bs,1486.2382239432532,1.0059412847553564
σs,718.5605399751137,1.008262064050811
ws,726.0436121636571,1.0062619047622696
ps,1263.0989184353878,1.0047107927173893
es,829.3193100092162,1.0017826624178157
σ,1137.4989285424585,1.0047145782633873
