param,value
Exponential mean,17.833333333333332
Cauchy mean,4.833333333333333
