label,ess,rhat
Overall,26.116540921017453,1.4023368211042324
as,37.69177990709193,1.3355493638621803
bs,16.65458951951768,1.4401357933051908
σs,18.508705616548536,1.5066953672521697
ws,20.30207980723373,1.3410541078602793
ps,28.747219603799977,1.4312429032517806
es,7.71247827711494,1.568920505042278
σ,64.30055382188156,1.0530038763193226
