label,ess,rhat
Overall,141.91341805268323,1.184907024972402
as,145.88545445744376,1.107093455679357
bs,102.37441303270975,1.2499741931386
σs,269.9545050674501,1.2307940690290513
ws,109.22896608285713,1.1421409163136762
ps,132.12628086150104,1.1851537852486842
es,7.582499505178964,1.5313005351397848
σ,1057.2542457563434,0.998897541359008
