label,ess,rhat
Overall,5.121660699292993,2.8440151906156195
as,5.292236016172808,2.821568107340993
bs,5.061303556301884,2.7818626474448727
σs,4.724875273293649,3.148573845818959
ws,4.970873533209578,3.0120187409324948
ps,5.258280099010883,2.682790078338939
es,4.526605060000742,3.6536144272514974
σ,4.5691135782133365,3.4006270327350445
