label,ess,rhat
Overall,9.147659626923293,1.631178014373115
as,8.498585223760616,1.7166676558963978
bs,10.161742047552682,1.473482919643803
σs,7.8336307640431615,1.8911176459148158
ws,7.629190823481796,1.7940050456172385
ps,10.171929851973008,1.5279230582887255
es,6.029943031896845,2.012819862990973
σ,6.973692606981688,1.598598800402026
