label,ess,rhat
Overall,542.1096294808982,1.004534450038554
as,461.2481792635107,1.0048453128034787
bs,659.8583029636649,1.0032931008281047
σs,409.3156257255331,1.0078842012424407
ws,408.00773857015594,1.0077259679035733
ps,597.2451535464771,1.003289602758596
es,471.666418910875,1.0038458765760423
σ,858.6951158447979,0.9999794118622387
