label,ess,rhat
Overall,461.7970035970314,1.0098099824887465
as,360.6756886091914,1.014256118481875
bs,573.2936035179557,1.0055890123439886
σs,424.44597783792824,1.0089993854346146
ws,418.24035046722247,1.009154195224901
ps,468.7244868132576,1.010092386461672
es,393.8419976970587,1.0116388466352912
σ,940.2722893328043,1.0066791980657481
