label,ess,rhat
Overall,635.2356701765997,1.0053318221385146
as,495.48471770384214,1.0052780251625109
bs,827.5840382580369,1.0038398997539977
σs,445.8849739853516,1.0108964118363921
ws,546.5480182820088,1.0056851395402922
ps,664.4568936713578,1.0049164086458087
es,553.7075999894519,1.006701903617192
σ,1102.7918224222733,1.0091526011701888
