label,ess,rhat
Overall,604.2463446598871,1.0055877329902863
as,517.8304650762134,1.0050574095001552
bs,733.6107392978838,1.0049353125849012
σs,449.63169046432324,1.0098456110141434
ws,556.1868073440223,1.0059348414204836
ps,623.74204585773,1.0052602405802045
es,467.1861777229859,1.0062539252245952
σ,948.1928951801478,1.0086048500214178
