label,ess,rhat
Overall,7.3921733227023125,2.290907571407015
as,5.713092759348161,2.295119189081786
bs,9.51602155731904,2.326494741284389
σs,5.791009706157048,2.1476319362192946
ws,5.039321106334659,2.5682858163351727
ps,8.771450736331166,2.098966978109832
es,4.668128634511403,3.1388791034188026
σ,5.213276541145738,2.2568809939722847
