label,ess,rhat
Overall,15.672278797709886,1.516861738485475
as,17.23254592076234,1.5781410151238224
bs,16.582918987156674,1.415395009776108
σs,6.77701247271259,1.661536565941145
ws,15.78025234889845,1.5073881379860534
ps,16.6991191290357,1.479393138959296
es,6.01776241694775,2.0214947607667924
σ,6.98778033050017,1.5954624875965424
