label,ess,rhat
Overall,687.3005127919139,1.0062501241546296
as,575.0085933099092,1.0058208001019535
bs,858.667263455711,1.0056567861066255
σs,474.6311205374615,1.0099317077170809
ws,559.3335716672977,1.007049519751243
ps,741.1912674885646,1.0059167776445332
es,548.9078425334833,1.009053028634801
σ,1098.5295246912538,0.9997185772974351
