label,ess,rhat
Overall,664.277894157936,1.0043743832904548
as,608.1705854809866,1.0049184307356096
bs,770.6715952454995,1.0027507896486276
σs,483.2468814797252,1.0082607495984743
ws,496.4913906500151,1.0069072793370364
ps,726.4973050396094,1.0035264162459818
es,674.6124467575032,1.0027772583916519
σ,1039.3421481303428,0.9992210236853784
