label,ess,rhat
Overall,499.4270569624549,1.0105973636273
as,379.054569972253,1.0164217253774304
bs,620.2745489152674,1.003523679354889
σs,497.717039097057,1.0150949247075105
ws,387.1423642230389,1.0116846607288463
ps,534.906066206809,1.0102366481151002
es,370.7637334146756,1.0128438572399656
σ,1181.7157765777997,1.0024354145006094
