label,ess,rhat
Overall,462.32430284325557,1.0065707230126981
as,388.39915022604123,1.0071582249663587
bs,536.4828724208296,1.0064020918521734
σs,461.48400178595955,1.0050627881574095
ws,425.236725519399,1.0085774257006122
ps,465.74692736289853,1.0058132991286395
es,418.0440608524346,1.0076234335836811
σ,906.9474772004552,1.0000778906012837
