label,ess,rhat
Overall,748.8168197310212,1.0033874029861845
as,588.9265259274782,1.0031750986708687
bs,943.5198658654442,1.0033101783731955
σs,546.902856211916,1.005066670770353
ws,531.4128585979295,1.0066397654711887
ps,807.1890659419619,1.0026428481597465
es,536.4010401296625,1.0016679741988446
σ,980.628094405684,1.003536542409837
