label,ess,rhat
Overall,561.7246873268319,1.0051127885691118
as,397.172529183341,1.0054854186312945
bs,735.2152851891612,1.0044519458615697
σs,509.88173695756916,1.006784421912197
ws,412.5794424273061,1.0077916899204646
ps,594.869306709678,1.0044620114737168
es,405.4255186186741,1.0058251209690743
σ,1073.1242331608462,1.0027786081319212
