label,ess,rhat
Overall,981.7060065631044,1.0046557156164968
as,649.6783197478507,1.0033006329725755
bs,1388.0137501818865,1.0054604819992254
σs,550.8816771026393,1.0078475499314128
ws,639.5779300482913,1.0050824025322063
ps,1082.5775375144347,1.004744516093936
es,577.6171480190883,1.0027114059165858
σ,1053.5871561650463,0.999161669110728
