label,ess,rhat
Overall,840.3247042893646,1.0041462947428106
as,627.1273488845197,1.002827558759558
bs,1118.843686246108,1.0044302644764642
σs,461.4592702883532,1.0101479389904848
ws,576.7255482244349,1.0085148272223896
ps,912.5291014553873,1.0031251223752602
es,611.7305889248537,1.00368502317072
σ,994.8917438284539,1.001662721774459
