label,ess,rhat
Overall,615.4425286681352,1.0035143706332679
as,494.91338593416975,1.0033437669759162
bs,768.9435638894957,1.0036581774017246
σs,496.74371571351173,1.0036108394332888
ws,537.7769900207245,1.0065433118694525
ps,637.6470970974681,1.0022686994569336
es,547.709540924652,1.0031732688820534
σ,1105.5761887613683,1.0002367298861696
