label,ess,rhat
Overall,590.5075669558543,1.0046001152305502
as,488.454695852421,1.0021494085843377
bs,734.8664268220293,1.0053894649435235
σs,438.2060074099835,1.01058100019021
ws,524.3870246930487,1.0072032935787953
ps,614.3604666384176,1.0035995070017416
es,504.0897525437627,1.0032892002684977
σ,936.6143111870555,1.0019996189247249
