label,ess,rhat
Overall,1135.7451268962652,1.0037819158886931
as,1016.4147379703194,1.0021387654970042
bs,1342.571549032021,1.0054061889969201
σs,628.2681342793652,1.003891404132776
ws,685.5263548437888,1.0044726828645631
ps,1240.9509572809818,1.0036727470885418
es,1377.1999490953208,1.0026632289230202
σ,1005.5808886614752,1.0029701885168707
