label,ess,rhat
Overall,935.5990953598913,1.0027903903458686
as,737.9169944559933,1.0019140823601604
bs,1180.2100872920907,1.0037248220364936
σs,663.4115273957416,1.00245327285735
ws,795.8812782908429,1.0035530856882084
ps,954.486815850193,1.0025728607890527
es,1271.353175331115,1.0046710489385626
σ,1034.0941567115492,1.000318147779573
