label,ess,rhat
Overall,1120.6121874258256,1.0041233418828568
as,834.6054489362458,1.002759246919915
bs,1492.9558079791054,1.0050378163578684
σs,619.8582714563643,1.0067311407128525
ws,708.6269232495148,1.0049674480468451
ps,1209.482718230585,1.003949427522392
es,1563.3502096178333,1.00293387926139
σ,913.1738345290908,1.0047208824602445
