label,ess,rhat
Overall,1106.0835208658245,1.0046241394012125
as,992.7396842040449,1.0040105799102519
bs,1319.4378347321983,1.0042869231553109
σs,526.0227530791785,1.0101386386750144
ws,589.6858943808522,1.0067085871054677
ps,1216.749296112174,1.004212329438309
es,1630.1327703349914,1.0034729113763543
σ,942.79932792237,1.0016801012192484
