label,ess,rhat
Overall,914.889207249224,1.0051658867958355
as,734.3115511904557,1.0055865197906575
bs,1152.2157529022772,1.0041883588131812
σs,585.7456476023737,1.0083958777252646
ws,615.6867503917941,1.003325093408993
ps,974.1987843713763,1.0057791470367152
es,1233.8312621061245,1.0032341448148214
σ,1020.5748779612842,1.0016823998377522
