label,ess,rhat
Overall,994.2731486079446,1.0039189564231417
as,879.4300502187054,1.0034822142826043
bs,1159.5105293441445,1.0043277861306137
σs,701.9863109955725,1.0040808485349173
ws,784.9605209638165,1.0038302706116866
ps,1029.996881147008,1.0039429220795093
es,1369.240963697204,1.0057531816078962
σ,1041.349888283917,1.0001643842854318
