label,ess,rhat
Overall,640.73334527417,1.0052426265160446
as,588.6181582580734,1.004232704707405
bs,757.8636035247451,1.0041315035134757
σs,406.6790888300474,1.0128783878363952
ws,580.1046985529473,1.0072673646280945
ps,666.0368374328198,1.004347949650921
es,589.9810460920116,1.006528658385502
σ,811.8909081682648,1.0016353039257395
