label,ess,rhat
Overall,639.1207025691201,1.0051171181822414
as,532.9031090590701,1.0065203502457196
bs,811.0850656316074,1.0031842581028623
σs,402.43233218034754,1.007023779039484
ws,586.4402435998699,1.0044629108920453
ps,659.7962445793447,1.0058172552678695
es,578.0470995508472,1.0017997011248307
σ,855.8693239708348,1.001398875553084
