label,ess,rhat
Overall,467.4606434409396,1.008973768289503
as,360.87617492685587,1.0104032370811888
bs,583.7211251582743,1.0056946364965027
σs,432.62699590923705,1.0156325550942373
ws,436.0939754936638,1.0058421483080495
ps,466.0958883288967,1.0102593542844078
es,421.07951260366224,1.0090818376612751
σ,972.1065533959242,1.0129118334558895
