label,ess,rhat
Overall,519.4021874978857,1.0068194772582473
as,460.5964554785977,1.0076782682048784
bs,605.2456582985297,1.004392720847279
σs,422.0663278850035,1.0124641529298615
ws,447.1240407175376,1.00629239830309
ps,542.1731738399869,1.0071692163017454
es,444.48309713717236,1.004953091771712
σ,944.5324846888556,1.0077839805622524
