label,ess,rhat
Overall,599.2994610345427,1.003726796041874
as,500.87268562796515,1.0027515671912548
bs,740.6856953482975,1.0031227049459466
σs,444.6454089687034,1.0094123478494421
ws,504.5852773388658,1.0049730958941796
ps,634.0032477432334,1.0030420017903106
es,513.8900109056719,1.0027487424374124
σ,1004.3901112144451,1.0085319555637775
