label,ess,rhat
Overall,481.7850277067556,1.0058136164640201
as,384.74240153294875,1.0081061872401333
bs,588.2533049819286,1.003094722740626
σs,447.85268374183687,1.0073483790742301
ws,454.1886971308022,1.0062622530515843
ps,480.06515732922486,1.005563163261517
es,412.97309565177824,1.0053361795492781
σ,995.2814885439459,1.007896634507815
