label,ess,rhat
Overall,434.1001319114749,1.008499435606806
as,352.4907502459954,1.0087293127283965
bs,503.6962926211897,1.0077998082841917
σs,477.3477273522265,1.0101905363304908
ws,426.71386797148466,1.005984744383513
ps,419.71447960384495,1.009442452712032
es,344.9974402283955,1.0136914489070734
σ,1074.967642555889,1.0037732589499069
