label,ess,rhat
Overall,679.12520893331,1.0060450277416184
as,633.6210076000747,1.0070796620800533
bs,780.783230439049,1.004006999160239
σs,476.9714563122972,1.0096572470162175
ws,562.542397235923,1.0066244852326096
ps,723.016437238175,1.005485722146267
es,663.3305368667411,1.006670423038237
σ,968.5363575086056,1.0123826927356256
