label,ess,rhat
Overall,629.2791572217985,1.0062405430692882
as,552.4935508975533,1.005903240717863
bs,752.7377118503997,1.0047555389300018
σs,461.25654332611714,1.0128008464358522
ws,573.5022356976466,1.0077384003992538
ps,646.1903160779293,1.0053645703550025
es,542.0763399500365,1.0057765140597819
σ,1033.3177197957434,1.0119696037001582
