label,ess,rhat
Overall,976.0708685476226,1.0028922475779722
as,622.8610063370758,1.0015648238777117
bs,1403.1383230771587,1.0036985947377841
σs,547.6968330974854,1.0059144915125753
ws,635.7427302523491,1.0054710338216928
ps,1073.144304333439,1.0023581299672222
es,656.7281859579375,1.000924813589772
σ,1039.168975551089,1.0015193259457322
