label,ess,rhat
Overall,442.7787940480973,1.0119298643213281
as,288.656999508222,1.020006139199712
bs,603.693091162482,1.003684893064743
σs,403.38227911594345,1.0129083033148931
ws,299.61006161181996,1.0136032806063882
ps,475.3598770399258,1.0117139818494272
es,288.18119884666567,1.0095720576704057
σ,906.1067900785258,1.0069268408536947
