label,ess,rhat
Overall,838.0075772817104,1.005536941542748
as,594.6795854851546,1.0053002626203087
bs,1145.9196007692958,1.0052630733392651
σs,463.42019347373906,1.0084981148730947
ws,622.4529029617319,1.0045064122588803
ps,901.4056672199454,1.0058747147166611
es,585.7104750930073,1.0042585137824482
σ,886.1495564635765,1.0042470361219202
