label,ess,rhat
Overall,535.2542648331676,1.007040115637378
as,383.5607294150274,1.009264501706641
bs,694.0978078790812,1.004601316869258
σs,493.78422059207986,1.0082837092907468
ws,424.31864224203576,1.0087378805478984
ps,557.8812134772096,1.0067152360012315
es,340.84847373393035,1.0071609073416092
σ,1169.1997832112081,1.0020195758377022
