label,ess,rhat
Overall,810.963997535608,1.004113943447787
as,630.2669067584428,1.0040469839141881
bs,1026.107332786031,1.0036049466992203
σs,611.1757795907109,1.0074544898843463
ws,620.9576174726072,1.0023145063439578
ps,862.2422463471604,1.0044515326481884
es,561.42638666605,1.004917094867901
σ,1128.7598370762198,1.0078966042342448
