label,ess,rhat
Overall,754.6275852254155,1.0052487217033423
as,577.862678846956,1.0067657981665552
bs,973.0623108411204,1.0035230549425451
σs,512.94263364939,1.00645854542933
ws,562.5076508693977,1.005532075118734
ps,810.0073026561132,1.005225748965375
es,465.01794019650174,1.005844289242087
σ,981.0596508819619,1.0017600370635777
