label,ess,rhat
Overall,982.2090660476218,1.0032923948417976
as,690.90197205422,1.0018362098486688
bs,1352.8414398202478,1.0042713689301281
σs,522.1224433281229,1.0060602180896288
ws,614.7754102839908,1.0042668785708446
ps,1086.8324532504382,1.002915130484108
es,640.7385158983726,1.0064086816784028
σ,1052.4314497745077,1.0034747055891187
