label,ess,rhat
Overall,628.5988828519073,1.0072477943499654
as,501.9270198718744,1.0060032509589307
bs,805.6154325681655,1.0062704001935094
σs,447.35801060149606,1.0152467695209333
ws,573.1713746932534,1.0128995897048518
ps,650.4697823071072,1.0050927497889608
es,479.1589654413912,1.0039870373544
σ,1023.9654297415892,1.0019789226685856
