label,ess,rhat
Overall,535.2067953979209,1.0041056946378855
as,408.4278509512014,1.0041283643028636
bs,677.4189508597439,1.003608540558621
σs,479.6472357435496,1.005813838529314
ws,440.9311211175405,1.0040573438123348
ps,570.3575747950798,1.003833242945339
es,392.96253565564405,1.0071869272692364
σ,1037.0831419209132,1.0056071832879883
