label,ess,rhat
Overall,483.53510963845486,1.0070155733204904
as,415.8852893246086,1.0078303211446307
bs,561.8924427530014,1.005117135388375
σs,444.9880635559322,1.0109168577092014
ws,491.43038033647275,1.0057742166337362
ps,466.8604402611096,1.0082348582473482
es,406.7948130316334,1.002623287619612
σ,975.8138582868525,0.9989950168649969
