label,ess,rhat
Overall,603.4551864430093,1.0064645293276604
as,508.9323004475279,1.0071678087084068
bs,734.3132646784782,1.0051648150891213
σs,472.6484943790542,1.008611694815714
ws,567.0810387728457,1.006522788023167
ps,615.5765003011699,1.0065960955805393
es,498.24792058687535,1.0062320177867643
σ,935.2053298850664,1.0028097254885164
