param,value
Exponential mean,2.542105263157895
Cauchy mean,1.7789473684210526
