label,ess,rhat
Overall,562.597053135216,1.005554357284356
as,502.50933215993024,1.0076784123940514
bs,640.0029585931355,1.0034963198988558
σs,500.2515889977356,1.0053166934772526
ws,446.18828614448324,1.0037195903015423
ps,600.298086219863,1.0062020172337587
es,528.3613798605378,1.0063872111271657
σ,1047.7467433725487,1.0090666947080318
