label,ess,rhat
Overall,651.5123465798972,1.0042484659554083
as,618.0320747929743,1.0025855639246861
bs,732.3150545619291,1.00518357364197
σs,481.15157627750597,1.006868525594387
ws,596.2658234711349,1.0064050586718725
ps,663.1323627297437,1.0031716081911115
es,587.0832885109719,1.006749110174298
σ,1141.2083201268886,1.0013663667917776
