label,ess,rhat
Overall,523.2271948248649,1.0061808909180259
as,449.92440202979657,1.0064209670942412
bs,617.6622476018603,1.0053812274447347
σs,447.15105888992787,1.0081954051875015
ws,465.8714423936294,1.0053795350936001
ps,546.3718974692734,1.0067189756774302
es,434.8340910834627,1.005469323767808
σ,786.5201627278741,1.0032300913670682
