label,ess,rhat
Overall,598.2175030368733,1.0053308124888247
as,555.866927632906,1.0040107133466392
bs,690.9970588268495,1.0057318563399031
σs,416.67317364724215,1.0086394115368094
ws,536.0504765022362,1.0052137274198347
ps,615.3950558532547,1.0054068858810294
es,541.1531296880175,1.0070031328711013
σ,1011.7341949243206,1.001413284354818
