label,ess,rhat
Overall,520.4333592157863,1.0066274539987885
as,428.7764205479993,1.0095555621192824
bs,630.9377669036296,1.0035080510139158
σs,452.58247074358303,1.0073161155105517
ws,440.2063539899944,1.005412142682898
ps,539.6381788727365,1.0071146946292409
es,503.8502315968946,1.0087334756159758
σ,1016.9983660823642,1.0043308901633474
