label,ess,rhat
Overall,558.0701041136579,1.0044649969559076
as,474.724592665309,1.0035251695885428
bs,669.3861241311682,1.0050910854402781
σs,457.376273264676,1.0055944569346906
ws,485.7927174649703,1.0046518782268532
ps,575.1281141660586,1.0044977554279815
es,540.8368753777227,1.004343033175187
σ,1016.3569400073555,1.0016146289920997
