label,ess,rhat
Overall,569.491697344673,1.0062226809944814
as,517.6847625405451,1.0070370768219157
bs,664.3655794650642,1.0045565407581902
σs,414.45068700612364,1.009288960866365
ws,513.1432192909659,1.0077980633402077
ps,590.2612027585153,1.0054994534517716
es,453.975248635247,1.0066509312990595
σ,936.6991906481034,1.005265508347057
