label,ess,rhat
Overall,636.1239507946153,1.0051435904189654
as,537.5063742845879,1.0059532251664973
bs,753.2917615483079,1.0045340957805122
σs,528.5325921813593,1.0039827777863093
ws,493.9184348540994,1.0053663382413742
ps,668.9984648065303,1.0052240454181487
es,507.3980947044007,1.0040187182203506
σ,1022.0651816893247,1.0008585209865022
