label,ess,rhat
Overall,532.6233658109136,1.0060824705896354
as,412.236526153897,1.0084136438489757
bs,656.4410637507333,1.0038617208861815
σs,520.2722759928213,1.0056849457884431
ws,487.69588163747557,1.0060288698599524
ps,538.0744918600999,1.006243511722416
es,451.21094399804207,1.005347445636172
σ,1092.8487422390644,1.004008659800466
