label,ess,rhat
Overall,467.89494147579484,1.005186666070218
as,376.47725931741,1.0046295995380834
bs,565.3973807267162,1.0055741926341446
σs,445.98981594266326,1.0057970099557665
ws,413.96437826892526,1.0064669050772603
ps,484.28436335128725,1.0046347827861868
es,384.9597573263565,1.0069848978072984
σ,854.8070994943013,1.0005762998963639
