label,ess,rhat
Overall,643.5582919314678,1.0060385093552964
as,547.0267224893647,1.0070811729333444
bs,785.5252782796773,1.0039773214852252
σs,479.99079106948375,1.0097051968065798
ws,518.130347565033,1.0076354745939784
ps,690.6863463714149,1.0052557898515757
es,563.997674941752,1.0060120188979405
σ,1082.4854428694912,1.0072786145025663
