label,ess,rhat
Overall,615.8409528105284,1.0079075425231798
as,537.9694026989384,1.0090026112103363
bs,735.7239091219526,1.0038046905321878
σs,464.5998904911254,1.018735562416987
ws,524.3132935747806,1.0125947926576888
ps,650.2305764427479,1.0061082616227663
es,557.4449561677485,1.0061123250617283
σ,936.8346424873616,1.0020322792427272
