label,ess,rhat
Overall,702.493540432622,1.00505253094418
as,595.7610950044186,1.0073423767262086
bs,863.6957568140996,1.0024196740890914
σs,506.40236500083546,1.0062873708071958
ws,619.4845610728149,1.0052373185229293
ps,731.8733403433404,1.0051318018528603
es,614.6128114328267,1.005945725835038
σ,1110.4879530712233,0.9989876465917895
