label,ess,rhat
Overall,607.6620710084795,1.004749795527838
as,504.10895724689885,1.0037470214644206
bs,750.3088399778371,1.0037720472512008
σs,466.9249122604817,1.0118796759520314
ws,558.6008009374613,1.006534728451458
ps,624.3951049404176,1.0039815734105308
es,529.939901494462,1.004408481605977
σ,916.7827686583416,1.0039870033380915
