label,ess,rhat
Overall,458.63071106035414,1.0075088689095557
as,369.77487912378604,1.00818066359223
bs,543.0763286126629,1.0070962348661134
σs,474.5074828436876,1.0065758906083213
ws,414.68809642958104,1.010040660788742
ps,461.3035156444213,1.006667244725857
es,390.41236013989095,1.0065849403103977
σ,1052.8858692848082,1.0008574523338039
