label,ess,rhat
Overall,507.91033763183566,1.0068668368555997
as,429.26423834741405,1.0099539961642923
bs,602.6777011903092,1.003804255887433
σs,449.8737862452484,1.0067783548297053
ws,491.2999766107619,1.0071686365136856
ps,502.2301977862956,1.007041878136989
es,443.31786371598025,1.005713508961772
σ,984.1032537004733,1.0010008234300887
