label,ess,rhat
Overall,613.1349203058439,1.0052709341233284
as,503.5568654938405,1.0087446304818886
bs,763.04952174657,1.0017069552118942
σs,467.9233524424409,1.005595951313677
ws,566.84590778936,1.004954575425334
ps,628.6386106232956,1.005256191524291
es,489.04364454149356,1.0077180874065348
σ,1013.6896737785961,1.0045562395078282
