label,ess,rhat
Overall,1007.3753637844502,1.0029260176865928
as,694.7279396242636,1.00250165592065
bs,1400.1091396630059,1.002968748789232
σs,542.874523817911,1.0051394755337524
ws,596.9295637287871,1.0028146429199356
ps,1128.5722935341967,1.0028909066900453
es,574.8127430150926,1.0013553840570975
σ,980.3975780032946,1.0090891099797448
