label,ess,rhat
Overall,528.6359797686722,1.0042573090212372
as,397.0326992385651,1.0043114974274778
bs,669.0537193226656,1.0040975155900844
σs,477.51211743013016,1.0048698181657265
ws,409.26769914499977,1.0084289262156894
ps,555.837449955208,1.003203394784766
es,362.8924215966308,1.0066310764188566
σ,986.8718946430992,1.0000382512431885
