label,ess,rhat
Overall,804.6744390214151,1.0060309280967263
as,621.3817955975092,1.0065342647897904
bs,1045.3082523510038,1.004994683238515
σs,472.09565356845314,1.0091217954545806
ws,577.1181897615137,1.0037977119786399
ps,866.192999031769,1.0067939403534214
es,575.9130956953595,1.0027583723357205
σ,1039.9812362953535,1.0027500447144195
