param,value
Exponential mean,1.168421052631579
Cauchy mean,0.7105263157894737
