label,ess,rhat
Overall,660.1896833257877,1.0029956010188703
as,515.1856927429048,1.0028716700573672
bs,854.4835783305977,1.0021153012924984
σs,482.74602740684884,1.0066108314952191
ws,556.7907305309342,1.0051490099736833
ps,701.8296619853542,1.0017941082795927
es,562.4963966121172,1.0031358393434364
σ,1013.7242451426349,1.0081130281331934
