label,ess,rhat
Overall,578.0774714941576,1.0078240306020279
as,564.4183644812066,1.0070639908952
bs,620.8477965672627,1.0070813056028671
σs,473.27708647760335,1.0132339835435853
ws,581.1663502455223,1.0084661732783262
ps,566.05181324562,1.0075668036812795
es,499.4178381246038,1.0068870158999967
σ,1010.997307678865,1.0086802478299584
