label,ess,rhat
Overall,518.6025900354474,1.0046850309791806
as,422.03738734715324,1.0038046084340044
bs,636.500753211785,1.00523443177111
σs,441.8039322784919,1.005876709290869
ws,476.92990395175156,1.00619383839768
ps,526.8374507395021,1.0041331309063564
es,470.77214592807513,1.002912212402431
σ,900.2293329491266,1.0044743810041077
