label,ess,rhat
Overall,826.8617909733939,1.0043696219423934
as,655.4816430236666,1.0026548379209925
bs,1061.9454057582102,1.005123028771022
σs,457.38168332987715,1.0099456096604755
ws,566.2836686810126,1.0064903180733547
ps,904.4428661669949,1.0036518716070102
es,554.0695119108752,1.0081238784262112
σ,775.4922073141602,1.0058647715016245
