label,ess,rhat
Overall,509.61071395958965,1.0068490226627589
as,405.3560075891884,1.007840070086835
bs,624.1909593063949,1.0048258903579397
σs,449.7225878964472,1.0128351149710721
ws,360.1372711084334,1.011737688405672
ps,540.9876166209834,1.0057958618853826
es,372.6883108093247,1.006234201964416
σ,1071.0455067270943,0.9999663924585481
