label,ess,rhat
Overall,1006.8434091028685,1.0034063685911838
as,765.1092594774548,1.0018664159609527
bs,1331.2416241876463,1.004890395691306
σs,527.3918294385569,1.0037307366658164
ws,667.1667885987564,1.0021053664210742
ps,1102.8953073309817,1.0036881155886712
es,801.1738276786704,1.0048061510498911
σ,883.8109030511789,1.0026949738356947
