label,ess,rhat
Overall,893.1068675676822,1.0046006406772006
as,717.7734732145136,1.0048913513650979
bs,1132.4701467980392,1.0038295759860723
σs,521.7335352799882,1.0073866938959424
ws,575.4017630625749,1.0062829302080072
ps,980.8931560230213,1.0040881001955129
es,647.6305035538064,1.0058739376619084
σ,982.7790038004558,1.0064685154591206
