label,ess,rhat
Overall,672.1798005967636,1.0061445394499346
as,574.0686899971396,1.007422184936521
bs,821.7582728254418,1.005717056390336
σs,486.8972987321671,1.0030839547127783
ws,556.8423702181632,1.0043205800804027
ps,719.725438222522,1.0070603338707762
es,592.2110121691148,1.006982761171463
σ,979.9799637255423,1.0025449534993782
