label,ess,rhat
Overall,463.0403908263691,1.0050838343768294
as,410.4683151113698,1.0070455860595642
bs,513.5809460625653,1.0028481850584328
σs,470.3538645500597,1.0060698658652125
ws,429.0650177197449,1.003798726770724
ps,464.3731357533039,1.0055523889122837
es,412.472413699775,1.0068203163605487
σ,937.2294542587371,1.0048497437608486
