label,ess,rhat
Overall,639.9746314805418,1.003386003060451
as,594.9536614453809,1.0012451998035443
bs,723.6208759161095,1.0038695177247952
σs,500.92364363907643,1.0093522419936751
ws,582.5308747992577,1.0058322364371233
ps,662.1220746195779,1.0023698246266506
es,526.796210703707,1.0013253934361115
σ,979.823031594674,1.0045730610678725
