label,ess,rhat
Overall,650.2206334714324,1.0041251802337365
as,573.6847454148565,1.002485766264125
bs,776.9549862692547,1.0043596936546229
σs,469.5061604029444,1.0091828222091492
ws,543.0661798376544,1.0054085664591617
ps,688.7253601735333,1.0035566609510544
es,615.8829999746346,1.003253250013186
σ,1003.6264498157324,1.0052499073194714
