label,ess,rhat
Overall,969.5465203245983,1.0049513550436773
as,606.6974127319986,1.0032259337836138
bs,1416.023471801402,1.006182668562004
σs,484.5050257962163,1.00781717994575
ws,553.1578860903232,1.00415729179271
ps,1090.0625133132874,1.0053533395730048
es,598.0526622186501,1.0008541623598661
σ,924.430183890721,1.0033792420151841
