label,ess,rhat
Overall,483.74988160409976,1.009580774509291
as,354.0586919498864,1.0143406795508914
bs,622.204591122666,1.004727920913396
σs,432.92146639085297,1.0101198761242012
ws,298.9917299187579,1.012903545374948
ps,527.4669930198107,1.0087212349903456
es,323.8268467699223,1.012844362471855
σ,922.2724235424297,1.0044382451056615
