label,ess,rhat
Overall,748.7941864880321,1.0033229333618865
as,564.0614806450949,1.0018057598584655
bs,968.2556584781724,1.0045626646432668
σs,547.3673428342506,1.0049320982497214
ws,504.31831012915774,1.0036497099831638
ps,815.2096612288693,1.0033469605449286
es,499.11404688250263,1.0025218416780701
σ,993.9221944453863,0.9998504924881781
