label,ess,rhat
Overall,817.4503533767343,1.00592884177263
as,578.8306451081478,1.0070013504086512
bs,1117.7014740186482,1.0044306784197419
σs,459.98816161143696,1.0083976391304557
ws,576.805825946634,1.0073206125892467
ps,886.1634628586116,1.005531994772243
es,573.9690042416943,1.0067557189105223
σ,893.918125677908,1.0066224937160158
