label,ess,rhat
Overall,1084.0713348240547,1.0062282848117692
as,756.9114943974229,1.0054817503983964
bs,1507.8421515783168,1.0063791421964061
σs,523.7276721237953,1.0096832115784349
ws,680.2486856705116,1.0057270042811581
ps,1204.5729142555442,1.006399007694057
es,649.5253603567917,1.0070771785809025
σ,1014.9592608895905,1.0023511652910053
