param,value
Exponential mean,2.236842105263158
Cauchy mean,2.8473684210526318
