label,ess,rhat
Overall,491.476185836403,1.006384327053206
as,423.8614440204469,1.006113083128679
bs,562.3427717157023,1.0066684366919416
σs,479.76954720836767,1.0063380104820552
ws,418.5104157352234,1.0095782088702
ps,506.81968382843564,1.0048088707426177
es,400.37701738862864,1.0103882030383442
σ,1150.3328161532572,1.0010118573542999
