label,ess,rhat
Overall,510.6556071477054,1.0080290239983023
as,360.3089829288933,1.0104579291443305
bs,683.4842707236439,1.0042884516794706
σs,429.72026546205063,1.012751025820395
ws,415.3114162020301,1.007135106511596
ps,541.7556385820898,1.0086764509167818
es,480.0636677255173,1.003657710037075
σ,907.3689600461945,1.0106655618807667
