label,ess,rhat
Overall,608.5599665323394,1.00482759159915
as,489.3039788350547,1.005729449880707
bs,767.455428194997,1.0034570283855313
σs,465.8578602569984,1.0065149293545717
ws,530.2243626171606,1.0062028538294807
ps,636.0220084444798,1.0043525104514075
es,513.6861409757178,1.0052127813790532
σ,1024.3217749120859,0.9999061751166856
