label,ess,rhat
Overall,511.53176286514554,1.0045809218163466
as,492.78561254220625,1.0048211018423574
bs,534.635177599945,1.003073552958039
σs,495.8456109824495,1.0091428016126174
ws,430.4083632572454,1.0057524589331857
ps,531.2662057175007,1.0042971697809586
es,406.47911867526693,1.002195934045953
σ,1182.022332378474,1.0026700048751551
