param,value
Exponential mean,2.694736842105263
Cauchy mean,0.8631578947368421
