label,ess,rhat
Overall,482.78507651041866,1.0046870145867608
as,439.0635157520783,1.0036490812952654
bs,528.5987673941081,1.0054272307424876
σs,475.2534080591615,1.0057587962755279
ws,409.55096112749953,1.0062376363092478
ps,501.95599857672795,1.0040410828649589
es,379.61076290296467,1.0051634993270406
σ,1069.499114596311,1.001920809203208
