label,ess,rhat
Overall,607.6112474315197,1.0049369019706045
as,535.0222362289549,1.0039173516912219
bs,712.6924438314777,1.0054379988599385
σs,490.63938072090514,1.0068033341747804
ws,581.6918358186197,1.0069812065024886
ps,613.2575269994343,1.0040641761896734
es,507.5407837424582,1.004406367404013
σ,971.981845398665,1.0041571870253876
