label,ess,rhat
Overall,627.2231835446121,1.005261202561543
as,549.1240186402728,1.0057274060922792
bs,750.5340952637557,1.0039519356006892
σs,464.46089501131644,1.0082962309099675
ws,552.6755752442579,1.0049863052243362
ps,652.5890549377496,1.0052875753690813
es,571.7146499816936,1.0058588292714974
σ,973.2988940531246,1.0066790241921293
