label,ess,rhat
Overall,512.294745928644,1.0062849676964483
as,399.38001979261173,1.0071513562627548
bs,636.0762994287819,1.0051775700090635
σs,473.17416741786366,1.0071526005323306
ws,448.49635707836154,1.0049224851970273
ps,524.3313081934702,1.0066707437512863
es,473.7248745507136,1.0098613105928167
σ,1042.0645360024105,1.0054518944709747
