label,ess,rhat
Overall,948.9737853229477,1.0043990533323035
as,633.3147127826102,1.004039413192592
bs,1344.816364359001,1.003970588113631
σs,483.90944764779925,1.0089700644109325
ws,618.4367521845757,1.0062929330377275
ps,1041.4443840792044,1.0040275314023983
es,711.0295143240523,1.0024935231309644
σ,952.7179846808956,1.003316609905361
