label,ess,rhat
Overall,624.0684104423816,1.0048886369265384
as,570.5810511699942,1.0024126195199132
bs,715.7116484003179,1.0062002287932192
σs,486.70724717440544,1.0090805688703388
ws,533.659155304293,1.0080497697057813
ps,654.6712883610393,1.0036347446362823
es,549.5832560651236,1.0041119749914063
σ,1062.2749549688604,1.0011095669925463
