label,ess,rhat
Overall,525.3730103475365,1.0058189225308887
as,483.6703183669345,1.0062084945543373
bs,585.8834988583296,1.005898743542367
σs,457.66494283884896,1.00412910760515
ws,488.9792457580043,1.0079390397522592
ps,535.1021140545529,1.004522142298448
es,407.36155019105706,1.0121919412176
σ,945.1644093524566,1.0013477645444706
