label,ess,rhat
Overall,628.1500900629477,1.0079532766825021
as,535.1745389230277,1.0099402831047277
bs,775.0960863136339,1.0056959629753637
σs,433.8564876641896,1.0089263829081911
ws,609.8082114362259,1.0075014406602285
ps,631.3571961152005,1.008704194685873
es,549.4600971815918,1.0042927448816101
σ,922.2478619877484,1.001172504463943
