label,ess,rhat
Overall,558.9972658974012,1.0064291395791347
as,496.95160611709616,1.0059768278285057
bs,640.47360714375,1.005704470219837
σs,489.04681261964214,1.0106662715748684
ws,460.778233423906,1.0103518744265152
ps,582.1875312931168,1.0045047041274704
es,521.9362370055392,1.0102966057192955
σ,1208.8008130744543,1.0016567108735144
