label,ess,rhat
Overall,710.9010481731301,1.0079241901079468
as,552.9256293306071,1.007741225908689
bs,903.3038162541002,1.0069453485816748
σs,511.2224225901406,1.0146626633160163
ws,454.9052715738578,1.0128918912852392
ps,776.9081641985139,1.0065942296787307
es,475.5906432089586,1.0111246675159142
σ,1085.1296080743286,1.0057489217668727
