label,ess,rhat
Overall,850.5161145220757,1.004887803535272
as,584.4547642868356,1.0059282410435082
bs,1179.262252924021,1.0028985970330246
σs,486.9443431551828,1.0103906637005367
ws,597.3472852570695,1.0059124683149212
ps,918.3590515390689,1.0047779322819184
es,606.697643042992,1.0029554411348978
σ,1119.7180318446447,1.0017303711412064
