label,ess,rhat
Overall,1098.1561537971827,1.0044418231045176
as,703.6158004670983,1.0031188052110236
bs,1589.3589930027188,1.0047447636339375
σs,537.5137357195572,1.0103582718161512
ws,637.2020258009999,1.00540406243083
ps,1232.6247626113495,1.0041426812451297
es,644.1137064633899,1.0034280435641127
σ,1083.1973613389357,1.009281319520193
