label,ess,rhat
Overall,415.3870440808776,1.007423376258151
as,305.9453559741082,1.0089312468231826
bs,522.9835168677091,1.00467449111698
σs,426.0892929365169,1.0146212607997565
ws,310.4208916483906,1.0113569873585089
ps,437.6310345003269,1.0065290521463937
es,245.37412857102743,1.0077291977519764
σ,947.2951641568534,1.0025359574305586
