label,ess,rhat
Overall,624.3948630965187,1.0062181850599816
as,589.8638727304145,1.0060516504364259
bs,706.2201387791913,1.006121006631455
σs,454.1354359568738,1.0071675520474799
ws,569.5628718049061,1.0037734549380166
ps,641.5713918762186,1.0072187764132199
es,531.0325506579261,1.0115658572571
σ,1022.5136352008645,0.9988442269451311
