label,ess,rhat
Overall,502.39145962188286,1.004360623899218
as,419.2718933778194,1.0046394272470125
bs,595.6076051715286,1.0036832160877398
σs,466.04377412178627,1.0057955999684798
ws,439.07484453784747,1.0068645900993485
ps,518.6912432160691,1.0030612587303211
es,458.1297354038157,1.0078427594305088
σ,926.919915617595,1.001132252826389
