label,ess,rhat
Overall,644.315487620264,1.0038782890874836
as,559.8467736292555,1.0029602878258665
bs,767.4660149512185,1.002674282766388
σs,505.060959596459,1.0115175163852501
ws,565.4246555792241,1.0085141153128367
ps,663.4060367097985,1.0018318126489922
es,565.3008166963261,1.0020148555302189
σ,1252.6805376327213,1.0051836288985556
