label,ess,rhat
Overall,493.0453794136683,1.0058494011309322
as,440.2037377875583,1.0037646907762927
bs,557.3440119337627,1.0070669094205777
σs,451.8002121953239,1.0089713285649085
ws,378.708046747764,1.012902332008774
ps,533.7463843433319,1.0024678756155756
es,373.4620240409083,1.0097385556969694
σ,1046.0339539787817,1.0013555848640283
