param,value
Exponential mean,1.4736842105263157
Cauchy mean,2.0842105263157893
