label,ess,rhat
Overall,574.7962770158093,1.0048609016585022
as,507.6125190020543,1.005145740410491
bs,668.5948291812942,1.0040002816196218
σs,478.9830180695823,1.0069337142913102
ws,518.0559620220994,1.006184940412799
ps,590.0683376608335,1.0041900367176617
es,482.0296459475593,1.0049967332031908
σ,1044.1397423062006,1.0061432619794126
