label,ess,rhat
Overall,516.3463134725365,1.0059665444382393
as,439.6772264366283,1.0071193642820038
bs,621.3862272940631,1.0044132758727804
σs,414.21133704430997,1.0074081598363385
ws,454.8600403595646,1.0083643569483818
ps,540.5924687717985,1.0048308739841745
es,467.9634180292189,1.0078363342549927
σ,720.5473439340226,1.0029806464886986
