label,ess,rhat
Overall,666.5753707975597,1.005751106231494
as,555.9221974687464,1.0060068189578675
bs,820.9901513325894,1.0044515416594229
σs,509.0335848551799,1.0095089728760067
ws,586.8227783008236,1.0059007276406104
ps,699.7185875871897,1.0054180085000044
es,521.8384364479609,1.0113173320390891
σ,1051.3567129272014,1.0014837387256452
