label,ess,rhat
Overall,595.0160108537314,1.0065004950774716
as,495.8329337161914,1.0066401527435986
bs,731.3638919633751,1.0053772929683356
σs,461.22271655415733,1.0100412550723026
ws,513.0423107883495,1.0057263595886314
ps,626.4995163261873,1.0070792221551657
es,474.79045747056597,1.005167870802668
σ,1000.5803761207874,1.003408465473107
