label,ess,rhat
Overall,518.0059958465645,1.006773354109266
as,418.1901907674729,1.0062034567166125
bs,633.6234258874254,1.0065291668658318
σs,461.1201459841953,1.0097040587991801
ws,477.8775179681438,1.012061714188987
ps,524.5465635372823,1.0041156271464664
es,464.9657700945423,1.0114554097620918
σ,935.573421932998,1.0030498228797393
