label,ess,rhat
Overall,236.58839843104704,1.0746417559385717
as,174.72969585550118,1.0201288287953847
bs,279.82691786217754,1.1170165012675595
σs,303.621057750942,1.1183392104696908
ws,161.1254341221846,1.168160418309946
ps,252.62899418023034,1.0187707495459701
es,106.59846467357751,1.2771967184455004
σ,985.0683481735689,0.9999540486758703
