label,ess,rhat
Overall,620.1059716005137,1.0083989937595943
as,554.7415846091573,1.0071102382727883
bs,746.053309951038,1.0071757919634596
σs,402.0073467075081,1.017442039978182
ws,561.4801241073782,1.0114284226525365
ps,633.7393480160734,1.0073128342073323
es,597.3237798872499,1.0056159341164386
σ,1014.7127381401116,1.00585211468942
