label,ess,rhat
Overall,439.44959041890615,1.0069710887155117
as,372.59312147948225,1.0082632465409718
bs,503.7860397279103,1.0049661641805363
σs,448.5216610884178,1.0095370488697655
ws,385.1459714371088,1.0068476113281746
ps,452.1904867394724,1.007123733815825
es,316.8536006936595,1.0076612676386751
σ,1005.021693316245,1.003103686909078
