param,value
Exponential mean,11.333333333333334
Cauchy mean,4.833333333333333
