label,ess,rhat
Overall,280.6865894085769,1.0214600694283729
as,224.65678429766828,1.0237879807812102
bs,301.6238553155056,1.0163174847651009
σs,407.0197305429042,1.0315928933459395
ws,193.28039680948362,1.0277992313357294
ps,292.4482000599494,1.0179976074795631
es,149.7717494384524,1.035806607807738
σ,1285.5887036022582,1.0067210604504215
