label,ess,rhat
Overall,122.33402139913801,1.151395200232335
as,110.24341203639437,1.1618535369099978
bs,98.0644711032743,1.1157868845211627
σs,253.23059617012433,1.2419351247529702
ws,46.42985823419341,1.3231646747628225
ps,130.670039801323,1.0437098529073725
es,7.012460925175882,1.5964009124461636
σ,1047.0906218695868,0.9999691118878633
