label,ess,rhat
Overall,36.339284797844805,1.4547824139198537
as,45.14666212175479,1.4980052874985736
bs,32.63258745448336,1.3905156399586052
σs,17.976836867870002,1.5305404552969588
ws,28.231942563545832,1.5972531739834677
ps,43.50405966550448,1.3522123779488213
es,6.271045410816669,1.8935996250580704
σ,7.479723824336959,1.5343198061269092
