label,ess,rhat
Overall,79.00079315806168,1.3582774267594768
as,62.808602472240736,1.3667064434272642
bs,101.90789331818132,1.318949484654893
σs,54.82711905058636,1.4695135583319436
ws,12.675171231243885,1.405276548294097
ps,117.75552997348976,1.322541144412656
es,7.20646365864228,1.5711242730852613
σ,10.87375807758418,1.2977376167098023
