label,ess,rhat
Overall,25.139293323146692,1.7078244679006003
as,8.474014690819061,1.8127087334334873
bs,46.766732768409526,1.5538454777223574
σs,7.275514396579965,1.8845654766238826
ws,11.11671538424668,1.6105981642134228
ps,33.59502747492156,1.7558349394733637
es,6.320122989329663,1.8826938521263359
σ,11.199481311434418,1.276529082803401
