param,value
Exponential mean,2.6666666666666665
Cauchy mean,15.666666666666666
