label,ess,rhat
Overall,536.4876955155648,1.0048017396274909
as,403.3401456013475,1.0062841005050702
bs,691.5190128005001,1.0029664709205461
σs,457.7061329809794,1.006072207813206
ws,409.16753550465,1.0037097128121546
ps,589.1253110631719,1.0047239563585635
es,359.50830079492755,1.009428517626514
σ,1049.7104008500307,1.0106748704055868
