label,ess,rhat
Overall,631.8184137901364,1.004342009800355
as,556.5647484246911,1.0042462263279541
bs,755.2080533281201,1.0034651973230848
σs,458.5289067689978,1.0078433552191717
ws,580.4738298605888,1.00562348810607
ps,647.1852727891854,1.0037358140890722
es,601.3128668455723,1.0057694531404633
σ,909.4261808585617,1.0018704719449112
