label,ess,rhat
Overall,501.9471380595275,1.0088695136313623
as,423.75925018053306,1.012115346359841
bs,586.3147210003331,1.0050144075916354
σs,479.7002358370084,1.0110628975518559
ws,427.21295319873076,1.0088499345317044
ps,529.2452703274136,1.008067274879299
es,344.8892223073848,1.0174160137370991
σ,1003.1217489283408,1.0128696701694317
