label,ess,rhat
Overall,511.8203230125133,1.0058953996405338
as,379.17315965750964,1.0077695279278471
bs,671.5334290996253,1.0028448574374869
σs,414.38292917692434,1.010130489737173
ws,435.90430247526774,1.0059266332152215
ps,536.3019243153961,1.0062609160231917
es,420.09774755128694,1.0029010080974485
σ,969.7360865069634,1.002005953881338
