label,ess,rhat
Overall,477.6959865541498,1.0076843431356017
as,411.0995182069376,1.006137041746462
bs,549.6558585287329,1.0082926618189698
σs,458.3877334956147,1.0110646808763808
ws,407.51441541503806,1.0081254188510107
ps,492.8958993336771,1.007104479591193
es,422.0190525388339,1.0141615784764917
σ,1036.0309759864144,1.004513416023552
