label,ess,rhat
Overall,1328.2705668375602,1.0041312339087414
as,974.9091261459092,1.0032191036137075
bs,1787.8291951469848,1.0046030081891446
σs,712.3268786544685,1.0066852987935977
ws,719.4285343902442,1.0047453893988663
ps,1500.198661656045,1.0040564414506907
es,1019.0074467239913,1.0031199020340005
σ,1000.3526451452012,1.0023740697631534
