label,ess,rhat
Overall,1119.3806455434185,1.0036338938313296
as,821.1350446411001,1.0036610447568148
bs,1487.7043981030931,1.0038187295064047
σs,712.9273659307484,1.0024043715480757
ws,670.9863276903303,1.0043860044775192
ps,1231.4263924163422,1.003627967625813
es,1197.9020019526542,1.0007298293055849
σ,964.873897061662,1.00070115299333
