label,ess,rhat
Overall,994.8850084322664,1.003936776149516
as,783.545747039307,1.0027526333000063
bs,1255.9114018130517,1.005026155585113
σs,706.6996429028757,1.0044864039502106
ws,779.859462292916,1.0032782603356833
ps,1040.6151851942407,1.0043616670160858
es,1243.4994288920243,1.0002655965261797
σ,882.9142366101843,0.9987865635668305
