label,ess,rhat
Overall,1079.9323459705035,1.0055926776917783
as,861.4984633951665,1.0025588787156674
bs,1354.3897942324472,1.007910659638038
σs,754.9956649881864,1.0097444164649119
ws,675.9454001749458,1.0073710591361056
ps,1184.1474788095409,1.005445940082289
es,896.7205508002448,1.0017547166184095
σ,1291.8729095839244,0.9989714277620645
