label,ess,rhat
Overall,604.7834746673487,1.006390205254343
as,518.0170835396325,1.0059229004727188
bs,740.8351017418647,1.0059951293345868
σs,427.35662525886966,1.0094947757793133
ws,528.5790927186291,1.0059929479823104
ps,632.0808698410401,1.0069446282487582
es,580.8449434447949,1.003652629490885
σ,857.3808459811142,1.0022174461908564
