label,ess,rhat
Overall,462.4004041063553,1.007467854010112
as,439.16867307605,1.0062940125383104
bs,492.64684413517193,1.005894544164335
σs,437.14745171171387,1.0173575987533963
ws,337.1116585994533,1.011848616240265
ps,495.295585274224,1.0056024605515257
es,439.1436732147358,1.00365113597698
σ,1157.1041016078273,1.0110323732377926
