label,ess,rhat
Overall,667.01729868715,1.0047838952185801
as,571.5368998093563,1.00489813537578
bs,822.0770370564836,1.0028120117568724
σs,452.53167651760566,1.0114714111148095
ws,555.2538964660818,1.0070052222734096
ps,711.2282294925343,1.0032870633821596
es,592.7270537001148,1.0090006747888154
σ,1007.274414374044,1.0086120391670923
