label,ess,rhat
Overall,502.42762462179076,1.0071858718559865
as,447.96472282561206,1.0084639294227868
bs,568.8320483554402,1.0061058834308778
σs,459.43814564689603,1.0064728229458955
ws,481.28253056028217,1.0047252230038608
ps,499.52668824329436,1.0084388825427626
es,450.41928635925194,1.0078237096127065
σ,935.6097757258771,1.0028597047118635
