label,ess,rhat
Overall,516.8025931340894,1.0090031351038742
as,407.20866372359274,1.0112908382739656
bs,643.0996498159457,1.0074782448230974
σs,456.6713349571957,1.006257008702343
ws,434.43488362157956,1.0083380602480017
ps,544.7524897274324,1.0091271621718032
es,399.1083503088334,1.0150951095470808
σ,1013.9062815078039,1.0015753807217749
