label,ess,rhat
Overall,1009.588153879761,1.0053313602497962
as,654.4246395150813,1.0032445469351412
bs,1457.4764571116614,1.0062976679542979
σs,471.78437844987764,1.011830292788684
ws,583.740162214401,1.008377687392321
ps,1132.7159119897744,1.0047671631705388
es,648.2229989055638,1.0020628484446807
σ,932.3619745318271,1.0023939179540797
