label,ess,rhat
Overall,838.5203087120371,1.0045654949443505
as,590.0013364902622,1.004923337138552
bs,1142.64229790694,1.0038156426199163
σs,516.022810267892,1.0068391536997037
ws,588.3045668846561,1.003894446559495
ps,908.8265493911082,1.0045422220852385
es,550.5285338302352,1.003286399924987
σ,1042.3932078088012,1.0162933628387312
