param,value
Exponential mean,2.0842105263157893
Cauchy mean,1.0157894736842106
