label,ess,rhat
Overall,600.5117745885959,1.0059459130257629
as,548.0473355532249,1.005362487611872
bs,702.3749479419808,1.0047916133156445
σs,422.6763310437469,1.0122017234721954
ws,552.9872460969408,1.0073975260192178
ps,613.255857179425,1.0053354785551358
es,552.1930743781003,1.0068962816400866
σ,936.0973695478983,1.0024971161119598
