label,ess,rhat
Overall,622.8083242193334,1.0048189724721115
as,560.754112402537,1.0041311932393528
bs,727.2999667954577,1.003901721092782
σs,470.0335734857525,1.0105970826756276
ws,606.6097549054268,1.0057121850359056
ps,615.9357780993397,1.004654025526957
es,603.5509197271551,1.0026277928332212
σ,1034.3921640903961,1.0027714015583717
