label,ess,rhat
Overall,511.64409273265437,1.0063214450690352
as,381.28834880595963,1.0064019010812195
bs,651.1798107033662,1.005542295766794
σs,458.4002432773542,1.0103738661513642
ws,358.84845310973986,1.0054382930775567
ps,542.9550336162757,1.0067804652809558
es,403.3876298852991,1.0025075046783187
σ,1058.7795314885234,1.0025141795760315
