label,ess,rhat
Overall,982.5559887589199,1.0044430762696541
as,657.8924715897836,1.0048001672255957
bs,1397.3351111484787,1.003227105947559
σs,459.88547848046784,1.0094245765933425
ws,613.5396524902623,1.0032658282326656
ps,1089.0936674580876,1.0048544160152377
es,614.1036099401379,1.0027410638944323
σ,1033.8482040603337,1.0022297696759424
