label,ess,rhat
Overall,901.1327427873492,1.0051637381839769
as,636.6613051415102,1.0056743505785979
bs,1234.0675638447335,1.004388513737957
σs,504.04511900038625,1.0066984880820908
ws,616.9699716411918,1.0055713177851944
ps,982.620661065305,1.004756672974872
es,591.1927605404181,1.0109798371095613
σ,1019.5458836932249,1.0081797151552199
