label,ess,rhat
Overall,707.1899723244911,1.004218616653545
as,502.4450299478207,1.0054029337035613
bs,941.3353995442956,1.0028810898587528
σs,536.6671602343148,1.0051072331732431
ws,521.6017800315298,1.0051263067500873
ps,756.2639818055804,1.0037584768144172
es,504.41321770008227,1.0076701278628746
σ,984.2493339965621,1.0085100253545056
