label,ess,rhat
Overall,842.1666383083801,1.0042530811886614
as,614.3699742975598,1.0059182961197468
bs,1123.2021645682428,1.002248931047985
σs,533.3812372639325,1.0062189054042858
ws,584.5187780772891,1.0043063945059767
ps,913.0842644551103,1.0042348515930621
es,608.1706347638194,1.0042273259736443
σ,997.8869131275392,1.0045398523996705
