label,ess,rhat
Overall,510.386779606255,1.005315907487861
as,364.68481267029097,1.0055746484869272
bs,660.5791650256283,1.005135456702983
σs,484.3423524024811,1.0048618242455674
ws,339.4980687932687,1.0113578173506819
ps,550.8020298180741,1.0034596876997701
es,303.8749144372947,1.016709213810291
σ,1034.143029532696,0.9991249263175119
