label,ess,rhat
Overall,414.729393885621,1.0060623129246942
as,337.9669408763318,1.008634743838034
bs,492.45323415827613,1.0029999899299393
σs,411.26839973750367,1.007825924417791
ws,377.505568471498,1.0079516355463436
ps,418.4758985076347,1.0051224576716484
es,346.4664997820529,1.0087439330908676
σ,900.5319668898773,1.0024634377117565
