label,ess,rhat
Overall,624.3155164029264,1.0055094010059284
as,481.1952416910214,1.004727456122301
bs,814.2097012475102,1.0048518168497176
σs,455.9294399252831,1.0106917055493487
ws,570.8454793546006,1.0077598488314892
ps,637.6319331313329,1.00516476860227
es,549.4873300512876,0.9989515511565108
σ,1069.3854987475488,1.0005801692931673
