label,ess,rhat
Overall,603.0571978108555,1.0064263901152462
as,531.7964487185317,1.0078418089060253
bs,715.3060104372245,1.0045105141172845
σs,455.50016908829366,1.0082280360611036
ws,521.0294627288813,1.0051696626347937
ps,634.9046851681584,1.0066663837699725
es,504.26639425626826,1.010431418592972
σ,956.9369546138481,1.0072572279023382
