param,value
Exponential mean,0.4052631578947368
Cauchy mean,1.4736842105263157
