label,ess,rhat
Overall,505.48877030076346,1.0049708347987345
as,388.10977489705937,1.0045389467109054
bs,624.3573931921476,1.0042534631494533
σs,500.12611134511536,1.0091081698523334
ws,420.08442457148925,1.006884335968906
ps,530.5188244535932,1.0042035429668776
es,367.7283921619637,1.005326963186951
σ,1155.0802673560818,1.0012461516085363
