label,ess,rhat
Overall,663.4460953656471,1.0024667838587484
as,629.4871576548383,1.0014231509870397
bs,746.9144543424112,1.0028056578738818
σs,485.2121788082074,1.0050039157424226
ws,595.5412159775984,1.0031840946411152
ps,691.9043746589876,1.0018055985028373
es,604.4348183457868,1.0014539743809594
σ,856.4119404350938,1.01307549267963
