label,ess,rhat
Overall,643.083087540748,1.005017610894127
as,551.2032561129174,1.0061750079792227
bs,784.173913017535,1.002767265860661
σs,465.92350896450546,1.0089522235082602
ws,547.8949576174333,1.008473807073145
ps,686.1551579295665,1.0036072661951683
es,539.2629805052854,1.0032475966850578
σ,873.1070305821717,1.0037522473369778
