label,ess,rhat
Overall,915.9475049370055,1.0055197790837291
as,718.0636385001428,1.0068478852270932
bs,1179.5272259749818,1.0039513676823337
σs,534.9115482505466,1.0069135495803092
ws,622.3040436427981,1.0050854535165374
ps,994.1902267549943,1.0056574411472656
es,740.9912187637877,1.0054063381374445
σ,1033.9309655504585,1.0043507887328529
