label,ess,rhat
Overall,1064.1000758243263,1.0033290483209216
as,827.1313911405912,1.0021655032620373
bs,1385.2555835060127,1.0041624333694836
σs,575.816502436204,1.0052439763807892
ws,668.6453927988396,1.003356125329857
ps,1176.8593012033994,1.003162369469199
es,760.7813292286369,1.0049921124181034
σ,1003.7509471260273,1.0076785809020288
