label,ess,rhat
Overall,662.0221685771589,1.0064023610631307
as,555.2524731259181,1.0078627207599653
bs,809.6670347019503,1.0038154649835032
σs,514.8715541523782,1.0104578920411855
ws,550.128044443213,1.0068704162057076
ps,699.6081658874269,1.0063483770029114
es,573.4399416659301,1.005643017058619
σ,1204.6801819400087,1.0037079729269367
