label,ess,rhat
Overall,484.73164579471035,1.0046888637189917
as,396.8399824633421,1.0031954268513585
bs,590.1030013265986,1.005343751604928
σs,421.80475387283786,1.0077076400530989
ws,496.97782506273467,1.0052721504226672
ps,472.142526296409,1.004035690044022
es,460.46512563015153,1.006989495897586
σ,713.6276418633704,1.010070674466908
