label,ess,rhat
Overall,639.5619345238538,1.0056075150738706
as,561.4824655690948,1.0050547674288728
bs,779.5969545953542,1.0047436553935505
σs,416.5219505035846,1.0107073014450163
ws,584.5198827358599,1.0068657298135661
ps,661.6840608746518,1.0051838560020085
es,579.495035521822,1.0064972764775537
σ,845.0250688630945,0.9997445512585751
