label,ess,rhat
Overall,548.0419365247776,1.0048447436083334
as,449.1819776136403,1.0061151093644223
bs,658.5136232788852,1.0030090122594801
σs,506.23971629008446,1.006880059742284
ws,455.95033984147085,1.0089128856536553
ps,576.8792426993814,1.0027872013706747
es,486.33348795682366,1.0065394157133414
σ,1026.7880333206701,1.0061337930335768
