label,ess,rhat
Overall,851.1788704831773,1.0034228836778276
as,651.7595551669095,1.0020385373693455
bs,1101.7618113043363,1.0039277758871632
σs,554.4298425548086,1.0085237174528765
ws,579.8798766244269,1.0054719348482115
ps,924.7663166398811,1.003012622944335
es,602.2417502054379,1.0017564379225585
σ,1072.4436218218755,1.001859676351396
