label,ess,rhat
Overall,462.3292381292821,1.0093721610283868
as,395.3418422863785,1.0119680922317276
bs,535.953228590554,1.0071284789059103
σs,423.8369893427474,1.0073291163593763
ws,340.70079135165764,1.0105487180419777
ps,489.4819915747253,1.0091350977531823
es,354.97217121421903,1.011444259023929
σ,833.25256790963,1.0024883180840263
