label,ess,rhat
Overall,1003.3904199172104,1.0049708166251887
as,680.4078604431635,1.0040293095421298
bs,1398.7871365855333,1.0056116944803937
σs,583.3883081904113,1.0067144661467413
ws,612.700018740856,1.004344492322771
ps,1112.6164277405915,1.005260690470752
es,665.3258712019317,1.0016908060209002
σ,1124.955955941733,1.0051327848757485
