label,ess,rhat
Overall,760.5730208771689,1.003650953171133
as,585.1981616791294,1.0017127620140123
bs,978.3648005589769,1.0057073270260921
σs,514.5548820713118,1.0029654935236716
ws,578.1366868182141,1.0058429789827865
ps,809.6381629918706,1.0027574843382916
es,615.1310583546353,1.0123162329324231
σ,885.5661331240216,1.0029025878851054
