label,ess,rhat
Overall,826.6506025305652,1.0029337617821341
as,649.2940646795157,1.0020356529472523
bs,1059.0516149673729,1.0035770023945567
σs,507.39264993316664,1.0044119974723997
ws,588.7797540182444,1.0057524043281334
ps,890.8757532761273,1.0022418153259767
es,611.9539150909254,1.0037010254338385
σ,1027.686923770722,1.0007889538223045
