label,ess,rhat
Overall,942.0219612041271,1.0030868518776823
as,617.3436720829095,1.001871020067388
bs,1335.9814901506138,1.003756520439993
σs,540.1907702175654,1.0062545987159925
ws,603.8914303221809,1.0034595089751004
ps,1039.9934092238218,1.0030003472921747
es,610.5015863480228,1.0033788386505882
σ,959.9995765543532,1.002183213267234
