label,ess,rhat
Overall,754.1480191815125,1.003714533612548
as,574.5908947752957,1.004531132138722
bs,965.9598610098669,1.0026241559782763
σs,567.0706581331169,1.0053024524395153
ws,458.2494730155385,1.0041429742987396
ps,832.5458540975138,1.0038329696642634
es,464.2595992956466,1.0006005974817327
σ,1121.6113369768623,0.9991161871575379
