label,ess,rhat
Overall,1062.6788635920932,1.0039929164329626
as,758.2673115333453,1.0018251104792932
bs,1454.1104116109516,1.005490412478252
σs,557.9628870234515,1.0078807139015655
ws,633.4179900400823,1.0062846537883587
ps,1188.6584099073636,1.0035305937383956
es,657.9960180146306,1.0027798093908762
σ,976.1568142381681,1.0011097715915906
