label,ess,rhat
Overall,801.8576905097118,1.003922384897864
as,646.9877971704161,1.0038629675398698
bs,1001.0592763613442,1.0038513208167579
σs,544.7338739381589,1.0046791772446473
ws,607.5319219610352,1.0062579119389032
ps,856.6027202749998,1.0031702351357261
es,574.4977912208576,1.0086346840976832
σ,960.7252829377104,1.0025746505883668
