label,ess,rhat
Overall,477.05497565848447,1.006655772883144
as,315.20414216402713,1.0090907510709255
bs,639.8760938306551,1.0038486394316428
σs,471.4273245277489,1.0088142734127177
ws,378.7710260805359,1.0076693096449518
ps,496.3663199423128,1.0063579168213421
es,349.03253670571644,1.006085361261756
σ,985.5627228756474,1.0099312459507175
