label,ess,rhat
Overall,956.8288743585964,1.0028347554080645
as,711.2747591026948,1.0027054718311457
bs,1280.204385735296,1.0026023449832218
σs,505.4647768579669,1.004932580618285
ws,631.5809811375658,1.005498222855566
ps,1046.9849237371802,1.002158880069197
es,713.8762882237122,1.0020451114005944
σ,1018.2183951087218,1.004894450318641
