label,ess,rhat
Overall,658.1098822135419,1.0045378326117966
as,574.5823881569027,1.0033622202105448
bs,803.431045695344,1.0035226828004844
σs,435.652672282955,1.0124245765770268
ws,588.2468519696833,1.0056569877056356
ps,680.5792098092757,1.004238818892588
es,613.508853331399,1.001663395152233
σ,1001.4657854150515,1.004631203104273
