label,ess,rhat
Overall,498.5925775101437,1.0051639679146043
as,452.2506766971957,1.005423429713553
bs,535.8619606446658,1.0037417784190257
σs,531.2536411524767,1.0093497876224713
ws,482.6783850444695,1.004820015496597
ps,484.22428998210853,1.0053043289265013
es,427.86487301841737,1.003763027653735
σ,1204.5937718106027,1.0084438911431062
