label,ess,rhat
Overall,624.6687910858507,1.004407382009661
as,544.8006880630616,1.0049500942958396
bs,730.7795267449278,1.0031368489600108
σs,530.1953135952139,1.0070275367581603
ws,553.8022909490362,1.004511385115623
ps,644.6763265235306,1.0043642288308021
es,497.925483141854,1.0049494025256487
σ,1208.3574872359432,1.0031972863564826
