label,ess,rhat
Overall,919.6006665693218,1.0041861260288112
as,754.9618690773918,1.00359687128205
bs,1156.758765576155,1.0039688605161656
σs,498.98871778287855,1.008863943533368
ws,645.8265045667658,1.0065882095701355
ps,993.7293897991684,1.0036308908965086
es,770.5462552301814,1.0038941976220457
σ,944.8207182456305,1.0025962666969737
