label,ess,rhat
Overall,750.7501460120411,1.0039053692058375
as,564.1595763137879,1.0028287484237293
bs,973.9335822832147,1.0045584571358002
σs,538.5115198891024,1.006361859748282
ws,559.0285075050302,1.0052407442126867
ps,798.358654172625,1.0032453001653643
es,629.7109472836321,1.007536126276959
σ,1008.2798138449584,1.012302668924124
