label,ess,rhat
Overall,997.8872323887111,1.003036510857832
as,660.1695963698197,1.0024194436432468
bs,1422.083475009362,1.0033067491291712
σs,496.31131409850167,1.0050481187286577
ws,592.0977382479131,1.003844731343025
ps,1111.9105109318418,1.0027570896630797
es,751.1119684689509,1.0021116423498018
σ,887.7943198475241,1.0085998193996815
