label,ess,rhat
Overall,522.7742740990419,1.005604998858489
as,447.0475649707639,1.0040916330213656
bs,610.6409615837066,1.0068967909143132
σs,452.3623996319955,1.0068901267900232
ws,394.83123951061253,1.00780484080001
ps,551.7779012021568,1.0050341046832842
es,378.7746010474374,1.0090091495906375
σ,953.9159343138746,0.9998015145057588
