label,ess,rhat
Overall,498.94198817538677,1.0058090141763913
as,362.8372364168378,1.007528264152292
bs,641.1156740811373,1.0034638192858585
σs,463.7421701216181,1.00943949468126
ws,376.2158633307897,1.006172527395994
ps,522.9570979680615,1.0058088639055376
es,422.2280607796481,1.0048676245836885
σ,972.3580710536429,1.0033368477275475
