label,ess,rhat
Overall,754.4767253748248,1.0039413239818247
as,656.1218520679939,1.004351120362194
bs,893.6359658466129,1.0034889274646697
σs,517.811395818071,1.0041884047751801
ws,548.043322313253,1.0045479625300817
ps,807.2357598370172,1.003835349398153
es,595.3477245567228,1.0037256804601833
σ,1017.5019095646501,1.002179728462256
