label,ess,rhat
Overall,993.87842535217,1.0038884855723966
as,667.7118440343853,1.0033047350539634
bs,1397.9656463115332,1.0039093126025516
σs,541.9387154310149,1.0071534418044077
ws,635.5749886691622,1.00476807358472
ps,1097.313086326017,1.003597529859764
es,648.4559215506977,1.0042839398644214
σ,1019.5009464065598,1.0065083950468254
