label,ess,rhat
Overall,720.6254021636323,1.0037515577206728
as,581.6090789488418,1.003228937091844
bs,896.528435373564,1.003831097499101
σs,506.68248419181236,1.0063214266530007
ws,508.66363270065045,1.0027269114510824
ps,774.8300768244159,1.004300188202346
es,568.4372022564926,0.998599313200458
σ,966.7186518160695,1.0000175388758819
