param,value
Exponential mean,2.236842105263158
Cauchy mean,1.0157894736842106
