label,ess,rhat
Overall,653.1207314769371,1.0060361679014727
as,538.387213650767,1.007462109929552
bs,835.7617084788519,1.0034925300329873
σs,408.6538784442552,1.0100598729269337
ws,616.1018076086358,1.0063510780409586
ps,673.3714625896339,1.0057195776427323
es,533.2253825429098,1.010473946489145
σ,810.6195068344855,1.0016130357795467
