label,ess,rhat
Overall,512.3969000774658,1.005306177079367
as,444.6612219846483,1.0055966525808404
bs,599.5677851801372,1.0044300352524873
σs,442.4301548419902,1.0074145758508293
ws,433.1647121491131,1.0048461253548797
ps,541.3219773714909,1.005349624102654
es,378.71447343005116,1.0088000391935252
σ,978.4959988678693,1.0027094509394248
