label,ess,rhat
Overall,681.0412509720878,1.0041750757365513
as,622.3279390760513,1.004190292940275
bs,794.4506903507772,1.004057247652638
σs,484.1351920345377,1.0045444749052337
ws,570.5597772114944,1.0065230891276655
ps,725.278349253633,1.003165230547024
es,618.3354920958855,1.005547562680749
σ,982.0658985314368,0.999509916082491
