label,ess,rhat
Overall,583.8827445320302,1.008255343755929
as,439.0018480134724,1.0107866344128502
bs,771.1516424501611,1.0040896993040624
σs,431.28593949356645,1.0141390174177345
ws,532.1683596155751,1.0095695843650503
ps,597.2293067129093,1.0081428968267185
es,483.2690233944316,1.0046788895581744
σ,1058.6721891018278,1.0025609850014663
