label,ess,rhat
Overall,521.73269024253,1.006439385944008
as,442.3209860260904,1.0069027537975692
bs,602.0695110453021,1.0056900917743408
σs,518.4022705317344,1.0074687206819901
ws,503.04781700622175,1.0060823212698593
ps,513.0392057479269,1.0065886667215291
es,475.43882369970447,1.008724338653782
σ,1064.5694990235663,1.002272956398701
