label,ess,rhat
Overall,539.1961712593404,1.0051138792815684
as,458.1470976571115,1.006874670694797
bs,642.3715970726029,1.0030600155460538
σs,459.54130329962084,1.0061689396417997
ws,485.898209330307,1.004406389405176
ps,553.2275443396674,1.005672288566557
es,492.0598200768906,1.0010413077998062
σ,908.2287166841469,1.007230259352109
