param,value
Exponential mean,0.7105263157894737
Cauchy mean,0.4052631578947368
