label,ess,rhat
Overall,484.3292920447692,1.0056534150643337
as,421.7389307563487,1.0056352961703126
bs,556.3423878726711,1.0048094698072765
σs,450.4074477026358,1.0087568460082177
ws,444.87929357120794,1.0095785295124362
ps,494.3188352913709,1.0036154967317494
es,358.81823865021363,1.0096898824354426
σ,949.023256104969,1.0034649835920797
