label,ess,rhat
Overall,481.52907553366487,1.0049388694959214
as,433.2427397689423,1.0047749481415145
bs,531.0575161739416,1.0047606313163202
σs,477.0574979816698,1.0061706438183526
ws,438.1811706830718,1.0053285845986015
ps,487.3264743517962,1.004828256627652
es,415.90008517114757,1.003203220307992
σ,982.2295451944013,1.006609521214626
