label,ess,rhat
Overall,630.0525898682474,1.0038882356583354
as,586.006271611541,1.0035216528501456
bs,721.7266891710614,1.0027150289746696
σs,458.59257810226063,1.0094314778290163
ws,548.9459414906111,1.007237899417755
ps,652.9037849219258,1.0023064937031636
es,650.8970304370388,1.0043587477171607
σ,967.5124178666613,1.0038765372621192
