label,ess,rhat
Overall,510.1707495182065,1.0055813903124935
as,363.12274465854244,1.0053113861694798
bs,662.5195367592037,1.0052682857323354
σs,479.4262117064757,1.0089634209068903
ws,357.1932650952186,1.0080527085030895
ps,542.5907940449816,1.0048202513588855
es,340.0462798313046,1.0115098268576874
σ,1129.9873646826613,1.0006033687081282
