label,ess,rhat
Overall,788.8729960310258,1.0053517942664798
as,494.67629230247996,1.0045804593655694
bs,1143.3669767111323,1.0033852083550079
σs,439.14878971197504,1.0212317349783
ws,503.835140261872,1.0090980940643586
ps,865.761011548224,1.0043840748110429
es,533.5465195839621,1.00341692888848
σ,1029.3554733294816,1.0107164613089021
