label,ess,rhat
Overall,924.6146795802673,1.0049160810342712
as,566.6892877767118,1.004747960586837
bs,1350.9603623633943,1.0047431605265917
σs,527.776991898754,1.0068941185739302
ws,616.1870300479146,1.005480122388641
ps,1011.1790474903263,1.0049780375672623
es,625.2100700278136,1.0025732798952762
σ,1069.4660333905802,0.9998592734762365
