label,ess,rhat
Overall,14.61970187308182,1.5026050754340048
as,15.735035933971151,1.5122059194367157
bs,14.880298034962582,1.4657932207083135
σs,9.66635307110947,1.6005647140367354
ws,18.88009153427672,1.4407127218041147
ps,13.645133730858097,1.470853474014203
es,5.543917542783392,2.237254858462247
σ,6.985366297156543,1.6015553898510515
