label,ess,rhat
Overall,50.93678365704198,1.3657628934654025
as,50.19896643523882,1.3724325980087206
bs,57.68441631825241,1.3553336890535888
σs,29.30144807517574,1.3792970929919888
ws,57.13207400659743,1.271917583511548
ps,52.78187006610871,1.4045416254884489
es,7.931418664871682,1.5089110787412041
σ,14.63178281098235,1.1973632097608606
