label,ess,rhat
Overall,4.588986257402358,3.4486439372870943
as,4.579824010605652,3.4599977284062056
bs,4.6083863213126826,3.4147011142071153
σs,4.5521301157933305,3.529964452346218
ws,4.643170495267372,3.232212259548802
ps,4.576262264243848,3.497474695178309
es,4.480057363266008,3.9496701352398893
σ,4.487457013416109,3.7741719690694104
