label,ess,rhat
Overall,61.57774200423611,1.2931772052144148
as,20.52425551101532,1.3870135716237124
bs,54.29256462686971,1.1866444619219025
σs,235.59693193834997,1.3388841619939886
ws,12.306137615817535,1.5594077003112723
ps,50.779114145248926,1.1053720111045324
es,6.260881556559396,2.2792523670367304
σ,1044.2350398942792,1.0091959872644347
