label,ess,rhat
Overall,528.5328670613331,1.0065527693079999
as,453.7369479253265,1.00747577851991
bs,623.8497561094961,1.0056026390315371
σs,454.6573753775706,1.0066504051403922
ws,459.3902846574149,1.006073007435026
ps,549.6465637121144,1.0072847764219386
es,432.2878552710466,1.002684883154683
σ,1001.7777665686141,1.0010134991279234
