label,ess,rhat
Overall,452.8134358304732,1.0086866482324117
as,367.6522061173954,1.011684138055894
bs,545.7553700931298,1.0033992454440264
σs,424.8028994519893,1.0169303349060648
ws,403.15027920084043,1.0066564991260372
ps,464.4088590014683,1.009863468968083
es,373.122977934254,1.008697744963993
σ,906.6712287326336,1.0024289049183068
