label,ess,rhat
Overall,646.1498530235837,1.0059881238208122
as,565.7779606275524,1.0050343727922137
bs,777.3288072525119,1.00521452289933
σs,463.2444304251546,1.0122065908411
ws,563.6306682868241,1.0073481162183047
ps,680.7930696851538,1.0057744189906113
es,488.4636563340508,1.0047029674830998
σ,1051.0288300429409,0.9977948533115475
