label,ess,rhat
Overall,449.3766379622487,1.007832136641472
as,362.5552741235812,1.0100061191714746
bs,537.4358841004489,1.0060916939524889
σs,444.92026168393096,1.006271393213802
ws,430.2683028398262,1.0066459375566472
ps,444.95954431327823,1.0087358754859475
es,383.56913129719806,1.00614235851396
σ,925.1361076346517,1.0019488719580307
