label,ess,rhat
Overall,573.4718984321099,1.0088077310607726
as,489.4543078785017,1.0113522698883668
bs,672.6723741281008,1.0072920401108985
σs,518.8135119195318,1.0051038787009792
ws,539.8341808404753,1.0075330920593055
ps,577.5853011948863,1.0097042238070377
es,474.2237869305743,1.009232220257373
σ,1068.6722607026175,0.9999456092822844
