label,ess,rhat
Overall,614.4897557158228,1.0057581029930422
as,501.0964157390588,1.0064272900063698
bs,769.2327817323442,1.0036723994514642
σs,465.6308859726954,1.0108575624947451
ws,514.703273104604,1.0088131472808899
ps,648.3660465660089,1.0037965413208865
es,564.832602741357,1.009348136557512
σ,1030.4582908945345,1.0129181078859881
