label,ess,rhat
Overall,641.8561465151646,1.005850895753006
as,548.6200398334336,1.006594853724968
bs,784.9145868865119,1.004969057138539
σs,462.4957452325469,1.0063472660660238
ws,576.4499251174581,1.005647596673151
ps,666.8999771711153,1.0062477970672983
es,569.8091191174007,1.0040518080556913
σ,919.6852610284526,1.0015692259342963
