label,ess,rhat
Overall,456.1926585222002,1.008762983997081
as,386.24522548412955,1.0091016978352314
bs,547.8117584788174,1.0052924038201945
σs,378.17465761543133,1.0200377028165326
ws,397.17741640803916,1.0118070844146563
ps,470.21919296528426,1.0074571302296027
es,386.81529118821345,1.0116222594582984
σ,938.440403039916,1.0004674260181838
