label,ess,rhat
Overall,616.5924035208564,1.0053883699042467
as,597.346173021025,1.0038145918265795
bs,689.7876116663061,1.0053164819174367
σs,422.3760839966305,1.0113127677363642
ws,561.9934555401131,1.0050330725760492
ps,636.3566639346639,1.005749748261631
es,503.9231968801895,1.0056830118683315
σ,983.2474218121134,0.9996668166224503
