label,ess,rhat
Overall,630.1322837379488,1.007392979124241
as,523.9210436556376,1.0089809941491994
bs,795.6517277409833,1.004400668640452
σs,416.6227496233445,1.0124484427760287
ws,587.2862652313734,1.0078860598261583
ps,651.640616227782,1.0067393378353175
es,540.7898761304496,1.0158173817315668
σ,763.7526762961897,1.001621878998589
