label,ess,rhat
Overall,596.2561937151401,1.0053750238428778
as,547.7092024589995,1.0062252979611213
bs,685.2754576783727,1.0034493870203092
σs,450.55601196960816,1.0092463295784477
ws,604.6136403847792,1.0047503163421114
ps,582.0312417582252,1.0059308291976115
es,540.8642540913676,1.005423109556681
σ,976.5994638068001,0.9983244032013852
