label,ess,rhat
Overall,451.8177532993674,1.0083048926875362
as,363.4885431359623,1.0097177503003911
bs,549.5304948344169,1.006594327868861
σs,418.03704036144774,1.0093766386284901
ws,433.22977202441774,1.0078569262071866
ps,446.51131373979683,1.0086308125919783
es,362.53330449952887,1.0101945862903912
σ,991.4098547472753,1.0014271857305377
