label,ess,rhat
Overall,987.6796629570493,1.0042970602349217
as,836.1235667427857,1.0033825158092724
bs,1219.7469108006123,1.0040999517178084
σs,520.7149835071116,1.010744647302947
ws,550.0490075970221,1.0061572159820507
ps,1098.6497460734242,1.003854720965689
es,887.4197665582732,1.0023918912548688
σ,1113.2033304889376,1.007017814152654
