label,ess,rhat
Overall,615.3126013715656,1.0053403880735499
as,560.9364379504119,1.006856614433191
bs,679.9824666420893,1.003915865197399
σs,555.6091306452206,1.0048085078693034
ws,461.490796383009,1.007781505393916
ps,645.7823400912574,1.0047036454451357
es,592.6575614244507,1.0073255338752638
σ,1043.9368825832596,1.002640334789604
