label,ess,rhat
Overall,785.1905571948233,1.0048527185306513
as,712.0493033488591,1.003487785269774
bs,895.4350059138885,1.00601986867907
σs,569.992026930838,1.0059998605829121
ws,648.1939121656839,1.005778382068588
ps,816.4485187598096,1.0044854615345766
es,760.1184139056538,1.0080954030730829
σ,978.9124290034972,1.0048877228021253
