label,ess,rhat
Overall,804.9008860119109,1.0030263932214356
as,589.8348483028207,1.0029259077010557
bs,1056.725638099931,1.0026349036072335
σs,591.7003426141188,1.00587984900201
ws,546.4843558673666,1.0050974952546854
ps,870.4832931261444,1.0024238940218217
es,613.5760618778048,1.004009252030118
σ,1140.5933545314376,1.0051274127865453
