label,ess,rhat
Overall,1000.5192158135851,1.0033942058541898
as,722.2936192369052,1.0019120433853774
bs,1360.3382001142097,1.004068809401642
σs,527.2775670147056,1.0080780475980833
ws,634.0035575716084,1.0065695704105968
ps,1106.8652906683235,1.0026760294627801
es,690.2236766254538,1.0014926051572268
σ,914.6866000661267,1.003565499358902
