label,ess,rhat
Overall,787.9551429839075,1.0051457598312972
as,562.509406422484,1.0066767356103496
bs,1056.3119909341601,1.003595130183007
σs,539.0706969287033,1.0052597522728757
ws,558.2119359682987,1.0062081165551993
ps,849.8862695061885,1.0048863868890348
es,532.9254822003993,1.0074777026341852
σ,1082.2388756687537,1.0001834947672785
