label,ess,rhat
Overall,711.1968578733153,1.0036166285745745
as,512.9448782593503,1.004119819749992
bs,944.4519826738037,1.0031143332065733
σs,508.17861579147814,1.003611432891557
ws,521.7460805691026,1.0034959095659737
ps,759.6648528078055,1.0037127529357175
es,568.596594840039,1.0033327854060945
σ,943.342954734893,1.0010189736798731
