label,ess,rhat
Overall,1052.1998938268314,1.0035914206170728
as,633.7330461014922,1.0024920337803072
bs,1565.410302113747,1.0042109691209324
σs,502.6872425696847,1.0063744829479269
ws,583.0358946345774,1.0034149592456194
ps,1192.6773012165215,1.003477781121984
es,601.6956477176751,1.0047361396450236
σ,840.2608216470486,1.0088742147828778
