label,ess,rhat
Overall,464.21881370889685,1.005720811098592
as,371.2488826852004,1.0042391121396648
bs,562.168114566583,1.0063741910428041
σs,435.3384686717556,1.0105250613839378
ws,303.6341852070593,1.012144858931962
ps,496.9852236691558,1.0039270627601964
es,307.17114919768517,1.007874642744346
σ,1132.5420066609431,1.010424494049638
