label,ess,rhat
Overall,21.74897242007244,1.4624423935580506
as,19.07462711942137,1.3917186802561352
bs,28.467370535978198,1.484842652416623
σs,7.190382285155607,1.6364068295540846
ws,11.913300540506187,1.411235548728601
ps,28.022229647564238,1.4368860394059502
es,6.383231939147631,2.067722416941459
σ,7.403828021930394,1.5308296926992393
