label,ess,rhat
Overall,137.73378555549277,1.0934085283467352
as,58.57605907808386,1.1636825769090864
bs,187.50061297502089,1.0135197247093748
σs,243.54102216386383,1.1280216466167716
ws,104.75446586023095,1.1885433208171412
ps,128.17336136498042,1.0368378692708182
es,117.9929694119774,1.3024742118639767
σ,821.5382831389875,1.0044967876412403
