label,ess,rhat
Overall,33.92859792530783,1.530331818097212
as,9.666135153782214,1.6118899572796055
bs,65.79053643946932,1.377366284145467
σs,6.570485251818627,1.7873984392668767
ws,53.59666958688745,1.5987976387413303
ps,28.036308786108698,1.453051909656233
es,5.987496239592211,2.0929330042149807
σ,6.993458976960609,1.5928172175977038
