label,ess,rhat
Overall,386.48480941302125,1.0092454669943678
as,344.6800986386263,1.0110042938891601
bs,418.37515227312775,1.007275401347283
σs,422.17653390445923,1.0100059265026247
ws,356.0294237543569,1.0085509892630344
ps,380.313733353201,1.0099036731095992
es,292.4159207250195,1.0087491075856478
σ,1100.5351922483214,1.0014585595918128
