label,ess,rhat
Overall,556.5208849022401,1.0076284003814624
as,503.0064453832913,1.0073778309655133
bs,639.6588528180849,1.0068596517281385
σs,449.8761826734146,1.011297945430846
ws,490.552595872841,1.0081693374022584
ps,571.8683607961557,1.0078207787404634
es,501.87762406277056,1.0046132018713707
σ,1058.3925016921642,1.0021657158180692
