label,ess,rhat
Overall,608.3315044720797,1.0063273261842802
as,562.9549316047905,1.0050154066716415
bs,683.0366056862998,1.0073080338316958
σs,502.7488024231296,1.0075196888990834
ws,579.5532905911422,1.0069515390486456
ps,610.8119566638065,1.0057421405123523
es,506.3484268627899,1.0095948099531624
σ,1093.144469277013,1.0075166317442492
