label,ess,rhat
Overall,580.3683906904963,1.0072487180004914
as,450.9034095007353,1.0090970370003234
bs,747.2548295087664,1.005229392509917
σs,445.65114322786286,1.0078643413671644
ws,494.4754776929481,1.005423659918956
ps,611.7846738084301,1.0080969921501284
es,493.23576762993196,1.0111809939659129
σ,968.5252317159236,0.9992297351575109
