label,ess,rhat
Overall,513.0534184475927,1.0059569199910987
as,381.64655337563113,1.005420061850444
bs,654.6449970278368,1.0055021995528692
σs,476.3884498177748,1.009526602875083
ws,436.5472718895587,1.0076580017531533
ps,534.4585086900453,1.005217204468533
es,395.1273785942707,1.0066777797065538
σ,1110.446910546873,1.0033348230022463
