param,value
Exponential mean,2.542105263157895
Cauchy mean,0.4052631578947368
