label,ess,rhat
Overall,636.7508308908291,1.0047977822283418
as,557.6602054382515,1.0049978323414952
bs,766.4379469336823,1.003129342245669
σs,454.6034647658371,1.010083985758611
ws,538.8368022041949,1.005724010945215
ps,673.8653735962023,1.004722349305609
es,590.9351351836763,1.0023797773557597
σ,938.3724562050397,1.0004803033620797
