label,ess,rhat
Overall,478.77364385433026,1.0069612940368318
as,423.2167432455314,1.0082309507434117
bs,538.7041297972095,1.0054869183571913
σs,463.02873665164054,1.0076982823398501
ws,440.0462732916953,1.0047371897754895
ps,471.85761066666726,1.0078489150088112
es,458.5040984481958,1.0078080879517781
σ,1163.8580442974517,1.008878812071577
