label,ess,rhat
Overall,598.0159091587676,1.0055001094077864
as,518.2001670832143,1.0030614248341267
bs,713.6930856938941,1.0062368601274092
σs,468.9147451043036,1.011627071282319
ws,540.8093958673829,1.0105024807874867
ps,604.7003699817403,1.0033102546365007
es,584.7652002825428,1.0034047931629613
σ,1137.1995050105384,1.00659850939446
