param,value
Exponential mean,2.6666666666666665
Cauchy mean,17.833333333333332
