label,ess,rhat
Overall,503.8101425984657,1.0060775126607713
as,465.89126272425125,1.00575335722102
bs,556.619322926041,1.0057294476577914
σs,450.20506096636564,1.0084975062546049
ws,494.0161703087603,1.0071043459182476
ps,494.4531285386629,1.0057618823097916
es,461.7080600981833,1.0051941745031199
σ,948.8243406303661,1.0037285790118433
