label,ess,rhat
Overall,618.7295364330321,1.0036745581055346
as,544.1456812506025,1.001658082999774
bs,735.3916583556493,1.004225109068103
σs,467.2477761683564,1.008951885021028
ws,631.8124288959438,1.0041917918563652
ps,605.9713212281624,1.0033116080319053
es,539.2393107445789,1.0023662088250955
σ,952.4288735816056,1.0095211535708164
