label,ess,rhat
Overall,666.3129402927266,1.004554194550791
as,545.944973749408,1.0056028578936909
bs,826.9962432304844,1.0027616272979147
σs,521.1777292727456,1.0072322486267078
ws,561.975916582912,1.0080480116128152
ps,703.7538787950507,1.0030979160859597
es,594.2034033161655,1.0043335753307399
σ,1089.1118977031979,1.0009328683322243
