label,ess,rhat
Overall,456.7794677660471,1.0045776887361528
as,420.0026185185783,1.0047678460464131
bs,505.4836343427497,1.0037364604357732
σs,413.8411253808064,1.0069215443005828
ws,383.9963864854756,1.0037908487592475
ps,482.03503991457507,1.00501125735286
es,382.10509589796595,1.003083967644565
σ,822.8803110073462,1.0057344266078072
