label,ess,rhat
Overall,604.4133588626908,1.0048704969280329
as,523.2706373038963,1.003428982742551
bs,726.2841494852897,1.0039854459548183
σs,457.7923102329945,1.013246131499339
ws,531.8271147989304,1.009444037662931
ps,625.504623526371,1.003080878691379
es,542.8895135827369,1.001776455401473
σ,1050.1230969320334,1.0027061653153837
