label,ess,rhat
Overall,1124.406686964505,1.0042478688197425
as,965.6903184709108,1.003954347411627
bs,1373.9778463208843,1.0043482835401494
σs,597.4488999603484,1.0053678876084529
ws,606.821762708853,1.0060792954326543
ps,1227.756533501666,1.0040369657032433
es,1715.590515105538,1.0004072286823722
σ,1192.265487966529,1.0000753793315078
