label,ess,rhat
Overall,771.1990643872866,1.0036422664493767
as,557.1195087520853,1.0029549897760723
bs,1019.2807383684126,1.004279312106702
σs,573.9867779809271,1.003933606342056
ws,479.01396681029655,1.0039863225917012
ps,826.5951666723072,1.0036563927858775
es,1084.1802408884184,1.0036373844656232
σ,992.444972627929,0.998845292556943
