label,ess,rhat
Overall,908.6219567635045,1.0029904647605372
as,672.3613157581151,1.001984057856854
bs,1189.8700143466551,1.0039472741274902
σs,647.6949406124884,1.003278130473573
ws,688.1717966190184,1.0045969885177168
ps,947.4845724309445,1.0025556583703223
es,1291.2711666858092,1.0032949577546149
σ,923.3199066156023,1.0039739004165569
