label,ess,rhat
Overall,456.3678777389364,1.0086037600069635
as,339.4100352203737,1.011611681579512
bs,580.750833226299,1.0057730072445246
σs,429.6374710512574,1.007965952290568
ws,426.4251382623639,1.0071032707234127
ps,450.34742079413144,1.0095004773395688
es,449.96070868916377,1.0071757055236001
σ,985.0269701222841,1.006151089728553
