label,ess,rhat
Overall,635.275052474077,1.0047975744488533
as,524.2309164801311,1.0046466939436824
bs,794.6181353671308,1.0045470369033136
σs,461.39884363728805,1.0062426794314103
ws,570.8256787490175,1.0054769407180009
ps,659.2136247336124,1.0043229899209842
es,541.9669195049289,1.00819005218329
σ,972.8809243651621,1.0021994214748027
