label,ess,rhat
Overall,653.1785638710866,1.0053471363673436
as,620.6688623848229,1.0054648979336238
bs,731.240471720433,1.0055950691063202
σs,489.19062096398864,1.0040306368684189
ws,609.3981077117224,1.006141231390543
ps,671.4116015599456,1.004806741261691
es,559.7011087635193,1.008137746239362
σ,891.4399680882589,1.0042870490918845
