label,ess,rhat
Overall,486.3554069994623,1.007387489393385
as,388.47256684965606,1.0080625854974226
bs,604.7815920799375,1.004230073481998
σs,412.3993652490537,1.0163238406998434
ws,356.16512170182006,1.0108081241976943
ps,529.9478603490858,1.006105155632133
es,409.57839102251376,1.0045282014903025
σ,1068.7890754348555,1.0053991253403856
