label,ess,rhat
Overall,535.8633899247112,1.0056576967942366
as,444.02099039060107,1.0054403250599722
bs,656.351069750921,1.0051499827425632
σs,432.7403808731533,1.008268005623614
ws,464.922297966597,1.0066050375791489
ps,555.3103378722666,1.0053297430274117
es,493.2680754899484,1.007594370505117
σ,966.7264756551732,0.9989430578909778
