label,ess,rhat
Overall,625.21099045867,1.0074225473353136
as,529.3893640260586,1.009039690382155
bs,757.9693073134545,1.0051315854231986
σs,492.238904938847,1.0098482952502967
ws,554.2169646372253,1.0067754556124933
ps,639.6524477178427,1.0079818664038571
es,577.2496214208186,1.007890850401116
σ,1197.584149653221,0.9997087460954106
