label,ess,rhat
Overall,486.49566297272605,1.0079844664841606
as,440.1572089667036,1.008704870381682
bs,535.0725050488737,1.006817349411595
σs,478.43746592027645,1.0095926339143197
ws,376.91603862608736,1.0073712756126485
ps,522.9244433782483,1.0082775935155164
es,395.52458133712923,1.011413040011945
σ,1036.2450278600113,1.0008643070714842
