label,ess,rhat
Overall,606.6206526257781,1.0074887178386356
as,528.319604950396,1.0091601042797869
bs,726.3213013336473,1.0036823018597407
σs,457.58208890882486,1.0151748241745127
ws,547.4132119279799,1.0083250472821528
ps,625.9906624383704,1.0066839549155924
es,454.1185522918253,1.008634321704354
σ,1118.4938865398583,1.0160853927841071
