label,ess,rhat
Overall,596.088366862086,1.0074755829295179
as,524.4764256124583,1.0106202178932806
bs,700.4186954350303,1.004460169272452
σs,478.3021724981466,1.00701038622541
ws,545.7069027772253,1.0073005251012697
ps,615.2793280144747,1.0076352893786906
es,493.68925826060183,1.0096972542165132
σ,906.4991631212831,1.0009805666160199
