label,ess,rhat
Overall,468.6815672382437,1.0077559688772213
as,379.80509264683957,1.0092065797208691
bs,547.2820514264534,1.00630534691289
σs,505.67513268974307,1.0077560089116822
ws,422.3619604564704,1.0070570724803347
ps,467.8188446554949,1.0082575644181346
es,384.41046111238484,1.0094119534347148
σ,1215.4898480227093,0.9997892724611368
