label,ess,rhat
Overall,536.4899990117116,1.0074696831050198
as,455.6782463899538,1.0087399668609947
bs,628.1075580063888,1.0052943682406064
σs,473.8163220487797,1.0127188635339626
ws,426.68766938631256,1.009656499529662
ps,558.5801821045055,1.0070201478014595
es,434.53984168227294,1.0042696233652784
σ,997.689480721275,1.0092057000596937
