label,ess,rhat
Overall,812.9335248074349,1.0045144053406592
as,652.4203885798408,1.00578439457144
bs,1010.5739399197929,1.0031677892150221
σs,597.5953072758062,1.0049588413308246
ws,628.4424359802823,1.003679394801623
ps,856.1285465104544,1.004864392551996
es,681.2343869081536,1.0042079678622078
σ,1216.8638247868917,0.99834802062183
