label,ess,rhat
Overall,1074.8167903777105,1.004661350693451
as,731.0394699305539,1.0049114805754293
bs,1509.1623799176027,1.0038549780020969
σs,549.520829639845,1.0078875589878293
ws,672.8259568705917,1.0049849404162081
ps,1188.7074269791915,1.0047512397271232
es,785.1752661714809,0.9997615962467559
σ,1011.2392840045186,1.006263109297478
