label,ess,rhat
Overall,847.3192473285123,1.0030532569488848
as,704.6936885059756,1.0026414242510593
bs,1047.1986693683823,1.0033308453050833
σs,515.2468406679808,1.0038318741303223
ws,616.2854999324876,1.0029849673066378
ps,910.8032277706589,1.0031769511586413
es,689.2652708359485,1.0005227862104555
σ,888.6011078429036,1.0029963520643945
