label,ess,rhat
Overall,690.9297707701143,1.0040354510981133
as,616.5946798075997,1.0039230468536608
bs,829.7868071274665,1.003223626899308
σs,458.6507673486978,1.0073626734938412
ws,573.4650219450186,1.0049663808418001
ps,740.1370720307076,1.003818647784445
es,605.7006536394772,1.0038119331977926
σ,991.5751581571085,0.9989482161298909
