label,ess,rhat
Overall,542.7310237411441,1.006587417778997
as,492.9828726310915,1.0067336323815654
bs,602.3755957519076,1.0061236873482162
σs,507.1039084985858,1.0077304747605629
ws,457.2211702348591,1.0124061659625763
ps,572.6941219210053,1.0037252891954895
es,420.98191994443556,1.011038281215533
σ,1033.3069207335936,1.002276055874176
