label,ess,rhat
Overall,631.7625668130817,1.0064045413659275
as,580.3784009889047,1.0063446287163584
bs,729.7818104215114,1.005260770700807
σs,463.8762867897731,1.0107378012988086
ws,535.7225925022645,1.0111424231156194
ps,664.7855772138394,1.0046087714353094
es,585.2510745838402,1.003068182416873
σ,1018.6669725816757,1.002912696463809
