label,ess,rhat
Overall,905.3336509498314,1.0039524136271127
as,689.9409812213644,1.0032759958980877
bs,1189.004426197707,1.0038422605747028
σs,509.32063893725956,1.0085145241594338
ws,590.4946237150639,1.006957388378179
ps,990.76032526278,1.0031924405576411
es,641.1645785288995,1.004593542361034
σ,1111.2597555873683,1.0030891664810986
