label,ess,rhat
Overall,811.6222035166794,1.0050563371645762
as,557.9324339535993,1.0064561134982604
bs,1106.1813505797113,1.0033537864739854
σs,574.5798140169608,1.006812428434635
ws,589.8363802954985,1.0021156018645747
ps,873.6683694081445,1.0056474379656701
es,576.4456128006835,1.007825738156484
σ,965.189300812518,1.0064335203282495
