param,value
Exponential mean,4.833333333333333
Cauchy mean,11.333333333333334
