label,ess,rhat
Overall,550.3603799941412,1.0053992569296304
as,434.53380162904926,1.0049579770115882
bs,688.1941127607669,1.0038216261844024
σs,471.13462414861897,1.0126673353174014
ws,456.04133503380336,1.010691459669231
ps,579.0476534802107,1.0030428078093765
es,474.49545714653345,1.0060150792522946
σ,1088.0496545756025,1.0019288565357054
