label,ess,rhat
Overall,598.9209330522543,1.005894283261152
as,498.4131797209319,1.006474697293845
bs,718.0684522083669,1.004482321306278
σs,531.8177760830106,1.0088878557810053
ws,567.2676725914272,1.0059970259860382
ps,598.1180123991475,1.0060967625080826
es,504.56306371811775,1.0036718594710539
σ,1188.3517342312343,1.003841757722526
