label,ess,rhat
Overall,470.8632977970543,1.0061570917319915
as,374.9898406408733,1.0068261901694104
bs,572.5633764571285,1.0043202350752705
σs,449.88746038303924,1.0103610213214789
ws,361.1805063463467,1.0067520512858052
ps,511.16757747761517,1.0056655841609294
es,338.31026314817194,1.0095248879074674
σ,1004.2515928087319,1.0050611815828916
