label,ess,rhat
Overall,605.2496119157232,1.0069701043291361
as,498.7843137937308,1.0084312839487848
bs,769.412925184642,1.0037063573862552
σs,397.5367573867878,1.0134593466927722
ws,459.0498471769586,1.009933690452656
ps,662.9493756454777,1.0057211678297542
es,597.2989307174713,1.0046569764082922
σ,875.3542942037792,1.0085056756725188
