label,ess,rhat
Overall,519.2901772742285,1.0092353992428682
as,421.58404027819336,1.0101761088952403
bs,634.6616585633415,1.0073795544264783
σs,455.694937819149,1.0125298858333303
ws,477.22612659214184,1.0091247155413372
ps,523.65435353687,1.0090014507815837
es,477.49192750182,1.014763240613439
σ,994.1867021754143,1.0055905809134944
