label,ess,rhat
Overall,658.1831443230586,1.0046625566761545
as,582.2783433947444,1.0030033145755166
bs,786.7570475754679,1.0041805832707003
σs,468.574375956316,1.012370932498085
ws,585.6389678829133,1.0075182273857712
ps,681.7808450601751,1.0033111724429906
es,568.7378316138747,1.0037261764689245
σ,1094.0636678581418,1.00740325863747
