label,ess,rhat
Overall,684.9692822462506,1.0035811599262847
as,605.6168980910975,1.0024255750559545
bs,808.3597278500191,1.0033096690104355
σs,526.4322610312361,1.0087186327565314
ws,531.4196236267393,1.0056457227865954
ps,752.0211483820002,1.0028011790181834
es,568.647111401627,1.002506227397454
σ,1016.8610078401462,1.0012357742708533
