label,ess,rhat
Overall,15.495831424751245,1.7701181199299592
as,8.16408967387205,1.9275803522073194
bs,24.081112938357265,1.6067749092420154
σs,10.983088278934662,1.7912896422080586
ws,10.754216113127711,1.5834623873040057
ps,18.84519139655457,1.759922646004938
es,4.672180601740239,3.107261102252982
σ,6.959157543369164,1.6007832688459065
