label,ess,rhat
Overall,159.2757874379215,1.0998802097796685
as,103.24035543880314,1.0497954966173724
bs,196.27173734227418,1.138582513021653
σs,227.81792297907768,1.140856885492791
ws,100.9611787758584,1.2081657425221617
ps,173.79413747178475,1.0359498503061468
es,28.284082083916154,1.331328623936138
σ,743.5574012102439,0.9997463348683845
