label,ess,rhat
Overall,28.528974465451434,1.4240126604835726
as,46.885692366662546,1.4189335812303852
bs,16.004411837909366,1.396115791983332
σs,7.533215480242868,1.542726072395911
ws,30.979861056501388,1.3765731102040804
ps,29.907650102353614,1.4191617826297467
es,6.686502286426677,1.68478317089514
σ,6.957713171444788,1.5978690672138114
