label,ess,rhat
Overall,9.163486686810167,1.9102278531559231
as,6.885805780967755,2.0388703038215
bs,11.439912561342267,1.844791148096493
σs,9.168004799527305,1.6826871689737921
ws,16.25215476737026,1.3317522310753667
ps,5.917714010564483,2.134992371491097
es,4.77185866359343,2.834257146564106
σ,17.27281534891033,1.1599992545916953
