label,ess,rhat
Overall,805.2236075735179,1.0029407591544044
as,656.2730803323789,1.0031785721183568
bs,993.9478867458223,1.0028749937464518
σs,574.5358463727623,1.0019428833296053
ws,541.1160514572867,1.002448327984987
ps,873.5500664634552,1.0030791858352568
es,623.84163550593,1.0038236860355059
σ,1057.608198386479,1.0004395987442813
