label,ess,rhat
Overall,966.1252926265913,1.0049284528739448
as,659.1265471895074,1.003723936256918
bs,1345.216667886155,1.005138095416015
σs,547.9880396562081,1.0106987225086927
ws,637.8727568419259,1.0069480332666665
ps,1064.7476132557965,1.0043579682092496
es,550.885617607584,1.006184428201749
σ,1001.7636818787328,1.0055648014110374
