label,ess,rhat
Overall,786.4500717463853,1.0049694226701296
as,664.0190652391894,1.0048474917687535
bs,960.1438486306402,1.0046470188434347
σs,489.12600355944534,1.007546564092939
ws,541.3875929837944,1.0062452531885542
ps,853.0366172069861,1.0048106631077938
es,547.7150747588707,1.0044766633585407
σ,1008.5156287636736,0.998265434064327
