param,value
Exponential mean,4.833333333333333
Cauchy mean,2.6666666666666665
