label,ess,rhat
Overall,537.1187262143015,1.0073896763256243
as,477.5179898190644,1.005713494639101
bs,625.4817156374734,1.007458142864506
σs,433.5746153137361,1.0131774508571338
ws,444.5906704516189,1.0107265127570113
ps,570.7447848906285,1.0059221025952516
es,465.3451257753839,1.0101998816245645
σ,916.7250706598275,0.9998841455407872
