label,ess,rhat
Overall,652.8184862522497,1.0039939863233422
as,615.9077509519238,1.0033156322718504
bs,737.0479808549248,1.0041949263701095
σs,482.47095276379315,1.0057126767403506
ws,596.9205284923353,1.0055516252808463
ps,665.5923593209002,1.0033920005504935
es,643.298023049048,1.0041981690926607
σ,1010.5142059927197,1.0005455833887216
