label,ess,rhat
Overall,505.2631375175975,1.0053215069483288
as,413.4964072763247,1.0071906111711528
bs,609.79552540546,1.0032309887388071
σs,459.30676998987417,1.0061185973004398
ws,450.1622150305586,1.0065322460868815
ps,512.042975180895,1.004784621039001
es,452.27343093081396,1.0067135466349233
σ,1096.1778412898893,1.0019675915550288
