label,ess,rhat
Overall,722.5068044885647,1.0052557461339384
as,710.8587259083109,1.0047761375461641
bs,818.9058950340454,1.0036551787229258
σs,417.40316141374876,1.0127443797295743
ws,599.0931032134359,1.0069595538887144
ps,769.3181133232065,1.0046288451185181
es,759.6362194544454,1.0039231687104948
σ,912.1183601576619,1.0037746343244538
