label,ess,rhat
Overall,492.4104993491011,1.007196051191127
as,428.2172926466878,1.010543589838042
bs,550.548557700594,1.0035769413938898
σs,514.209033412415,1.0081737073322887
ws,429.65839418671845,1.0063858446728249
ps,498.2316602675653,1.0076712324163157
es,503.7992723137693,1.0034481908647699
σ,1071.308031488289,1.012059538208563
