label,ess,rhat
Overall,631.156600192225,1.0045964972213444
as,606.2477422131739,1.0049191992064472
bs,697.8288239695636,1.0029823952192587
σs,480.80848331838996,1.0092455372824838
ws,522.553696418217,1.006475168880465
ps,670.6488464796751,1.0037944444798783
es,623.8478069776936,1.0008717882748694
σ,922.2106284356805,1.0103552264829805
