label,ess,rhat
Overall,474.85436031093155,1.006561813267141
as,332.0928449969422,1.0065718092938247
bs,622.3832030978361,1.0062954173776406
σs,447.20386096802315,1.0080489324714752
ws,336.3843310032876,1.0092062046987067
ps,502.1336160412343,1.0058901100467252
es,405.15296423834627,1.0067005426369298
σ,966.4932290932992,1.0067934119287154
