label,ess,rhat
Overall,1007.3482554905796,1.0039339223865982
as,651.1096786400092,1.00253210331646
bs,1441.681643800001,1.0044866487102098
σs,554.3983490292428,1.0088586603164538
ws,619.9400390805449,1.0066677761894656
ps,1116.4901581423003,1.0031911311306205
es,642.8654481477258,1.0048511337850177
σ,1146.4011398141017,1.0049472342422625
