label,ess,rhat
Overall,690.3823726250711,1.005851055125215
as,481.02896725603875,1.0078536506832296
bs,936.6390977417855,1.0033405301802865
σs,476.3431180885147,1.0087970455693196
ws,490.94468734600486,1.0094339139348174
ps,742.8714800372294,1.0048981491327575
es,499.8318002697697,1.0044347153380508
σ,945.2585849008628,1.011428916622287
