label,ess,rhat
Overall,5.095308156607692,2.7304951931276
as,5.094055405615919,2.6694983728026944
bs,5.099086823967989,2.72783844957937
σs,5.086214857681004,2.9596480230708915
ws,5.019053772772406,2.7725721939104466
ps,5.137076266116224,2.684482819456366
es,4.964584769516669,3.067906709243605
σ,5.1858366895913255,2.7470698669535096
