label,ess,rhat
Overall,15.542766212142396,1.5178044361190972
as,16.206437310625617,1.450274363542193
bs,17.325242717597444,1.5020669847378454
σs,6.736634837964637,1.8175675223684569
ws,14.615513740701743,1.5564236139905792
ps,16.99356236635973,1.4446815622252984
es,6.233035990200673,2.232252128091987
σ,7.568556303663093,1.5266736389542992
