label,ess,rhat
Overall,38.38481332004893,1.6517175521667755
as,51.98003572689621,1.6557215929663207
bs,10.071896502793125,1.6152404373168974
σs,91.3685131975196,1.768620618747971
ws,6.90885112068658,1.8844329552273447
ps,41.32530023994797,1.4735252885372543
es,4.7617534297822175,2.8694886988992874
σ,406.8898195755556,1.0565892763424605
