label,ess,rhat
Overall,967.829179462165,1.0050809804222676
as,699.5548863563503,1.0058253954092204
bs,1265.3568344387631,1.004925249590511
σs,798.1596806116222,1.0016666123221292
ws,754.5590572457528,1.006816302644731
ps,1007.2633724907432,1.0048839030391228
es,1283.2752687527336,1.001110195647473
σ,1003.3372021062212,1.0016583976932585
