param,value
Exponential mean,1.4736842105263157
Cauchy mean,0.5578947368421052
