label,ess,rhat
Overall,487.00210108635514,1.006565353087371
as,369.62524490181505,1.0079283765169693
bs,623.2817800845866,1.0048090352673595
σs,418.9519389570658,1.0079812128928614
ws,415.2501589355816,1.0052531895456325
ps,509.5599667140343,1.0072572620495284
es,443.2533764327043,1.0089719590411925
σ,849.0183498832747,0.9995084706645043
