label,ess,rhat
Overall,631.861510624221,1.0043552215188865
as,497.88860280237674,1.0044570052317798
bs,805.7308651736273,1.0038782145307161
σs,488.23430240499727,1.0057060253098833
ws,553.6017337052648,1.003481847839217
ps,669.1198962608729,1.0047307514020625
es,434.10071707258567,1.0060458851144853
σ,997.7823942020148,1.0016906015211444
