label,ess,rhat
Overall,474.48856115177796,1.0059679119177316
as,387.7986309643519,1.0054639532103744
bs,557.7980135483172,1.0057088646578711
σs,486.6582811989709,1.0087147333997162
ws,400.7497205771024,1.0065719312735453
ps,497.3437748511265,1.005723898875817
es,350.0146783292629,1.0082630868044093
σ,1014.0668575098515,1.0004736689643867
