label,ess,rhat
Overall,605.2411330959977,1.0048545076913027
as,580.4290702997927,1.0043545053099356
bs,677.6488970967093,1.0033187638004484
σs,433.8966087597736,1.0121831942712998
ws,562.9813990106246,1.0064561135010661
ps,616.1968857654877,1.0043757152498343
es,571.5499130601074,1.002313174943144
σ,894.8908127855162,1.00316650694864
