label,ess,rhat
Overall,407.83814645023244,1.0119188434880686
as,389.0497469767922,1.0090670807838298
bs,419.35090001671387,1.0140068282201706
σs,434.03047171528453,1.0146684441877618
ws,358.93594171901833,1.0078841231972497
ps,410.45909070857607,1.014056321962617
es,338.2407991013606,1.0111869431118703
σ,1065.7147472056106,1.0062248473920377
