label,ess,rhat
Overall,951.1555915331785,1.0034038431359054
as,723.039720056585,1.0030087047510292
bs,1231.0540178967904,1.0041134200179485
σs,650.816773188473,1.0015800998523372
ws,785.6151273441513,1.0041850969190664
ps,983.4041471290424,1.0029985475146772
es,1184.250784857562,1.0097708486538264
σ,923.5201065512744,1.0007489765210742
