label,ess,rhat
Overall,1088.2391719804277,1.0047341896532707
as,891.8735844905457,1.0035788636209164
bs,1354.2308906832059,1.0059616906210311
σs,684.4076109456315,1.0043155750279165
ws,722.7933617198341,1.004184577121308
ps,1179.544058661649,1.0048282235128088
es,1158.8825392989347,1.0072944155917893
σ,949.6675997719285,1.0016954629019585
