label,ess,rhat
Overall,1191.0393305384812,1.0048180771962198
as,1029.9748642078052,1.0038119441201168
bs,1455.1357163295188,1.0056057752220617
σs,593.4541976683847,1.006085000487736
ws,580.9026670761133,1.0060662316927809
ps,1333.0991087555046,1.0047746791366348
es,1516.8398605856914,1.0009820679795567
σ,1042.208877575357,0.9995953485309034
