param,value
Exponential mean,1.931578947368421
Cauchy mean,0.8631578947368421
