label,ess,rhat
Overall,601.8259949515367,1.0067034337589758
as,488.74598937711716,1.0114158860709448
bs,752.1982163961328,1.002075953177039
σs,467.5740178189006,1.0063975355308599
ws,532.6114236634637,1.0052417126115178
ps,630.721061736994,1.0075989755422818
es,472.36273634109887,1.006883924841649
σ,940.0556312073952,1.0005990189971727
