label,ess,rhat
Overall,515.3517638880295,1.0049460471949343
as,477.13808431943227,1.0045937493010675
bs,576.3342204659115,1.0032708200215785
σs,433.3841666546042,1.012245137436936
ws,488.6119601441269,1.0080739541384478
ps,520.053792235019,1.0035369198790773
es,435.3654376412665,1.0043389382620922
σ,873.9493242866605,1.005262691950739
