label,ess,rhat
Overall,467.150333313233,1.0064181718207281
as,371.1615505828497,1.0084654806756181
bs,562.5202099466048,1.0036110565982788
σs,469.37839526247456,1.0091534747439415
ws,436.1987341448339,1.005858093582621
ps,464.54565316269844,1.006744885577206
es,409.28432984852566,1.0037145408895025
σ,1022.0232141773366,1.0100518148720408
