label,ess,rhat
Overall,640.6271931021698,1.0062695475467105
as,590.8688950173831,1.0050975008011689
bs,736.3372642265304,1.006626038749181
σs,475.2008101597048,1.009205547501768
ws,569.9359635229852,1.0055389563881725
ps,659.8775534191057,1.006373972964585
es,612.0726925572785,1.0087540548367158
σ,1045.5215809018425,1.0073525660044254
