label,ess,rhat
Overall,625.1787360753399,1.0053432455166194
as,576.0919412462982,1.004965791332603
bs,715.2418954138502,1.0049732762193413
σs,477.66382384125274,1.0080339700492793
ws,535.921632288828,1.0056189278125405
ps,653.1469709410648,1.0055267637412078
es,562.3612744463712,1.0044239950249465
σ,1094.7247982625727,0.9991020851096152
