label,ess,rhat
Overall,472.63517110242077,1.007982910746036
as,430.88835830525346,1.0070921731979758
bs,524.893323751679,1.0092097575063275
σs,434.7943476348937,1.0067729175820044
ws,370.4939568898631,1.009351642928956
ps,506.2973542371979,1.0069720110869171
es,370.7473330883246,1.0155484825576555
σ,1026.8886561770996,1.0027103720648536
