label,ess,rhat
Overall,614.1295711944417,1.003740264202428
as,521.4627091325219,1.0005105948196569
bs,745.3837001081286,1.00522159802279
σs,475.2154105280787,1.0100342722270998
ws,593.0417016632217,1.0047100032667715
ps,614.1388439947159,1.0032229238843273
es,529.391956776295,1.0030101802943259
σ,1036.418141598238,1.0070144115171222
