label,ess,rhat
Overall,661.9353852133183,1.0050411617097426
as,593.5679964623912,1.0048593467230447
bs,784.2580036020414,1.0041363686786242
σs,467.6965585172531,1.008952950573885
ws,581.6127906070659,1.0067933406819034
ps,692.626374895936,1.0043560989199702
es,587.5936060453369,1.0021824073806462
σ,976.5243470762546,1.0075441552361075
