label,ess,rhat
Overall,481.9892031695673,1.0076766407225577
as,416.98431951541556,1.010488057513948
bs,562.1553956448242,1.0051028425346127
σs,427.40849141358905,1.0068212137501544
ws,436.55491347281674,1.0066680876355842
ps,493.2978165634104,1.0084512423281646
es,412.87907445177547,1.006984826180529
σ,871.3969887262364,1.001023265104515
