label,ess,rhat
Overall,533.978294962474,1.0072236377301862
as,438.75905492934413,1.0103829033659986
bs,642.1839145497636,1.0036917550859032
σs,458.6572935483479,1.0093848163793147
ws,361.1789030647996,1.0094601984695575
ps,572.4076650484662,1.0067654274500202
es,411.53743913745717,1.0076232608431974
σ,1007.8429452569768,1.0015797560796769
