label,ess,rhat
Overall,915.8532730710664,1.0052219950431425
as,659.296391827849,1.006023278886234
bs,1239.2377937078795,1.0038720803780536
σs,528.2529645882129,1.008404053810727
ws,570.9426428677954,1.005815618891959
ps,1014.5734056056029,1.005067709068083
es,577.0189710257594,1.0037527854850934
σ,993.8830779431828,1.008442654776299
