label,ess,rhat
Overall,784.4818057200586,1.0050265092591386
as,537.6396075667083,1.0061509962591813
bs,1073.7736061889816,1.003140897597024
σs,538.2741122897339,1.0094410322991547
ws,568.1429731100083,1.0036133022790144
ps,843.0048404550133,1.0055368751970875
es,539.2003748580512,1.0014804099970858
σ,1062.0049914868457,1.0045796265231843
