label,ess,rhat
Overall,725.5404195513653,1.0065074910669727
as,520.9446563651447,1.0053270233913514
bs,975.7860505697631,1.006980260820969
σs,460.7711861247338,1.0106121390123946
ws,506.61905227633537,1.0064414021321528
ps,782.3134584370441,1.0062981697005038
es,489.07599704002473,1.013426337999614
σ,1100.4198053618193,1.003510290010038
