label,ess,rhat
Overall,598.5698316551524,1.006038781306107
as,507.35504813804516,1.0051898615980397
bs,731.5541348470953,1.0043008058709237
σs,448.19956082574356,1.0153516038218087
ws,519.1078287719677,1.0106832351864772
ps,621.4457031114258,1.0040389672073813
es,510.61400550900277,1.0061841138373362
σ,1133.2528606825551,1.0020098362460819
