label,ess,rhat
Overall,613.5064229485205,1.0063368025640005
as,532.3492650001621,1.0082615546522504
bs,745.1060063191685,1.0033973159916778
σs,431.9136914282779,1.0099898467066624
ws,534.150017276833,1.0084504725676577
ps,644.4226219631225,1.0052651435817757
es,606.2622881467374,1.0068332338494632
σ,776.4503862326836,1.0078430334870272
