label,ess,rhat
Overall,438.8439766804349,1.0086478137791195
as,338.2269058218433,1.0117939965669716
bs,532.6007084284655,1.0056490368620368
σs,463.5411974784548,1.0081171526443473
ws,384.68838743389347,1.0055828973372367
ps,445.8838968433643,1.0098720876101956
es,362.35306044705374,1.0137606488456206
σ,1058.6549558695306,1.0033700213407186
