label,ess,rhat
Overall,958.2161609757196,1.0053399002138332
as,623.9292847518466,1.0063345907172123
bs,1360.3036466204771,1.0040055083392798
σs,564.9726263345901,1.0073101681666436
ws,633.828815901705,1.0055458504849741
ps,1047.5981393734978,1.0054829887932772
es,734.5907504409566,1.0023678556610558
σ,1007.7801598400799,1.0019443342523957
