label,ess,rhat
Overall,746.6752820233722,1.0042985669860323
as,531.8348854383119,1.003712069168848
bs,1007.014933397378,1.0049022158866434
σs,482.77960424748983,1.0041990907021532
ws,550.5519025323707,1.003691928683961
ps,802.1115253329946,1.0045998539194805
es,505.94364257219127,1.0041167609314536
σ,920.6794359558846,0.997480065914534
