param,value
Exponential mean,0.5578947368421052
Cauchy mean,2.8473684210526318
