label,ess,rhat
Overall,473.5189219343847,1.0040835961752494
as,411.71186368162034,1.005399599581792
bs,533.6426756033383,1.0021719400127678
σs,479.5788184361042,1.0062279460966317
ws,446.2047920539033,1.0049694109416138
ps,472.0125325740858,1.0035431240623296
es,416.88330545450196,1.006341914032796
σ,953.7258368276977,1.00298945819971
