label,ess,rhat
Overall,665.3270632867677,1.0046421685754943
as,592.1876019782186,1.0050916363707738
bs,785.6445615757516,1.0039771938885151
σs,495.4861301572024,1.0054179933856138
ws,555.2933266668856,1.0071067774263673
ps,707.3970735990513,1.0035094962373519
es,611.3405796481793,1.003760871050308
σ,999.8846018831575,1.0062789382071051
