label,ess,rhat
Overall,632.629503640437,1.0047951087787506
as,553.596082886985,1.0048497055631456
bs,765.6778645904085,1.0041563736380388
σs,438.1757189329661,1.0068980068614901
ws,576.3178375645385,1.006542565509468
ps,650.6465887721616,1.0042372115828289
es,572.9708663128592,1.0041496047794876
σ,959.242557781531,0.9996219631026305
