label,ess,rhat
Overall,501.7694891148507,1.0045838912436886
as,447.2187249870515,1.0039323353537521
bs,574.7958828653741,1.0050866312891986
σs,435.2572224730455,1.0051196282836234
ws,434.8043451224862,1.0085056716444456
ps,520.8688302640222,1.0029539719750884
es,431.27745480796074,1.0045590504673854
σ,949.7524157585592,0.9999501089708126
