label,ess,rhat
Overall,739.9528992050906,1.0046925253097216
as,638.1665565617307,1.0054000342352143
bs,878.4683085986859,1.0035970773495626
σs,526.9243120537246,1.0069425717107872
ws,557.7084990040951,1.0063757223999918
ps,786.3852967478498,1.0042145030342
es,563.9429741671553,1.0077148103495872
σ,1050.1504696404681,1.0013946593717875
