label,ess,rhat
Overall,1064.228359891938,1.0032584384335417
as,734.034787325422,1.0005708365677741
bs,1484.0425978285646,1.0051668419453548
σs,544.4285007453028,1.0077777888864787
ws,664.6867213997357,1.0029262397020675
ps,1179.962037377994,1.0031758739217385
es,782.9096299113454,1.0017574681062713
σ,866.1489624288862,1.0142098604323504
