label,ess,rhat
Overall,500.21278376302865,1.0067199050215134
as,423.5504158616986,1.007823931911079
bs,583.7638548993078,1.0058960887925854
σs,460.2583050003248,1.0050946831898155
ws,343.81385514678186,1.0082852394610715
ps,532.0490093620386,1.0063720067418889
es,384.1130255085301,1.0072450389171532
σ,1081.06061491451,1.0035847413775123
