label,ess,rhat
Overall,678.6468473837589,1.0052536876674405
as,634.0929230828517,1.004399620386578
bs,780.5531038687606,1.0040139622569528
σs,472.1784515210176,1.0127913413563012
ws,582.8530243394522,1.0094999009476326
ps,708.5630714781836,1.0037359122262237
es,652.4263922427203,1.0014838745873207
σ,1102.7918077424729,1.0013009159370132
