label,ess,rhat
Overall,541.986658519065,1.0037912286687476
as,459.00170647301377,1.0029710883603362
bs,637.9133561071102,1.0041728836287644
σs,495.3963745678874,1.0053697759229698
ws,493.9348418782278,1.0028972289471436
ps,555.2578729838505,1.0041608823028592
es,445.3682339056633,1.003134643503751
σ,966.793731351493,1.0062214011711028
