label,ess,rhat
Overall,562.0450972909792,1.0046930548200028
as,540.5220278132222,1.003904913149641
bs,614.0176218880698,1.00431052885523
σs,452.42705886137935,1.0089074583064883
ws,494.5421073420007,1.0056690446968468
ps,578.2334497604514,1.0044599381995183
es,501.9346087761431,1.0042452798887518
σ,1071.4047895021222,0.9999377582929819
