label,ess,rhat
Overall,105.92664377633719,1.1613030725828757
as,113.0710535144985,1.0288627802108865
bs,63.094175688824265,1.3034176611795698
σs,234.40365383400314,1.1264756061739418
ws,100.14534841187195,1.0371462035816352
ps,81.77218176314972,1.211774018468206
es,45.89772746091752,1.329545566764709
σ,923.3760331236348,1.0024559192155202
