label,ess,rhat
Overall,175.3536324115376,1.3397409652409
as,190.13176542239404,1.3659404091842395
bs,206.1922832208775,1.2991772749013997
σs,11.13321065883102,1.3914522522670776
ws,170.25725834894374,1.445958564632433
ps,196.53737819102287,1.290340442934887
es,11.70616117005496,1.4018020974843497
σ,13.027673379013033,1.225421088011935
