label,ess,rhat
Overall,152.45749704172613,1.0998695124999738
as,205.88817177153234,1.0211255840244375
bs,68.34470331575238,1.1686797075465831
σs,262.9131254279292,1.1356309528441104
ws,99.87641224950907,1.2194247601455732
ps,147.8347519905354,1.0315621437314775
es,129.19053565508977,1.3153802169946696
σ,950.1558086525616,1.0101767197442915
