label,ess,rhat
Overall,949.5441138770046,1.003778948209042
as,651.4545810262957,1.001187706174365
bs,1314.5306588182293,1.0059321019301466
σs,561.5414437520138,1.0063198604277628
ws,628.4427106906658,1.0045068043677077
ps,1038.1195081892454,1.0037927548604457
es,657.1449358566861,1.0014270060337926
σ,1135.940381166162,0.9990858393881639
