label,ess,rhat
Overall,492.8857836866258,1.0056481660552792
as,385.5814754352809,1.006103014131993
bs,605.6917292184912,1.0051826184234391
σs,460.9762874596066,1.0057102234750115
ws,324.01877692948824,1.0095839158155078
ps,532.6979242548817,1.0046187866748588
es,316.2199033470513,1.0086967734155186
σ,961.6388781751372,1.0017321644722377
