label,ess,rhat
Overall,1048.8904402709677,1.00446747787713
as,894.3474503282837,1.0043355336346897
bs,1283.7081532710697,1.0039582835806962
σs,583.297046537946,1.0081860814026018
ws,631.769554430804,1.004603187731098
ps,1154.8185173616353,1.0039772943932304
es,1028.9562334709144,1.008580921210527
σ,1009.6617836010151,1.0181408801899006
