label,ess,rhat
Overall,1112.2117445426095,1.0035948051642978
as,885.5880325010223,1.0042674226777324
bs,1423.4008810103533,1.002504068925016
σs,621.7322828708969,1.0060198937742109
ws,621.908905575395,1.0053806712442612
ps,1209.0869596282046,1.003089841235
es,1719.8205786230346,1.0040281961849735
σ,1130.6178198797825,1.0055358987696565
