label,ess,rhat
Overall,620.829752119775,1.005383323707464
as,522.9214843630656,1.0070028786879852
bs,733.269692014441,1.0036774342412473
σs,536.5460537196277,1.0058840637244988
ws,423.29078556720424,1.0068733375251269
ps,658.5436784258573,1.0049472744320296
es,661.8271774613827,1.006204532628632
σ,1099.0340373754673,1.006791105274031
