label,ess,rhat
Overall,945.8291441540222,1.0036937376627892
as,825.5759300986075,1.0025775599376576
bs,1129.4887211741504,1.0038394563121529
σs,578.0722389586861,1.009322400302249
ws,563.0138625653163,1.0061829649225085
ps,1048.762825989119,1.002932108341963
es,685.4890218849835,1.0048078814745147
σ,1119.4760396719169,1.0081529303223895
