label,ess,rhat
Overall,774.0710854622972,1.0045918459900594
as,590.1543601533996,1.0051990576281222
bs,1001.0962254804411,1.0033318325508112
σs,524.0422801486666,1.0083780964369347
ws,620.0091697009315,1.0050578142152051
ps,815.1807122898541,1.0043379807882935
es,601.7229680745761,1.0085433111812359
σ,994.2482216513984,1.0032828265907072
