label,ess,rhat
Overall,635.1229925389041,1.0057998570080047
as,498.9702254482064,1.0078934389856717
bs,800.0397843455092,1.003191201403825
σs,468.29164918664037,1.0087872840417806
ws,414.0421918825282,1.0085201406154276
ps,688.7650234428089,1.0051358914229371
es,484.88749342367396,1.0070575262607533
σ,1013.7461152584389,1.0025114632966758
