label,ess,rhat
Overall,934.3510864434589,1.003657880541309
as,769.9162705468125,1.0033918976112108
bs,1162.1358850518945,1.003493972302397
σs,566.9211867150818,1.0061512493215647
ws,616.1099707632197,1.0064018725850252
ps,1018.8655101677238,1.0030676510538823
es,846.9781955226547,1.0028468177864613
σ,871.2979176832309,1.0006831169228925
