label,ess,rhat
Overall,777.4483578643541,1.0030788571007918
as,647.8836133158932,1.0022288307541065
bs,944.3439095465986,1.003943220041117
σs,560.9296764884041,1.002995704857679
ws,573.519156926512,1.0025950442581513
ps,833.116626922089,1.0031070230374544
es,599.3925167860484,1.0047113358284334
σ,908.6335365037716,1.0042676887974014
