label,ess,rhat
Overall,518.1030625930508,1.0056927383254104
as,414.55350101586356,1.0063277400332962
bs,628.9876365433109,1.0046528882933399
σs,475.5599908292271,1.00804085860568
ws,386.2611738992147,1.01053044500921
ps,543.3800553078677,1.0045593545642775
es,402.2050143746712,1.0052381727632707
σ,1118.7061730446312,1.0029518097784627
