label,ess,rhat
Overall,949.0721122464465,1.0040988441322285
as,617.8736332386753,1.002259872864281
bs,1355.1548051873397,1.0057098969676215
σs,514.7436714343386,1.0054207710410474
ws,584.8487595325822,1.0068895024679743
ps,1058.7715771158025,1.0033527351092058
es,540.1160599547095,1.005051231807708
σ,872.0901356671968,1.004519401857414
