label,ess,rhat
Overall,813.9120390168944,1.0036991145874792
as,615.457983736698,1.003523558433529
bs,1070.3500045831086,1.0035848926340536
σs,477.60535935799015,1.005379827610263
ws,563.720182944218,1.0064734528086738
ps,879.3907777301824,1.003116096107123
es,608.6238372882821,1.0013546752843803
σ,1083.811257108391,1.003080821596437
