label,ess,rhat
Overall,502.63158747686674,1.0065556112820662
as,392.5844292487879,1.0073590837243032
bs,628.3695594355464,1.004810078823926
σs,411.6248678393822,1.012019559374305
ws,302.02508595605974,1.015568164359314
ps,548.9674199898442,1.0044338026683417
es,356.2625506206201,1.004702015496361
σ,978.5277188161314,1.0039589793852886
