label,ess,rhat
Overall,664.716622654076,1.0048962578269724
as,490.1276330724026,1.0053240994854475
bs,859.4900524535944,1.0039662317866243
σs,547.6468693905746,1.007808927241837
ws,535.9350489395009,1.0034875547525186
ps,700.8147696072443,1.0048490563631927
es,424.46596726543584,1.0105346977345697
σ,957.8857642541706,1.0127894851666648
