label,ess,rhat
Overall,1269.6615680989428,1.0037657366793356
as,887.2985953755793,1.0022125602753655
bs,1760.2396288002244,1.005113327900756
σs,642.0140578270144,1.004958130738124
ws,635.5443520126696,1.0044730091855107
ps,1437.030329364393,1.0036469344747116
es,1181.8666201782098,1.0015457156311633
σ,1020.9575162340425,1.0054210145235207
