label,ess,rhat
Overall,1164.244392817329,1.0035933943649515
as,936.9624169762831,1.0019545139411776
bs,1469.223944155821,1.0048980797735068
σs,713.5984549321397,1.0055317254532206
ws,742.1263794332029,1.0050463691631195
ps,1280.2232524325275,1.003222950065592
es,973.3389077569051,1.0037929557161023
σ,1044.4862620181461,1.003539900453901
