label,ess,rhat
Overall,1105.8869534750156,1.0034139857416617
as,803.3166724851516,1.0029304179378142
bs,1470.4326169069254,1.003702946311098
σs,746.4297353111472,1.0045427077012465
ws,821.3984635483785,1.0030350841283109
ps,1173.5628011808149,1.0035223805192508
es,1294.482008811065,1.002085841439143
σ,894.1180320441975,1.0054141443826272
