label,ess,rhat
Overall,937.1111714866399,1.0039249911420973
as,741.8327816058622,1.003944213266857
bs,1184.3747760755482,1.0035404253800615
σs,635.5969261794796,1.0060439842383009
ws,684.9751309462562,1.0045714787559834
ps,987.8834795391808,1.0038657869581231
es,1177.2599535314657,1.0033240828996919
σ,1045.3753073596295,1.0002107570910408
