label,ess,rhat
Overall,604.4585113385573,1.0073525972677513
as,560.6327473959169,1.0060481084492596
bs,695.9139491691416,1.0071181282502961
σs,432.99168534195894,1.0128928454771609
ws,506.54140282514504,1.0078081323107564
ps,638.9339417933804,1.0076630563410438
es,579.7376834344324,1.0020302775394725
σ,932.5442774823479,1.0044588803026464
