label,ess,rhat
Overall,606.4153321761514,1.007610699891562
as,551.7384758139831,1.0065570785853697
bs,714.3143265207375,1.006654657298638
σs,414.8156354394481,1.0148454899283785
ws,564.925050717214,1.0094163444673503
ps,621.719874039964,1.0066416794109185
es,509.41388304088775,1.011408979235338
σ,900.3835194948009,1.0035409387912742
