label,ess,rhat
Overall,439.9548462440099,1.0083322357147007
as,382.256714227194,1.0122572886909316
bs,493.32020164421715,1.0050024292227633
σs,455.55284206380054,1.0061893483712459
ws,396.1335273187067,1.0074804431615587
ps,449.28919786282677,1.0085372463282196
es,345.63214144865344,1.013543682076346
σ,911.7629408491181,1.0028005776776279
