label,ess,rhat
Overall,669.478085651795,1.0058713700228905
as,606.9819305539042,1.0050112388216326
bs,788.3850111702109,1.004466928684387
σs,466.3993121379044,1.0140238311660337
ws,544.5195985686154,1.0085733044283458
ps,717.7160690990656,1.0049882694732957
es,589.2713823314008,1.0036463388866848
σ,1075.2057676617014,1.0008588337193223
