label,ess,rhat
Overall,500.65874225426097,1.0089915936646838
as,355.443703617703,1.0140088229306174
bs,656.8028892510079,1.0045511685017874
σs,461.313952157581,1.0069150988937507
ws,413.2108093581148,1.0077947601501447
ps,534.3263171697163,1.009411986274864
es,414.1003106607102,1.0139391485535811
σ,847.7938523932798,1.002528278196676
