label,ess,rhat
Overall,622.772415372057,1.0077822292555247
as,493.99063709137954,1.0091433189784773
bs,788.9493130269743,1.0058651760332227
σs,488.14998562479434,1.0097836978531842
ws,539.0364241378485,1.0084522245685565
ps,651.1905494558789,1.00686111272231
es,504.4654894645529,1.0158836910092326
σ,1125.3466758182014,1.0074883918553166
