label,ess,rhat
Overall,622.2928984715543,1.004919400904853
as,518.2557328136095,1.0033653988738744
bs,772.9296009403461,1.0044383163901158
σs,454.53456595250634,1.0122457124694306
ws,558.7602934039562,1.0086462670976717
ps,648.1081387656873,1.0036843877591726
es,539.1863725092641,1.0014761676710366
σ,879.7009635598564,0.9991938148463568
