label,ess,rhat
Overall,462.943008549817,1.0049920716789245
as,388.57836065395065,1.0038365462175205
bs,532.0935413378601,1.005180433600599
σs,481.71382293798115,1.0084738604219532
ws,399.5345202792614,1.0069007362972122
ps,472.94833024839676,1.0038213015484174
es,399.99403094579407,1.0070161080410673
σ,1089.6044588414575,1.0084800469283686
