label,ess,rhat
Overall,524.4351551832747,1.0063507427041551
as,449.24449374728255,1.0062403528957964
bs,604.3771282567645,1.0064196759508626
σs,507.33043328828353,1.0064999863261037
ws,434.5913249452214,1.0081503234967377
ps,557.8818192284758,1.0052174208576001
es,375.70470127039306,1.0141377661057316
σ,1030.4087606904545,0.9986480944004549
