label,ess,rhat
Overall,492.4482221500758,1.0077992204067956
as,382.61029549104336,1.0120861629639184
bs,598.1101854415501,1.0041201905797188
σs,507.4816902732852,1.0056107345786303
ws,424.228962442609,1.0065674266448776
ps,504.6134379354417,1.008283405493573
es,416.14998299591184,1.0105026409151123
σ,1147.3802065284942,1.0045850922769655
