label,ess,rhat
Overall,512.1711485465743,1.0041358017223152
as,411.2488470655051,1.002467063243411
bs,627.1595418086243,1.0048699952921227
σs,461.53321813504215,1.007500163395064
ws,440.3306551450831,1.0046259877281536
ps,535.057876660545,1.0038466218736475
es,386.15717637422995,1.003376157050926
σ,1031.230082745911,1.007291535060397
