label,ess,rhat
Overall,681.8263218556833,1.0035438607081397
as,630.2981983911181,1.0031260050470938
bs,791.8559932746185,1.0034322529524
σs,471.220749219951,1.0054499290085657
ws,592.4800957562846,1.005287865695798
ps,713.9155669717609,1.0023057201087244
es,635.8624632503875,1.004743663512682
σ,1011.5883792410427,1.0124078508319407
