label,ess,rhat
Overall,752.3822749611927,1.0034634309655266
as,765.7197436572905,1.002272383533704
bs,796.2830081525058,1.0038311133722304
σs,546.3247481665136,1.0064275450559552
ws,583.669074547725,1.006810937449332
ps,821.573073187881,1.0019173677708848
es,680.0529134336946,1.00600684181978
σ,1122.638649083907,0.9984041745120463
