label,ess,rhat
Overall,495.913448643994,1.0108724027472273
as,413.85175327400054,1.010629202478471
bs,576.1712644012587,1.0113883569765223
σs,502.40741524981576,1.0098904884892892
ws,437.60467752772996,1.008658572054157
ps,504.4440472935244,1.0118324812560517
es,433.5772793632128,1.0154925381472917
σ,1098.4954757129271,1.003236059034513
