label,ess,rhat
Overall,582.1965530515452,1.0070726024797712
as,500.2210653803503,1.0085619694347403
bs,682.2340145106058,1.0057943525469752
σs,517.1734474152289,1.006312581199948
ws,526.8984584238245,1.0041866834877633
ps,603.2115957154708,1.0083856005559757
es,507.92436937481375,1.008404205042997
σ,847.9269466755923,1.0049024752761047
