label,ess,rhat
Overall,683.4561650385513,1.0046343231277257
as,622.0068403471881,1.0033524670845457
bs,790.7256732006697,1.004696659549169
σs,518.5035045438324,1.0090245937659765
ws,566.9551374293951,1.0066651818675816
ps,723.2216315478223,1.0039251424578355
es,684.3593048836892,1.0027157339737152
σ,1045.7600874170982,1.0025398939746153
