label,ess,rhat
Overall,473.0349026203748,1.0054591579430179
as,399.2699708906625,1.007164235707978
bs,535.9888503167118,1.0041091571453717
σs,511.9544451405256,1.0041808808606876
ws,455.5885841208963,1.0056828227847798
ps,460.9213814608513,1.004958007645897
es,412.6216812347859,1.011962707750167
σ,1118.1687175329046,1.0027979879527233
