label,ess,rhat
Overall,605.6529048759926,1.0045617377771012
as,483.62716338324975,1.004139747401738
bs,760.7264082347917,1.0042542414197797
σs,486.68096215818935,1.007187890014768
ws,539.5169913988728,1.0058051155054284
ps,622.3485836954867,1.0038196497554652
es,526.4841211452045,1.0057601725329242
σ,1123.533784756157,1.00653862408806
