label,ess,rhat
Overall,689.0890166118902,1.0039857563817993
as,618.2774127940775,1.0041625221611077
bs,818.5525417440364,1.002473716826325
σs,477.9420998802913,1.0087927419759966
ws,550.0180038315253,1.0062555603883683
ps,753.1568619052886,1.0028725098907754
es,574.0531560327589,1.0048028279380632
σ,922.2489135061791,1.0040583739570612
