label,ess,rhat
Overall,478.4980883579043,1.0096809727613552
as,348.0902155080632,1.0133227660823103
bs,612.5129754865957,1.0062535869729563
σs,457.57740554057375,1.0084374090725305
ws,375.9382356161586,1.0083562657170948
ps,501.24846823546545,1.00998256599758
es,337.6556473655552,1.0126827452042517
σ,898.8829691206173,1.0050974370678953
