label,ess,rhat
Overall,1020.6130046225641,1.004469743240418
as,724.0280654040563,1.0032334463431438
bs,1393.8118603714765,1.0055745118346378
σs,576.2522887462137,1.0052326073981308
ws,645.3722943254741,1.0068734892879887
ps,1127.4964780757768,1.0039813261472486
es,722.6663710035331,1.0042907050479974
σ,988.9880696714899,0.9994268875265285
