label,ess,rhat
Overall,822.1816155898454,1.0034266847800777
as,745.3565094106299,1.0031391860854653
bs,949.3317526630323,1.0033011767484579
σs,530.2964364048099,1.005822123792227
ws,606.5153172830805,1.005381742815103
ps,881.0152528520739,1.0030065696115653
es,598.4411723172396,1.0027518748714837
σ,1033.6434932292593,1.0014811362655636
