label,ess,rhat
Overall,544.4066590572303,1.0046323064153002
as,500.4140259269727,1.0058432929061831
bs,606.6904368031034,1.002847511456669
σs,478.5585384410151,1.0066980168991948
ws,469.03386168293406,1.0047608205793208
ps,569.8386774124457,1.0048271890225224
es,478.5747788569606,1.001880334584551
σ,919.3115107137232,1.0035271323207688
