label,ess,rhat
Overall,633.4473985567967,1.0063789320829681
as,581.0212704988252,1.0034813977780752
bs,744.4184535051542,1.0056915088973866
σs,422.6856617514072,1.0192847790486743
ws,536.1934302242015,1.0083454375736418
ps,665.0250292570453,1.005773251637127
es,619.9074793569723,1.0041104354862656
σ,1006.556458741126,1.0030655509801487
