label,ess,rhat
Overall,493.70418290256356,1.0062306911608554
as,434.8983629562488,1.0069555683813856
bs,565.3240307638075,1.0056461740519902
σs,447.5736824088177,1.005725394758861
ws,355.1818707054902,1.009018496915164
ps,544.5000374865269,1.0049832093480775
es,403.46172360092453,1.008331162906515
σ,1015.7646286876678,1.0010106057500536
