label,ess,rhat
Overall,468.44592864343673,1.0076594879364646
as,385.1113429982968,1.0075969970676324
bs,556.6729417137556,1.0064433906930812
σs,450.8331899127911,1.0122624051404405
ws,447.5354932420283,1.0089694370602171
ps,459.67839480422595,1.0075553540594873
es,401.09921776972885,1.0042174960994235
σ,1082.0204550272285,1.001531562926923
