label,ess,rhat
Overall,593.8238024802955,1.007943864651186
as,500.77555872254095,1.0115673843885187
bs,723.1419215654887,1.0033898939763504
σs,463.2522513015165,1.0112934880261968
ws,560.676550346404,1.0078087502497455
ps,600.9180915098144,1.0079424147687892
es,481.43347265592445,1.0116142982233938
σ,1031.9199729682443,1.0022620672663805
