label,ess,rhat
Overall,820.740246124588,1.0028015408666817
as,635.6431066578447,1.0029114316749506
bs,1059.0469257688376,1.0024166229146607
σs,512.1249130950534,1.0043966983004484
ws,591.3233597969944,1.0035375311840544
ps,884.8902631128859,1.0025803932277881
es,597.5282506668344,1.0028866751594885
σ,940.9660575329236,1.004414475139482
