label,ess,rhat
Overall,748.4581646192938,1.006236149558451
as,599.3949338393027,1.0089969243744654
bs,928.7284628616889,1.003549344128182
σs,567.4571733373514,1.0058071271211255
ws,603.1063859293562,1.0065514536900535
ps,784.9931055693816,1.0061315266880866
es,611.6897810028115,1.0065805494189353
σ,1012.5391105272903,1.006785598035746
