label,ess,rhat
Overall,543.2728334888494,1.0070039565546975
as,411.13561665097103,1.01038764880957
bs,688.3548625513856,1.0037359309837248
σs,468.1929225858331,1.0063330897880838
ws,424.97027620640483,1.0091116134056695
ps,572.5936025954944,1.006419813481764
es,369.88852206914873,1.0098611684828163
σ,902.2752265986283,1.0040365179876207
