label,ess,rhat
Overall,642.2011995192448,1.0047212869072255
as,480.9899623836796,1.0041327728468235
bs,838.0773067560718,1.00440745455397
σs,517.4076671547022,1.007969733996393
ws,563.5324205321755,1.0060189376818358
ps,667.604518794777,1.0040765037490245
es,516.4395300650492,1.0070672106280605
σ,1177.2635851086322,1.0012219922834646
