label,ess,rhat
Overall,455.34119841308046,1.0081339834310066
as,372.8950878188594,1.0124716843770796
bs,542.5979845885291,1.0038801164425344
σs,438.0227663206604,1.0078321811836422
ws,399.15437454300826,1.0055240973351331
ps,464.8862981139218,1.009126167924086
es,380.0246391704137,1.0134658043015619
σ,1032.0436111174045,1.0029921780203015
