label,ess,rhat
Overall,581.1390215432071,1.0078425401909505
as,428.3904112362435,1.0085872999808412
bs,766.1934747976372,1.005776861844779
σs,393.76513244790357,1.0155038678173782
ws,396.2507776233966,1.0126699029443487
ps,631.1309117850376,1.006759573497957
es,353.34671371952885,1.0080703295632505
σ,855.7718326204352,1.001441009669261
