param,value
Exponential mean,2.0842105263157893
Cauchy mean,0.7105263157894737
