label,ess,rhat
Overall,474.1935415177284,1.0070591310435602
as,400.59929792333014,1.007452150847421
bs,555.7359727936392,1.0057191183667333
σs,445.5800658642831,1.0104683053862378
ws,421.5124735916525,1.0067007984056797
ps,480.2121707418858,1.0071317451349115
es,439.50691500947516,1.0044713969523993
σ,1019.2552498190513,1.0146466245053083
