label,ess,rhat
Overall,604.8133477203208,1.0036944638815994
as,506.581020099992,1.0039021206658487
bs,742.6144858360298,1.0030482837578576
σs,462.36562993695253,1.0052731479037724
ws,528.615450438505,1.0069326761416793
ps,631.8395677263427,1.0023791697011388
es,516.7520498855268,1.0018270435966523
σ,992.6289906151273,1.0027684060225073
