label,ess,rhat
Overall,601.9455100877278,1.0033272246251446
as,529.9809927142497,1.0015441930266853
bs,714.8381050988593,1.0046321803125875
σs,454.60443059217516,1.0050482979048017
ws,567.8290846069006,1.0043163832786155
ps,604.8775395340649,1.0030005338073393
es,574.2132012950201,1.0019051883299925
σ,990.5744678382977,1.0027953546367274
