label,ess,rhat
Overall,640.0240045082738,1.0059427560339504
as,543.4630042776798,1.0065990311593693
bs,773.8257099206371,1.0049219583047946
σs,505.9574658539059,1.007255037407401
ws,525.8350319835502,1.0063793530818128
ps,686.0189403627415,1.0060538022413203
es,552.6208017582946,1.0019836799810324
σ,989.2297480887563,1.0057345421738129
