label,ess,rhat
Overall,534.4460539602452,1.0069240414175322
as,465.34652786334965,1.0064807640640139
bs,624.6717061844481,1.0063891404627958
σs,458.39199990193794,1.010445483327252
ws,463.6738675523101,1.0077657424955722
ps,554.5411605096119,1.0069822870939928
es,486.52471382214196,1.0042719932873398
σ,957.0822008481358,1.0006133371534747
