label,ess,rhat
Overall,586.260940439006,1.0054780308368994
as,536.336415769391,1.0059427452140761
bs,676.9527355933775,1.003363827206523
σs,439.4987666938805,1.0114161921484166
ws,568.4819301331611,1.0050723567434232
ps,587.6438921822077,1.005732011097752
es,516.2604669747267,1.0033740687065134
σ,903.653265714451,1.0079505574372265
