label,ess,rhat
Overall,1099.4590246695495,1.0043389556287732
as,884.9436102030336,1.0019471871894607
bs,1411.5331749249742,1.0058634224949166
σs,533.6183570938831,1.009369304753157
ws,599.0642244560735,1.0060814078679556
ps,1228.7853965896895,1.0039646221050307
es,1111.1202667484417,1.0008452378064445
σ,873.208290906769,1.0083849735428911
