label,ess,rhat
Overall,1092.8635207696268,1.0055427816691864
as,877.5255905918032,1.0041809426365644
bs,1402.3994678929434,1.0065820451132037
σs,546.5150224857667,1.0074137200830915
ws,624.1452317155645,1.008544919719836
ps,1191.7749046509555,1.0050034181983383
es,1567.707598454985,1.0016534760758424
σ,1020.0484077438796,1.0031851828487874
