label,ess,rhat
Overall,688.4097907760512,1.0054067088546126
as,625.1720687337191,1.0059429092167227
bs,784.5568471328685,1.0045401396117692
σs,497.5356517520396,1.0073228483628627
ws,483.38504052029276,1.0078343215559402
ps,731.9124013171153,1.0047614211555547
es,747.6621026685273,1.004135078671677
σ,942.0768640891309,1.009792426359333
