label,ess,rhat
Overall,932.5612611183283,1.0044761576962162
as,842.6852267061478,1.0044321857442595
bs,1073.7670744839102,1.004143493813748
σs,634.8485431886012,1.0066606455358849
ws,760.2520538779114,1.004640497550762
ps,952.9624566379133,1.0043776041697916
es,1444.1886611263417,1.0049459000600023
σ,997.7595630472227,1.006295163982478
