label,ess,rhat
Overall,749.1679088812994,1.004293305347844
as,626.5265250844523,1.003877348364552
bs,906.058406843655,1.0048826812537661
σs,550.523046721353,1.003287475596591
ws,532.0737076768227,1.0032199072532928
ps,778.8365787208483,1.0047315082643788
es,1155.5193630442477,1.002356792863031
σ,1117.4992627107742,1.0000133674584053
