label,ess,rhat
Overall,1153.417311939989,1.0033011072673148
as,795.9308571660962,1.0030249069836172
bs,1601.7207854311034,1.0033262751556171
σs,626.6786033801009,1.0047570951606069
ws,623.5127918568957,1.0036439287736454
ps,1275.2702115979016,1.0030032300286993
es,1480.4281011891883,1.0056184850381575
σ,1009.3107908588966,1.008850601103203
