label,ess,rhat
Overall,484.9242431828264,1.0061691989810437
as,393.36027159465266,1.006919530659272
bs,586.0966638344585,1.0050870618211107
σs,450.3338265543772,1.0073636987151806
ws,391.1427568115602,1.0062433455205495
ps,513.6881812639568,1.006309421575358
es,432.59234905485073,1.0046492025706235
σ,967.1034777845842,1.004673645875634
