label,ess,rhat
Overall,602.0908568846932,1.00518612392799
as,488.6292828277362,1.0041681499097328
bs,756.8337223353099,1.005173161419444
σs,453.47820786751726,1.0088974954244816
ws,556.5160809025,1.0055142402126587
ps,615.1981090226178,1.0052207943364695
es,528.8926898054867,1.0011593051309051
σ,954.5959472433788,1.008400935485664
