label,ess,rhat
Overall,736.6630237864777,1.0052212616467675
as,547.1485102774934,1.004186789669622
bs,957.3811683336678,1.0054578364079405
σs,555.6819637648832,1.0098490654994052
ws,620.9485234539831,1.00534432362015
ps,763.6242863958905,1.0052074833601445
es,663.8671307389777,1.0057614543599795
σ,976.6882086196008,1.0033254902976458
