label,ess,rhat
Overall,657.7517024744641,1.0038333644240076
as,496.0917715553125,1.003266866517785
bs,835.5166185215056,1.0040262584806134
σs,564.3427887327014,1.0060002667517876
ws,477.59816523287924,1.0064423158332365
ps,699.7321126469947,1.0030468653951596
es,473.95368987834814,1.0068053250419666
σ,1172.130486284246,1.0043339796620543
