label,ess,rhat
Overall,922.8272628082136,1.0047963798682031
as,551.1596934433692,1.004113867139437
bs,1367.593371340828,1.004807290461884
σs,498.85573563514674,1.0086916722516985
ws,575.1776815598067,1.0055126842407016
ps,1026.7572264231258,1.0045469378514937
es,503.83430901629777,1.0075815660443808
σ,943.9698918571502,1.002603571847917
