label,ess,rhat
Overall,794.1002356312708,1.002921531372049
as,575.2351632761249,1.0027374430065314
bs,1059.9243375304557,1.0024826115542231
σs,521.7378642758479,1.0065349788354427
ws,525.4741532849838,1.0041326257778176
ps,866.2026357740089,1.002545976387094
es,515.9417754921317,1.0046654083528013
σ,1113.014937213571,1.002927283819171
