label,ess,rhat
Overall,88.61551720133902,1.2730648586687008
as,48.40106439525639,1.3836502271799027
bs,82.70166465988726,1.147153768726436
σs,254.67741645246278,1.3282374558205265
ws,25.55791163586454,1.6006155847907833
ps,87.81466906885342,1.0471431037986063
es,5.811189223443288,2.377579024601076
σ,1031.7374913874498,1.0073934399614226
