label,ess,rhat
Overall,246.48283858857863,1.0352385434794644
as,219.77994326439108,1.0444614974349968
bs,257.6096052633272,1.0209606326722704
σs,302.55690172655943,1.0534363881454474
ws,138.46962668379052,1.0722392102637155
ps,281.1873491062086,1.0137421078767772
es,71.27354341571963,1.1043570010527044
σ,990.742698333375,1.0119009525918434
