label,ess,rhat
Overall,502.3515097118774,1.005738732855013
as,451.14979732455913,1.0050549690563189
bs,569.0510288194091,1.0053151102404694
σs,446.5594055191094,1.009725323942669
ws,473.47422854490986,1.006610591986585
ps,506.3487088619764,1.005259251954094
es,431.5179690320406,1.010379270481645
σ,886.6187871725891,0.9984618514467803
