label,ess,rhat
Overall,456.92985769971534,1.008046572772029
as,439.19950338285156,1.0105287628808977
bs,480.0878074047311,1.005196205278452
σs,437.39051430236833,1.0093720113569806
ws,481.85897778078976,1.0053218348814579
ps,431.8119964129162,1.0094627914496892
es,412.86297923659674,1.008103297098259
σ,898.9785671098341,1.0038082931872665
