label,ess,rhat
Overall,560.651244435443,1.0083574915202806
as,443.43873148249975,1.013542148302662
bs,706.4188744985541,1.0029170068553301
σs,457.8528228388377,1.0092784718975296
ws,506.2395095993518,1.004548259066794
ps,578.0755819908276,1.0094847975002663
es,424.42361396636954,1.0152674978463616
σ,1033.0145469666843,1.010938312830331
