label,ess,rhat
Overall,506.5315950268256,1.0056411210947298
as,438.63081303605935,1.005674656765451
bs,574.2186987664849,1.0054465593863966
σs,507.3008367308107,1.0062208148301341
ws,434.18243791979165,1.0075431239443229
ps,511.3076609696616,1.005055763582443
es,506.7545924764479,1.0019223806021706
σ,1250.0977708982473,1.0054738632041897
