label,ess,rhat
Overall,667.0124871963304,1.004312880901667
as,658.4206756059607,1.0030427789013945
bs,718.9001852434894,1.0052380107110175
σs,511.14729595188885,1.0055547807889862
ws,568.552312391096,1.005458666815971
ps,700.8046123806978,1.0036371685334633
es,643.0941357636897,1.0069299369254079
σ,1017.7760329308718,1.0028978594558369
