label,ess,rhat
Overall,644.3963781720888,1.0056998853801766
as,602.1638453936971,1.0051947677978765
bs,737.1245292883867,1.0056423169272375
σs,462.61215215562714,1.0077255551070379
ws,522.8548141869948,1.0047597785377618
ps,701.2033575226344,1.0062286026153568
es,582.8368077602277,1.004702214939286
σ,749.0328237027526,1.005229860256245
