label,ess,rhat
Overall,499.5754868701259,1.0061645405998607
as,404.60317898903304,1.006168583462478
bs,584.3099012256839,1.0054843798467237
σs,536.4319035620516,1.0085985650057316
ws,467.53110487656323,1.0074172797719119
ps,501.86376603851863,1.005680850241632
es,407.79999721701813,1.0067363804823082
σ,1008.1637917208841,1.0025639400842994
