label,ess,rhat
Overall,876.7125906544186,1.0039259634977087
as,703.7358817770025,1.003001936242029
bs,1092.7512036415778,1.004734212113524
σs,626.9535468179058,1.0045974796089217
ws,665.1430783250772,1.003680345119115
ps,928.6129894053339,1.0039692020747302
es,826.146027817714,1.003206844636082
σ,1025.46072423599,1.0062361700670548
