label,ess,rhat
Overall,1082.8817146152294,1.0030376950493514
as,883.5961721292829,1.002072478647624
bs,1364.5138945169563,1.0038104159135783
σs,605.2712176037065,1.004154169166854
ws,649.5283506824,1.0039981853037458
ps,1196.3478898852882,1.0028955590277138
es,1010.1228793050028,1.0009321494835184
σ,982.2633394668267,1.0025454321668783
