label,ess,rhat
Overall,625.5036516923489,1.0051958124263098
as,532.518627486921,1.004784816765195
bs,750.8661323238808,1.0049706754118326
σs,437.71440442094115,1.0088853819447428
ws,433.2613892894686,1.0096507277301734
ps,677.099620225209,1.0040404235086537
es,530.7622785927368,1.0080669038659904
σ,645.2870571488278,1.001453313948078
