label,ess,rhat
Overall,795.9093011220785,1.0036248216005101
as,602.0632659583498,1.0039869963246195
bs,1026.8371900115121,1.0032986009714444
σs,580.8345495129942,1.0034162878492567
ws,551.750474977245,1.0046079801903078
ps,863.5884908954307,1.0033481125322978
es,572.4308470695248,1.0062444022569985
σ,924.1710138443001,0.9998697924841607
