label,ess,rhat
Overall,809.3126628577554,1.0065401101876918
as,534.6305824687727,1.0085830824003041
bs,1132.1492169458754,1.0042491187899196
σs,530.0167154027602,1.0079786214616258
ws,595.3073044238598,1.005754224034024
ps,867.9332158464728,1.006657212172261
es,526.2236655706573,1.0116602115180493
σ,1129.7684151802669,1.0001096461116765
