label,ess,rhat
Overall,1020.8029168694096,1.003670368521106
as,642.4399979994021,1.001983784101181
bs,1483.738035397186,1.0047514139486602
σs,530.2841588543486,1.0071824946768584
ws,618.8499433776634,1.0065584982062938
ps,1137.5045379361711,1.0029498771378083
es,686.4360208584094,1.0030407965739974
σ,911.2945795878009,1.0048555425913641
