label,ess,rhat
Overall,733.0555814029492,1.0039962437555754
as,541.9067362139269,1.004167742600634
bs,955.2281269475841,1.0033575784879833
σs,553.1181193403975,1.0067058090062706
ws,483.064320485812,1.0070163466739757
ps,800.6111775277601,1.0031363851122257
es,462.52523305874354,1.0058437383241965
σ,1031.342795106089,1.0053332344783197
