label,ess,rhat
Overall,657.9560956750576,1.004079727426879
as,601.1093584725256,1.0033211166109672
bs,775.1604717894289,1.0046356191854704
σs,440.6685955924357,1.004809516033233
ws,591.4232465938508,1.0041570750702278
ps,685.2100513363998,1.0040534562241823
es,560.3345518111037,1.005033132825535
σ,942.9905251825481,1.0019277961794955
