label,ess,rhat
Overall,476.75856077078,1.0041828275320461
as,425.6950252879928,1.0035621743815717
bs,534.5926469951322,1.0036310490620421
σs,452.38457810114534,1.00840358136577
ws,420.26812266441203,1.0050787711378246
ps,484.81640746244125,1.0039791669704252
es,442.75437689960944,1.0046488525857846
σ,1013.1481718063397,0.9977946287573782
