label,ess,rhat
Overall,620.3518435403973,1.0050939392315352
as,566.4738616391256,1.0032106567358787
bs,715.1366755862584,1.0054338342082885
σs,473.08718301987574,1.010650134299586
ws,563.8454394470879,1.0081350586821654
ps,642.5637264881884,1.0038647541053516
es,466.16539481723834,1.0043695066429108
σ,1029.2926334638603,1.0020081842819946
