label,ess,rhat
Overall,443.90280455035474,1.0059753694708267
as,378.62480907676724,1.0075310397608774
bs,505.26247734528687,1.0036098722382596
σs,458.00876619351357,1.008890746463888
ws,476.8202546412678,1.004624104468678
ps,406.12551052687076,1.00648068868668
es,437.08753035985615,1.0019581839530791
σ,1044.7335964509782,1.0170866209199338
