label,ess,rhat
Overall,626.5057929151329,1.006735578519759
as,571.9411435226098,1.0080104919858035
bs,733.3443598365096,1.0039167864674838
σs,438.31968981126056,1.01229354143019
ws,559.7109672775109,1.0085300912774218
ps,652.3541911185968,1.0056309166785602
es,574.4818586690309,1.0079539384138738
σ,860.0332157687396,1.0114859135107428
