label,ess,rhat
Overall,512.9203948353919,1.0093835438119472
as,373.77724303000986,1.0147590689210715
bs,667.1058267417488,1.0037382290867765
σs,458.76818647188213,1.0103547864297149
ws,468.04101235844723,1.004695696712292
ps,521.2255824884345,1.0116299509338254
es,412.3085530045395,1.0125664555353895
σ,1036.7617892413252,1.000865300392102
