label,ess,rhat
Overall,460.03167174287466,1.0061713238739185
as,399.9716972708654,1.0073669941552987
bs,518.0603544566344,1.0042096223866561
σs,467.3443220725729,1.0089290362150949
ws,381.946920702544,1.005041117264581
ps,478.0798486219994,1.0065313067503863
es,380.4199065379735,1.0069469885612867
σ,1087.0196157794019,1.0088229190230669
