label,ess,rhat
Overall,577.8691100905354,1.0046310797477938
as,482.69931141386706,1.0052864326941218
bs,699.8169474987153,1.0038525452790235
σs,481.46817065709513,1.0050745332285875
ws,526.5183371599722,1.0040380234665107
ps,588.363616422648,1.004752379236839
es,469.42364219385007,1.008440219015565
σ,1138.1121564157418,1.0009756898724904
