label,ess,rhat
Overall,606.094125412354,1.0050843371825804
as,500.8943927500776,1.005028323108762
bs,741.3044767471783,1.0042885625974836
σs,498.0558981911806,1.0081507763546766
ws,534.085641266635,1.006953846207487
ps,629.3018761005786,1.0041321091080972
es,499.8922105064397,1.0073857458890783
σ,1079.1982470789649,1.002805341407277
