label,ess,rhat
Overall,661.8028044701555,1.0037163053764415
as,604.76927724307,1.0018000583827422
bs,768.5637227678757,1.0038236201841784
σs,482.7841966158705,1.010228461245906
ws,549.0139935151469,1.0060389746246896
ps,699.159045017174,1.0025579311533337
es,611.9483868560706,1.0060133070263906
σ,1143.7151169359456,1.0013680008983659
