label,ess,rhat
Overall,269.20219277940254,1.0413867200122309
as,196.50205355519924,1.0347193693109287
bs,323.1643501223167,1.033087048235454
σs,336.6589275520439,1.0952680009333164
ws,94.83383864149522,1.0959478087433807
ps,337.2803275183375,1.0070507697851792
es,19.548188294556955,1.1783332316098005
σ,1090.8989481916726,1.00549533794664
