label,ess,rhat
Overall,112.71754811539718,1.1246121180900424
as,69.99675989676997,1.1604107553601
bs,114.8607536734677,1.091822290921232
σs,258.7968456934012,1.1137804017255508
ws,199.49410244719422,1.0167530322489051
ps,47.577855905003645,1.1675416608241755
es,11.395117078751277,1.2756903371904498
σ,967.6757556773566,1.0005965988954075
