label,ess,rhat
Overall,29.291441472408195,1.3806427862082442
as,29.003662204119077,1.4239958158056716
bs,34.77438020538003,1.3328471594493054
σs,10.588867399550454,1.3966361359896842
ws,39.28385904140788,1.4345330836340056
ps,27.06499145760499,1.3454856877308652
es,9.171544855861715,1.4424423804268602
σ,7.509924262388461,1.5244445890737237
