label,ess,rhat
Overall,461.22923017886984,1.0067506983369545
as,325.7933307723605,1.0094329941262805
bs,599.7785587758325,1.0038169057389037
σs,443.17134087424245,1.0082093798275622
ws,383.7562793829102,1.0058254835745541
ps,473.2345567846439,1.0071568633201788
es,378.0259100914415,1.0038985162029381
σ,981.0556028280906,1.0040617205590239
