label,ess,rhat
Overall,792.2677253499209,1.0043027663770134
as,572.2995546906188,1.0055074465677722
bs,1050.7522149936572,1.0028820683368171
σs,568.8730752401989,1.005555669903752
ws,605.5459428669914,1.0045728499945359
ps,838.4983191888833,1.004422046752713
es,675.3180072383564,1.0022573847543303
σ,1047.760047097986,0.9994270681785502
