label,ess,rhat
Overall,950.7435524303062,1.0034523802759383
as,832.531529877955,1.0037191879302456
bs,1140.9206371949151,1.0028988857571581
σs,533.3461915992135,1.0051151640898823
ws,637.4360184630428,1.0032481211745532
ps,1032.6222151050085,1.0035249084709361
es,794.5477806999536,1.002366737618448
σ,1092.649695112458,1.004593421447633
