label,ess,rhat
Overall,460.6736917702629,1.0092977730702897
as,373.9057522576207,1.0119429641051
bs,559.0550647016721,1.0070983972145942
σs,418.86533146270324,1.0076928384254753
ws,424.5908235777292,1.0066673838021607
ps,461.0248725733982,1.0107653715524472
es,389.3302445910494,1.0109528215200387
σ,1027.2243035575805,0.9993947868522295
