label,ess,rhat
Overall,477.44098469765197,1.0058556868003636
as,402.5860144221106,1.0048933369833368
bs,554.0599891992632,1.0067325337135111
σs,471.0904614838005,1.006163497254331
ws,483.6552753850976,1.0026877512941532
ps,464.09994850240923,1.0068480013895356
es,377.34548440614515,1.0133174340639792
σ,949.9274381076287,1.0031472390291913
