label,ess,rhat
Overall,684.108570343552,1.0048776059226638
as,598.5955630089799,1.0029569847131856
bs,843.4326490332592,1.0035801326680818
σs,418.3887134650665,1.0164627459932831
ws,539.0219645614201,1.0103211820759677
ps,753.8868934339565,1.0026665160212043
es,561.6201179638826,1.0030534428964981
σ,855.888344137959,1.00069135557331
