label,ess,rhat
Overall,605.9054893833238,1.0054835001311215
as,516.384855676921,1.0066114934018824
bs,743.9571642586396,1.0038485180550658
σs,431.19374117523785,1.0073086598301826
ws,537.2091012040802,1.007414250475193
ps,629.1123678333814,1.0048201417033051
es,524.0880077423824,1.0034980769179684
σ,990.5182711146363,1.0035326615517939
