label,ess,rhat
Overall,627.7237578243956,1.0053676448850495
as,563.7102030594291,1.005003598627672
bs,747.3172859280506,1.0049316810963251
σs,427.63585380511785,1.0082476810510166
ws,575.0798505623694,1.0057485349103308
ps,647.3403233879957,1.0053118238263186
es,520.3730919008863,1.0035149333722324
σ,964.1212721621288,1.005953735134318
