label,ess,rhat
Overall,531.0523569177143,1.0079140017780002
as,460.455730692667,1.0103711478891053
bs,614.3244157698895,1.0050183142052853
σs,485.420799460053,1.009492751039796
ws,483.5145441424426,1.0073949403416322
ps,539.2100554581835,1.0078042153234306
es,460.261908304773,1.0118385536681411
σ,1030.9868453946472,1.0091480830529453
