label,ess,rhat
Overall,495.0741416147912,1.009056889830954
as,451.75091065959964,1.0091180155245671
bs,555.2853451816718,1.0086269651608164
σs,434.2774402127101,1.0103845661464417
ws,433.82436872973625,1.0091055888258955
ps,505.47673073692664,1.0095473137871087
es,460.3644483018911,1.0069947585807428
σ,1029.0234856857269,0.9998457415320559
