label,ess,rhat
Overall,1008.7759995968978,1.004251847524319
as,701.5409223918327,1.0041548737981072
bs,1363.118755489641,1.004005696586993
σs,735.5514632083643,1.0062419705728374
ws,657.2945116392599,1.00388632990925
ps,1091.2339556086758,1.0040805222816858
es,1098.3731308453255,1.0044818672845501
σ,1089.377704026362,1.0164016310310813
