label,ess,rhat
Overall,1333.5087726998738,1.0042315970191695
as,902.1252133416892,1.003566046345632
bs,1888.260238823695,1.0048791341273204
σs,617.9749134591821,1.0043360756984099
ws,603.0920448988757,1.005069131295238
ps,1533.1066309634787,1.0041403935670445
es,1126.7406751365224,1.001083613985972
σ,931.3485047855141,1.0048549174747385
