label,ess,rhat
Overall,1112.9656326999725,1.0020936051568945
as,876.1223838646123,1.0015719643094227
bs,1397.1985045737438,1.0026644080001397
σs,838.1058190771898,1.0018084655814108
ws,898.108371059806,1.0021235522365173
ps,1154.324499041377,1.0021132237196493
es,1443.5067309829121,1.001192606001705
σ,1044.9449914286774,1.0025945474995634
