label,ess,rhat
Overall,1059.988744917482,1.0037918459664328
as,871.3904224196874,1.002036692989654
bs,1318.4567594199332,1.005193814572082
σs,654.7445312904765,1.0058403153189865
ws,653.5125391515227,1.0035247315287246
ps,1173.3170219449332,1.0037589754009273
es,803.413022587295,1.0072868116430778
σ,1011.0973614517154,1.0015850750099151
