param,value
Exponential mean,0.7105263157894737
Cauchy mean,1.3210526315789475
