label,ess,rhat
Overall,473.33156780532397,1.0075967151591176
as,410.2286872970305,1.007830982801531
bs,545.6573699116393,1.0059897550055668
σs,440.1290500524452,1.0125384081992144
ws,424.34599413991936,1.011315217036611
ps,479.23833653995183,1.0059292643692375
es,427.17190280063886,1.007551426153794
σ,999.9017946992255,1.0064189911767292
