label,ess,rhat
Overall,422.18962536542864,1.0042232392418042
as,354.2238342494383,1.0045004050815889
bs,491.4512584344982,1.0035048728564357
σs,417.52459433434285,1.005811561205906
ws,421.3267018807451,1.0046520271343737
ps,416.9733540961737,1.0041365579073678
es,342.1421213398301,1.0026574156851966
σ,728.2627682334534,1.0044631463395304
