label,ess,rhat
Overall,618.0361315082791,1.0050787024336105
as,547.2851416344877,1.0058531904299053
bs,728.8639555444204,1.0038802166875864
σs,473.75952852382153,1.006605094332636
ws,534.0318897499711,1.0049032919820722
ps,651.4834375171415,1.004741418483375
es,481.760791371827,1.012102932705767
σ,1029.0077566504601,1.0019045500138757
