label,ess,rhat
Overall,644.1841654796758,1.0047664803888565
as,577.049447897216,1.0040978320692469
bs,749.0935734723616,1.0040768063854815
σs,508.1952800028615,1.0096564407516009
ws,560.5496889219801,1.0085337015697193
ps,666.7703797233248,1.0029300575990592
es,592.9616352493348,1.0068414800619911
σ,1163.0013742978329,1.0031568194069593
