label,ess,rhat
Overall,595.3695511415016,1.0054223824462685
as,483.96569105251706,1.0058691785936862
bs,736.5899153701365,1.0047987166444097
σs,488.03013623875984,1.0060591132022565
ws,537.7400146928596,1.0041182638490076
ps,614.548281863021,1.0060564974410953
es,487.81853978172325,1.0063806695832425
σ,1003.3790124852579,1.0026682414739503
