label,ess,rhat
Overall,540.3336222967969,1.0092319069557527
as,352.2848709435384,1.013654888243534
bs,741.5114896538012,1.005026217019324
σs,464.18474947507065,1.0079716171179085
ws,361.394462292772,1.0084031322185145
ps,585.2646216941216,1.0091817324800034
es,331.94463972190823,1.0172781020155623
σ,947.6935364232871,1.0054931885189549
