label,ess,rhat
Overall,854.0965860354296,1.0042454824768112
as,613.0412826933446,1.0045892258681857
bs,1159.551891787078,1.0030612602947566
σs,480.5765720599642,1.0091202594627533
ws,606.0675919154431,1.005272313933875
ps,923.0257414984554,1.0040349511247093
es,601.524927829847,1.0049256552841097
σ,1026.9883696611932,1.0006686642783464
