label,ess,rhat
Overall,686.7406051298769,1.0046316042766479
as,568.4473709095216,1.0035290075278698
bs,838.012580898676,1.0047143606012872
σs,495.4639041489042,1.0105466787366546
ws,455.4659060631757,1.0040812615866965
ps,748.6563765659439,1.0048228575938183
es,425.5530460463112,1.0023355865738137
σ,1012.4550831662158,1.0066475927375589
