label,ess,rhat
Overall,984.6805136754924,1.0050340807703633
as,611.6709461919664,1.0064138336722566
bs,1431.493066106404,1.003676930295601
σs,556.6232009806566,1.0049029866930002
ws,669.9608282933083,1.0057205420835835
ps,1074.039667242556,1.0049304573268263
es,662.4172401823811,1.005713205587728
σ,1116.6039140288678,1.000412220666761
