label,ess,rhat
Overall,521.0149456564102,1.0076153123158937
as,419.1232808904612,1.0080299669559833
bs,662.4191635154332,1.0048441542323776
σs,378.7697545213433,1.016098724712228
ws,428.6679110005207,1.0090565849470798
ps,562.4843979698894,1.0073355037550673
es,434.9664089283275,1.005283982512727
σ,723.0706748327857,1.0022577229294785
