label,ess,rhat
Overall,647.8739987729443,1.0059778589891502
as,563.1502516214272,1.0039334439827858
bs,782.618893960122,1.006612968403376
σs,467.7978658445676,1.0110513591208492
ws,571.7964196374596,1.0086771802199352
ps,683.563273779034,1.0044576327711547
es,496.4832204962211,1.010796679829347
σ,935.665354793882,1.0034742442072253
