label,ess,rhat
Overall,566.2589331029483,1.006448938883861
as,473.2343306182706,1.0078499720801009
bs,672.0069141616989,1.0041239259411598
σs,520.4547702362864,1.0097752659711228
ws,510.4768586536647,1.0048411414868348
ps,572.3987357504665,1.007467339854025
es,518.1000406836773,1.0045560739704518
σ,1172.3267424974251,1.0030498122507285
