label,ess,rhat
Overall,611.9644106391871,1.006121352106143
as,568.2048445181695,1.0044531176902831
bs,696.0681230542723,1.0064843446937504
σs,466.72548398054477,1.0108202226878542
ws,575.4789229587941,1.0071952126992476
ps,621.1049704883305,1.0060021592829809
es,530.2772582111652,1.0040485694841523
σ,975.5100115822216,1.0004796036350958
