label,ess,rhat
Overall,579.8654456382466,1.0085627397421975
as,486.61667179746695,1.012263283719182
bs,717.742169554049,1.00396073980467
σs,419.20482536816417,1.0118079812001506
ws,589.9772127555952,1.008971345713054
ps,572.4418306719535,1.0084115995444334
es,480.8634189472125,1.0119263511187722
σ,849.542282735749,1.0008618904806308
