label,ess,rhat
Overall,508.9136097151381,1.0065011537606852
as,451.80247101815985,1.005874618702499
bs,580.9832380302458,1.0059730353244138
σs,455.0630470898718,1.0106579063407348
ws,446.0333375855568,1.0066200387810358
ps,526.4250160789551,1.0062007389307208
es,444.0313454505918,1.0099296160577484
σ,937.9448383399593,1.0060283945014343
