label,ess,rhat
Overall,496.18761913846447,1.0046599337515256
as,469.5032904331622,1.0049896732407595
bs,534.0755562386726,1.004666449467675
σs,455.85462891680373,1.0034494150121454
ws,476.8766613613009,1.0068071671129974
ps,492.6355072952155,1.0038819424409342
es,448.9782768363799,1.0048034778284585
σ,914.6927049930711,0.998833819335371
