param,value
Exponential mean,2.0842105263157893
Cauchy mean,0.5578947368421052
