label,ess,rhat
Overall,492.18095863225483,1.0079269528363881
as,440.0588992393397,1.0094475285322595
bs,556.0810322320453,1.0048642801695642
σs,449.7801074875039,1.013478501931819
ws,425.9423855727446,1.0077055088582014
ps,510.9354496768896,1.008251712967382
es,446.54906344978696,1.0044690192525456
σ,890.6908585508091,1.0090563843364815
