label,ess,rhat
Overall,637.7019946607825,1.0050583360536192
as,503.26237887326926,1.0051408742146988
bs,806.271886460243,1.004218054568312
σs,514.8330010177727,1.0077862120208365
ws,564.2733954548643,1.0069923312304454
ps,658.5120469841245,1.0043034151226016
es,571.6633089048682,1.006659973761657
σ,1109.861196236743,0.9982750627220793
