label,ess,rhat
Overall,666.6227668561584,1.006975944238851
as,543.8398235344995,1.0072951881688708
bs,847.8394287528151,1.0048647348243014
σs,456.2613799861647,1.0134270199831579
ws,612.9143426947959,1.0112258479154248
ps,685.2451164048446,1.0054394241148175
es,582.0949367625466,1.0035999534646218
σ,995.9984287138823,1.0026786048933007
