param,value
Exponential mean,2.0842105263157893
Cauchy mean,0.8631578947368421
