label,ess,rhat
Overall,531.8236078609953,1.0065577424633319
as,471.80589213194656,1.0079309712308084
bs,609.9862021512231,1.0051231048775155
σs,466.50204504074884,1.0067788142093579
ws,461.08303579740294,1.006275773928091
ps,560.4502370347388,1.0066486275450743
es,395.3565874965627,1.0097477128833838
σ,909.3521548356285,1.001198411920825
