label,ess,rhat
Overall,472.2955690055022,1.006476601318301
as,350.32663374899704,1.008934074415572
bs,589.4231209420599,1.0043715189978455
σs,489.7245489573135,1.0052079945217673
ws,457.18693395064514,1.0064799944594476
ps,457.56621106321774,1.0067973929773204
es,440.8839821014542,1.0054155565661258
σ,1099.385669971282,1.0002173899943976
