label,ess,rhat
Overall,644.464617123288,1.0063090022243446
as,500.82460666647705,1.0065587910221783
bs,841.863662752106,1.0045948740001838
σs,450.93209050406256,1.0115806241591252
ws,491.83162126514736,1.0091157550822332
ps,710.9976398226954,1.005154291459371
es,561.8745900022653,1.0060886605280808
σ,911.3820314784281,1.0030911312115351
