label,ess,rhat
Overall,485.3280013892962,1.004868839807354
as,380.87719396740926,1.0043600964442627
bs,593.4062551132954,1.004295636959584
σs,472.26919470169213,1.008763846166453
ws,387.79924506428955,1.0094180242345283
ps,512.4671642616217,1.0028636342590038
es,442.8153150879871,1.0053855077614573
σ,1035.0802152115318,1.0013806350301493
