label,ess,rhat
Overall,1033.4174214889122,1.0041723219703713
as,806.5507203376121,1.0046374630447408
bs,1339.4449509626334,1.0036931408619127
σs,574.2846172188687,1.0042537541680918
ws,578.1820523977823,1.004795159794195
ps,1144.0019862768934,1.0039104096403135
es,1103.398175997692,1.0093993857820385
σ,1048.2212317418014,0.9988159323039277
