label,ess,rhat
Overall,883.5774721244838,1.0047775576251485
as,677.0423171869314,1.0048372699234167
bs,1143.9550530342683,1.0037191811822128
σs,571.2914014855395,1.0105698096642208
ws,680.511975595265,1.0037061142049948
ps,929.8566391381951,1.004961240785496
es,936.2499251202921,1.0008898777058992
σ,993.6185078253651,1.0165934468088145
