label,ess,rhat
Overall,654.6026275790856,1.0053629812640388
as,598.5509127202492,1.0057251687553026
bs,762.8057874043585,1.003776686683018
σs,466.8574256999156,1.009769766787163
ws,519.6962333382963,1.0058538320707668
ps,694.7352133755384,1.0052569926521988
es,712.8143326963807,1.0027841277791487
σ,1113.6087175262048,1.0073861824609194
