label,ess,rhat
Overall,479.99222467099753,1.0063083842480431
as,443.66310048967836,1.005664937395843
bs,519.2453704674026,1.0060722598605263
σs,469.4657468566887,1.0094748407110248
ws,428.8065888646069,1.0047230527779236
ps,486.82666553628974,1.0070295234774527
es,376.54895229315684,1.006151322062499
σ,1123.410936605772,1.0068968662959203
