label,ess,rhat
Overall,991.4343854068101,1.0047062234927262
as,701.481543656498,1.0045120618133638
bs,1354.5663268433889,1.0042139421871712
σs,566.9956072264606,1.0086875928052421
ws,577.477214006164,1.005405081293212
ps,1107.4572567913465,1.004759042608329
es,650.0225003796072,1.0024189671525958
σ,1072.64638581121,0.9983591250182062
