label,ess,rhat
Overall,529.4607486168454,1.0060726997167833
as,469.0653096753026,1.0058803360046538
bs,599.6468677152046,1.0052324906137797
σs,472.6748037073088,1.0120616220445549
ws,413.2381279821528,1.0112301376134747
ps,552.4820451986409,1.0045726170153175
es,374.09874858289226,1.0102262982692893
σ,1129.8339603748757,1.0078802175218358
