label,ess,rhat
Overall,659.4435637041885,1.0035180609872132
as,504.5170272852872,1.0028843916861028
bs,842.9385421502221,1.0037840184176905
σs,493.74659994682105,1.0056507898368863
ws,507.82655611661585,1.0030829375013766
ps,696.869524239255,1.0032271787800908
es,517.2047503244377,1.0085949206311002
σ,966.8791758313778,1.0125481694713327
