label,ess,rhat
Overall,792.88747938746,1.0047924228097076
as,637.2580696327834,1.0036462124080279
bs,1002.3131902480792,1.0051066860700018
σs,480.8689329729903,1.0096177162297457
ws,584.9499783173052,1.0056456022182083
ps,852.3919693425423,1.0045276914466557
es,495.7848892904304,1.0071764054536798
σ,1026.127154579413,1.0024934100462504
