param,value
Exponential mean,2.542105263157895
Cauchy mean,1.168421052631579
