label,ess,rhat
Overall,631.0052189396271,1.0068411076562387
as,540.0668317030515,1.006078544344672
bs,777.728407144918,1.0053482055942737
σs,430.17993545225147,1.0149607830009537
ws,508.7256986438903,1.0064444954711813
ps,675.1692123880387,1.0069022632613849
es,564.9362779158942,1.0084846697944811
σ,1082.233514877231,1.0067232838666431
