label,ess,rhat
Overall,804.4853745380489,1.0040857651230697
as,592.9879153301576,1.0038377623384895
bs,1068.0149960922756,1.0035514096630394
σs,502.6988329293032,1.0086234429418135
ws,596.9955861036157,1.0063175390070527
ps,862.4064747272083,1.0034513407658747
es,509.01788934230285,1.0048722083572945
σ,1105.0849970630843,1.0061839611922005
