label,ess,rhat
Overall,684.4934005481537,1.0040446967586314
as,563.4294453034755,1.0043396552697395
bs,830.5634912393388,1.0035680345696327
σs,539.45781495841,1.005098578090395
ws,532.6842330084926,1.0038462073143335
ps,721.6067081465721,1.0042802328120128
es,551.7445762031899,1.000204343255504
σ,990.2622949899203,1.0028015465341527
