label,ess,rhat
Overall,836.7952072328585,1.0031258419185072
as,663.6975020912627,1.0031760547618855
bs,1077.7123855181812,1.0028715010730092
σs,443.44226299924395,1.0043097843307995
ws,562.7369910958379,1.0049514916909015
ps,915.4294342799571,1.0025544052206177
es,621.194198739156,1.005692028839158
σ,782.2529196037848,1.0035146323071737
