label,ess,rhat
Overall,1046.930903466141,1.004592914688657
as,642.9576701512971,1.002504363315956
bs,1539.03406694869,1.0063244103333586
σs,535.7773084934487,1.0066638379110546
ws,695.1312666352843,1.0060317419498193
ps,1154.871201204883,1.0043371235778609
es,625.4352336567518,1.0036342884869893
σ,930.3835935955813,1.0015222132762616
