label,ess,rhat
Overall,520.7827586321595,1.0056094929129635
as,366.05072115396854,1.0058238068478413
bs,688.2548977664555,1.0055709732349911
σs,446.89016902674996,1.0045898862229095
ws,351.91033437837774,1.0071302216951532
ps,562.337136400737,1.0051937480475817
es,333.7683690921788,1.007352605398669
σ,926.670495865779,1.0038302760936015
