label,ess,rhat
Overall,480.10029144744345,1.0060524454246966
as,397.71859421690533,1.0055125422106537
bs,565.7574914873006,1.0050067797125786
σs,468.30848133389463,1.0117604935588755
ws,405.2728084310863,1.0086685381773113
ps,495.59398151992656,1.0048333982095676
es,411.2259849941963,1.0072851256925992
σ,1112.9427586656604,1.0038891994508738
