label,ess,rhat
Overall,662.5547084913256,1.0047084960676023
as,539.7515615591136,1.0037721608140227
bs,849.0535642714763,1.0032221711913867
σs,433.2501566387481,1.0134300725348622
ws,508.56173915060884,1.0097374624720217
ps,726.4007476298895,1.0024349684191787
es,590.6310767767545,1.002305813128402
σ,994.3205864064156,1.0082779839519775
