label,ess,rhat
Overall,613.1072230313955,1.0059922053440684
as,488.9069899006176,1.0082980264243429
bs,784.5177568203717,1.0033763693310955
σs,443.15014066188115,1.0071082591017824
ws,567.704321572743,1.00428658941727
ps,629.2634323942301,1.0067739864373904
es,572.6116001656952,1.0069682936997688
σ,818.8718428329258,1.0041811113278778
