label,ess,rhat
Overall,1038.6415476732252,1.0044630993552022
as,906.6123891226489,1.0035103003608046
bs,1260.2739568848594,1.0045925008924506
σs,518.9426938390894,1.0092388046066667
ws,688.2589146452686,1.0051577332027866
ps,1127.3637884051525,1.0044518744175412
es,1102.358764821844,1.0028830163445175
σ,857.1311545789487,0.9998264562132845
