label,ess,rhat
Overall,858.7417805022907,1.0031886770946234
as,713.0795312132378,1.0025481127457712
bs,1039.665184148271,1.0040304377125226
σs,654.2270852321099,1.0020217387341506
ws,737.6074923918692,1.0024271466935901
ps,877.1050243797109,1.0034908923778931
es,1109.5155349813722,1.00205604538984
σ,929.370022753013,1.0000859717196446
