label,ess,rhat
Overall,680.7133681306935,1.0031161501876182
as,554.6188639690927,1.0027880866556833
bs,823.5822879846322,1.0038663638143563
σs,583.4217571151319,1.0006676796377605
ws,486.0065704788692,1.0055145290236498
ps,713.8093346069996,1.002634430957774
es,777.2796356235799,1.002167538722333
σ,1235.456014104113,0.9993553501183399
