label,ess,rhat
Overall,504.25077702628903,1.0072822985091878
as,377.79500950489796,1.0088494735181934
bs,646.9985148067306,1.0057383537083595
σs,409.7573495237965,1.007147563301761
ws,357.7175427014806,1.010250949090475
ps,539.513130170389,1.0065746926332821
es,381.9938345506486,1.007602165267156
σ,814.5705229584719,1.0049838400612887
