label,ess,rhat
Overall,753.9095248316555,1.0039401606737848
as,504.2473943168514,1.0039162251427733
bs,1033.714740715498,1.0039685536159966
σs,579.0796296912367,1.0039143076888275
ws,570.4986296233916,1.0042795348800957
ps,801.2684249337357,1.0038807503841305
es,521.3390832977263,1.0051140213801957
σ,1146.7539454988473,1.0003716426886562
