label,ess,rhat
Overall,1045.9654084823094,1.002722723975915
as,648.7688294467799,1.001141793366794
bs,1533.6247608897193,1.0035877844752632
σs,521.2813229254047,1.0068747706125987
ws,664.6979997382774,1.003594344842037
ps,1159.704705919524,1.002546483007294
es,682.191730026017,1.000769882414886
σ,889.2353933369745,1.0046285231982974
