label,ess,rhat
Overall,823.5640204638358,1.005118817474213
as,561.5109844635931,1.0043004035191818
bs,1142.571560119574,1.005500135916219
σs,493.22789926196384,1.00765397144976
ws,549.1649286749611,1.006394209653059
ps,895.2800105013134,1.0047887758618441
es,636.579426397435,1.0061971665010576
σ,1047.954788264212,1.0034994106680701
