label,ess,rhat
Overall,503.06249445676974,1.006863011977131
as,411.55110396457303,1.0080772972636478
bs,600.3931783299226,1.0056123603791447
σs,482.11303828532743,1.0069939306984235
ws,476.7754562281964,1.0065105637870917
ps,492.84204730909676,1.0068613470817143
es,442.28597142876185,1.0104309897072654
σ,1205.7916250951612,1.0039997220781838
