label,ess,rhat
Overall,651.1814884685147,1.0073074644338764
as,601.4239062071722,1.0084598163667433
bs,749.7771212826337,1.004670300450267
σs,475.36450647851933,1.01265278781655
ws,529.176897207772,1.006877665603558
ps,701.0444304797368,1.0073595048787283
es,560.9625514878992,1.011858141948408
σ,999.2379652668852,1.002010643802487
