label,ess,rhat
Overall,621.3223672343703,1.0044937495981836
as,406.3209787267921,1.00515706989501
bs,851.0129869021682,1.003620251094317
σs,536.1248265050968,1.0057127831990123
ws,449.8895242549006,1.0043389881685474
ps,652.4747536845416,1.0041954353032092
es,686.4450872419425,1.0102385364407096
σ,1052.9564933646393,1.009180399227532
