label,ess,rhat
Overall,1150.362793493239,1.0027838039147217
as,908.5228611783284,1.0010737016787372
bs,1485.6467003346493,1.0040824404824564
σs,608.3877412395409,1.0051703047905698
ws,735.5815187445345,1.0031361732813704
ps,1258.4329856195877,1.002564732551453
es,1159.2131572207222,1.0046328587176259
σ,922.6681409579818,1.0053726873460056
