label,ess,rhat
Overall,1074.2732480300383,1.0034080449400513
as,947.7363676097216,1.0028978188919695
bs,1289.6382081565223,1.003907204215473
σs,559.0703857342727,1.0034722322214757
ws,632.9777972934929,1.0062719852402642
ps,1181.2750168968425,1.0027939201741634
es,1150.8733223586737,1.0010521158200798
σ,1080.5336026047198,1.0032306083400542
