label,ess,rhat
Overall,528.440778347095,1.006504883739194
as,404.40417975894485,1.0088132096083064
bs,653.0385028983535,1.004014790812879
σs,525.1862477610651,1.0075591326709699
ws,402.3405711191288,1.0071541955330765
ps,554.5436433161027,1.0062535523307619
es,357.775578441465,1.0056547746209477
σ,1130.0361463815814,1.0124772680538436
