label,ess,rhat
Overall,859.4968996604271,1.003122034927273
as,653.9098801719755,1.0012146889949938
bs,1124.3350501392304,1.0044103616186324
σs,515.8403399163858,1.0067123465246055
ws,511.7922557805336,1.0068199730598537
ps,949.9304430582375,1.002064613157035
es,634.4902914578247,1.003981289053578
σ,1141.155759529442,1.0077845140551225
