label,ess,rhat
Overall,700.4010987266498,1.0036988313044997
as,574.0539362769948,1.0028177073896611
bs,848.6651178309759,1.0040111265987313
σs,573.2833301295553,1.0069980373040237
ws,615.9888903089955,1.0064773281681008
ps,723.3790632419004,1.0030386144917105
es,512.2789373565361,1.0028570679638014
σ,986.6496257466916,1.0037308026365672
