label,ess,rhat
Overall,601.7384113432186,1.0048020107565914
as,470.98125189451025,1.0057267395798164
bs,781.9823788950557,1.0043057855371644
σs,423.58590217195433,1.0032593977829183
ws,537.4266813973717,1.0054092668239614
ps,623.331384964834,1.0043508840336135
es,529.680666311863,1.0060766213260528
σ,956.1773465940919,1.0066950116066524
