label,ess,rhat
Overall,1034.1184798594843,1.0047744076622185
as,919.247982066217,1.0029702975480428
bs,1240.559894992122,1.0057573041712617
σs,503.00715929113073,1.0095374465719906
ws,657.9727976621311,1.0056607763001753
ps,1133.4856420984759,1.0043997242370466
es,1014.765429189923,1.0050377122026846
σ,816.9489800952325,1.011596179334069
