label,ess,rhat
Overall,1107.432731044873,1.0033454929565526
as,863.4879155210765,1.0021792729408012
bs,1438.9045327516062,1.0042968888958135
σs,599.7762111838413,1.0045914726002
ws,749.5317957136708,1.0031463139580332
ps,1178.0636872319524,1.0034835171290883
es,1653.6471689121813,1.0002228644376345
σ,919.529182304878,1.0053557376949087
