label,ess,rhat
Overall,853.8851401266597,1.0050228905959855
as,708.8590455175232,1.0061432302966116
bs,1034.9865260583101,1.0035226005603382
σs,644.6484504560782,1.0072266025391037
ws,707.4554995335085,1.0042223311667737
ps,881.6996869466651,1.005260978319281
es,1016.9367297160467,1.0067483611593506
σ,949.839400705445,0.999750451901588
