param,value
Exponential mean,2.542105263157895
Cauchy mean,1.0157894736842106
