label,ess,rhat
Overall,502.84553138439486,1.0091672698186962
as,415.9370937333172,1.0089453638869266
bs,600.8215695601493,1.0077281051314275
σs,463.0021694955585,1.0151471240472347
ws,433.91059011154033,1.0107391514917705
ps,514.3917612922802,1.0089069322720436
es,469.6575907547531,1.007158914362759
σ,1096.2387303129158,1.0010901768666547
