label,ess,rhat
Overall,617.8556880755668,1.0046870833266743
as,480.5315206121403,1.0035780839024928
bs,803.8815538755803,1.0038398317678086
σs,442.5295740638534,1.0117295868656444
ws,556.113646573468,1.004709979979908
ps,636.3755533568328,1.0051794825711382
es,566.1366750304575,1.001349910982359
σ,980.6817148780565,0.9982842878204335
