label,ess,rhat
Overall,485.44416467417767,1.0077783854070819
as,447.25252425904404,1.0075354877286813
bs,525.8640365925299,1.007051130289088
σs,477.4225312625904,1.0112709354740992
ws,418.1376938490275,1.008485048009502
ps,496.69951231004205,1.0079612246566068
es,435.6311044618391,1.0041405741601581
σ,1100.1088964681817,1.0018202361842297
