label,ess,rhat
Overall,1031.870542555524,1.0031987562833549
as,714.0561040793059,1.0029291980684714
bs,1432.4115523925373,1.0029192527069746
σs,552.0564286629136,1.0063833146726873
ws,602.3490776701276,1.0033908471234962
ps,1154.369571048953,1.0031427375012787
es,697.8989794419729,1.0028495598801475
σ,974.1178797228021,1.004280960547739
