label,ess,rhat
Overall,733.3897878909856,1.0044342218178184
as,559.0827737781962,1.0034254137179137
bs,947.8523080918211,1.0044186390093826
σs,500.48785258031796,1.0103756890861917
ws,512.9389637675632,1.0075595272031335
ps,793.4217164201854,1.0037383658246908
es,487.8220367200332,1.002680934658172
σ,988.4026103123796,1.0038382191834496
