label,ess,rhat
Overall,660.7803408613933,1.0024512036767217
as,605.6167313766153,1.0027443938016327
bs,784.6197496339141,1.0019969625296055
σs,413.5474634255188,1.0030309873566596
ws,581.6005959278514,1.0033500868630625
ps,688.6162719197092,1.0021509467482352
es,594.5448588947525,1.0026942946821997
σ,1019.6740364809629,0.9989851035703255
