label,ess,rhat
Overall,531.3819347343904,1.007228736884452
as,452.6021791066453,1.0070676590229548
bs,646.1284299149725,1.0044152348710984
σs,401.90167234417805,1.0179372244339135
ws,438.56814674182334,1.0097960088881976
ps,566.2556919306529,1.0059170426997723
es,453.6522625317988,1.0033759777986695
σ,893.8890479475517,1.0182310398127328
