label,ess,rhat
Overall,661.7081558469141,1.0042281919593858
as,560.4162048687546,1.0049853511825313
bs,817.6190370919816,1.0028378618569584
σs,465.0800068860461,1.0065076071247996
ws,545.9214454845084,1.0037150227298646
ps,713.2179497465781,1.0040178082016495
es,549.7766560024132,1.0094690319132353
σ,935.7570384935217,1.0053745205070743
