label,ess,rhat
Overall,472.79093207769904,1.0069876014086356
as,348.4048415355345,1.0087532068430187
bs,602.538182467018,1.0047065549263867
σs,453.4907566279433,1.0088431891809535
ws,425.1270818488597,1.0053916561564762
ps,481.7696505861114,1.0077237093986353
es,351.5157834835443,1.0097029937404138
σ,1053.8607507933561,1.0015693520309976
