label,ess,rhat
Overall,628.6758191628028,1.0050546669875389
as,580.2637090626845,1.0040363981132687
bs,728.8883815544584,1.0058654899896646
σs,442.19419091326864,1.0058014721272583
ws,575.3117614703075,1.005126480579873
ps,644.3891499457305,1.0047608618758441
es,563.3172853990716,1.010881247380678
σ,991.2149786440917,1.0001786759973161
