label,ess,rhat
Overall,453.9362156612376,1.0096831232374603
as,337.5894433703306,1.0155062630218719
bs,583.427636954057,1.0046560943360445
σs,406.61547925435355,1.0068171240586758
ws,401.87066550565015,1.00517352755694
ps,468.5095722108878,1.0119687338595311
es,376.6479950538329,1.012247051352272
σ,854.3919884521928,0.9992445390002377
