label,ess,rhat
Overall,630.4853137773545,1.0045256695133784
as,531.2816909873308,1.0043712297761032
bs,775.3737530821262,1.0037725171868155
σs,466.01997432426225,1.0077930009431952
ws,524.5884895736693,1.00620877007905
ps,669.9136431829494,1.0034564874020717
es,575.7951481849361,1.006630155175598
σ,985.4909708609515,1.0079182262948538
