label,ess,rhat
Overall,935.1967296305994,1.0035611244495084
as,735.8676970166306,1.0027807946926892
bs,1198.4965363590104,1.003939084916584
σs,564.166239766832,1.0058948663300207
ws,713.5758936464894,1.0028960409111527
ps,987.9962114984787,1.0037424468280618
es,1112.545459275318,1.0017663543477793
σ,705.5741724922628,1.0064281929426675
