label,ess,rhat
Overall,699.3550716944552,1.0038357558262294
as,535.7038246092358,1.0029195290672142
bs,883.1978426664936,1.00435513176784
σs,582.2442331509085,1.0061374905671763
ws,452.9807623683068,1.006710104535595
ps,753.1527718025035,1.003025324687744
es,742.0278181575611,1.0052147644593836
σ,988.2116854957101,1.0054862486948277
