label,ess,rhat
Overall,466.7795681496446,1.006841817050715
as,374.35757356101306,1.007167328589361
bs,565.6220231197358,1.006135435368377
σs,443.66591077639043,1.0082129495680054
ws,420.01958780741035,1.006279219059169
ps,477.60144186594516,1.0071766952668355
es,338.3039672942796,1.0096404106022563
σ,1003.4818173433729,0.9992889722270512
