label,ess,rhat
Overall,607.5258828852288,1.0061230477550969
as,473.6825698595664,1.005648025358551
bs,785.9374987163685,1.004908799160316
σs,447.07999278551114,1.0122044233238732
ws,522.7892613034847,1.0099585868532885
ps,643.3980172172979,1.0047011451171204
es,472.41779699577023,1.0054614155881407
σ,961.9060210112806,0.9983893114980948
