label,ess,rhat
Overall,724.8181605049721,1.0040270842156171
as,527.7178676941659,1.0026793785980155
bs,946.1821998296185,1.0049462400469606
σs,584.0884307246987,1.0065126729759182
ws,549.3215666965245,1.0062579945182808
ps,769.731841457775,1.0033928271151746
es,532.0091441225184,1.0036408034431594
σ,1060.5386332367032,1.0084730629498273
