label,ess,rhat
Overall,909.8791930221474,1.0039327040774748
as,703.5265968799557,1.002854619968587
bs,1171.9076678585845,1.0045077796922472
σs,586.9590965955234,1.0068501533433447
ws,564.687219415631,1.0040740798783923
ps,1003.6140476310939,1.0037791691271523
es,600.5901631924987,1.0049671577551007
σ,1171.4879147302047,1.007536964726707
