label,ess,rhat
Overall,534.0043119537538,1.0056889604789885
as,414.6218097771178,1.0078014287351427
bs,661.4971637130722,1.0037047523377902
σs,486.9642843741964,1.0049450518122434
ws,397.889294938092,1.0074761635822276
ps,566.5783139625104,1.0052545956450778
es,369.1433987045434,1.0078141248120471
σ,933.5542462197998,1.000841706601728
