label,ess,rhat
Overall,25.878575419996302,1.5118639247653176
as,8.93681699991668,1.513959452739632
bs,48.132524003265736,1.465242031480933
σs,6.7546908325129404,1.6721588398815694
ws,30.423798042036932,1.4695677714591344
ps,26.018437384677853,1.5015190909345046
es,6.227185544996887,1.8596738099099006
σ,7.002272623787058,1.5927636737514763
