param,value
Exponential mean,2.8473684210526318
Cauchy mean,1.3210526315789475
