label,ess,rhat
Overall,471.5974054308735,1.0065076789859946
as,394.6295541487408,1.0063958526163466
bs,549.0298145314032,1.0071800377802171
σs,469.92499728464526,1.0044897622575273
ws,438.6324107739649,1.0083352933440652
ps,479.3590181641143,1.0060019723219868
es,396.90870924275276,1.0053411174009916
σ,814.7528026257592,1.000057803123356
