label,ess,rhat
Overall,606.6633352075411,1.0036187143749118
as,506.28749233748164,1.0027914878324826
bs,740.2912249177292,1.003951268043035
σs,486.9559665830769,1.005399536722417
ws,530.976276944297,1.0045032965596614
ps,627.1375228530453,1.00279781807836
es,523.1002815935971,1.0039505749390867
σ,1149.7052628112483,1.0136833107399306
