label,ess,rhat
Overall,615.633428167117,1.004980014222654
as,515.3475024547539,1.0048808228603383
bs,755.5115706870242,1.0038000458135454
σs,473.10144765995955,1.0095849893997828
ws,510.48949518980754,1.00588026346354
ps,650.5212619292099,1.004463179444467
es,592.4720113347737,1.0061931542283862
σ,1016.5997797451093,1.0051884475534225
