label,ess,rhat
Overall,518.9070980628084,1.0051840411355133
as,401.91803590285963,1.0063494333550032
bs,647.9844789178073,1.003858011601716
σs,448.794849631516,1.0061157375584977
ws,340.4728392345444,1.007078382157226
ps,563.3317307960109,1.0047050632621164
es,335.85942512793883,1.006075916145233
σ,893.8311786779894,1.0036591367785777
