label,ess,rhat
Overall,1016.2502016723053,1.0053060293679843
as,594.4323061510376,1.0068472195390963
bs,1514.0854430625927,1.0032033190786491
σs,575.3495956319912,1.0085628460536775
ws,632.3403926749323,1.0057256210624177
ps,1125.775663080812,1.0052436358610908
es,694.6470245357539,1.0037582657983335
σ,1009.1521163055421,1.0063613445049724
