label,ess,rhat
Overall,633.3084728921533,1.0037896300973579
as,492.2518635311619,1.0037862929932224
bs,798.4323147548848,1.0031535005126044
σs,493.7185243820606,1.007498536892917
ws,512.7413579608393,1.0054222791290846
ps,659.7846089525591,1.0033728571699305
es,498.36249319529554,1.0022374639980947
σ,1079.1512805621578,1.0073072744316898
