label,ess,rhat
Overall,797.1562569904282,1.0046821285304919
as,565.612524324243,1.0046160569794897
bs,1099.3479931058962,1.0034599569110931
σs,387.3978369845877,1.0121539389188186
ws,565.9560478278269,1.0068634566966945
ps,862.6987186023721,1.0043112504326823
es,570.3553856606873,1.0032949223651122
σ,879.1223522278086,0.9990827515616867
