param,value
Exponential mean,1.3210526315789475
Cauchy mean,2.8473684210526318
