label,ess,rhat
Overall,511.27219330806486,1.0066432395734664
as,464.94826190022076,1.0059041361720549
bs,586.7135401967415,1.0057218379005972
σs,406.44949757706826,1.0126210578408785
ws,496.46775468351535,1.007644444637913
ps,505.1955084513685,1.0061368271141078
es,473.5552518203225,1.0075487334720572
σ,922.3531460522472,1.0059845149462643
