label,ess,rhat
Overall,582.0909899716245,1.007213673776769
as,494.26513760811093,1.0092332841519485
bs,711.1688683349777,1.0043941180272253
σs,433.58369637220073,1.010093477124482
ws,498.7180458210167,1.0079783783640015
ps,618.868413149702,1.006734558417024
es,456.5971436322252,1.0063155425068275
σ,877.3410098276978,1.0122904806232376
