label,ess,rhat
Overall,503.2778299225234,1.0060433330998932
as,448.3561575050669,1.009039160107603
bs,576.2438289987201,1.0028700999493492
σs,438.31825395105824,1.0066819952140975
ws,476.27293649629246,1.0071316936273795
ps,511.4511736798223,1.005280830151303
es,413.1167988513848,1.0097899191352346
σ,795.1516754897979,1.005314911362727
