label,ess,rhat
Overall,492.91667407763157,1.0079481407636
as,381.43323338040875,1.0097391901247224
bs,613.9464902743453,1.006743674192578
σs,458.5497222794649,1.0058364427192397
ws,456.22278956871963,1.0060205747458346
ps,496.3928929869037,1.0087860805518942
es,424.570038978776,1.011461032108226
σ,979.5548667412119,1.0022667157918874
