label,ess,rhat
Overall,688.8662813030465,1.0040953688837486
as,532.8621424609812,1.0037643635981146
bs,875.7178114592272,1.0044769159654114
σs,509.95141168118045,1.0038022264667823
ws,489.4740275699093,1.0039913365378872
ps,743.1748472016448,1.0040467885099091
es,438.22745393788557,1.006899619878
σ,976.0398176983103,1.0020671129898862
