label,ess,rhat
Overall,959.1370960913313,1.004362380925409
as,614.8355842204583,1.0041816285499976
bs,1382.6461983391935,1.0041471207162516
σs,499.73307190479284,1.0066592539159085
ws,618.009564086326,1.005890986352004
ps,1057.8244625829896,1.0038121092556893
es,706.5598180160509,1.0049562842545496
σ,820.8284447023495,1.0112443492945333
