label,ess,rhat
Overall,887.1184023662565,1.0041340347399395
as,650.8961592689686,1.0041596322893327
bs,1179.7413893781097,1.004055958697229
σs,559.9940876617769,1.0044384100011774
ws,598.2282462525433,1.0056195475051104
ps,963.9877329901736,1.0037926867005194
es,634.613481974932,1.0051744306100243
σ,1169.0822465654435,1.0006117957098752
