label,ess,rhat
Overall,638.1359581826118,1.0068189562690486
as,544.9625876360345,1.008930704504702
bs,771.1848446722329,1.0050978807393365
σs,494.58410078765536,1.0054125345276597
ws,546.8607034498294,1.0072349495010806
ps,676.0154868789942,1.0067880168765646
es,554.3530524812197,1.0076725086312326
σ,916.1370802728486,1.0009243569648851
