label,ess,rhat
Overall,452.2442694700466,1.0083185748613521
as,396.63447789428415,1.0063543871352003
bs,511.08003059580653,1.0093948505511354
σs,440.63077909005597,1.0115150581922796
ws,367.211629195305,1.0121491796822137
ps,478.9134983919672,1.0062831291475673
es,335.34838590305435,1.0138818544798989
σ,1013.0277679309969,1.0041463463323208
