label,ess,rhat
Overall,592.4789540908309,1.0049374734789853
as,494.51173422848103,1.005802899347811
bs,729.5367126687516,1.004003730021911
σs,451.75301471477707,1.0051834167966818
ws,518.0752963034142,1.0062816834389174
ps,623.0903934899062,1.0045545900651247
es,466.88481141204437,1.0050420425211142
σ,940.6137085214525,0.998552784635922
