label,ess,rhat
Overall,85.21702521728317,1.3662566684658197
as,47.67271108909383,1.3219549425153092
bs,141.77510316106597,1.3818173879049054
σs,16.7674754811466,1.469724291906947
ws,105.69569198457184,1.2890355132116387
ps,82.92877922450218,1.3984273803447858
es,7.203850894801448,1.5691454467479324
σ,54.993768467087584,1.0506944660986426
