label,ess,rhat
Overall,53.36517631277655,1.4283159470472258
as,43.336120415263466,1.40064662253667
bs,76.18756062305606,1.4189051126056151
σs,7.309194026817488,1.561804519275023
ws,50.533619208710725,1.373497984291145
ps,60.010413942812676,1.4355192424017293
es,7.180133354328811,1.5770746326477698
σ,6.937769097522988,1.6013284497020035
