label,ess,rhat
Overall,490.68299800053296,1.0071327940732941
as,383.1683484031882,1.0070170445728626
bs,611.0231105295926,1.0065112740275042
σs,416.2953129965875,1.0114089574413794
ws,368.17826602254286,1.0122237401647032
ps,516.8973847136402,1.0059909922160755
es,332.62818012651667,1.0078589881714277
σ,1018.5588552553013,0.9993955419266047
