label,ess,rhat
Overall,781.1354709254238,1.0042821616497362
as,649.4637844057935,1.0040000118990307
bs,951.9970952571625,1.0038911436156222
σs,553.8338316151946,1.00818653480169
ws,548.2824625261793,1.0044448018148693
ps,842.2248154301915,1.0042406619913948
es,591.075787666019,1.0040565926421139
σ,1023.2024020063162,1.004773601283754
