label,ess,rhat
Overall,799.6412236170642,1.0044359175901414
as,582.4754304838244,1.0043702626087487
bs,1065.3649474975853,1.004256233616157
σs,518.0052252828293,1.0058588835313291
ws,530.9780306584049,1.0066602459704723
ps,871.8592120589233,1.0038699815633685
es,544.5924972642068,1.0065647229644512
σ,1067.2335466174482,1.0006512955626579
