label,ess,rhat
Overall,520.689038776124,1.0059519479794579
as,432.0689495879742,1.0071579692209094
bs,631.2418483494264,1.004007757795456
σs,393.47926054224,1.0102333278462496
ws,371.4382492210784,1.0052859434999883
ps,557.7960143857038,1.0060927859645654
es,386.8782322094305,1.0047591873343704
σ,798.1852973102341,1.0095692997381187
