label,ess,rhat
Overall,908.3650923008452,1.0021548706914076
as,598.863445166823,1.0018538368578034
bs,1283.486583788655,1.0026143402582648
σs,527.7699950488787,1.0012359434385407
ws,546.0422853090928,1.002520173492328
ps,1011.0877802644745,1.0021307712881187
es,576.2424112508581,1.0016703116204946
σ,989.7951160476422,0.9998971265800638
