label,ess,rhat
Overall,857.159641518634,1.0042484073097053
as,659.2450331631461,1.0027375424500817
bs,1113.4963422735339,1.0044288465214983
σs,518.3115056020445,1.0119648760671234
ws,568.6583367712591,1.0076024489616533
ps,935.2988010439077,1.0031751701027225
es,616.9743751086161,1.0049971067666057
σ,1048.8661740940265,1.0140178945077105
