label,ess,rhat
Overall,476.7493881330393,1.0076954664916342
as,317.72403584673117,1.0119400867732853
bs,630.585896981907,1.0040602771670122
σs,506.8446800701939,1.0041607669408652
ws,326.2806744910766,1.0090746511612707
ps,508.62103683135314,1.0073494220143469
es,300.58374258319213,1.010321396536186
σ,1104.8661054172271,1.0025035252766905
