label,ess,rhat
Overall,510.93657596505204,1.0051013324486473
as,406.90252710515455,1.0057458985811967
bs,624.9958447598656,1.0042296560345632
σs,474.8457841993559,1.0059189294621746
ws,472.3732727143029,1.004258342718808
ps,524.2329627787577,1.0057294766776423
es,349.3737118646598,1.0053145304947853
σ,951.1158860184887,0.9984590631605814
