label,ess,rhat
Overall,955.9393511211013,1.0057570129670208
as,669.6252511007517,1.0048229723213808
bs,1312.1416244031989,1.0058271288299871
σs,550.5879462029618,1.0107677767065288
ws,562.9358846510003,1.0067742904792578
ps,1065.2607800225358,1.0056330326119918
es,643.5421000641679,1.0040246941036828
σ,1049.3468636073123,1.002965377588256
