label,ess,rhat
Overall,668.6524313428642,1.0056978029180337
as,589.2827982441248,1.006099980523986
bs,775.3717329105347,1.0051009802563242
σs,510.02435422306473,1.0068267442414207
ws,545.722321143688,1.0072092457836856
ps,698.830384807179,1.005576511350345
es,576.8498111336796,1.0023351122576283
σ,878.877227864249,1.0001078651000557
