label,ess,rhat
Overall,1104.4076121239282,1.004112035136993
as,869.1096057404802,1.0035429906491464
bs,1424.9027836726061,1.00416558343013
σs,610.2640541655935,1.0071019130663104
ws,676.5459926058527,1.0045062431179757
ps,1196.7701449942156,1.0040289147379127
es,1470.5473114224478,1.001806334751719
σ,1073.06606996999,1.0079827192915967
