label,ess,rhat
Overall,981.7111493782097,1.0058108549653566
as,879.7361169199434,1.0055614789558762
bs,1178.8560430616944,1.0049001534708097
σs,429.7259542719403,1.012539304488715
ws,583.6417709664893,1.0079738970000105
ps,1076.0513973505676,1.0053002744422235
es,1272.152090785793,1.0046516022612484
σ,649.3299048305246,1.0066807210681115
