label,ess,rhat
Overall,850.380766957596,1.0030592253173065
as,1031.4771621489813,1.0022705792255613
bs,892.807896918845,1.0013061562672907
σs,492.74312671338146,1.007125969544123
ws,869.1162673319877,1.00181837462138
ps,752.2873079902851,1.0057471470059196
es,981.9378482557211,1.0017399601553603
σ,951.0013536725104,1.0044604338606364
