label,ess,rhat
Overall,591.4602532534767,1.0064413028701413
as,523.8709100675642,1.0061867860779201
bs,671.0738871104116,1.0065446616448033
σs,521.7193673615444,1.0073180193719877
ws,373.74854481537113,1.0103502952189163
ps,639.5156734716907,1.0053458312779684
es,544.9032472425762,1.0084822761499015
σ,990.454596058267,1.0080340845496232
