label,ess,rhat
Overall,956.8012562575867,1.0045452479273034
as,819.8623603491886,1.0042421151018395
bs,1162.1271464518923,1.0038815052758228
σs,560.1566893993206,1.0101531256935854
ws,634.8929493978156,1.0056178593818466
ps,1038.6713382928824,1.004217453647401
es,868.5776474725953,1.0053548187183137
σ,1066.3842184506225,1.0057888943260824
