label,ess,rhat
Overall,1122.3039383240864,1.0023120522623041
as,882.7497739556678,1.0006737189442232
bs,1467.172508267332,1.003537170878039
σs,511.48038599008885,1.0047086975359123
ws,724.0450292540576,1.0051616360312838
ps,1232.3874450301641,1.0015143310259786
es,1040.097050076565,1.00462648633269
σ,781.8163017677352,1.0017787982373962
