label,ess,rhat
Overall,877.0915756409429,1.0047834023608906
as,695.3194157320611,1.006941501721125
bs,1092.8762282745201,1.0027014043258853
σs,679.8191178377077,1.0043420146745619
ws,721.7328250744176,1.0048242194397305
ps,911.9685134142145,1.0049502061760718
es,870.7758005594644,1.0026704817378331
σ,1079.9351194851506,1.0005128555322393
