label,ess,rhat
Overall,786.9560535745728,1.0045986906264104
as,539.1770173421719,1.0029440502444469
bs,1086.9159721526546,1.0055282692272676
σs,484.306935969625,1.008804048956827
ws,564.3879971098545,1.0039755073152326
ps,847.205273313983,1.0049260896054035
es,581.2190053919591,1.0020473751642065
σ,977.2842800247396,1.0014643702932724
