label,ess,rhat
Overall,543.8857771519308,1.0063334141243638
as,416.8730807748834,1.007112168496148
bs,691.2156103473426,1.005243799043903
σs,426.0463836054183,1.0081364062346891
ws,371.0105370993479,1.0075717675049678
ps,586.0309353299302,1.0059215564076858
es,356.5329078459732,1.0084658755646376
σ,970.1268038508762,1.006977421077111
