label,ess,rhat
Overall,735.3993729199143,1.0050202548831264
as,492.9373103572745,1.005848446569783
bs,1017.9799181612685,1.0032137282628901
σs,502.71217338337067,1.0106945974978896
ws,509.53536732437095,1.0056151899275692
ps,797.6192579606209,1.0048654315887242
es,423.79792099651024,1.006729255751103
σ,1082.4158619593354,1.0018945507451744
