label,ess,rhat
Overall,961.9862144673945,1.0059019404064544
as,564.2338896319512,1.006195367737625
bs,1430.3611205497853,1.0046528379688202
σs,552.3752432350961,1.011444856023946
ws,582.2947999325081,1.0082725516327737
ps,1069.4406166163183,1.0052918272278604
es,571.6726977425901,1.0065958757264295
σ,1141.098919187288,1.0053521676231865
