label,ess,rhat
Overall,513.5535888103628,1.0071117161887786
as,453.11381481987183,1.0092726016568578
bs,579.4068790834533,1.0046780618100457
σs,494.06493019300467,1.00809368426713
ws,464.9413753213482,1.0086829399059398
ps,522.5555032663447,1.0062188294007164
es,420.2256262725256,1.0119746466859587
σ,1049.5062998986853,1.0017462270780935
