label,ess,rhat
Overall,534.0495875381501,1.0062096417955513
as,468.7273257376045,1.0079348235054908
bs,624.834835742307,1.0042776632792534
σs,442.38283648514926,1.0069541102984412
ws,426.9250402689884,1.0087487984044992
ps,570.7835489153706,1.0052531830840625
es,505.8919947552342,1.0046956008055
σ,920.7763445261834,1.003635770966983
