label,ess,rhat
Overall,673.6525036071909,1.0061845701759982
as,560.4335256969747,1.0054647182679994
bs,826.9944427405724,1.0054785299744333
σs,529.2098432037944,1.011317781770427
ws,617.9502013972666,1.009505901543973
ps,690.6577889077853,1.004986171521055
es,610.6205324421321,1.0034307633950474
σ,1026.006654640943,1.0029945723507305
