label,ess,rhat
Overall,667.8300553452881,1.004072371838258
as,640.7648398655276,1.0026994655716512
bs,767.384584814511,1.004830703043708
σs,406.86852498322367,1.0062848420584227
ws,551.1065071163121,1.0058125659786037
ps,718.5964825413022,1.003241802602222
es,635.9032293891171,1.005194815475512
σ,812.4391789089818,1.0025399550165377
