param,value
Exponential mean,0.5578947368421052
Cauchy mean,2.389473684210526
