label,ess,rhat
Overall,505.9331586030759,1.0043920947247946
as,460.46828084189315,1.0039434691931408
bs,555.9293333226165,1.004586213675745
σs,489.6204895529887,1.005308318415326
ws,438.24078706310155,1.0050818415115106
ps,524.6724425656658,1.0041005630046984
es,408.46421545123445,1.004623716694849
σ,1025.9581203591163,1.0032317140665914
