label,ess,rhat
Overall,1174.7196972224199,1.0042824000910295
as,1044.7713415348856,1.0024276576194586
bs,1385.8594429814798,1.005662463015327
σs,703.8096348075717,1.0070355414652137
ws,797.4992295186756,1.003964294529127
ps,1262.2855189019099,1.004517183223212
es,1410.7768110847985,0.9992582379990333
σ,1026.0916413270918,1.0068784006730906
