label,ess,rhat
Overall,1123.921356689131,1.004075725150435
as,925.452606071528,1.0029033724605931
bs,1412.1720235003058,1.0052312596664308
σs,603.1862427664164,1.0041732705587434
ws,616.656703757802,1.0045410720606296
ps,1244.621977716272,1.0039146224114834
es,1302.4282590194853,1.003813986979001
σ,1060.4535779016167,1.0067479700406423
