label,ess,rhat
Overall,516.6851476407126,1.0059854826955565
as,441.78974643264354,1.0054619754137712
bs,626.5781162286868,1.0057842529432155
σs,390.6939050730542,1.0085945360184092
ws,483.8172322418325,1.0055981500376519
ps,526.1492388815946,1.0060420495038125
es,437.73112460622895,1.0104757190416236
σ,822.9418062333092,1.0001822648836112
