label,ess,rhat
Overall,444.09354894648874,1.0099912864708942
as,351.0772496630448,1.0117734615742435
bs,528.0434048137986,1.0086436580409273
σs,476.732745244571,1.0084269184467156
ws,394.7558098945635,1.012980375329015
ps,456.5931906866847,1.008010918481524
es,245.26392406854686,1.0196779620841543
σ,1108.8149820803778,1.006238436670542
