label,ess,rhat
Overall,660.8657336074855,1.0053652562356676
as,579.0304968245214,1.0053773142822324
bs,787.0624606265795,1.0044153302100267
σs,501.16436875741726,1.0087415809603382
ws,552.2049246795292,1.005978025811168
ps,696.8626255830466,1.0053957275310446
es,651.7069836687335,1.0033098760830523
σ,1047.1937492558789,1.0013305279550822
