label,ess,rhat
Overall,956.6023422752011,1.004233699683946
as,780.8305375515342,1.004614740877262
bs,1175.4043048844997,1.0036904013728758
σs,707.027426538534,1.0051747909669193
ws,816.7065020075842,1.0041942357256497
ps,967.836722973646,1.004326073488999
es,1457.2625133501128,1.002972946525781
σ,1094.7818098114208,1.0027948308572827
