label,ess,rhat
Overall,745.229420215581,1.0039585731159357
as,602.4810159696544,1.0038237931200413
bs,925.0575931786332,1.0041476837885517
σs,530.1667616562497,1.00364345519095
ws,438.9175901087121,1.006589904933283
ps,809.0481051055322,1.0030486962854621
es,947.8453894786696,1.011385279246866
σ,952.4425682541525,1.0012032669086428
