label,ess,rhat
Overall,1098.4236973209731,1.0034385831786439
as,913.3508306771832,1.0020618550124454
bs,1354.4958392483586,1.0045344515824566
σs,686.6279006761202,1.0050675698004852
ws,680.7364233034563,1.0025391252408735
ps,1189.5864146010435,1.0036595181259174
es,1354.324142391392,1.002224473508003
σ,1223.0596659469654,1.0060554203040548
