label,ess,rhat
Overall,694.9088658103158,1.006191060453809
as,627.3505612194328,1.0072169919112663
bs,811.2589934294169,1.0045372786063271
σs,519.2583029087297,1.0084513218578954
ws,535.320917952161,1.0065137978702356
ps,758.4753679790241,1.0064555715246317
es,607.3864999929854,1.0034597662472469
σ,1132.279915356416,1.0009035120284122
