label,ess,rhat
Overall,575.7439089976822,1.0056777315851009
as,471.97661677368797,1.0055047192807312
bs,712.6196188928016,1.0047721996326138
σs,456.553605381631,1.0095604909097822
ws,474.40121195244825,1.0056901494810602
ps,614.4785378279056,1.0057740027027926
es,507.4777252130233,1.0060653237745791
σ,921.2882915239933,1.0022504833946382
