param,value
Exponential mean,1.6263157894736842
Cauchy mean,1.6263157894736842
