label,ess,rhat
Overall,641.6227277550944,1.0060737655351921
as,540.7683943966572,1.006275369719496
bs,797.5909850439166,1.0047647135717697
σs,443.21260160570836,1.0100605775400195
ws,573.4329799848421,1.0055608844749033
ps,655.1963680769919,1.00622707772201
es,685.5805726330773,1.0090977388167865
σ,1019.0693628728249,1.0021942748382155
