label,ess,rhat
Overall,599.0195154658719,1.0051020373600297
as,480.35832996694364,1.0045129573864076
bs,760.2530294413552,1.0039338533726156
σs,445.75913295027397,1.0114281876197588
ws,536.7342664587819,1.0067737172356013
ps,617.281786499049,1.0039729615579918
es,526.4100219755996,1.0098867369362563
σ,1016.8424436688903,1.0048284505536933
