label,ess,rhat
Overall,725.6373207597251,1.0045678400814269
as,544.2164278863769,1.0048358466282545
bs,931.0110823178908,1.0040221878081543
σs,586.7106823877866,1.0061781852948044
ws,552.8249772966647,1.005898441923427
ps,772.8034088061439,1.0043635287088104
es,521.5348564906378,1.0042421433701425
σ,943.6181446265355,0.9990589572855679
