label,ess,rhat
Overall,565.5108316015917,1.0050594803908366
as,435.1720399034965,1.0048109276694495
bs,710.4343793318137,1.004277706643667
σs,480.91924661525684,1.0110353739084676
ws,454.86757461562456,1.0089358445371712
ps,589.0937119922494,1.004119395243933
es,443.2557177647101,1.0048114532976102
σ,1005.7618843554028,1.0041632518726509
