label,ess,rhat
Overall,636.3428319087118,1.0040623584936679
as,582.5197224561547,1.004499053422889
bs,741.9493027015756,1.0031614967216964
σs,449.9227310836068,1.0057333591275668
ws,615.9855478971723,1.0045586460666607
ps,637.0584629740255,1.004153100924604
es,632.7270582426863,1.0019732950604938
σ,869.25537968107,0.9999257312797502
