label,ess,rhat
Overall,790.8595527629524,1.0054257464443952
as,628.4915263687274,1.0050865085073621
bs,1005.3133710703502,1.0049178061554
σs,488.76195966654984,1.0103393801553577
ws,571.8037172863329,1.0052032477232753
ps,851.5719844896915,1.005648282886632
es,567.5444407315922,1.0016495137105956
σ,951.9630796616287,1.0049664473380642
