label,ess,rhat
Overall,542.3974642910495,1.0054306328802929
as,410.0727912039353,1.0058673808053207
bs,695.0412794842575,1.0044138162011926
σs,424.54644007570386,1.008795031653912
ws,384.9459521494285,1.0070069353337947
ps,580.8494998344096,1.0049723369524624
es,372.0855507830416,1.0095295178007528
σ,926.741730925231,1.00031543813322
