label,ess,rhat
Overall,506.75129878400867,1.0057843109349065
as,432.85211510326405,1.005287707778181
bs,598.9494437026938,1.0047422315966859
σs,440.8750383274225,1.011323567916713
ws,433.7296533916333,1.0106927007344424
ps,530.7303364782829,1.0037766999926272
es,392.4863490290538,1.0045317224372656
σ,988.0859629512912,1.0015866948350214
