label,ess,rhat
Overall,502.25111479380257,1.0077610580345286
as,428.1286371805329,1.008014779252585
bs,572.8624740915994,1.0067595022489428
σs,514.8911407295041,1.010453262477634
ws,460.6598129194853,1.0069980782974275
ps,494.0182108826067,1.0084863565819808
es,436.9998793620776,1.0067974000968882
σ,1345.9047098401445,0.9999863685212663
