label,ess,rhat
Overall,651.1650505807826,1.004370268649534
as,598.1693293648615,1.0052485037287047
bs,751.5783182075011,1.0029743386170975
σs,480.4618835019129,1.0062339704812886
ws,572.6615155033289,1.0045949985694065
ps,678.4304882586932,1.004670562143705
es,621.7625550104352,1.0012568142677813
σ,943.1110830252479,1.0000927875261054
