label,ess,rhat
Overall,586.0899305659592,1.0069943857037142
as,485.71559176426695,1.0090011404377373
bs,731.831260828037,1.0038651315674556
σs,422.7687613085701,1.0110353835517625
ws,525.39699136304,1.0080820624606968
ps,603.8282129954863,1.0069483891751332
es,519.438300191049,1.0032531239319487
σ,986.5131185831004,1.0026206979065624
