label,ess,rhat
Overall,1129.5190231184579,1.0037810350273242
as,845.0706550742441,1.0035648574346123
bs,1509.551069714083,1.0040293502061075
σs,575.1336875202763,1.0035946370281086
ws,708.4174301630042,1.0035048384304193
ps,1245.455286426097,1.0039305730491688
es,971.4326690563719,1.0028893188373802
σ,933.9702079414052,1.0017010015215246
