label,ess,rhat
Overall,533.8975869937627,1.0062798956301608
as,418.04552058248726,1.0065633616198544
bs,654.7703919899775,1.0055093107641557
σs,504.77730320111493,1.0091051851127673
ws,320.26660062767104,1.0147824394646225
ps,578.074135494521,1.0044741034754219
es,464.8681611861498,1.0012158270541456
σ,1115.053946965694,1.0010555301961044
