label,ess,rhat
Overall,573.3546212581349,1.00588714868148
as,463.57585982240494,1.0077830461849848
bs,695.080113852039,1.0035654246742687
σs,504.06358054072626,1.008356942402973
ws,487.61618887772926,1.006246620406961
ps,590.4345787517883,1.0059879460714678
es,450.2903951646375,1.0004984731653477
σ,1028.5063023146345,1.0075125642885616
