label,ess,rhat
Overall,938.0552855256145,1.0039904581354673
as,700.999334526028,1.0030582613950276
bs,1241.1031428094211,1.004315920196722
σs,555.3022290771348,1.0075095192747399
ws,529.1639651505556,1.007483252577882
ps,1049.9250093184005,1.0031495055782158
es,685.6481510873583,1.005569815812402
σ,979.8186568490976,0.999283932220698
