label,ess,rhat
Overall,1034.8260167720055,1.00382339758839
as,713.9219566056732,1.0023912258783532
bs,1434.9289785716478,1.0049754516081408
σs,575.4723872988129,1.0054480801920453
ws,627.7814719621947,1.0024482109334303
ps,1145.4221482500736,1.0038476197871564
es,819.6997660069902,1.0089527515668726
σ,1040.9987450724998,1.0089042639501526
