label,ess,rhat
Overall,749.5998087836717,1.0053958228100064
as,551.5709036357573,1.0044562306041773
bs,975.8456542130778,1.0064700899513404
σs,585.9415551510177,1.004614708184079
ws,572.2843900627507,1.0077907008091478
ps,796.7828561982261,1.0046531091536688
es,524.8957784774551,1.012724319360272
σ,1062.0066181485286,0.9976505492239924
