param,value
Exponential mean,1.0157894736842106
Cauchy mean,1.6263157894736842
