label,ess,rhat
Overall,494.8110967735773,1.007043397807798
as,434.6914780105358,1.0040814062669774
bs,560.4474868162441,1.0086192282065682
σs,474.95072016692666,1.0120335779191816
ws,485.97786805496236,1.0083910033081922
ps,477.4992490607852,1.0066385355820144
es,487.8855017850102,1.0046000045121122
σ,1064.7690719066875,1.0062853362648172
