label,ess,rhat
Overall,545.6143719194549,1.0041552645523126
as,399.12252359594436,1.0025777544263168
bs,705.1196729921651,1.0054176350110167
σs,498.76594202233684,1.0052897673545664
ws,441.7181548911938,1.0064510947097312
ps,584.3063403416377,1.0030257451173008
es,418.89609381153514,1.0046498322361448
σ,1039.8143534976782,1.0049836726059478
