label,ess,rhat
Overall,608.1334123657664,1.006895583621942
as,504.2224829852969,1.0075196407511173
bs,756.8541728014503,1.005151865341691
σs,446.81802056699433,1.0109263637658141
ws,593.522863991083,1.0062973663036463
ps,609.246616144519,1.0070375887233032
es,500.03001146144527,1.0087865678486616
σ,970.7234964230419,1.0066000903526537
