param,value
Exponential mean,17.833333333333332
Cauchy mean,11.333333333333334
