label,ess,rhat
Overall,16.303075282462462,1.4707685357916855
as,8.842170978800187,1.5313025849911068
bs,26.21777864805337,1.3824565890453053
σs,7.469398659519413,1.570768966960737
ws,8.503710414494778,1.5658065898162843
ps,21.014557121584918,1.4017585088810458
es,6.422255935851191,1.7500227014474137
σ,7.1585645741133925,1.5660642558616744
