label,ess,rhat
Overall,20.119414136296317,1.6988807181506917
as,9.718660833403705,1.620382254772258
bs,8.493008988652754,1.7292685140565156
σs,99.41718455822657,1.8720791210520893
ws,6.796312647883641,1.9603025455095127
ps,10.12652908132139,1.543570999617619
es,5.759085953907711,2.4041848041897134
σ,468.5322997913738,1.189263299626686
