label,ess,rhat
Overall,460.82364057227005,1.0078303299396123
as,462.48172550181397,1.0046466528409077
bs,460.2843537506265,1.0097815920445197
σs,456.79596738382895,1.0122670239172833
ws,437.8990461907941,1.0137465932486591
ps,456.45101400409254,1.0048706306667152
es,402.1435674607432,1.0073336065274807
σ,966.9672101456526,1.0147807981506536
