param,value
Exponential mean,1.0157894736842106
Cauchy mean,2.694736842105263
