label,ess,rhat
Overall,574.477598155589,1.0036482493050873
as,418.0024372299816,1.0036448701166754
bs,757.6344527641565,1.0027950472487122
σs,478.4235008969314,1.0067319417863207
ws,450.89277980583705,1.0048768548801938
ps,620.8417176339185,1.0029539617800511
es,453.2209013197032,1.004517477488152
σ,1094.5417055878133,1.005218001688616
