label,ess,rhat
Overall,525.0412233844495,1.0053976532611926
as,439.9095830708435,1.0055503085473303
bs,628.2422515282677,1.0048502656898202
σs,459.99142719568545,1.0068186894880369
ws,466.93130277891504,1.0076832559816484
ps,538.1109778807918,1.0043447048964453
es,487.8339695608993,1.0040814799717657
σ,956.9611613930675,1.0079794246779963
