label,ess,rhat
Overall,489.73463682289554,1.0053170007228358
as,369.0543202225624,1.0035046868574853
bs,616.0284543840178,1.0064374970814742
σs,469.5260333640552,1.007807543747
ws,404.78253777836125,1.0079199817590656
ps,518.0224963373472,1.0043594431646055
es,392.69063482481295,1.0057830396490375
σ,967.763481977731,0.9980456469496659
