label,ess,rhat
Overall,475.9267695408389,1.0050742153221133
as,344.2182572595798,1.0049053819504354
bs,615.9981122177368,1.0041220647458104
σs,445.82058011653936,1.0091097575348429
ws,432.10086932961195,1.0055944364798386
ps,476.4914393480389,1.0048235475766476
es,478.1325120826052,1.0050913408794804
σ,982.7446720048276,1.0053146716967785
