label,ess,rhat
Overall,913.2015204287393,1.0033841956771394
as,713.8092262152985,1.0028899730403387
bs,1162.7143200975975,1.0036232452756162
σs,622.5025887873174,1.0048641992994178
ws,607.8468893465515,1.003208115261037
ps,978.8431136480957,1.00339858981502
es,1176.823598691511,1.0052643014351603
σ,899.4164623603482,1.0010460305360482
