label,ess,rhat
Overall,1107.538966160986,1.0037097637689283
as,810.7898518111865,1.0029627262888565
bs,1481.3854685574486,1.003640614328049
σs,660.3741154903424,1.0084436479104464
ws,723.3746983467744,1.0053229593917015
ps,1212.8503390740232,1.0032803153413978
es,1030.3804458600957,1.0039587029927282
σ,816.8813207075361,1.004467062369515
