label,ess,rhat
Overall,1331.4397355677775,1.004001539632844
as,931.964342087053,1.0022899945153232
bs,1843.0378427597375,1.0058993448352438
σs,681.1279960426076,1.0029212311405464
ws,728.0875108274878,1.0043999494521774
ps,1501.4056101122262,1.004126671461008
es,1052.4582051748748,1.0000437707862413
σ,971.2675151034969,1.0011298317421915
