label,ess,rhat
Overall,1069.5756895914353,1.0035604508970886
as,837.5124999149884,1.003301944185072
bs,1352.6689030206328,1.0036020349034038
σs,773.6015518254842,1.0048186025901544
ws,855.9401384388478,1.0020891617234946
ps,1110.1475492242837,1.003876401988943
es,1400.4684181084958,1.0028208239324514
σ,1023.9675840116457,1.007529522500473
