label,ess,rhat
Overall,651.296901841786,1.004145779042206
as,548.7151250646942,1.0044292056499033
bs,799.8729679802182,1.003871884007322
σs,485.7174601409599,1.0041114653800762
ws,606.6312873175491,1.0026343225303436
ps,666.6097056554664,1.004704685514028
es,553.2320301552061,1.0082207617011993
σ,985.2811203500922,0.9996017235991831
