label,ess,rhat
Overall,503.5595265677131,1.0068648817597305
as,381.15649927743857,1.0110970198380047
bs,651.3934354607189,1.001948557865589
σs,412.00835279788106,1.0093279506968538
ws,401.5289314927257,1.0090753881956147
ps,539.9142192680702,1.0062866999361888
es,451.677240232436,1.0028464633153005
σ,886.4692299288353,1.0034083688300683
