label,ess,rhat
Overall,654.8898700281272,1.006543287587531
as,576.6456494439254,1.0089821493419562
bs,788.3264388477685,1.004125607455438
σs,456.19741638054455,1.006467033747135
ws,507.09613959083316,1.0075164912514711
ps,709.5356816263721,1.006282413304126
es,595.0152622544529,1.0057813907751925
σ,1127.3727492686346,1.0031713686134571
