label,ess,rhat
Overall,475.62507165634344,1.0091128334674224
as,383.21233623770144,1.0089385605554329
bs,587.2117316259048,1.0073353250925363
σs,406.5989432730328,1.016139246100176
ws,417.76061995411345,1.0115319912006113
ps,483.6738697943702,1.0084259773843065
es,415.9435857828953,1.0054179931007425
σ,1080.0927122413002,1.005330879563535
