param,value
Exponential mean,0.8631578947368421
Cauchy mean,1.7789473684210526
