label,ess,rhat
Overall,499.2460708214812,1.005099166315105
as,341.38666401919664,1.0060901537482079
bs,647.8989718962811,1.0038608434972978
σs,532.3894914404254,1.0059895737000428
ws,438.21739901064274,1.0077643688249756
ps,508.35187623062217,1.0041448662865458
es,393.4972124611917,1.0031717257772939
σ,1206.3369086344524,1.0017834180148346
