label,ess,rhat
Overall,519.3637213390922,1.0068126638081405
as,442.30909394506875,1.0063178999944526
bs,618.9895775215342,1.0067881754409298
σs,438.1072977007854,1.008681971659374
ws,453.18507275062694,1.0067977525055114
ps,542.7116270840196,1.006988185947
es,416.9648412162791,1.004396592269217
σ,911.2597152781881,1.0072601669071852
