label,ess,rhat
Overall,637.899505596957,1.0042907639354854
as,549.2082444554759,1.00523639084194
bs,784.9194082420986,1.0028313145469867
σs,427.9163961837802,1.0061405248708444
ws,543.3653449679372,1.0044941033554773
ps,667.0356719200312,1.0044735118125496
es,633.7948758988484,1.0009047448687984
σ,1022.9783681414892,1.0038712842252742
