label,ess,rhat
Overall,483.6682188304695,1.006181628231683
as,364.53848107994975,1.008276444798459
bs,603.302998191827,1.0042219256360148
σs,481.85006903145376,1.005695217935696
ws,480.7971460514916,1.0054238013074668
ps,475.77122717564,1.0065962402806279
es,387.8767103551984,1.007063274844499
σ,915.0258921543169,1.0027323448240724
