label,ess,rhat
Overall,637.2398054111527,1.0047105410768031
as,564.7623852496519,1.0038720292146222
bs,765.1828220349926,1.005690053922923
σs,437.563658146732,1.0042029375346213
ws,614.8848838571419,1.0062091087907776
ps,645.2674048774136,1.0038698591175128
es,548.660130147661,1.0074941651152507
σ,873.9406284634832,1.0030182113737622
