label,ess,rhat
Overall,627.7107497979943,1.0046728040865816
as,535.1941136365899,1.003727686737636
bs,766.5382208214562,1.0044676069023097
σs,460.9917442945869,1.0088139364061655
ws,561.6370103095389,1.005798061629242
ps,644.819893607313,1.0043849663278046
es,562.4029025988414,1.0030197185974603
σ,1106.3735790154728,1.0019596662811026
