param,value
Exponential mean,1.7789473684210526
Cauchy mean,2.8473684210526318
