label,ess,rhat
Overall,439.1190456149746,1.007483719597988
as,373.82679998859953,1.0077157769179472
bs,502.2688846650629,1.0060464539297636
σs,446.83170928960755,1.0118224696517415
ws,374.0021504720999,1.0127324858301356
ps,453.42630885767545,1.0045975445438793
es,383.0929358203001,1.013627328184441
σ,960.5851626085998,1.0072518590461361
