label,ess,rhat
Overall,635.5072098484059,1.0054569069507613
as,555.0447420859081,1.0068205401680643
bs,761.9185397523775,1.0045582262750945
σs,470.0913061391,1.0037830778008725
ws,562.0031112222955,1.0048400543909173
ps,672.2851044472732,1.0056214843873053
es,439.85998716062795,1.0082876356817252
σ,952.6255791667363,1.002918666856823
