label,ess,rhat
Overall,537.4945030068388,1.0063942785094335
as,450.7758645999545,1.0063192461806358
bs,647.0629997474591,1.0061287162270727
σs,455.2350130053904,1.007620419109602
ws,476.50937805218274,1.0068966718433898
ps,550.3587512605064,1.0060066278281765
es,458.9422531704539,1.0104024246641612
σ,1091.950047540128,1.0024281839051714
