param,value
Exponential mean,1.168421052631579
Cauchy mean,2.694736842105263
