label,ess,rhat
Overall,470.0438756125042,1.007691816178397
as,369.83755933926204,1.0093110190055548
bs,574.4299396487197,1.004661922350965
σs,454.9967836658005,1.012770303779385
ws,449.1629522939717,1.0103220241707505
ps,465.31933810616437,1.0065459080066432
es,448.85599476662367,1.0079802559868791
σ,885.828692291492,1.0053460531187877
