label,ess,rhat
Overall,534.1838334883319,1.0066144395257943
as,447.0058360124797,1.0072030401058294
bs,637.1216090785633,1.0043190497091765
σs,477.4486322765668,1.0127588807774908
ws,491.8713987777632,1.0082914318899783
ps,538.3062970863714,1.0058697524752036
es,482.8059877738674,1.0063250564443837
σ,1037.5046878950566,1.0064311606337517
