label,ess,rhat
Overall,571.546669153865,1.004934446143106
as,472.03183245729383,1.0051294501407493
bs,709.028167200392,1.0035776657028075
σs,434.8666882940235,1.0091168413366638
ws,506.207378692091,1.0071309195781144
ps,593.3429017360182,1.0041848752154257
es,502.34382198030073,1.0034916242779282
σ,927.3218019062886,1.0009512527730486
