label,ess,rhat
Overall,599.2488140299075,1.0052441768296463
as,493.49357554452007,1.0060597285843942
bs,751.437457212868,1.0034728397139172
σs,432.0885571186444,1.0086850041291802
ws,528.4380044185547,1.00844448297833
ps,629.5115086020187,1.0038712428008347
es,453.0139048244194,1.0046154104384137
σ,954.6182889022275,1.0037943205770157
