label,ess,rhat
Overall,457.07646345229085,1.0061557836727781
as,371.7059576459091,1.0063907892644812
bs,554.6370138496299,1.0046132760110877
σs,413.1923029248439,1.0108627911247328
ws,398.2250826648517,1.0050836254859035
ps,469.2178211423997,1.0064574833628714
es,409.7281325744882,1.0091100251077987
σ,942.3143947143323,1.0052690071028039
