label,ess,rhat
Overall,640.2716760110673,1.0049135679094363
as,554.7510514318992,1.0072492451297164
bs,771.6859175830731,1.0024522850121278
σs,475.0546548368511,1.005365748346739
ws,570.0642267918804,1.0048210354866471
ps,662.440852921145,1.0047948407564726
es,543.9695941430326,1.0081886758566343
σ,1098.9666307153532,1.002560647065571
