label,ess,rhat
Overall,560.4042676458574,1.004293574390064
as,502.2033579127765,1.0035819038877076
bs,625.846509954255,1.0036395542832233
σs,534.3354703747179,1.0092100605831746
ws,444.41902284428414,1.0075956560951747
ps,603.7036567913299,1.0026904623419879
es,447.44123313205864,1.0027163416500677
σ,1052.369156510054,1.0095039726587163
