label,ess,rhat
Overall,616.0856580322233,1.0058049696441014
as,549.0354364248183,1.0038966815336101
bs,721.1677711131236,1.0063757122828814
σs,479.1708487276401,1.0106201333422633
ws,521.384382232882,1.0061056848898258
ps,652.2178117490628,1.0057431422094152
es,489.07170931095857,1.0057573592444684
σ,1067.0928684290197,1.0038991207965264
