label,ess,rhat
Overall,443.12740818544677,1.0071884297245888
as,392.7220464141099,1.0088015170189937
bs,509.07457375939623,1.0043770168073942
σs,387.17691449604206,1.0115024019666328
ws,346.1397704774593,1.0122118193766336
ps,472.98411884940504,1.0044937107745489
es,419.49276643675006,1.010947024725838
σ,877.9738669157725,1.0094532565986019
