label,ess,rhat
Overall,815.6423860172588,1.0042983123576261
as,624.1678927791414,1.0034273017088282
bs,1063.6646152477956,1.0044138870658008
σs,487.6655172612269,1.00867984081324
ws,587.7341829573245,1.0051902101408396
ps,878.7324955075622,1.0039519263463734
es,601.9519144837772,1.0061713470420768
σ,949.5965102688749,1.0064759981303062
