label,ess,rhat
Overall,1017.7755511429511,1.0044671663986826
as,720.8024915789521,1.004127495784581
bs,1393.5611140359038,1.0046742294843327
σs,560.6630318350202,1.0052362900637015
ws,664.4155435193662,1.0063518809875693
ps,1123.5827899818219,1.003968234604245
es,672.1077538897534,1.0062334946304992
σ,870.6837728665714,1.0022666610014175
