label,ess,rhat
Overall,527.2934924136189,1.0053048848737396
as,361.0995819096778,1.0062378823043465
bs,700.3352385264642,1.003878989793102
σs,487.5760458819721,1.0081636912439174
ws,379.15616411877755,1.0087144589138155
ps,560.8469028365749,1.004476209386822
es,320.3494571610921,1.0077364577477297
σ,1108.2658021548768,0.9993032740168858
