label,ess,rhat
Overall,514.0558543469101,1.0067940580771095
as,403.77028090477774,1.0109031752484274
bs,622.877432528387,1.0029280548590762
σs,519.3262372852698,1.0059188478452838
ws,465.7982728388923,1.0100776654663646
ps,518.9308242054597,1.0050692116311073
es,438.48325018377216,1.0128966727054616
σ,1117.5428244471113,1.0000315477453925
