label,ess,rhat
Overall,611.2303473957089,1.0070455876591997
as,585.8587309664381,1.007277280059061
bs,675.5004757541836,1.006488620751008
σs,471.1957044505765,1.0082165758891903
ws,534.3248053110093,1.0065577551375313
ps,639.8401778406325,1.0073740551848631
es,497.53104266734704,1.0089484319935003
σ,1017.6398703008205,1.0005537335833776
