label,ess,rhat
Overall,459.84399562599896,1.0065972809050618
as,403.6210023415402,1.009116909069559
bs,511.0009628658246,1.0032931252583797
σs,478.08168938667825,1.009421579840927
ws,415.15696530505585,1.0086305005807217
ps,463.64510213206574,1.0057480742958902
es,380.8956441020604,1.0083330747782921
σ,1055.1562933674563,1.0008064288891494
