label,ess,rhat
Overall,666.0448028200359,1.0055158305282528
as,588.1266420483425,1.0063212882280217
bs,809.9426124001656,1.0031256674384126
σs,428.51806710966537,1.0112207699325104
ws,539.847018713407,1.009292994816575
ps,716.8686785108099,1.0041146508161625
es,685.1306140171484,1.0036423357935251
σ,820.8258217452324,1.000367521052188
