label,ess,rhat
Overall,661.1785291375223,1.0047210106855244
as,631.4024454500864,1.0043466525477998
bs,735.9090246964702,1.0045990807929495
σs,499.3426464000805,1.0065076475946024
ws,540.4666254298921,1.0048767663965654
ps,706.9758972547678,1.0045948574024743
es,606.6236747676966,1.004772024472529
σ,1028.099511320355,1.0060298999383244
