label,ess,rhat
Overall,497.3222695913315,1.007310462366247
as,454.90663268249125,1.0079191503475309
bs,539.0336428512387,1.0071343131168928
σs,499.85761872748924,1.0057533229313016
ws,416.6270259950936,1.0086543762552296
ps,525.0478649682622,1.006701491629335
es,424.0751380983504,1.0086408891400342
σ,891.2939759319444,1.004355881310588
