label,ess,rhat
Overall,559.7761688917535,1.0038828896937981
as,504.1867031163357,1.003548241831042
bs,628.2037763350435,1.0035303312845423
σs,513.5588588874128,1.0063568322730396
ws,468.02027033977106,1.0045352055762644
ps,584.6838014498023,1.0035440695129731
es,538.7136827937078,1.0031178936138097
σ,1055.3734772023547,1.0063944159656173
