label,ess,rhat
Overall,909.1673473887291,1.0032622747848552
as,575.6291731513521,1.0028324255421053
bs,1311.0672748871825,1.0031976436804944
σs,512.6691784744871,1.0061302607981006
ws,572.5010799733095,1.0020060099532304
ps,1005.7555738658025,1.003632251986104
es,590.1884835628138,1.002822086598384
σ,950.8854131260726,1.00145892347736
