label,ess,rhat
Overall,728.6804447800426,1.0036819341088163
as,536.5362305660067,1.004448292178346
bs,956.0415997155975,1.0024176882229554
σs,524.4221885952353,1.0065696834435391
ws,530.8641762529804,1.0054961760821923
ps,781.9392931588724,1.0031240417038367
es,528.2263184950737,1.005578692119209
σ,946.9591974909108,1.0048963498465664
