label,ess,rhat
Overall,450.2585252117856,1.0112893921941122
as,401.4242759397526,1.014993837274301
bs,507.4952280625213,1.0081943871973988
σs,420.0096923284565,1.0090954078936003
ws,427.39148904089853,1.0104590867146686
ps,446.67606674113205,1.0117992171464305
es,398.7550439975332,1.0129261561219076
σ,920.8138419279275,1.0047240813315694
