label,ess,rhat
Overall,657.3598199333006,1.0061073521340334
as,562.1599049830257,1.0055054504108076
bs,810.452309431414,1.0051201911177
σs,448.94655156108354,1.0118279779964476
ws,582.6272902340327,1.0099206589809473
ps,682.5504066224995,1.0047520418372
es,655.3594583157724,1.003259513931876
σ,903.1956456404113,1.0012814140930544
