label,ess,rhat
Overall,652.705933939352,1.0053320526894578
as,597.2661211617485,1.0080084442958355
bs,752.5491631244645,1.0027648400623197
σs,492.85363487232036,1.004939008364196
ws,569.1838126385007,1.0030634280495359
ps,683.0417405375368,1.0065675012467252
es,608.5125193330714,1.0040165478529701
σ,954.627247209321,1.0030648955525492
