label,ess,rhat
Overall,436.7816295676361,1.0094209637020575
as,425.9210400438516,1.007466749773986
bs,472.74778037521094,1.0086042124258574
σs,346.40160894599114,1.019396438437435
ws,404.1665647530943,1.0146976456627168
ps,442.97346184232697,1.0069454990544047
es,380.474587649333,1.0111719819153298
σ,779.7888520367813,1.0069608245865815
