label,ess,rhat
Overall,521.6536035542455,1.0061550726611115
as,449.6625486085584,1.007692022609711
bs,607.4079162754273,1.0041912532333102
σs,472.1058755624648,1.0076918027862398
ws,448.31174961223536,1.0054610533468933
ps,543.3261920850626,1.006706171849205
es,433.132658555097,1.0058313135412558
σ,1015.3104390554133,1.0008022437810216
