label,ess,rhat
Overall,625.7311164948461,1.0046907971209704
as,520.0647552351745,1.0041804798462097
bs,780.6718329077289,1.0030894009891678
σs,448.34343794328413,1.0122929653846025
ws,550.8808735791289,1.007712324080135
ps,648.8194193814469,1.003535428136333
es,553.0674876849563,1.0024469880961098
σ,1068.9654140516066,1.0029596852613096
