label,ess,rhat
Overall,508.6604632258515,1.005847875830258
as,365.55859848734667,1.0057702924314986
bs,650.2478673608155,1.005941064207136
σs,517.44433472639,1.0057573669571707
ws,407.52176065874096,1.0064144431583413
ps,526.8213403263796,1.0058336673732446
es,391.228924228192,1.0055097415765322
σ,1085.4658712011442,1.0004073423373647
