label,ess,rhat
Overall,809.0541764546806,1.003576438597008
as,655.6949415443494,1.003498096170567
bs,1000.6424360169328,1.003465862951931
σs,587.3258334735394,1.0046721634118128
ws,655.4248182571006,1.0030273968530412
ps,846.4457343417181,1.0036500927233283
es,755.7245402606718,1.0045258895739884
σ,964.4709686358607,1.0047306395072884
