label,ess,rhat
Overall,962.8221351308293,1.0056472910685552
as,667.6897764760856,1.0072270070973148
bs,1346.1592821573308,1.0030715751321913
σs,451.23436257463436,1.0114240905326588
ws,592.9764837094474,1.0075148428273535
ps,1070.3468882737725,1.005288042226145
es,637.117313740989,1.004621618122321
σ,891.1914441058161,1.0025319602911276
