label,ess,rhat
Overall,795.3268218632464,1.00727982671262
as,555.7545161716624,1.0103428757265513
bs,1095.1894906335797,1.003303119206401
σs,445.6427160064969,1.0125790459678878
ws,548.0064347366839,1.0074867391674314
ps,861.9447229859908,1.0073664296146567
es,619.5374736083626,1.0067746834909304
σ,917.0909100000243,1.0016502244004868
