label,ess,rhat
Overall,712.8327179531108,1.0072570772347529
as,445.4939061646197,1.0090162378183205
bs,1016.895979776143,1.0049638678921224
σs,499.83090775276503,1.0103545600373158
ws,460.62944275540286,1.0071895254882575
ps,785.4167116402004,1.0072630724504068
es,420.7102557605309,1.006032096009448
σ,839.4852477304437,1.0102298902919185
