label,ess,rhat
Overall,15.6394453957094,1.662667062923356
as,19.186948471579612,1.6117792843298553
bs,14.52584256412313,1.617224447212233
σs,6.8774045162871955,2.009456482420003
ws,11.92218730926372,1.9145541604503622
ps,18.48055544630667,1.4711545095433711
es,5.108207621161883,2.6956648502833174
σ,7.4401566666234435,1.5533527057589698
