label,ess,rhat
Overall,27.695799052910388,1.3834514112388874
as,23.130383946779318,1.4308822829263275
bs,12.752712716016228,1.3281308330154522
σs,97.92640424780126,1.4118543547684694
ws,59.552352168704196,1.3385496076843317
ps,11.460998160089058,1.3966646723683362
es,6.807290473741534,1.660889731058314
σ,109.29900203507718,1.0238516248890286
