label,ess,rhat
Overall,23.339464788479148,1.4640717989831646
as,10.636080477047422,1.449574691599088
bs,39.11421988205435,1.449133250843821
σs,12.282529972762632,1.570040158867476
ws,11.31042694756074,1.405540651362351
ps,30.744975195510758,1.4802400449777353
es,7.404874793601069,1.5373838932582382
σ,7.013828286434317,1.5994469860239346
