label,ess,rhat
Overall,634.7526053341604,1.0065669624675626
as,548.606876430162,1.0074939406039927
bs,759.4858554838306,1.0040372351720455
σs,495.8375288497429,1.0123368594402762
ws,592.6001138230849,1.0047888845604052
ps,644.2945118405502,1.0072808872608907
es,500.93204586876277,1.0086026162710269
σ,1160.1340532317306,1.0052705451199937
