label,ess,rhat
Overall,593.9603550724762,1.006463755285991
as,497.86130158117544,1.0062739092208488
bs,727.8269574409871,1.0048328647615785
σs,457.9971791145199,1.0130184070083887
ws,551.7435399381894,1.0063484229191662
ps,603.5969596849819,1.0066150923297754
es,430.31781755444433,1.0073250754981256
σ,1177.2954917948355,1.0021903401252275
