label,ess,rhat
Overall,513.1670033354649,1.0053074453092892
as,463.4110747159931,1.0059190149412145
bs,582.4306083843524,1.0033307407477838
σs,442.93936818956837,1.0102219310557765
ws,464.87317554471815,1.005240077713571
ps,518.5478725248744,1.0052804478509623
es,465.81841042401993,1.008066065264361
σ,1047.4875237226645,1.0013005504642596
