label,ess,rhat
Overall,615.8489235030257,1.0045800123967952
as,521.9183335768083,1.0052565718496511
bs,762.1275772454691,1.0029056195505417
σs,427.3958937646121,1.008172212613028
ws,588.9336505652954,1.0055854045624266
ps,629.6788883063897,1.0039797151241099
es,478.05682469390223,1.006347114466733
σ,854.8373114865722,1.0045888313591682
