label,ess,rhat
Overall,652.5191976059449,1.0043635122468524
as,594.8970732194817,1.003976287491659
bs,755.0295363063884,1.0044944287954063
σs,490.92162607561494,1.0052862217907568
ws,568.6054233088403,1.0050407537868968
ps,685.7246301676086,1.0040086271020163
es,532.2023632468099,1.007020554450051
σ,1036.7769112862138,1.0001495431256706
