label,ess,rhat
Overall,503.35122605496963,1.0052251714874045
as,406.2618566569764,1.0068787057264268
bs,613.8114829631078,1.0040809161818385
σs,455.21603101844846,1.003391767326963
ws,406.97418555204746,1.0049816736539092
ps,536.1751794720244,1.005359077216266
es,434.1100410954135,1.005150481498773
σ,944.9352931657256,1.0048149765162244
