label,ess,rhat
Overall,557.8621207841487,1.0047790235679552
as,448.02655050482315,1.0052681211305046
bs,696.5154633190809,1.0045096070605606
σs,454.1181406639659,1.0039881717693975
ws,500.17814050366593,1.0059089495075992
ps,576.6755705639736,1.0042567324331046
es,449.8232519590024,1.0067209284010463
σ,976.9979275247917,1.0009156721321564
