param,value
Exponential mean,2.694736842105263
Cauchy mean,2.0842105263157893
