label,ess,rhat
Overall,533.0526005575609,1.007051476973767
as,476.93180754508035,1.0076356564637574
bs,618.6766820083072,1.0053336025132358
σs,426.840762179804,1.0111327788677165
ws,460.6631775248832,1.007620611869772
ps,560.9876296283774,1.0068292632529985
es,448.2929270909025,1.0098761154526128
σ,844.9342680417826,1.000350138004004
