label,ess,rhat
Overall,629.2501871192358,1.0039714635805086
as,580.9613574332294,1.0025417227898965
bs,723.3425133740537,1.004461021899681
σs,464.357599471514,1.0073561204776913
ws,553.039786405543,1.0043184672202556
ps,650.3003007001971,1.0037816020985713
es,597.3357074966527,1.005491029944785
σ,1060.3010018237192,1.0017046857053638
