label,ess,rhat
Overall,456.28668673006774,1.010468072089536
as,372.90834422745155,1.0127004637989399
bs,551.1198067132585,1.0080500325270108
σs,415.0494877999989,1.0111364043607725
ws,363.58674213370745,1.0074366003066066
ps,490.6086208580475,1.0120305060430754
es,342.364529427452,1.012177975117352
σ,904.1600491641432,1.002802644637028
