label,ess,rhat
Overall,587.1294926514789,1.0050510633776135
as,432.13849170864944,1.007470871867561
bs,784.6551270666743,1.002306412461003
σs,434.00481215096215,1.006220496113601
ws,518.2203771717246,1.0043645595522517
ps,604.4237486105559,1.0055712132603865
es,544.7141702183014,1.0033241566678377
σ,1049.218868338883,1.0032190257494122
