label,ess,rhat
Overall,455.23410037517993,1.0066557729628896
as,386.42660720814354,1.0057419358491058
bs,516.9408916364486,1.0075818744222564
σs,480.79662723594447,1.0066116213187901
ws,402.82743345860445,1.0079441097196262
ps,463.1549423905973,1.0060746163629772
es,396.7548677332309,1.0097282163674146
σ,995.1306762571342,1.0001609166707108
