label,ess,rhat
Overall,532.1699783947715,1.0061742794420174
as,431.2935347062331,1.0059356898542322
bs,648.7029701006957,1.005509215607486
σs,475.806405532181,1.0094274317623557
ws,447.4498107445995,1.0055906739999576
ps,555.4683421201594,1.0064781851484168
es,453.4122733638809,1.0075556937939951
σ,1100.5699433985228,1.002513167676387
