label,ess,rhat
Overall,685.9723777784503,1.0047075370594991
as,554.0012934421325,1.0042530148477278
bs,878.5361047866105,1.0036363630609444
σs,467.8388641598186,1.0102000434166754
ws,562.6392577120477,1.008339612355009
ps,734.7580810921094,1.003305599878819
es,692.572158738097,1.003684847219477
σ,884.3419705008517,0.9996183798911181
