label,ess,rhat
Overall,640.1701875116606,1.0062743490498
as,544.4730819241043,1.0066650122069536
bs,790.46298483103,1.004913980797874
σs,443.62569727713344,1.0097652873909833
ws,558.6378816108153,1.0069691153497102
ps,672.8244461029847,1.006224681282172
es,566.5358533028234,1.003734177943974
σ,916.8158033650527,1.0043088576208656
