label,ess,rhat
Overall,528.5050470602065,1.0073343699090616
as,452.99080888781805,1.005710922808113
bs,629.4110767518515,1.0067943199674891
σs,437.0945975908834,1.0151229592621374
ws,487.46190500813077,1.0072007567561274
ps,535.8753266473891,1.0073361418629234
es,444.603217822591,1.007020396212155
σ,997.1991408935961,1.0095196043376868
