label,ess,rhat
Overall,473.78476465337513,1.006222822679181
as,411.16062988082234,1.0071577215164709
bs,533.101114760923,1.0042290329868158
σs,485.6927894473929,1.0100348297574513
ws,437.2778096464993,1.0081419111589192
ps,468.407747484503,1.0056611142770275
es,414.38034706871065,1.0030700017085576
σ,1170.4795062958913,1.0041038213195512
