label,ess,rhat
Overall,497.59015834866227,1.0050484478926263
as,335.68360147175656,1.0067544925338674
bs,659.758352561646,1.0028473528951352
σs,496.07266179940825,1.0079197399588757
ws,396.8039776048747,1.0064117666600276
ps,516.4963516676548,1.0047597393061725
es,385.21193236950364,1.001930423758719
σ,1024.2834999207826,1.0087826831014115
