label,ess,rhat
Overall,975.685167573983,1.003619285570917
as,656.5700313478185,1.0014163339642623
bs,1367.2820270737957,1.0046164794587282
σs,555.2911725868265,1.0106126803402105
ws,552.7215807964858,1.0074327795195168
ps,1093.43318621187,1.0025295556248752
es,638.0649602196424,1.0056834803629795
σ,1074.5837289940637,1.0060360060136009
