label,ess,rhat
Overall,1038.1210246613582,1.0034262741626272
as,710.7794360179271,1.0024279861938328
bs,1441.3162421557465,1.004391599210321
σs,598.1699773258063,1.0036174591050155
ws,644.9774311682041,1.0060493417617251
ps,1150.4931212174522,1.0027797002375627
es,658.619340083359,1.005831598070583
σ,1120.9868810426897,0.998174363560655
