label,ess,rhat
Overall,841.5319230783473,1.0041467021684123
as,638.5798719491725,1.0041691767069527
bs,1099.9033619166544,1.003969477379128
σs,520.0994743653794,1.0050442536227309
ws,591.6271848637627,1.0039335674881136
ps,913.065604254913,1.004246528327264
es,595.5061170121944,1.0052097839321206
σ,898.8236973105184,0.99978649917972
