label,ess,rhat
Overall,751.0738693607491,1.0040995108164492
as,579.512253513155,1.0041316455817695
bs,960.8770705612134,1.0040766394220633
σs,529.2726743141014,1.0040457832650334
ws,566.0661213622221,1.0026055826462468
ps,799.9998782512644,1.0046050313491872
es,573.9809993197434,1.0033651770423822
σ,976.9041586803445,0.9992303308355928
