label,ess,rhat
Overall,461.6906291345396,1.0071775305097246
as,330.8526568439282,1.010309546964128
bs,589.0138128153746,1.0038241194689765
σs,482.07640307124166,1.0084616191105265
ws,392.7655074733081,1.0063484278057448
ps,473.1426859298163,1.0073933180910608
es,285.62535180901017,1.0088987807038887
σ,1091.2239175470954,1.003326458665035
