param,value
Exponential mean,2.0842105263157893
Cauchy mean,1.168421052631579
