label,ess,rhat
Overall,489.7226647357304,1.0090397916020966
as,382.7394220729052,1.0118865741794878
bs,609.1953096024847,1.005595270321113
σs,444.76081680158495,1.011191650935031
ws,435.2203863703967,1.0087587331191958
ps,492.82244819638254,1.009289728548418
es,462.46475977773423,1.0115364296365317
σ,1117.6714450587688,1.0009208567236827
