label,ess,rhat
Overall,590.9657312448928,1.007245478757453
as,526.6583744254298,1.006213569687506
bs,690.272003894899,1.007455280410789
σs,464.9696342549381,1.010205065457248
ws,558.0659948093568,1.0100559365055248
ps,595.1281785197086,1.005424435204464
es,546.3574341158063,1.014767829940284
σ,966.7555335842873,1.0058224157926348
