label,ess,rhat
Overall,554.6578919680152,1.004678719877776
as,461.41805445092604,1.0035246267636155
bs,690.3424185296453,1.0043025377706596
σs,401.85701140766685,1.0101877106743724
ws,513.7052155983625,1.0069773693693411
ps,569.8453008539499,1.0036921458634287
es,466.9425831457435,1.0037771045888757
σ,826.6479950140855,1.0045490809298236
