label,ess,rhat
Overall,956.7593906370595,1.003634810906798
as,770.0560536978307,1.0028209395213106
bs,1210.1292473844628,1.0039702605526666
σs,570.0935757496484,1.0064096569965906
ws,588.8454974186507,1.0054115363625198
ps,1054.1290054453614,1.003284171003537
es,762.260479530679,1.0023492618380394
σ,1086.9824206722408,1.001715918932192
