label,ess,rhat
Overall,1026.993558498994,1.0035696954900202
as,810.2617640640116,1.0021610823902565
bs,1320.5423419657066,1.0043732669063083
σs,581.4550221149626,1.0070789372541817
ws,643.764724946231,1.0050539290860014
ps,1133.269644832136,1.0030974193018365
es,753.6025050832808,1.0074097502590973
σ,1071.2695239727582,1.0007480398329167
