label,ess,rhat
Overall,980.8656971464163,1.0045971840484067
as,915.9834707451528,1.0047579298914227
bs,1111.2650122436648,1.0046508664941578
σs,600.8665827097054,1.0033534999735587
ws,596.3172355356786,1.0055387695576183
ps,1074.2567861558412,1.004225052652219
es,1008.6326571183522,1.0088108416471118
σ,1057.1410440789984,1.0027331497574699
