label,ess,rhat
Overall,1045.8749381900384,1.0034987118153071
as,844.8651002535478,1.0021734101101876
bs,1331.6501956670481,1.0045461409592127
σs,554.2355048550256,1.0051103726703499
ws,651.806086530773,1.0047037332288513
ps,1141.0625421937043,1.0031176755673732
es,1146.6789689262403,1.0029075056258279
σ,1004.0881044528447,1.0085106071325716
