label,ess,rhat
Overall,763.9185954592314,1.0047459233001907
as,591.5095814182635,1.0052522116642542
bs,961.9483765913012,1.004263403411772
σs,615.3181463308405,1.004608066141455
ws,694.3098486628078,1.0030818465359688
ps,774.0640712468276,1.0053389523839869
es,881.8683877256992,1.002118812873634
σ,876.3411346787636,1.0015036693017572
