label,ess,rhat
Overall,497.0554904797911,1.0074787447889195
as,426.68470764436825,1.0107453228912844
bs,578.480018661941,1.0045542493979258
σs,457.2620072315734,1.0062472470279835
ws,445.12619848267633,1.006258753563335
ps,509.9053674540349,1.0082254188087914
es,402.9643408339078,1.0066341770862322
σ,974.2924924065946,1.0043942503846397
