label,ess,rhat
Overall,632.22007353012,1.0048554202062583
as,566.191304866712,1.0041763490583646
bs,763.4676425998022,1.004589465067749
σs,397.43239206753367,1.0082575148373083
ws,498.8930161296474,1.0073706555459514
ps,688.1830970732226,1.0039780280587702
es,591.8648740897677,1.0035458105391126
σ,857.8165490958285,1.0001040112989135
