label,ess,rhat
Overall,631.5975392513568,1.0054616748438132
as,522.9194221394337,1.0039352228644214
bs,795.8138823183115,1.0050527374959153
σs,431.65992581324315,1.0124290764220585
ws,570.9090067864001,1.0106128806612509
ps,656.3756205788594,1.0034607888756617
es,530.1126797659664,1.0013108613032549
σ,918.5995332865479,1.0039718672876297
