label,ess,rhat
Overall,522.7338148421605,1.007269004112754
as,408.24414151734584,1.008423484007097
bs,672.4932821997297,1.0052051173816592
σs,395.7625563242427,1.010542868725063
ws,469.33891548659193,1.0071425785962684
ps,548.8645579423015,1.0071795707778104
es,398.76428059151954,1.0098761992051997
σ,732.0123550065931,1.0058969868342387
