label,ess,rhat
Overall,623.5310479866133,1.004904124724308
as,578.2134349823864,1.0041904397165746
bs,706.3551375224906,1.0044733085240856
σs,488.5077324726728,1.0090243290729486
ws,563.6413198886954,1.0061838982081153
ps,641.7651176924038,1.0043038238640771
es,553.4834149196827,1.005439063426826
σ,1008.2172389449413,1.00408478787959
