label,ess,rhat
Overall,187.84595378203417,1.1260494185851972
as,51.53053257562294,1.2470996407464467
bs,301.59470968727027,1.0156712650300657
σs,269.08594886626463,1.0876299716031739
ws,150.62381426402564,1.0305118967935916
ps,183.0329161633981,1.1684435483064395
es,114.11224748560217,1.2087071423735543
σ,907.1180186755382,1.004936859755458
