label,ess,rhat
Overall,427.6489155084597,1.0123696867639072
as,297.94218373205837,1.0175211986439332
bs,567.8438591676422,1.0060521721465712
σs,389.8913527304479,1.0165672966182222
ws,377.9849487868243,1.0103599160619667
ps,431.09867167456156,1.0131256521998686
es,364.48184520442203,1.0179977974939232
σ,1060.256996457517,1.005575612392163
