label,ess,rhat
Overall,132.75199149568815,1.105665047583422
as,77.85280326205134,1.0639667683181155
bs,149.54069400179208,1.1312635532889173
σs,269.94974011480656,1.1636242323987427
ws,32.87464974042974,1.2236793696824688
ps,152.80166506581705,1.0371957860093106
es,22.83572103975251,1.334948941197183
σ,1029.821120647309,1.0111261960942448
