label,ess,rhat
Overall,707.691483706985,1.0051208949817452
as,534.9810265944026,1.0047043492603498
bs,916.7548860718056,1.0046927296446175
σs,496.844401244001,1.010020219121181
ws,575.2460288505555,1.0038844082627876
ps,738.4170245335762,1.0054152488563461
es,581.7193880618744,1.0021685288142952
σ,1074.1551735979756,1.0117344819632974
