label,ess,rhat
Overall,554.2777864282344,1.0079615448883095
as,415.0387577911776,1.0101145838093049
bs,704.5508557972887,1.0057873995636788
σs,490.28035018264836,1.0080839620293915
ws,341.0381038285946,1.0115231657631538
ps,600.0910105673646,1.006947029194287
es,397.03989936021065,1.0113992128631775
σ,1228.5949930817044,1.0070435117535101
