label,ess,rhat
Overall,1014.8697971814711,1.0036993666107685
as,706.6246337993348,1.0019163571905898
bs,1400.8259298284586,1.0049772229348544
σs,564.1461754453354,1.006629254568105
ws,665.0165428077917,1.0041056594879916
ps,1113.6730927557946,1.0038419728340184
es,697.298682496336,0.9998088627662272
σ,1105.6928914683665,0.9997597610571848
