label,ess,rhat
Overall,639.401576728592,1.0064790080506159
as,536.8719914457031,1.00759314572453
bs,794.283450643547,1.004412429763279
σs,450.9333376531532,1.0099077942589412
ws,572.8488273666093,1.0037110808037786
ps,663.2121352987768,1.0079849475403142
es,548.612116648362,1.0058348442613059
σ,1000.5389664080286,1.0018280358591438
