label,ess,rhat
Overall,840.9698968446146,1.003432800506502
as,657.3728818957252,1.002364391564927
bs,1080.2258699397125,1.0036506733918427
σs,518.1479395966026,1.0083659096326574
ws,644.8494456236074,1.0042002635638319
ps,894.7466587833364,1.003386470454713
es,641.6257224104113,0.9999886636541353
σ,1011.8190873064415,1.0033353600091286
