label,ess,rhat
Overall,776.5454784970183,1.0043601880069823
as,566.7899605684804,1.004707489624254
bs,1029.5042950901907,1.0032678194277131
σs,525.9663462421393,1.008681576386571
ws,558.9194011150372,1.0071861172062584
ps,837.6127077606965,1.0035595241406325
es,506.9485358603078,1.0059407523523598
σ,996.025287697651,1.0057197745097124
