label,ess,rhat
Overall,516.8135170576039,1.0094568868203908
as,366.29273179717234,1.0138297700421521
bs,678.0182003904274,1.005114622736702
σs,454.8469082377302,1.0092792958195709
ws,374.48345711960764,1.0093684937123595
ps,548.9161237772395,1.009177525441044
es,347.0984609088973,1.017711066351274
σ,1023.2792260684645,1.0074185912636535
