label,ess,rhat
Overall,516.0086825367567,1.0058987195263591
as,394.5981685775355,1.006892681028448
bs,647.0938967812294,1.0049460973619049
σs,459.89542088229774,1.0056589513680774
ws,377.65301149339274,1.0093283103923556
ps,545.9014756434825,1.005079346483125
es,347.444624305485,1.0066704925846888
σ,1078.5507823968333,1.0025299890929844
