label,ess,rhat
Overall,977.2069465646118,1.003741295246289
as,692.2363469152331,1.003546182603297
bs,1334.793654241384,1.0039897030919065
σs,556.0335200057308,1.0034321830710575
ws,620.3182968919198,1.006452029380929
ps,1081.6645928127107,1.0030292228756432
es,609.8797310886723,1.0061316098621935
σ,980.5581536800636,1.000611330189789
