label,ess,rhat
Overall,803.2051851654263,1.0051490919214396
as,713.7837101809648,1.0033872142084392
bs,942.7483208565878,1.006701573686851
σs,512.4995530665658,1.0063635884174569
ws,616.9124567944094,1.0046809543996527
ps,859.531610865502,1.0049255846887395
es,518.8805939134387,1.0160452842377163
σ,903.6986745179705,0.9997027047199403
