label,ess,rhat
Overall,838.3154552201426,1.0041705029054149
as,707.3941877203108,1.0044377431793872
bs,1008.9907032040685,1.0032716987855799
σs,607.7423684123975,1.0078335732114196
ws,667.4666145078974,1.002851544511536
ps,885.6745442548857,1.004603411413038
es,653.4141030424537,1.0034025211377262
σ,985.0679744547945,1.000754358801437
