label,ess,rhat
Overall,1003.2160854852102,1.0029104936821192
as,718.498832681622,1.0016971143629427
bs,1357.320793541915,1.0040491552489312
σs,600.7688450171362,1.0033438566458321
ws,643.2250107988554,1.003454283195346
ps,1103.3399043807174,1.0027276806468992
es,684.7405189949586,1.0017198920425279
σ,1154.1168077176198,1.0075412484931525
