label,ess,rhat
Overall,798.1306001469343,1.004602006606
as,611.7104054460505,1.005302415209243
bs,1020.8594849887256,1.0038142722354064
σs,587.5401973296678,1.005108496056633
ws,588.6549386541307,1.0015858485117486
ps,853.1920266567562,1.0054191283986251
es,610.2837629983412,1.0031642969880235
σ,1044.5837398863096,1.004449476926965
