label,ess,rhat
Overall,826.9109580967227,1.0039564158062364
as,626.0793547950747,1.003320083161679
bs,1085.0028867873743,1.0046951508137827
σs,494.80107084050167,1.0033624821009002
ws,547.5351564637231,1.0047457922256107
ps,908.2042972085815,1.0035507750133903
es,536.1443481224469,1.0094572330095586
σ,858.8735202720501,1.0029530224237142
