label,ess,rhat
Overall,449.46827233495964,1.0079395458634062
as,325.1596892045076,1.0096624323096832
bs,579.4784381188773,1.0062464487713672
σs,416.39909294485926,1.007766767608824
ws,335.8809655137965,1.0065140054845145
ps,470.3487501705369,1.0083970095409784
es,368.0959151959994,1.0097046660641236
σ,972.9977323591329,0.9995575334851974
