label,ess,rhat
Overall,1137.9083779106534,1.0028398337250513
as,1010.9515697077069,1.0027861151431765
bs,1365.0695882333828,1.0029694723222258
σs,556.7228456159075,1.0023994976363113
ws,698.6684693608386,1.0038825622191319
ps,1241.787129008375,1.002711229889426
es,1373.3592761143223,1.0018126327229882
σ,951.7054314104345,0.9985544779102037
