label,ess,rhat
Overall,1077.382120838959,1.0043418147040803
as,879.9202338679725,1.0048776694795658
bs,1348.6752094199035,1.0039828946926577
σs,649.1611515012025,1.0033155930725142
ws,565.5055605508674,1.005363168947414
ps,1191.5574311993012,1.0041671864633532
es,1372.3192028089204,1.0051123229113001
σ,1149.6117830597184,0.99892670292453
