label,ess,rhat
Overall,656.9655623850159,1.005648685990656
as,540.0664763163355,1.0065178984215093
bs,822.7947807201654,1.0042557054587604
σs,480.8170862257264,1.0075342511544063
ws,536.9870028204444,1.0056849561926422
ps,703.0865637480182,1.0056212770673782
es,599.4926151129741,1.0075269957515065
σ,1012.5081362658943,1.0021694560503231
