label,ess,rhat
Overall,522.9885300575112,1.0069290994342635
as,408.29937318433844,1.0094502759484216
bs,657.910778345596,1.0040403385552712
σs,450.14940096382725,1.0082524031476627
ws,444.29330932559634,1.010050873359577
ps,541.6946534710183,1.0056059203776846
es,486.75353013862366,1.0071585570124757
σ,1053.4419699270736,1.0034115526451088
