label,ess,rhat
Overall,621.5638283200283,1.005329817267483
as,527.365658515962,1.0058156247991816
bs,763.7254450996357,1.0042102195745846
σs,448.8954192080802,1.0076114618478047
ws,464.5401633259308,1.0075451829205426
ps,679.358556565408,1.0044568185642542
es,583.5152522924714,1.0029534136133367
σ,1079.2820259244415,1.0061962030230225
