label,ess,rhat
Overall,530.3353666758815,1.0056207686371672
as,458.51057096858,1.0044196764597286
bs,617.2896135726622,1.005229191253962
σs,475.86934239375626,1.0113543790554858
ws,440.5024788149867,1.0053117386038906
ps,557.9652011529713,1.0058113394804005
es,485.7644806571242,1.0078785644718455
σ,979.0960966397971,0.9998586954430707
