param,value
Exponential mean,11.333333333333334
Cauchy mean,15.666666666666666
