label,ess,rhat
Overall,634.1978875174524,1.0047867927171659
as,537.7009084505077,1.0060329303952027
bs,772.9284059717952,1.0030143006349315
σs,482.15714572281814,1.006681668572279
ws,592.3626467919202,1.0071489666256501
ps,650.568120954166,1.0036809814712213
es,505.2335771787373,1.005946765497102
σ,968.5233275467095,1.002871852650055
