label,ess,rhat
Overall,68.26175371532477,1.4960887135986962
as,74.69527664228053,1.536295796716424
bs,64.7001088749681,1.4252713013463065
σs,57.922992603568105,1.6062858984834805
ws,10.3031487930937,1.6290157255743996
ps,93.83300378955596,1.4122914691353807
es,5.6155490568274065,2.0102205527817634
σ,224.20492016908182,1.0514292475703202
