label,ess,rhat
Overall,95.35853926557533,1.1758626316871879
as,41.34431178429454,1.128289254514368
bs,116.68644246055838,1.1924834484738682
σs,213.02930669624712,1.2872918490772922
ws,18.82693253862703,1.3659292141330246
ps,104.49620320987933,1.046957261022578
es,7.648532211064559,1.796472988193507
σ,951.5785715460725,1.0053825666043756
