label,ess,rhat
Overall,169.8396088483855,1.0747062228271338
as,194.5635844299899,1.015759651545376
bs,114.4472953796672,1.1193381951783743
σs,280.24562524199536,1.1262387789769965
ws,89.52824474253737,1.172783425898413
ps,177.98057208526373,1.0155831936485205
es,104.42466975427818,1.2911048496324566
σ,1052.7408121479427,1.0021812910050967
