label,ess,rhat
Overall,981.1365845245016,1.004081646593307
as,645.7011067855657,1.0024630048170649
bs,1391.950870920612,1.0047919961769534
σs,543.9394943128881,1.009349741310361
ws,574.6583224788495,1.0082809131564539
ps,1095.1309896666323,1.0030143581588555
es,618.9580937923967,1.0039979343071068
σ,1111.5012637142593,1.0050877172615955
