label,ess,rhat
Overall,810.8288996824365,1.0051619923900945
as,630.8358109200211,1.0059911353482323
bs,1038.1865445284755,1.004130861419286
σs,536.1144743974203,1.006333522863587
ws,582.2321689204178,1.0066960128778362
ps,874.550939908091,1.0048331447434018
es,575.2864554493283,1.0059196031874102
σ,966.4166264614685,1.001023211983825
