label,ess,rhat
Overall,420.8648571158164,1.011825047215832
as,314.41788607495073,1.0177732283419336
bs,526.4085831745891,1.005775001710206
σs,426.10367801195406,1.0124158606170761
ws,333.4824121397809,1.0095511521151552
ps,433.275425627722,1.0124057372907762
es,319.6074316256079,1.0148060364762561
σ,1076.261759237189,1.0052766863057938
