label,ess,rhat
Overall,696.9997350157665,1.0047995280390838
as,559.7807179431786,1.0059588579012357
bs,863.8649333023859,1.0034899996011455
σs,525.051883974387,1.0056706797786439
ws,508.9477944197133,1.0050075335384732
ps,749.856043379802,1.004637089313585
es,424.8020894862749,1.0088355983258013
σ,960.9155117536937,1.0020283802969192
