label,ess,rhat
Overall,531.2507691413394,1.003854356210569
as,414.79009728134275,1.003627381328028
bs,660.5477858193836,1.003828641195752
σs,456.7999691966622,1.005319957615249
ws,374.05451800666225,1.007016260373767
ps,565.5230723629132,1.0029869356836667
es,391.7454135192718,1.0083514138882799
σ,1051.5459393660572,0.9985535761881039
