label,ess,rhat
Overall,943.1155904356824,1.0032594082948383
as,696.6747825887632,1.0021350071294024
bs,1263.8803589337033,1.0030962011953317
σs,512.0366186592963,1.0107275362314998
ws,605.7328282445759,1.0058660870104317
ps,1042.3809259335317,1.0024547258964716
es,666.2454742775392,1.0056555874049269
σ,780.7128651484919,1.0058116606091332
