label,ess,rhat
Overall,1018.3228309236171,1.003930973341759
as,693.8030282093165,1.0033726849984417
bs,1409.2163673832652,1.00434598732924
σs,633.3551752006007,1.004761964605608
ws,693.936870935028,1.0044463429728931
ps,1111.052174766857,1.0037006133279045
es,741.1223741681741,1.0065753584297168
σ,1014.3467598220664,1.003515048257245
