label,ess,rhat
Overall,469.1836748561918,1.0070062780437858
as,367.09909151766766,1.008802074466411
bs,575.6395866933015,1.0045416016855158
σs,443.82996956439564,1.0108857816705286
ws,313.36530127859135,1.0119177887139645
ps,502.12432326395856,1.0056655496966018
es,369.9574298523976,1.009226147148969
σ,956.3055242221816,1.007983372456116
