label,ess,rhat
Overall,840.9416809174376,1.0041243219411449
as,670.7062946982415,1.0025683035980841
bs,1070.7343335137675,1.0048901252137863
σs,495.50953593006216,1.0087075693495744
ws,573.7591120762356,1.0043809443192695
ps,911.3691283430636,1.0041062982184201
es,673.0989076519697,1.0042822835437
σ,1002.3005771127562,1.0015940688893397
