label,ess,rhat
Overall,488.4136246334349,1.0050796482218132
as,330.20393985232016,1.004861179014884
bs,660.6338339622611,1.004748946416994
σs,407.1525822567098,1.0082648400899525
ws,348.4972765468199,1.0076682613609191
ps,519.9475471170798,1.004468790314242
es,330.90862150401796,1.006038377007764
σ,968.7915287166966,1.0014200125440609
