label,ess,rhat
Overall,632.0189767158853,1.0059863679826686
as,426.76667085150154,1.0068327537644677
bs,865.6769157861136,1.005394631201343
σs,467.2663041219851,1.004509403779921
ws,458.2895832684903,1.0057519487199211
ps,680.0556074439658,1.0060785355246713
es,424.04527345241166,1.0088395400703591
σ,826.9608296637027,0.9986690129441291
