label,ess,rhat
Overall,820.8360430829259,1.003091968617371
as,674.8495302332013,1.0018910694462773
bs,1004.9277979253909,1.0043717113160109
σs,599.8256395250298,1.0026346761575993
ws,698.9051289391346,1.003569016764668
ps,853.1633816157251,1.0029473809296543
es,730.5348527838204,1.0023709126033984
σ,912.8971438322693,1.0057497118881435
