label,ess,rhat
Overall,514.6036393330198,1.0054146244381617
as,359.4242926611072,1.0057131022241814
bs,677.2445155447242,1.0050449509907289
σs,471.32676800222816,1.0058275592743615
ws,378.9454231150921,1.0042237615364809
ps,544.6428849755279,1.0057674053742942
es,344.3969869342201,1.0066953104986607
σ,1041.0317479053674,1.0002101222029862
