label,ess,rhat
Overall,955.2005548056983,1.0043367815567925
as,726.2260528414062,1.0011647076131047
bs,1261.327690935024,1.0065275273102232
σs,507.71527664850294,1.0100284850602848
ws,602.7054341744321,1.0068057063214735
ps,1053.121140386185,1.0037740412557683
es,671.052593020008,1.0020670005001284
σ,1053.249818088898,1.0062607809431259
