param,value
Exponential mean,2.0842105263157893
Cauchy mean,0.25263157894736843
