label,ess,rhat
Overall,506.30478740453094,1.003927351782234
as,436.0250745051035,1.0034144179926157
bs,594.2154822812531,1.0036588878930792
σs,442.8332522862696,1.0067403834258157
ws,417.690636591972,1.0037127565169932
ps,533.3548117869256,1.0040974993004073
es,422.0527361221898,1.0032320467283489
σ,1034.8780657776585,1.0034692696003835
