label,ess,rhat
Overall,535.5806816635212,1.0071546305956465
as,445.66811845169104,1.007827793238472
bs,659.8057553781705,1.0057801837913942
σs,412.055643853371,1.0096792535767796
ws,446.5525972834444,1.0078422366085011
ps,567.2967108915881,1.007223485114865
es,493.29649172985853,1.0048951210339823
σ,863.8693141620229,1.0016321600650266
