label,ess,rhat
Overall,599.527105820576,1.0068900246727748
as,502.5678508087415,1.0066887347873168
bs,737.5797603073274,1.0049918500052497
σs,451.59086771087516,1.014448097063515
ws,559.8326916038268,1.008960103999326
ps,606.2872980890105,1.0062019517059573
es,529.2074767199713,1.0052427876901866
σ,1040.734335643476,1.0032334438566044
