label,ess,rhat
Overall,109.6439450455074,1.246472597082045
as,60.68603402035839,1.301726591990013
bs,128.4675215920607,1.1861817396967744
σs,218.12754916845188,1.264605302000335
ws,63.71308092558809,1.2273972553393857
ps,106.16435809867153,1.2161619874272664
es,6.446933914854851,1.878066242818659
σ,957.6775973635763,1.0002652575449726
