label,ess,rhat
Overall,6.335404514025836,2.152837149056434
as,6.337277367688635,2.135548869410165
bs,5.980194235635825,2.153250058425904
σs,7.607419243043806,2.213588482052914
ws,5.581545851715045,2.3854650323421778
ps,6.453314274097109,2.0057212467773975
es,4.700732328271338,3.153380511786179
σ,15.585399071411265,1.1852292834229905
