label,ess,rhat
Overall,146.23322156028908,1.0870872656349617
as,97.60375899967688,1.1285344855181008
bs,163.85160967455334,1.028074682601516
σs,257.8730895671418,1.1503225729760669
ws,68.12356004610913,1.209081980874881
ps,158.0958217933627,1.0161274499516728
es,72.8048408890886,1.3191375162379604
σ,921.9783150129374,1.0040053893154492
