label,ess,rhat
Overall,694.8252575093334,1.0052287515369522
as,657.6218860253624,1.0049740526868736
bs,781.4009545556419,1.0044049950669807
σs,517.0848854849181,1.0091111906891328
ws,563.605326217977,1.0066684182133507
ps,750.0315376512614,1.00412696461191
es,605.9170393816162,1.0124808234608098
σ,1011.9175855709135,1.0020950676235483
