label,ess,rhat
Overall,564.7228606922941,1.006563480353693
as,497.0358278673493,1.0070871528961929
bs,641.3491328856986,1.0048078092047585
σs,532.5415989658379,1.0109986753368572
ws,515.5628507921728,1.0064175271628952
ps,570.1122174965199,1.0070879955209688
es,509.02407601622053,1.001315895187381
σ,1125.9172719360206,1.005172694626711
