label,ess,rhat
Overall,509.29600169697903,1.0040339156384588
as,413.22724630871755,1.0024901400904116
bs,605.7310857844233,1.004866409825798
σs,507.97721837992066,1.006594528537009
ws,452.82140971684726,1.0054001455320167
ps,518.004152400604,1.0034956657251681
es,439.12653710080593,1.003841634654263
σ,1100.9181163566566,1.0020182166297247
