label,ess,rhat
Overall,675.0869467877142,1.004140161720431
as,689.8200195030196,1.0046567820990306
bs,704.2721633451846,1.0024812264878797
σs,516.981105405721,1.0082524951946565
ws,592.5868988286802,1.0059730938579408
ps,707.0188179684527,1.0034267128899348
es,628.3475855794773,1.0041060567048792
σ,928.337594013391,1.0007628556943153
