label,ess,rhat
Overall,677.7420703731516,1.0045809040420928
as,645.3885142553924,1.0026278895311553
bs,771.615588602844,1.0051691278742148
σs,456.27020677019283,1.0094941504858284
ws,587.5224657650186,1.0053528427599847
ps,716.1942135417551,1.0038571357972295
es,604.0285211564473,1.006709062644009
σ,908.0487017204689,1.0098792965900023
