label,ess,rhat
Overall,540.8961248174439,1.0061461008477293
as,447.8374401094759,1.0083866641902124
bs,650.4322069750164,1.0034461167140336
σs,481.57749399886825,1.0078000156960958
ws,440.12348506352646,1.0067239888933923
ps,575.845191491667,1.0062906184090818
es,491.08813031853344,1.0035327701744392
σ,941.1080573324716,1.0006806490512
