label,ess,rhat
Overall,559.9660676518839,1.0037845376940615
as,487.9895641890382,1.0046286816940766
bs,640.150633081734,1.0021001790796171
σs,530.4170445706688,1.0068093103060065
ws,520.086695341959,1.004237838043583
ps,561.4751228426867,1.0031848574634217
es,564.9363787210311,1.0046493640080407
σ,989.3424782718176,1.0122069668684812
