label,ess,rhat
Overall,1057.9891856901584,1.0039490542598184
as,749.3425876996816,1.0030344632188535
bs,1451.3306432511558,1.0046321454287435
σs,566.7590001811438,1.0052917535176489
ws,678.9260215010918,1.0037739890982162
ps,1154.9940131956942,1.0040627371086328
es,1021.8048864245281,1.001021625055045
σ,1022.8840342245311,1.0064479178655057
