label,ess,rhat
Overall,797.1043110278596,1.006212615906575
as,611.0944769547789,1.0079256682983706
bs,1014.5796559963549,1.0048543776971381
σs,614.6043478344554,1.004154693648895
ws,670.5672760476727,1.003736318380002
ps,826.592418764165,1.0068392590159128
es,772.7121881842005,1.0076944368342358
σ,948.9038051347559,1.0028856751219182
