label,ess,rhat
Overall,978.8755171323356,1.0052523924457615
as,821.9060878386745,1.0039255484958152
bs,1215.4495392114784,1.0062969128143684
σs,517.1688789765401,1.00688986921753
ws,592.7098697602693,1.0079661101250341
ps,1084.4181452001872,1.0045800226083832
es,755.4738567853437,1.0051627827207552
σ,993.6204590342338,1.0051407519386732
