label,ess,rhat
Overall,565.5244721854347,1.0065011031009914
as,491.9025173591678,1.0083141316599125
bs,652.0232671991797,1.004698289973069
σs,490.83879909805944,1.0064418536012
ws,399.71038198412725,1.0080237256903108
ps,605.4141972417394,1.006299011657066
es,410.22585641760907,1.0050838536424052
σ,951.1839834341461,1.000764520254745
