label,ess,rhat
Overall,696.1648688487311,1.0051788150189587
as,605.1607606717363,1.0051517822355382
bs,856.0355775356808,1.003294572051955
σs,448.245107012893,1.0120594077204852
ws,547.4266945375488,1.0061824989319057
ps,762.1418349983683,1.0047020574414316
es,635.064681316531,1.0026944976906584
σ,887.8222157567521,1.0104989397358886
