label,ess,rhat
Overall,471.61005668578696,1.006207734420622
as,416.94477833118026,1.0041933718645957
bs,539.8361492233456,1.0075972317685435
σs,422.79112562715943,1.0084572491697985
ws,366.3440328404186,1.0111717539107612
ps,509.6760738580408,1.0036484450231649
es,381.2721058361125,1.0113374461434783
σ,925.7617980509531,1.0029216014271185
