label,ess,rhat
Overall,504.50816283733127,1.0063690450957776
as,430.87917581966195,1.008504702424051
bs,596.8123797295248,1.003976102738018
σs,437.27733528904383,1.0072952712019272
ws,398.93766206849835,1.0054534827798776
ps,545.5570781479307,1.0068383103333403
es,394.91519747774987,1.0088043457591298
σ,923.268304706904,1.0002842953832545
