label,ess,rhat
Overall,652.0704226820225,1.0065849325849048
as,497.19562251359025,1.00979245793167
bs,854.3968190618641,1.0028398173103759
σs,481.24467632094877,1.0085202563248543
ws,547.9993480777536,1.0066342055265185
ps,698.6571297428808,1.006547640436362
es,512.9888269946645,1.0065158134972885
σ,967.832125725649,1.0071014913228797
