label,ess,rhat
Overall,448.91768814617,1.0078200884265596
as,401.3445280626987,1.0081420548584537
bs,499.19314291047016,1.0065133680703087
σs,439.1894272951866,1.0113652025542446
ws,441.7721887386767,1.00556587727198
ps,443.4217993110542,1.0090608381595922
es,305.1606892692829,1.0072590614287953
σ,965.0707885028756,1.003733183218192
