label,ess,rhat
Overall,500.4165171744456,1.0078236598471484
as,368.09562166209406,1.0107080825495431
bs,642.8617117209305,1.0047707944809974
σs,463.96904065156457,1.0084300534366715
ws,413.78276152302715,1.0117788641615826
ps,524.4439281922507,1.0059993404371774
es,451.7140520379302,1.0095734361922912
σ,1012.7138288015623,1.0042939600428964
