label,ess,rhat
Overall,803.5513021712985,1.0039221627631054
as,579.1317724447165,1.0036330761604542
bs,1078.6598580862526,1.0038281615531788
σs,509.5549502787426,1.0061440720760604
ws,570.372089865349,1.003232357115474
ps,869.6603686522767,1.0042632392595114
es,566.1272663897574,1.0013517544893935
σ,903.3147303188168,1.0009689752546185
