label,ess,rhat
Overall,526.4774701614568,1.0064885181404963
as,392.15444108627014,1.0077857318103045
bs,672.2864331272335,1.0043592610536698
σs,459.8590535960346,1.0113143699592042
ws,352.61639069947546,1.0087927380911386
ps,566.6985579739775,1.005883981400492
es,342.10720271339545,1.0095625063662221
σ,1050.938743600366,1.0017076658015338
