label,ess,rhat
Overall,926.2022872130716,1.0046357657193212
as,615.1356784390887,1.0033190155168632
bs,1311.2190721852976,1.0051872800403368
σs,497.2912652632628,1.0090741338316882
ws,589.6383015041666,1.005192550365836
ps,1024.8503560997635,1.0046571320702662
es,576.7494890097886,1.001462873682641
σ,928.7684055653014,1.003274549189153
