param,value
Exponential mean,4.833333333333333
Cauchy mean,9.166666666666666
