label,ess,rhat
Overall,619.7395574446283,1.0066555590532125
as,523.7955291583099,1.0071103303877993
bs,765.8250138730899,1.0043611454891117
σs,439.23041613291264,1.01327827107946
ws,533.4898582796287,1.006178771133801
ps,647.0231575586788,1.0070849164971674
es,579.9443541307733,1.0076211546769218
σ,1024.952751087018,0.9992825292958873
