label,ess,rhat
Overall,493.1505573786866,1.0072291795099233
as,433.175122300813,1.0070807055250581
bs,559.9937834488824,1.006975314749663
σs,468.4265098063268,1.0086775989923775
ws,460.8259608761808,1.0071084456956971
ps,488.731668623845,1.0078167593371217
es,462.64156016162207,1.0038638153506336
σ,1056.954817468766,1.0001316380920662
