label,ess,rhat
Overall,431.7253898196475,1.0110475788403173
as,335.092165969696,1.0135100403496276
bs,529.0815920674474,1.0089868205662365
σs,429.1226675873936,1.009601447193493
ws,373.3155122044188,1.007893105925802
ps,444.02791220426366,1.0123666252209391
es,331.43265625306174,1.015629939455291
σ,1013.3638063355439,1.0054413266883928
