label,ess,rhat
Overall,590.0166632536807,1.006326071414199
as,449.5476850625363,1.0068575379590987
bs,769.2216275627604,1.0042970586713653
σs,450.56711322911235,1.0117172377267625
ws,549.1762264937963,1.0053605005754296
ps,598.8441370316931,1.0072159873010358
es,528.3242303625759,1.004576273060293
σ,973.9724519261783,0.9982747051294961
