param,value
Exponential mean,2.694736842105263
Cauchy mean,0.4052631578947368
