label,ess,rhat
Overall,476.196314205427,1.0065773978067343
as,361.5714824016218,1.0074311289838183
bs,601.8445650019037,1.005561188428895
σs,436.5120058318092,1.0071623193294532
ws,487.20479155975255,1.0049842538852565
ps,459.71904411192503,1.0075443647249973
es,393.07940345959383,1.0059782295471504
σ,938.7374298762372,1.001752321508798
