label,ess,rhat
Overall,472.71742169609,1.0062710049321504
as,434.3014998322614,1.0073234197193779
bs,507.40103197674944,1.0046479440434648
σs,486.15374339549936,1.0083253308974005
ws,456.3888672763929,1.0061029338154386
ps,467.5260322305507,1.0064597418561574
es,346.0492440799561,1.0065103430500968
σ,1056.9725560687448,1.0029020220726228
