label,ess,rhat
Overall,510.3578919514556,1.0055934350339588
as,413.83863065354967,1.0072399403411114
bs,619.374798323007,1.0039018560417405
σs,465.36636968633286,1.005755700300197
ws,463.8192246274054,1.0079607916266753
ps,521.6750950854404,1.004300173685858
es,392.20228740062987,1.0076510830652405
σ,1010.8858274581074,1.0066946549094185
