label,ess,rhat
Overall,615.1896895181901,1.0078590940298655
as,525.5743406402579,1.008463369686834
bs,762.2951606431244,1.0054908474352673
σs,408.22524942898235,1.0142093894053328
ws,532.5730082725789,1.0087015246778834
ps,651.5235047566969,1.0072021313944486
es,551.8607068415001,1.0092604738584074
σ,788.5686336177265,1.0120281951174033
