label,ess,rhat
Overall,468.004068373829,1.00729298227033
as,437.0041508669569,1.00627396575183
bs,510.3196494018625,1.0068754284603296
σs,427.2676796976481,1.012464635452929
ws,363.1917485415377,1.0092284302833057
ps,504.90982950322774,1.0063563813923035
es,383.574041597378,1.0071692033157027
σ,935.062170549859,1.0086667868525616
