label,ess,rhat
Overall,520.7701914744234,1.0082937543478343
as,472.97077751562455,1.008353756762379
bs,599.7417500323029,1.0058006871740475
σs,408.55047091773383,1.017052787481105
ws,521.1840634883573,1.0079501053652742
ps,510.6153517576447,1.0090791192414381
es,423.42002776307186,1.004733021421441
σ,974.5298873661692,0.9991195207576432
