param,value
Exponential mean,2.8473684210526318
Cauchy mean,0.25263157894736843
