label,ess,rhat
Overall,481.32278334224486,1.0062393593463612
as,435.24135766607174,1.005354514449914
bs,528.6196118807625,1.0057509253165902
σs,476.9473330378032,1.011183163480748
ws,449.78013980213285,1.0071740961912525
ps,480.0810438187219,1.0062271860689054
es,402.2761611795055,1.0018444975906236
σ,1050.2129777606558,1.0041287459329942
