label,ess,rhat
Overall,489.3249365935421,1.008911170930269
as,401.1369562625285,1.0111989994570407
bs,600.3137354422056,1.0060416134962336
σs,407.2419899300024,1.0110053949964164
ws,457.4604436038515,1.0093440454760054
ps,491.4873860909669,1.0090101482348794
es,458.4458703802014,1.008161528691339
σ,877.2332979634643,1.0026425509394037
