label,ess,rhat
Overall,634.5514978005551,1.0051639408711024
as,513.7374074748246,1.005668508980897
bs,800.9448896476478,1.0037639093796678
σs,470.4660123236507,1.0083876090450057
ws,549.010150038443,1.0067803914141171
ps,666.2092970974373,1.0041507860862373
es,538.2184106234643,1.0093895626749603
σ,1030.611063581143,1.0036573151536945
