label,ess,rhat
Overall,516.6625303169335,1.005603293295487
as,412.79288043636427,1.0081928328096605
bs,646.8230926358509,1.002583647981262
σs,422.0152455388817,1.0071516741756745
ws,478.51253689842497,1.0068437817740443
ps,522.0920023281772,1.0048830700328804
es,469.15380127442245,1.0058883435260841
σ,928.3136371317281,1.0088731359193965
