label,ess,rhat
Overall,449.22465690010546,1.0088872267995708
as,354.53476801086686,1.0146438515776888
bs,532.3452674004867,1.0040034704732685
σs,490.87405909999114,1.0057449003730343
ws,431.6003008837044,1.007322574057145
ps,437.59082761816694,1.0097637619731439
es,375.5732378814363,1.0117134342764267
σ,1110.499328464654,0.9992207302420678
