label,ess,rhat
Overall,649.6872561728724,1.0037420165820778
as,586.671677704074,1.0019707265086795
bs,759.5702414433158,1.0041275584544234
σs,480.964591686951,1.0087307101058676
ws,602.0642124157574,1.0047620039446157
ps,662.3102136459315,1.0035042160712448
es,571.4939319614848,1.0016209216559242
σ,1049.3535353814914,1.0019271713655813
