label,ess,rhat
Overall,564.2496738806904,1.0042470559730061
as,482.9688826789062,1.004681624293557
bs,680.9816627486197,1.0024337554187694
σs,436.6253622825672,1.0092104920142764
ws,533.5226434698358,1.0059074723733292
ps,560.6788626641562,1.003762267987245
es,575.132139146314,1.0023699256543546
σ,1004.0501999095841,1.0006808074362223
