label,ess,rhat
Overall,877.3663979594235,1.0051004062880806
as,690.6659991774834,1.0050784500420493
bs,1130.352763280904,1.0045475182795318
σs,492.9077920300918,1.0084345029646449
ws,557.090569714416,1.0044039148372923
ps,965.9679872195771,1.0050797075268678
es,604.9842987256591,1.0071381290961672
σ,1012.5642508796766,1.0103763986195675
