label,ess,rhat
Overall,792.4726964191262,1.003802955794284
as,659.0900860372872,1.003936604883914
bs,953.9590362319012,1.0035325034881541
σs,629.4710657196978,1.0045964144499837
ws,625.1149167502117,1.0019627954210046
ps,836.5666326742586,1.004268268724274
es,633.6752537010373,1.0012896535488522
σ,1001.8519976359192,1.0085764641249944
