label,ess,rhat
Overall,1212.673202619607,1.0034523360826493
as,798.6622789085692,1.0027025471087145
bs,1735.1183967737518,1.0041696145420784
σs,583.7544340495863,1.0036408970667794
ws,637.475310535745,1.0027776718834678
ps,1374.9399854179846,1.0036489187906714
es,874.777728727188,1.0030059617914668
σ,1002.0332810886551,1.0030050850701142
