label,ess,rhat
Overall,538.4052365048742,1.006271952195115
as,433.9886071123235,1.00825805325032
bs,655.126576157024,1.0039831433940325
σs,467.0379169992001,1.0080276571212032
ws,413.5873664640839,1.008160086684496
ps,564.5931967549575,1.0058519812802287
es,449.6789847341642,1.0075116593142472
σ,956.6500885317903,1.0012935279988284
