label,ess,rhat
Overall,488.51787862929115,1.0048134888707703
as,418.1714887518581,1.0062883920336962
bs,565.2154093937825,1.0028802587918508
σs,465.6537714358827,1.006463465768348
ws,438.4458411750673,1.0047682937565638
ps,495.6893721701105,1.0046628686635732
es,436.3485007096149,1.006417279467159
σ,1007.2622518580334,1.0060643744355906
