label,ess,rhat
Overall,587.0316110414225,1.0058989560264435
as,535.5038786752953,1.0062736721888434
bs,674.2335575629029,1.0047817939764776
σs,458.6044400821509,1.0085717612216836
ws,555.9837092421856,1.0080023133064966
ps,598.0412253589022,1.0049341433881605
es,475.3128321744756,1.0074825577713116
σ,896.7940181116854,1.0025765937714357
