label,ess,rhat
Overall,1078.3498562617144,1.002899116455053
as,839.5288168736477,1.002095668187644
bs,1379.4026708489625,1.0032789707639829
σs,717.4055601064604,1.0053559614142307
ws,698.7046539776512,1.003763387597496
ps,1177.4247042708741,1.0026109016614633
es,1020.3464011851681,1.000977896838974
σ,994.5064893838883,1.010204612070187
