label,ess,rhat
Overall,1006.6777653994274,1.003307128546625
as,742.4521766052953,1.0039641837090498
bs,1319.4297144522495,1.0028234346878677
σs,725.2248758990252,1.0023016329853534
ws,770.1081467453363,1.002768292887062
ps,1052.9536521765367,1.003405620288208
es,1311.3647980641604,1.0060595917260502
σ,1014.896558617812,0.9995406265065511
