label,ess,rhat
Overall,737.5994697815453,1.0041527122746616
as,628.3930812347442,1.0041432950279237
bs,880.6432599035775,1.0037734182858105
σs,541.3425406452042,1.0064072374410789
ws,531.8342890582794,1.0057254790727381
ps,774.1387150842602,1.0039525544130543
es,1038.6466556627695,1.0017031156825253
σ,850.8034921679692,0.9997862812391635
