label,ess,rhat
Overall,898.7589525313067,1.0046725731356467
as,730.3381020120169,1.0059557941456738
bs,1103.3935502952338,1.0033129019918707
σs,688.7192185124117,1.0051159839113903
ws,691.2577364154605,1.0060097629150222
ps,932.9465690039445,1.004490550452246
es,1285.7997629271804,1.000617307732238
σ,973.6863344431001,1.0054739153931957
