label,ess,rhat
Overall,1089.4941470787728,1.0045075188020984
as,935.4807532650237,1.0034887985702767
bs,1325.0626242664628,1.0049684120175821
σs,616.4746635099185,1.0077429154968585
ws,661.784112297188,1.0048984612163452
ps,1176.0801651294826,1.0044128807227963
es,1533.0484940863687,1.0018720925025293
σ,1178.777004008536,1.0096296902367734
