label,ess,rhat
Overall,1128.9791387397465,1.0039325172986966
as,902.674039307301,1.0032659843573788
bs,1436.4976389764663,1.0045264158900498
σs,657.9414140749599,1.004353796528494
ws,704.570399388636,1.0049068639329863
ps,1224.2011226555521,1.0038644954153242
es,1386.024569470218,1.001026811185888
σ,1137.137921533467,1.001316820314703
