label,ess,rhat
Overall,972.5879210849353,1.0035969122867774
as,675.3768751044659,1.002619757295188
bs,1351.196050452129,1.004181566630858
σs,500.48483744193516,1.0058734160423235
ws,657.3302392286989,1.0040205028628597
ps,1069.664842915631,1.0036640016463276
es,597.6564531589236,1.0006998706778154
σ,845.8507913384015,1.0010876193333016
