label,ess,rhat
Overall,778.710831631885,1.003983058250607
as,593.6543155486795,1.002611444602136
bs,1009.4426629687481,1.0043206444991521
σs,513.7940031606711,1.009980417170177
ws,554.1500153264135,1.0054797167309852
ps,840.5519999219619,1.0035846869946816
es,549.0839946926515,1.004563177774065
σ,964.3182232523272,1.0039847377235789
