label,ess,rhat
Overall,662.2463843504381,1.0037893109816638
as,559.117713311348,1.003372441801506
bs,771.2421352125939,1.004368562686658
σs,628.2173213766564,1.002847492337613
ws,482.03280463846403,1.0048956777469933
ps,703.8128515300781,1.0034857738389866
es,469.0299650136862,1.006749232769447
σ,1216.0517549449037,0.9991628490706446
