label,ess,rhat
Overall,1153.1340064153455,1.0034007395763833
as,818.1384063014383,1.003193898435009
bs,1586.0004950547718,1.003412794960077
σs,585.4828529673338,1.0045304969709312
ws,684.3785366955858,1.0064377099823953
ps,1278.337984686408,1.0028458872468626
es,1082.006321944236,0.9997106741763075
σ,910.6640549836872,1.0009701373213922
