label,ess,rhat
Overall,517.1753001036228,1.0060580904877223
as,348.11463929428913,1.0080987032163777
bs,696.7480426065432,1.0036182611179654
σs,456.20522628082074,1.0083735470061175
ws,365.5257580277464,1.0068004550686778
ps,552.1695037489941,1.0057971108025885
es,340.6135244176661,1.007265054578385
σ,1010.3715814082387,1.007262812221366
