label,ess,rhat
Overall,905.1848459210685,1.0048840346971315
as,594.3884802427324,1.0041605207851945
bs,1283.3959644613299,1.0047977834795974
σs,514.1792793219056,1.0095806724480627
ws,565.4071946511763,1.0056475528184772
ps,999.9999021220304,1.0046704981358805
es,618.3131880848599,1.003645493108655
σ,1005.1372791860233,1.0084486553579703
