label,ess,rhat
Overall,800.1174059661735,1.0043656257025566
as,582.1718833399376,1.0037909143016517
bs,1070.3787779422887,1.0037473759496807
σs,496.685479736874,1.0112848003944865
ws,525.4109999876898,1.0052674358697324
ps,878.1762528650128,1.0041031281192876
es,490.1441128429077,1.0062031296387044
σ,969.716212810234,1.002468779821061
