label,ess,rhat
Overall,654.3107753141629,1.0043735853950455
as,522.0977454230621,1.0040090979421863
bs,809.1031307227885,1.004708582581757
σs,523.350687312521,1.004544628938703
ws,444.28966807224066,1.004504399328355
ps,709.4141702635344,1.0043164004122838
es,428.33554701038884,1.0068580106629985
σ,981.5515612549503,1.000579846831985
