param,value
Exponential mean,2.389473684210526
Cauchy mean,1.168421052631579
