label,ess,rhat
Overall,687.7240908089059,1.0053306723762083
as,602.5093852958075,1.004739501415939
bs,823.814584501424,1.0048132097558162
σs,504.5712533629956,1.0093217532665901
ws,571.2409187738127,1.0045493079877177
ps,730.2588735080734,1.004985548978587
es,647.6223221823911,1.0120912093594878
σ,1059.8213423047018,1.010159179409693
