label,ess,rhat
Overall,641.4433868085374,1.0044995864151751
as,521.7309724789752,1.004438353404934
bs,810.3875717438518,1.003723225887808
σs,464.2090126278284,1.0075149231505667
ws,580.1185466800713,1.006919770298484
ps,665.8125650540047,1.0035134340382093
es,506.8610684807214,1.0040780291234048
σ,1012.9074706236119,1.0019404562001268
