label,ess,rhat
Overall,498.6983541023258,1.0062611873543321
as,419.89393325271266,1.0067608518652582
bs,581.8294055793208,1.0056069064899456
σs,483.12248384375124,1.0068178062267876
ws,453.6045915420538,1.0045542344665679
ps,499.5350250995667,1.007067517914393
es,444.02135263538355,1.0061224885122233
σ,1127.4240618312137,1.0060574251301282
