label,ess,rhat
Overall,619.3051279433762,1.0053195171421538
as,539.8393974668886,1.0071788947708378
bs,730.1206686494554,1.0032407699952306
σs,506.445811116846,1.006109247407812
ws,514.0411089930452,1.0056804637262513
ps,650.8832991004751,1.005104460694456
es,520.3681014470396,1.005629889296099
σ,1259.3149582554463,1.0059588814652227
