label,ess,rhat
Overall,545.9211754578088,1.0050565814603907
as,434.6582006927786,1.0057512676450275
bs,684.3403104488276,1.003233808293424
σs,448.15899864425035,1.0091176945967792
ws,484.7718648876277,1.0066201705520366
ps,567.4247948674115,1.0042814866011796
es,469.3569829931328,1.0067093473569106
σ,873.7471825796691,1.0031404469071015
