label,ess,rhat
Overall,672.681371357855,1.0055667209233976
as,563.5667070839257,1.0068034711264189
bs,838.5472715924292,1.0044396688519477
σs,468.3769218995343,1.0051718076497385
ws,575.951208788545,1.005746584638737
ps,715.096946630102,1.0053898047997696
es,571.4062225438452,1.0103815358174844
σ,933.1886627391762,0.9983785457654681
