label,ess,rhat
Overall,865.4159932855492,1.003432418171832
as,738.4200175128933,1.0029291446213535
bs,1042.3224369960628,1.003625420085225
σs,575.9352792459756,1.005231993666928
ws,685.9003253070478,1.0052577177464868
ps,894.2227738903115,1.0030417942808825
es,1167.6752921617776,1.0028655689955144
σ,1032.359942246515,1.0014124683941847
