label,ess,rhat
Overall,1012.2806264135797,1.004551095726135
as,832.7530550522179,1.0053487539742938
bs,1269.818272957689,1.0034795816629494
σs,559.8221903536489,1.006139459453294
ws,652.6289691753453,1.004087353323192
ps,1104.1764131389475,1.0047788748139082
es,923.0857004844222,1.0047462552353092
σ,1095.492602313056,0.9987922893299921
