label,ess,rhat
Overall,616.2729505924276,1.006642050341784
as,535.683112294009,1.0093310094827106
bs,714.4203928532104,1.0043671564655972
σs,514.4388476107138,1.0042404718062947
ws,432.30873902946115,1.0103502785226135
ps,655.2129645142708,1.0058615940506181
es,606.8235934584922,1.0065390254126967
σ,973.6215353674171,0.9998112640059584
