label,ess,rhat
Overall,792.0685248530971,1.0034044007416691
as,609.5530628701486,1.0029607762553099
bs,1025.2828592798703,1.003615925474493
σs,498.01506467891465,1.004750579312176
ws,556.235379520537,1.0046832882046475
ps,855.5483293823369,1.0031042610811196
es,592.2453677831259,1.0015357755655523
σ,974.6819655802477,1.00620170524454
