label,ess,rhat
Overall,553.9069095197515,1.0071766997995826
as,410.3192234439579,1.0105456866925695
bs,709.1600079590365,1.0040165078365677
σs,486.24751781150206,1.005965689205743
ws,427.39435554072253,1.0079078523733769
ps,582.5006405111333,1.0068260385227148
es,399.00441868839926,1.0131306036442682
σ,1009.3634513444829,1.003326802514332
