label,ess,rhat
Overall,613.45185663269,1.0052359928232002
as,433.7971136840479,1.0050025660664286
bs,811.8543976401596,1.005262557248108
σs,504.7146278914908,1.006435794348012
ws,477.88430942590884,1.0071363642570668
ps,648.6450349594787,1.004827470775206
es,449.6281942689676,1.0045041235834513
σ,878.6371881556554,1.00350433240002
