label,ess,rhat
Overall,944.601000687201,1.0044175804241764
as,644.0297178093307,1.003447969506653
bs,1315.4330552536585,1.005362265841052
σs,537.0885248933945,1.0045621483279341
ws,660.6162208464206,1.0033895668563908
ps,1026.8360888342202,1.0047070666160927
es,660.4186606337402,1.0043557884930707
σ,973.4988078265612,1.002981989887862
