label,ess,rhat
Overall,603.2824503971714,1.008464380404056
as,459.4230317897412,1.0103396908736175
bs,782.2209263984935,1.005733326751987
σs,476.9978437791606,1.0115450558610846
ws,540.8393703438252,1.0117621705395754
ps,623.5554631057237,1.007392275217612
es,467.49541428585087,1.0067289759312201
σ,1097.0751528376104,1.0002364425710364
