label,ess,rhat
Overall,523.5871462544244,1.0070734168310278
as,430.84150509973483,1.0083832038457965
bs,622.4133569694959,1.005627176682716
σs,501.69709583705037,1.0075646481117795
ws,472.06424504453963,1.0071345205662485
ps,530.2314401083029,1.0070521984611438
es,438.39137958538356,1.0103685369615285
σ,1139.501853910287,1.0003016093643504
