label,ess,rhat
Overall,518.8781623261925,1.0051773107605078
as,430.8607183994735,1.003663649584761
bs,617.1473885512356,1.0055038307798896
σs,481.97174605222534,1.00945101892342
ws,479.3043573260433,1.0074561240236788
ps,528.5957297474456,1.0042423062734482
es,442.0789739323424,1.0057637294258281
σ,894.7054461631021,1.0009688309353557
