label,ess,rhat
Overall,642.2686060356876,1.0038464941454466
as,590.1159085895235,1.0034091844485007
bs,755.5345422471318,1.0028339544260658
σs,422.26094648067993,1.0090659520442202
ws,561.7290967663798,1.006119285446809
ps,676.0151971110677,1.0025321479903933
es,614.5947301502965,1.0025794514031767
σ,786.6791010782807,1.0132800840450082
