label,ess,rhat
Overall,746.8674354942323,1.0073566966324554
as,562.0707068224832,1.0072630576052857
bs,986.0994042403471,1.00514287206454
σs,431.14304306290853,1.020739985483952
ws,559.2999720536582,1.0112969687906512
ps,798.9421175327793,1.0064639181814992
es,531.6777307951857,1.0052279349287594
σ,928.4716683289463,1.0071843197874033
