label,ess,rhat
Overall,1040.427130062813,1.0036670464876873
as,716.9143021431361,1.0024867444392738
bs,1452.91288676339,1.0044842725274663
σs,524.3841431335917,1.0057728873377734
ws,601.57589670878,1.007664068426143
ps,1168.6738890973559,1.002544421066055
es,670.9017854321407,1.0070500067115082
σ,889.8481859144866,1.0028228830169448
