label,ess,rhat
Overall,676.1173664245669,1.0035352808198228
as,529.8013344410712,1.0027593485759136
bs,848.0596760186352,1.0043316220493455
σs,527.4849562832418,1.0034169087032627
ws,486.3216384001553,1.0057079587381836
ps,725.3327711263031,1.0029559760299112
es,493.5153288633031,1.0066784053456304
σ,956.5307521566872,0.9989835266636294
