param,value
Exponential mean,2.694736842105263
Cauchy mean,0.7105263157894737
