label,ess,rhat
Overall,643.2296998965162,1.0037588159077888
as,507.08216536607404,1.003769162595197
bs,830.9990128115107,1.0031208101841942
σs,457.3912977121272,1.0060183884380607
ws,498.5656801189327,1.0044955788943175
ps,700.4400375878588,1.0034479273690566
es,567.6167474623536,1.0033770757246399
σ,1042.9550621209314,1.0037642424427746
