label,ess,rhat
Overall,474.21800454159904,1.006515741276484
as,419.8314328386003,1.0081533488009415
bs,531.412080964402,1.005036811213399
σs,464.1109875503039,1.0059445024155405
ws,398.77631914766636,1.0086218294951073
ps,497.1813860296597,1.005202999789256
es,381.633703446724,1.0125527916693202
σ,967.6389127689645,1.0032998605352563
