label,ess,rhat
Overall,479.7168879100943,1.0074986304522024
as,394.44592806940693,1.0099038734907877
bs,572.6337525253168,1.0037191620170387
σs,452.1916307217678,1.0124458418798863
ws,441.7335444921321,1.008604130692344
ps,478.1002753917458,1.0073356733278374
es,416.9566459360123,1.0058867705935004
σ,1103.0694183508656,1.0016932325214045
