label,ess,rhat
Overall,752.9282006339099,1.0041320430733804
as,589.7646850049299,1.0037812507591026
bs,945.8686890659687,1.0040486980744692
σs,580.2217583760528,1.0066500394898745
ws,541.4733779210927,1.0053901829433893
ps,806.0352579468816,1.0038731160736762
es,564.0328663577277,1.0029711510688744
σ,1119.0379907174372,1.0037846446280896
