label,ess,rhat
Overall,539.2434923269414,1.005983687546994
as,426.7275359501739,1.0054654445073752
bs,671.3095508602503,1.005583326414822
σs,425.85289981900223,1.011311591743381
ws,379.1751405053244,1.0079178358119045
ps,574.6234507519308,1.0055874728202334
es,372.40629666626916,1.0068761286332077
σ,1095.5001011082015,1.0000073330801587
