label,ess,rhat
Overall,949.6644282239498,1.0043832893690274
as,635.7284430012953,1.0047475317839167
bs,1339.0781655754492,1.004027001505217
σs,511.8934658766501,1.0043371529727705
ws,621.0521526878008,1.0060267911877279
ps,1041.9213099037995,1.0041429571069316
es,705.2020595088898,1.0012755475124129
σ,953.6061514550697,1.002412699838476
