label,ess,rhat
Overall,845.0837584183244,1.004588084246068
as,598.4677704671315,1.0061898687441873
bs,1154.956387432288,1.0025562890138875
σs,478.19524025425454,1.0070821465036226
ws,606.2331979983127,1.0053548838397408
ps,914.477882041996,1.0043430256056964
es,534.3197248205248,1.0042075399341779
σ,1001.9006167178223,1.007910392483603
