label,ess,rhat
Overall,632.5246072686405,1.0041705184428633
as,513.370565998931,1.0022543567707283
bs,797.0069390365479,1.0046219260299343
σs,469.3427614751273,1.0094436331490972
ws,570.232891976672,1.0062331276992202
ps,651.5612256936164,1.003711047336235
es,577.3924869071049,0.9995400622577933
σ,995.3373524459611,1.0006263685090742
