label,ess,rhat
Overall,665.0797092315408,1.0060284535142596
as,603.598326531633,1.0047341487139887
bs,793.1804918611571,1.0060958401725815
σs,425.2498694845917,1.0104453588252784
ws,575.4553342948192,1.0119531612214419
ps,702.3660054449845,1.003581554060129
es,649.4082164300153,1.0038926029106816
σ,802.4714925257177,1.002823048042639
