label,ess,rhat
Overall,436.74213424339877,1.0069721580986253
as,355.8375230504268,1.0077567660722704
bs,514.5566433481544,1.0062559653226144
σs,447.8665017609772,1.0067258633871394
ws,413.9658482538239,1.0036757122437026
ps,429.0819859169743,1.0086961985770768
es,353.2992245992199,1.0072186761633752
σ,1076.1072418936874,1.001211419788458
