label,ess,rhat
Overall,493.9649491466966,1.0075896655869445
as,440.35501052586443,1.0065396565987947
bs,550.1284617550945,1.0073355655687846
σs,484.7720827914594,1.0122844580096615
ws,487.8124405945271,1.0057681226479644
ps,480.2459339611587,1.0085576293345306
es,443.97326142118146,1.0066296781959474
σ,1024.4728220477407,1.006201098199472
