label,ess,rhat
Overall,470.7074038342077,1.0093515386359269
as,331.78597239493536,1.010702428273088
bs,613.9209027107969,1.0083310144480284
σs,445.81341269777096,1.0074354190302026
ws,317.9293516578533,1.0107658887316053
ps,505.3040635353106,1.0084669049957549
es,293.60032445218405,1.0240035884247782
σ,997.6185230615662,1.0055376526383517
