label,ess,rhat
Overall,752.3060423616408,1.0061451352168351
as,522.187531075725,1.006086449355704
bs,1037.2137682310758,1.0046125750002377
σs,434.5285977772293,1.0153743624676608
ws,472.1775278141063,1.0076992772163509
ps,826.6886503146301,1.005616261255774
es,519.5230451305077,1.0097751832520805
σ,1009.0490296508332,1.0056212852830997
