label,ess,rhat
Overall,1021.4678138489861,1.004389428199526
as,648.5608735008602,1.003862246771739
bs,1490.8914705403697,1.0039594505559148
σs,461.670859058094,1.0099409508136363
ws,651.6111838690252,1.0031272737140555
ps,1130.462443741903,1.0046742717006536
es,655.1894641116469,1.0036375987813158
σ,960.5618382232012,1.0073664528074826
