param,value
Exponential mean,2.6666666666666665
Cauchy mean,9.166666666666666
