label,ess,rhat
Overall,652.7571558961733,1.0049431889981733
as,593.0460585474086,1.005759025104127
bs,756.7168998308166,1.003738585712169
σs,493.4620281870107,1.0063427508463547
ws,596.1422454664192,1.0044983694390954
ps,670.7038401263682,1.0052492296483029
es,547.1632456059688,1.0063498686803745
σ,1076.7101116485692,0.9995106074393354
