label,ess,rhat
Overall,628.3783254091192,1.0045362369243138
as,622.2797292708393,1.0035361485333765
bs,682.6540662115975,1.0055132783309377
σs,454.94060461800416,1.0046192060678427
ws,554.2979914856488,1.005934224430502
ps,654.1358206423046,1.0036196250632963
es,563.7964884425961,1.0075654748289606
σ,976.8111303609883,1.0055338194272185
