label,ess,rhat
Overall,499.2864578989617,1.009471418474495
as,394.9028708286961,1.0128004480029946
bs,613.5565640687429,1.0067395821488623
σs,463.69498914070556,1.0073215229441739
ws,423.66782777186563,1.0087256332550096
ps,515.8412962823614,1.0096991324400901
es,448.2828635573675,1.0149418546946205
σ,1078.291410138911,1.0015594055625878
