label,ess,rhat
Overall,603.943135997281,1.005493297715337
as,529.665244707477,1.006339972490374
bs,728.8699927878747,1.004394061706097
σs,421.6068601944386,1.0064025181584682
ws,550.7132867905046,1.0082715992405906
ps,627.8134869732378,1.0040377482550555
es,483.30486724027725,1.0064726176190284
σ,863.34873861773,1.008039325572233
