label,ess,rhat
Overall,507.66849760489083,1.00630588091494
as,436.1648781869891,1.005865956552583
bs,598.3132596822753,1.0058930401824382
σs,438.76038403075273,1.009375835256436
ws,432.2461193327394,1.0083279112375647
ps,531.8170233319471,1.0053936097170681
es,431.7466906580798,1.0066035481871725
σ,936.7189818608631,1.005165233643669
