label,ess,rhat
Overall,554.9205724377584,1.0066416613528324
as,415.23121419103126,1.0059358098219149
bs,719.5491463939678,1.005715267104851
σs,465.13939588362246,1.0125177461568693
ws,431.5395363838659,1.010971640800745
ps,599.7940678569121,1.0050957760823593
es,475.4749255659846,1.001178882046044
σ,1027.6734179300227,1.0058004836237628
