label,ess,rhat
Overall,632.6886692599297,1.0053745896264399
as,538.9156638748983,1.0061955922259618
bs,781.3125232080012,1.0029449086277944
σs,435.22561443298594,1.011165831863286
ws,556.7531429079183,1.0057627930290456
ps,664.8351615132201,1.0049195748275268
es,560.7062911232359,1.0096844537015115
σ,852.0709431719066,1.003926805416775
