param,value
Exponential mean,1.0157894736842106
Cauchy mean,0.8631578947368421
