label,ess,rhat
Overall,493.16759182373073,1.0076130978879978
as,397.38159593817676,1.0106669503350918
bs,603.0837049969022,1.00402377610677
σs,442.2991695883073,1.0095407874908828
ws,362.67302371463603,1.01106334164735
ps,533.6090430756741,1.0064670743385478
es,470.53456376037593,1.0026094016456337
σ,1052.890732709047,1.0060141775462137
