label,ess,rhat
Overall,588.6713479149084,1.0044500130517051
as,494.64905600246897,1.0031894475971213
bs,723.5578487791586,1.0047770444401554
σs,441.5601956883899,1.0078107356897865
ws,556.0541591247721,1.0039731687208742
ps,601.0298076171028,1.0040013593300596
es,476.1656235048769,1.0082489831274901
σ,883.7691099595505,1.014239201632894
