label,ess,rhat
Overall,1103.4361535453297,1.0054854190582512
as,917.3909914613388,1.0055187794293128
bs,1371.9459809569569,1.0055750590715382
σs,625.1410946450386,1.004772016829032
ws,632.1029193683974,1.0050347053069217
ps,1221.208375880069,1.0057674648866677
es,1090.5302282249054,1.0040072702690348
σ,1132.1801422418614,1.0003120818886457
