label,ess,rhat
Overall,593.3738904353435,1.0052846371197028
as,485.23265514216126,1.0047258818107108
bs,716.3266726496702,1.0053668604174637
σs,507.4669182927044,1.0080485227848424
ws,418.4014340122844,1.005286778859108
ps,630.8669930534533,1.005335600368099
es,531.2132970046176,1.0053790493051764
σ,1017.6956287042116,1.002623875952863
