label,ess,rhat
Overall,833.7507272953674,1.0030572040889174
as,705.3673689365496,1.0020158634469938
bs,995.074015248013,1.0041827245862154
σs,642.6991356511686,1.0025689609277417
ws,665.6297755158063,1.0026248575619938
ps,871.3646597545508,1.0030269552131628
es,849.2411321549978,1.0073020188723891
σ,1014.7525808900384,1.001207678881271
