label,ess,rhat
Overall,1024.8076084251754,1.0041415916980734
as,907.8059559558691,1.0042350261231636
bs,1225.8208704252654,1.0037954731107
σs,537.5402731466268,1.0056071598393146
ws,637.3996932771184,1.0057602097087521
ps,1127.7882819372355,1.0037534672210686
es,870.0967907868032,1.0065968153029718
σ,1040.0518968997096,0.9984377032563668
