label,ess,rhat
Overall,556.5488045642929,1.0047592545515256
as,432.28694886887934,1.0059736587446326
bs,696.635327660916,1.0022726473425483
σs,499.58000191993926,1.0093391854086566
ws,473.07350109731215,1.0090165780384222
ps,583.458813635252,1.0025460214011495
es,456.08243891176346,1.0070904123055753
σ,1059.524941628188,1.0065531191104395
