label,ess,rhat
Overall,621.8706652172617,1.0049175572030669
as,537.6135126024207,1.0059965463427913
bs,756.6296600365765,1.0025046970119087
σs,440.06403328115596,1.009719492988228
ws,567.6201551235051,1.0067359853353814
ps,639.1596630779175,1.003986988474489
es,576.8390811696515,1.0055341296207878
σ,913.4260100605088,1.0060580617228703
