label,ess,rhat
Overall,622.3167528110868,1.003872054062188
as,589.5485797200203,1.0026377474421484
bs,694.6181631947891,1.004812147744943
σs,479.99709855759863,1.0049312206364107
ws,498.7180617214701,1.0075220628813841
ps,663.0090731854484,1.0023071424209264
es,572.373545717317,1.0031194215407129
σ,1147.387130340631,1.0022649159475763
