label,ess,rhat
Overall,504.7208055994406,1.007515095325109
as,436.20531179793386,1.0089925392692576
bs,585.6948196664558,1.0052588048275
σs,459.87013264360974,1.0103189429175696
ws,454.4241794231507,1.0085175064854142
ps,514.7280103781368,1.0068894102754056
es,418.7524034075233,1.011507932499219
σ,1020.0297998526555,1.0037682983455318
