label,ess,rhat
Overall,493.42927059784734,1.008069791286154
as,485.58677348509224,1.011235961445384
bs,502.45430334272413,1.0045972984433729
σs,489.1721423222086,1.0091725529469364
ws,418.11415096972365,1.0082683621301187
ps,515.3499138902827,1.0079715690354318
es,436.62074203900147,1.0077578022938583
σ,940.8910376497037,1.0088646976619324
