label,ess,rhat
Overall,501.86808194584023,1.0083823560887264
as,428.9800726363418,1.0111883372685442
bs,574.030834140924,1.0056449691566174
σs,504.479007557734,1.0081354167969736
ws,453.80587765013206,1.0072040413898722
ps,511.52132856256037,1.0090562820543374
es,430.9838961642997,1.0077375430334439
σ,969.3984930226985,1.0062896834796582
