label,ess,rhat
Overall,703.0661685116229,1.003563173708123
as,664.8609421175954,1.004008597824287
bs,798.7097445086188,1.0026440803156917
σs,496.28810994093556,1.0052683831026876
ws,577.2821846778234,1.0042427137202734
ps,752.0845733362531,1.0033174420662314
es,678.3616308555434,1.0022866558418686
σ,987.4045243889872,1.004350751984007
