label,ess,rhat
Overall,769.1357024298308,1.0040848089156884
as,722.4982106602238,1.001921211337895
bs,881.0039190855987,1.0056477387180012
σs,534.3050928396513,1.0062472129074183
ws,612.3935826585347,1.0064096001351344
ps,827.0946397401426,1.0033496845789143
es,798.7237433119066,1.001329861519485
σ,1083.93268785312,1.0008104418308585
