label,ess,rhat
Overall,769.999811232055,1.004285703509446
as,633.061651195723,1.0044020598260186
bs,944.2411127152072,1.0039271736789588
σs,553.6415908404963,1.005690309890151
ws,610.1918015424696,1.0053552220100614
ps,810.5687717111097,1.0040394350336654
es,629.0069867394541,1.0034247612674252
σ,1022.3714734976361,1.0049942528235554
