label,ess,rhat
Overall,515.9849558869273,1.0073095436463366
as,412.74494246365964,1.0101096030084513
bs,632.4482296040871,1.0049345963395686
σs,439.2900461823535,1.0048438937253263
ws,385.17211602698814,1.0032624248981012
ps,548.0989072375902,1.0084601034071579
es,366.0387441707063,1.0056233510075212
σ,844.1617928068248,1.0040204853833778
