label,ess,rhat
Overall,781.4115435581263,1.0045940332249794
as,574.9138015941569,1.0026961897935722
bs,1047.2970986212367,1.004855010071356
σs,436.9622275831108,1.0140878594181564
ws,475.86309169252337,1.0092639755972117
ps,865.2415225544396,1.0034982279590139
es,535.0047893284833,1.0056974088979609
σ,916.9674825816139,0.9989466261785775
