label,ess,rhat
Overall,1003.1532067649213,1.004379492215809
as,621.975089277629,1.0035803308550388
bs,1468.9934253580345,1.00464555495157
σs,512.1130203511611,1.0074714642408589
ws,611.1675972646974,1.0083717618252876
ps,1119.517399965522,1.0035295021238566
es,580.3359242181455,1.0035771477950401
σ,967.1338122323319,0.9988764701573124
