label,ess,rhat
Overall,497.94618940220676,1.007153813585539
as,411.1350976017835,1.00879158241824
bs,597.3801233175917,1.005221621382773
σs,452.5039577883452,1.0082137377177727
ws,420.5916586588316,1.0058399991188454
ps,516.6396684728714,1.0080287389515763
es,455.12151423453633,1.0073603057022433
σ,1025.8194528207691,0.9997585434354829
