label,ess,rhat
Overall,518.1339911750679,1.0065861803853289
as,474.3500244817735,1.0061308518220782
bs,568.8268358175958,1.0070719806044635
σs,493.2620305578288,1.0064764824241434
ws,474.61696919137484,1.0059620965063842
ps,527.0453560733434,1.007011557033398
es,435.2281240984038,1.0077325503506833
σ,974.4545017775501,1.000722654152139
