label,ess,rhat
Overall,918.661606202735,1.0043651892592642
as,759.5025225277755,1.0038741883223592
bs,1138.6934526978139,1.0042447647091342
σs,565.5995818460411,1.007911457084069
ws,624.800687768077,1.0042629337161457
ps,995.3128426021964,1.0044811579110073
es,745.9645208622319,1.0033695162121987
σ,1111.1274509254977,1.0020171065871428
