label,ess,rhat
Overall,742.2794437045758,1.0058628064394544
as,615.277813070312,1.0052871408965245
bs,892.1103869961887,1.0068791092108451
σs,609.8694302919512,1.0033071105143843
ws,604.737518158122,1.0075681302480146
ps,771.6503594732899,1.005556933732329
es,743.0063113954607,1.0060704040961104
σ,981.5248579819778,0.9996656153654402
