label,ess,rhat
Overall,1037.901727371395,1.0037053987942735
as,813.4021411406878,1.0022842953280744
bs,1340.5075191531741,1.0048034434892836
σs,584.8857351751791,1.0055791396671716
ws,706.9592243939696,1.0038749270184157
ps,1126.450595419655,1.0038074559553671
es,892.8403655716022,1.001844514970342
σ,1048.9888203836185,1.0004940840199448
