label,ess,rhat
Overall,650.273577586525,1.0038179172745412
as,505.84285589517594,1.0042643756953566
bs,812.1454134175254,1.0033500506503095
σs,549.115115576549,1.0039420848543603
ws,444.6725702385642,1.0034135813203202
ps,697.9970289772823,1.0039021118868228
es,516.0416692605627,1.0031111156512111
σ,1095.2238156576311,1.006042210582361
