label,ess,rhat
Overall,886.10921341084,1.004470846713613
as,671.1114364133543,1.0056450500609022
bs,1143.63883805983,1.0031024927569205
σs,639.4244970321173,1.0055969202481512
ws,593.394825201396,1.0070615438618284
ps,949.2724237466554,1.0039488299945636
es,1157.267378782884,1.00243801201914
σ,824.5314450609466,1.0025049528383463
