label,ess,rhat
Overall,1044.5008365152976,1.0048718385146476
as,875.3154712080761,1.0028148666674666
bs,1274.1910023902215,1.0055612359981634
σs,693.5729932226188,1.0128037698239036
ws,645.2297922013112,1.010316269107776
ps,1152.3674105343705,1.0034031891859327
es,879.3061014073779,1.0041477923273012
σ,988.5472855834721,1.0114819315501076
