label,ess,rhat
Overall,939.69023189652,1.0035069980086313
as,677.7615478833867,1.0042230809664134
bs,1241.4896919202756,1.0026002416019184
σs,708.439731034911,1.0046129040124256
ws,793.5685424562417,1.0025254143333897
ps,958.8794753529284,1.0037093792577323
es,1316.307360721859,1.0044080910506845
σ,1018.8325616215801,1.0037695160705824
