label,ess,rhat
Overall,1331.775908103247,1.0038077670964576
as,914.1722067901607,1.0016929323717803
bs,1870.4005127348703,1.004775978773304
σs,629.8546688557358,1.01045818077388
ws,698.3395826678815,1.0059267937821628
ps,1514.1874473749187,1.0033558079497984
es,982.1180069285558,0.999903810748928
σ,876.5737306367869,1.0078813986027007
