label,ess,rhat
Overall,975.6985796673732,1.0042145924194839
as,712.866013639556,1.0026782762739415
bs,1306.765632630744,1.0056127472166974
σs,579.938555441161,1.0050159282397921
ws,596.6692250517001,1.004397883557105
ps,1081.6110088040289,1.0043583734011499
es,653.5158921726743,1.0023515332822428
σ,1084.6196114853578,0.9988397299225418
