label,ess,rhat
Overall,752.9586408680011,1.0039364450504153
as,582.4432970891435,1.0037275080318069
bs,964.675445322451,1.0038349373759943
σs,513.9901689495666,1.0057370242699888
ws,519.9784886672518,1.0048895712418842
ps,813.7602897159394,1.0036650301286756
es,510.30162801589427,1.0051007718928529
σ,1115.555348280166,1.0031981933114278
