label,ess,rhat
Overall,529.3955029329439,1.0062015258216386
as,373.0295975321707,1.0071526865577336
bs,703.172152995752,1.0050366682516683
σs,428.4131838931422,1.0074409674581113
ws,380.376524040725,1.0087273811100503
ps,567.2615460229596,1.005341410613627
es,326.80785326664375,1.0146478712487266
σ,905.22848065142,1.000284101491074
