label,ess,rhat
Overall,735.6901723296014,1.0069483175441518
as,514.6398949738344,1.0072862477064184
bs,990.884034476165,1.005922553896178
σs,537.6573805429791,1.010937751761253
ws,500.2655293752244,1.0090540193477915
ps,797.9001856742972,1.006453693107383
es,483.7256619855573,1.007776778845545
σ,1078.6342679248114,1.0037649462625864
