label,ess,rhat
Overall,509.12050396109834,1.003998110011111
as,387.55839743474513,1.0055605192713466
bs,628.1885372244991,1.0018594235925125
σs,518.0991677077276,1.006072707781217
ws,432.55354966633337,1.0046568049788371
ps,526.4081080371428,1.0033510680668711
es,420.25831465241265,1.004489055446871
σ,1156.1706281384918,1.011934970077107
