label,ess,rhat
Overall,553.8654786148546,1.006220715192691
as,491.5995220748381,1.0054844377323953
bs,661.2607524571849,1.0059171013463049
σs,391.39993632652465,1.0099643238967473
ws,491.29587075096987,1.0065571283163919
ps,579.5670968021299,1.0057222904228005
es,474.7228266898486,1.0121438827550087
σ,794.7440039623298,1.003296466600809
