label,ess,rhat
Overall,502.96165919636593,1.0065519870503659
as,439.5696771648437,1.0085178192660038
bs,583.1171320208991,1.003787885016763
σs,442.61309234152543,1.00942575839504
ws,455.4398886803568,1.0082954689261963
ps,508.89371600310267,1.0058761784736263
es,495.3821757008026,1.0066384359165423
σ,934.1483954044406,1.0030283298032778
