label,ess,rhat
Overall,464.7971149992257,1.0051873903529878
as,420.13906588284055,1.0039695491581584
bs,510.6575338210311,1.0061892839987427
σs,460.4685840597129,1.005964801529655
ws,414.26283808851,1.0062032258358438
ps,475.08154744870956,1.0042958252678307
es,406.4699889182325,1.0094882576299509
σ,920.4674464032179,1.0075763222188667
