label,ess,rhat
Overall,487.52697441210836,1.0076708195776942
as,395.5218027445078,1.0131853716714003
bs,585.4938660610874,1.0025749315846173
σs,466.0647824791452,1.0061636288154316
ws,490.81819390360926,1.0052816649715783
ps,466.9108262643174,1.0088107860028697
es,479.7697772119584,1.0095218994367756
σ,999.5665867569622,1.0029993880783727
