label,ess,rhat
Overall,557.0822779531592,1.0076953404016216
as,467.0844915230672,1.0119205880434508
bs,680.6959253765677,1.0034865737478165
σs,436.06517837721714,1.007636008844736
ws,558.3412486529389,1.006548190593658
ps,551.4056394037251,1.0084903732316115
es,415.93219740302686,1.0082754733083068
σ,971.8673929413437,0.9996300187040786
