label,ess,rhat
Overall,766.1994264457115,1.0036725891177574
as,590.4096708356191,1.003678038510228
bs,990.9607847165315,1.0030208825155162
σs,482.1641310134952,1.007420880934422
ws,578.5734434460381,1.004883784738534
ps,819.0527696100186,1.0033135619138187
es,513.3292611460212,1.005571426170097
σ,986.4910811544485,1.0025738733527985
