label,ess,rhat
Overall,789.2544561546367,1.0040863472840098
as,625.2208421911687,1.0028013061874577
bs,985.0383892281917,1.004588242605913
σs,605.1026053161338,1.0086285927769714
ws,594.3726462229787,1.0052887922181533
ps,837.471477076826,1.0038134815221833
es,563.2817440073139,1.0051664353552248
σ,1265.3645953640944,1.000594388499522
