label,ess,rhat
Overall,893.2854691834336,1.00438840942536
as,672.6444763247155,1.00309333283481
bs,1175.0057377582993,1.0054403898831177
σs,539.0256700297767,1.0057983669955548
ws,595.7358426377181,1.0058303490423308
ps,974.0235161687189,1.003986305012889
es,679.6574928753103,1.0029565995060303
σ,1015.7106850545734,1.0092497656589632
