label,ess,rhat
Overall,1031.4812851787717,1.0064637837123704
as,794.9307340395725,1.007980479193108
bs,1347.5845785379715,1.0047887349631488
σs,570.0753803027695,1.0073822326695758
ws,655.0751891557353,1.0074109990980633
ps,1135.4470217558464,1.0064808210563712
es,811.8822860119215,1.0024477596138
σ,997.1970800893286,1.0023114547691394
