label,ess,rhat
Overall,582.6070399495359,1.0075991479019182
as,456.89677032684875,1.0104041594341122
bs,720.0627461169256,1.0044636772900264
σs,514.4835079902599,1.0095158105641673
ws,407.7703681931735,1.0099725986342476
ps,618.8378892504766,1.0071187503684678
es,443.12555368720695,1.0059150706059068
σ,1220.5293071053834,1.0055449753116033
