label,ess,rhat
Overall,836.5207021692611,1.004966808607771
as,588.8423345664726,1.0058462855871666
bs,1135.1876972733096,1.0034988833132035
σs,540.7866626619538,1.0083798088357716
ws,623.2791676043352,1.0047148458746777
ps,894.9963970333242,1.0052282424162189
es,657.9171853509536,1.0030021786463752
σ,945.7927971099341,0.9993707985221981
