label,ess,rhat
Overall,498.2889326720819,1.0053406921041717
as,428.6212557157094,1.0065768822075871
bs,599.5441975903306,1.0027021867673567
σs,384.5736160093281,1.0103890269444071
ws,486.9442143145704,1.0058360846785408
ps,497.74470299983466,1.0051022541949926
es,449.99022464617804,1.0088490581734852
σ,745.1729404924596,0.998578634711766
