label,ess,rhat
Overall,490.20551968675204,1.0072483718137633
as,401.9137164535085,1.005879684525781
bs,588.1429756708653,1.0077624100071998
σs,455.48116978362157,1.0103251085541298
ws,487.360390232752,1.0093576881318735
ps,480.77578271616215,1.0063974062661867
es,402.8854543911991,1.0079112570727127
σ,944.1603649611981,1.0027359097155362
