label,ess,rhat
Overall,629.7585817396705,1.0068208575970343
as,490.18043328374665,1.008099292426842
bs,780.4536522357191,1.0054310736603391
σs,565.2804339069437,1.0074666824169796
ws,539.2685039162681,1.0059534536163373
ps,648.4703764890835,1.0071772597074644
es,479.73935107761577,1.0043782009483349
σ,1117.5118289727693,1.0050077173621539
