label,ess,rhat
Overall,552.2894211290218,1.0078446383378679
as,388.7574747347689,1.0085057791689351
bs,725.7455869987886,1.0065563787145528
σs,494.72894817103935,1.0114819273329045
ws,403.61914042553207,1.0079576063819895
ps,586.064425438668,1.0076998205864924
es,326.96560279335716,1.0099118872394408
σ,1165.7802193791986,1.0093057760712825
