label,ess,rhat
Overall,979.2046504231419,1.0041840567088889
as,670.4412849616145,1.0015999252911731
bs,1371.3325367455252,1.0057485288073342
σs,495.6904294301788,1.0100980807606548
ws,663.0802395254939,1.0082101505970626
ps,1072.5590020505495,1.0032285866483732
es,692.6753522935556,1.0034478062447019
σ,864.7472993385317,1.0032059938839177
