label,ess,rhat
Overall,1025.5855634607153,1.0049603197456327
as,745.305807599345,1.0048848387144496
bs,1387.2367092677478,1.004474564728674
σs,553.6315017758742,1.0082154888248496
ws,622.1773088835217,1.0063843634213712
ps,1140.0543986541618,1.0046442222305259
es,659.3276777481362,1.0045903212467784
σ,1104.4963005267687,1.0037844733595993
