label,ess,rhat
Overall,510.54424264009566,1.0072248484312325
as,392.08707394753503,1.0095837495413302
bs,635.1310571457794,1.0042299053227552
σs,474.99229692398313,1.0109138920218315
ws,409.7148908079421,1.0057711834808618
ps,531.731720327551,1.0078291558184935
es,420.24914164543156,1.0035879866657529
σ,884.0877376174153,1.0029357967780972
