label,ess,rhat
Overall,689.5738282807772,1.0059950413206509
as,521.6940952163144,1.0079323593481766
bs,877.4143312275902,1.0042713664046945
σs,573.8013629631457,1.0047559112735502
ws,509.005629303715,1.0109807498831895
ps,736.2644990944923,1.0048519207404278
es,526.6733951530912,1.0061428821001035
σ,941.0408832025696,1.000740644861986
