label,ess,rhat
Overall,923.6009008645034,1.004585706033926
as,726.2638911882816,1.0023741502147163
bs,1205.5945063598722,1.0054894311636458
σs,432.5926451134518,1.0121711240329674
ws,600.6385775740638,1.0076702180888444
ps,1014.1348958255057,1.0039548166963825
es,694.4735040232999,1.0010021116559393
σ,911.7718159040671,1.0050214383329643
