label,ess,rhat
Overall,552.7361588503676,1.0071741067017763
as,469.3810116110634,1.0064153667239257
bs,670.2924958450682,1.0068079547387063
σs,429.6118757309408,1.01122371768909
ws,507.47390218675815,1.0056036961628039
ps,562.5386738051816,1.0078134216784789
es,434.8614231817477,1.0130300597864137
σ,1076.7673213257553,0.9976849376058956
