label,ess,rhat
Overall,629.8680356357879,1.0082383341694567
as,537.1654663966502,1.011314404839875
bs,767.9216530403796,1.0043888033283785
σs,466.604262240153,1.0110227907838336
ws,517.4514574459705,1.006878257108839
ps,674.1377861107521,1.008331011406508
es,559.2980133723499,1.015884681568772
σ,968.9935060914007,1.0068569559349159
