label,ess,rhat
Overall,781.6596995081854,1.0043741226519833
as,552.5129135590994,1.0040898901027235
bs,1063.1106092522987,1.0041513436700626
σs,478.29578149702866,1.0073147895328287
ws,582.47654464793,1.0061019765121249
ps,836.223350012167,1.004006618344885
es,566.1531668188659,1.000656037934793
σ,983.8153990187739,1.0087162525053819
