label,ess,rhat
Overall,749.9035812655612,1.004866870472108
as,566.0575064595457,1.0054510933482887
bs,973.7005482764305,1.0040967591792076
σs,518.1884064774113,1.0059450232890756
ws,566.631969691709,1.0049346344327672
ps,799.0893258802721,1.0047757593554825
es,566.4338009209932,1.0060042419342188
σ,955.186739334805,1.0061522936179987
