label,ess,rhat
Overall,1072.3009973149994,1.005794359589679
as,642.9051203519023,1.005765265913629
bs,1598.9888860126603,1.004823090852434
σs,508.0073292545334,1.0115964615867905
ws,616.9175071231203,1.0065036883472531
ps,1205.4197066220352,1.0057281616760598
es,669.5372635186561,1.0039649202905168
σ,952.7323004725243,1.0041187929508473
