label,ess,rhat
Overall,967.1992314055966,1.0057348064101619
as,667.881712681883,1.0062230631123936
bs,1339.5670061818337,1.0047464944592077
σs,543.5077463009595,1.0086351268527498
ws,669.445095362474,1.0085669071065186
ps,1054.341714444257,1.005302380702239
es,666.9850226485939,1.0006843612300116
σ,957.838095581379,1.002606922394483
