label,ess,rhat
Overall,508.0249579770937,1.0090259946581241
as,359.9731161325423,1.0141566270504496
bs,663.184587684047,1.0047343049424737
σs,466.7997883751621,1.004160127133409
ws,401.6867825256963,1.0067212576082987
ps,529.5234682806837,1.0094845351635757
es,354.27190807466184,1.0160021772900714
σ,1059.6606686264047,1.00072052973046
