label,ess,rhat
Overall,775.0476560504692,1.0057555650981955
as,552.2158166274143,1.0071211701716143
bs,1050.1575787711888,1.0038799829342666
σs,471.8347729240164,1.0087134322231515
ws,538.2672088756952,1.0061209198573444
ps,841.6259773523653,1.0057678335965676
es,501.15150254880393,1.0058062365613558
σ,968.44590666008,1.0006810771402304
