label,ess,rhat
Overall,716.2021359680178,1.0047473121623216
as,554.3279677337318,1.0041178819163097
bs,908.1600561154171,1.0050219713535566
σs,541.7163748719606,1.0068049842800275
ws,584.7434332589377,1.0015390081766276
ps,748.1787809209835,1.0054823300458657
es,600.6747488402561,1.0035262918164682
σ,989.882384990167,1.0104081422722386
