param,value
Exponential mean,2.0842105263157893
Cauchy mean,2.542105263157895
