label,ess,rhat
Overall,525.9464698341939,1.006398826814521
as,466.91719081892575,1.0084941781171441
bs,599.955121466965,1.0039980151480756
σs,472.0207284111827,1.00749848412428
ws,431.85773519888943,1.0082664895657352
ps,553.4485416251347,1.0056080875590085
es,470.7551898182205,1.008599020445951
σ,1050.3399789253338,1.000145707180413
