label,ess,rhat
Overall,1023.7389828199474,1.004667372071764
as,790.3241594413577,1.0047620749401154
bs,1322.6020393229576,1.0045140053775403
σs,644.1392306983141,1.005007622261828
ws,619.8042178326301,1.0043105678038184
ps,1129.4518072044366,1.0047324246582086
es,970.485908891327,1.0035068605097357
σ,903.246740069538,1.0081475222618421
