label,ess,rhat
Overall,1000.8561295835942,1.0037080775277865
as,787.248388946692,1.002127843085982
bs,1265.237892858876,1.0051161543206175
σs,706.36679828099,1.0047065918918368
ws,749.251770577447,1.0039613632085165
ps,1056.4205740629534,1.0038429997434468
es,1202.8684016230907,0.9990613193882169
σ,948.9905585691306,1.0034858992864737
