label,ess,rhat
Overall,708.4904684911612,1.0040579829988316
as,530.8477050765579,1.0042022200016225
bs,914.1462263570806,1.0040206870461321
σs,546.015100673528,1.0034377249083009
ws,605.8187893540693,1.0031023566339314
ps,732.7529624167674,1.0045097966514565
es,650.7002962879097,1.0011716965777104
σ,891.5312541136688,0.9996110168938663
