label,ess,rhat
Overall,962.0951067238423,1.0044302298642767
as,629.9090804813313,1.0036468515098012
bs,1370.0749151340274,1.0048100867913585
σs,522.4911701513331,1.0067706541431587
ws,641.1392949417831,1.0060840415169259
ps,1054.9302158753455,1.0041295232992076
es,629.5035374326133,1.001893410588454
σ,1022.6627474188585,1.0040920437074345
