label,ess,rhat
Overall,522.850282182629,1.00527154496099
as,384.5203002963566,1.0061177958550862
bs,675.1172248430363,1.0035559921185864
σs,442.0159096926479,1.0103134962611733
ws,385.5620108381839,1.0086782868636093
ps,553.1722646721631,1.0044149749531168
es,392.0404301656929,1.0065958040530656
σ,976.4740828522092,1.0028574843233262
