label,ess,rhat
Overall,811.0301358102804,1.0037415200970192
as,667.5872933590313,1.0028071635336824
bs,1012.5856234736724,1.004222991129957
σs,473.97679357985334,1.006368256173334
ws,576.0959670287917,1.0049939291420364
ps,874.8452218474246,1.0033805828254456
es,626.7487314972223,1.0058674619502552
σ,935.6788400313459,1.0017857168858786
