param,value
Exponential mean,1.7789473684210526
Cauchy mean,0.8631578947368421
