label,ess,rhat
Overall,604.2477370919306,1.0067952358587766
as,487.76883092799613,1.0079806214078688
bs,777.5184010628814,1.004579989743467
σs,399.79740898667205,1.0105027338971593
ws,485.35520108852825,1.004714325879306
ps,650.5763546430784,1.0073044379750737
es,552.3629044692353,1.0100461128097362
σ,930.1837780483069,1.0120251466867822
