label,ess,rhat
Overall,427.4511231569791,1.0074332375630566
as,344.70552886569646,1.0087027450525734
bs,500.3734261155439,1.0059339098959943
σs,462.8149719547637,1.0082605902022173
ws,336.127790791549,1.0113922112907168
ps,448.7428820471515,1.0059496707584386
es,346.5086374987982,1.0072949888057692
σ,1131.6303517140225,0.9987747872657633
