label,ess,rhat
Overall,630.5277835550969,1.006315958991342
as,586.6044699807642,1.0032211951638037
bs,737.6597927313856,1.0055064351362901
σs,402.976479388055,1.0203713946486672
ws,496.07601326359287,1.0119168219074035
ps,683.3208485959387,1.0038629513518595
es,569.4761640198775,1.0056530341025574
σ,993.4325750616914,1.0042096524027275
