label,ess,rhat
Overall,5.766883471277173,2.4660039270757097
as,5.152618507965302,2.6075996134614994
bs,6.447053597079499,2.2791013754126515
σs,5.529624886311539,2.629108642073879
ws,5.298632816987504,2.4678014201375444
ps,6.0388000988026755,2.389601993135199
es,4.525158174363385,3.7900144789716195
σ,6.799509600917717,1.7828631889951563
