label,ess,rhat
Overall,6.146958304232211,2.4348291937093
as,5.842659049087674,2.5976317954513957
bs,6.625710515669433,2.2859402949979577
σs,5.518927661578552,2.3847398627985883
ws,5.586418162694532,2.3584116260571286
ps,6.527944667108011,2.4188751442992835
es,4.7859009126635215,3.34190214915522
σ,5.689909351050908,1.9524993793039342
