label,ess,rhat
Overall,6.264128674518207,2.374246412086764
as,5.3743762472287955,2.651891364023267
bs,7.475725754930131,1.9742158330462543
σs,5.105487923277167,2.81483466966119
ws,6.763033062167452,2.074500678430996
ps,6.196624528941579,2.42196362896797
es,4.643188411222045,3.625420126627917
σ,5.274264334311921,2.2282001479623275
