label,ess,rhat
Overall,8.236541688597454,1.9692868750514516
as,9.093209268009236,2.0875061217160695
bs,7.365930646229663,1.8535469522210941
σs,8.286738155239073,1.9603613092481136
ws,5.538525536951231,2.265659808114127
ps,9.412364796073403,1.7383593931927221
es,4.584773071050339,3.597114775359807
σ,17.344871949071614,1.1612704060095986
