label,ess,rhat
Overall,616.9169328863607,1.0061493685396143
as,498.64710058899357,1.008425617279384
bs,773.3253297386303,1.0042881372853167
σs,479.6181004887115,1.0046553055919154
ws,535.0472010686289,1.008204581907046
ps,646.9270442429438,1.005427575957176
es,504.3983033581895,1.0053775396510978
σ,1044.1280784843225,1.0017970730508587
