label,ess,rhat
Overall,478.9747310798992,1.007580659183315
as,380.14527533935507,1.0088818475464847
bs,592.2147248395419,1.0059248543795327
σs,427.0967942111445,1.008857278369518
ws,434.71629801080144,1.0036334771328121
ps,483.63811102329095,1.0092623160359682
es,441.7220906877122,1.009753231989893
σ,963.3333301652603,1.0068786200071906
