label,ess,rhat
Overall,653.1769656836691,1.004621469759764
as,529.9245243322746,1.0048372236760676
bs,794.7464569598898,1.0043694226339546
σs,546.9380761196777,1.0048319703748925
ws,460.4394637988019,1.0078294684910172
ps,692.6209653580528,1.0038940331698265
es,684.6259242849579,1.002660441356986
σ,1009.8170867290735,1.0049644981072678
