label,ess,rhat
Overall,1122.5610109308811,1.0035690193128994
as,918.9027418421442,1.0025228134025088
bs,1410.8989685610143,1.004233946290676
σs,631.4188173907838,1.0057804371220576
ws,688.9946778358207,1.0044205377920918
ps,1232.404381137446,1.0034411068715658
es,1152.9155811557741,1.0033446621308704
σ,992.1660977067124,0.99993930911066
