label,ess,rhat
Overall,576.5486979389209,1.0066364497960747
as,471.36546427436144,1.008968789146267
bs,708.9042239194586,1.0040345970114386
σs,478.7284456013982,1.0076066981600715
ws,489.0996752605799,1.0050297083906894
ps,609.6161579724954,1.0075115649724213
es,479.4385722518639,1.00856473138791
σ,960.4032605801852,0.999307788892014
