label,ess,rhat
Overall,674.9242994134711,1.0049468436334004
as,470.96350779810405,1.0057556348808219
bs,912.283073108819,1.0040187054632042
σs,481.2160033495828,1.0056390557854935
ws,531.5954722573942,1.0063082445759253
ps,713.801145889226,1.0046106615421146
es,507.8292824188718,1.0048138859366853
σ,862.9716284393685,1.0050126880982464
