label,ess,rhat
Overall,1025.5473032621412,1.0039945458793789
as,769.4204918196103,1.002866277067473
bs,1366.778850604563,1.0043362461602656
σs,531.9398350427729,1.0085566433592885
ws,628.3433585721451,1.0064728517680142
ps,1140.1148816899222,1.003191567362488
es,724.9608040602353,1.0058061358613708
σ,893.9238734124172,1.0091746640625399
