label,ess,rhat
Overall,839.66103176184,1.0050118343353018
as,618.8003351318442,1.0058816224023748
bs,1113.7512622721295,1.0042030602099643
σs,530.9297352561389,1.0046579534732358
ws,565.1239475562335,1.0043713816106792
ps,912.5815142942206,1.0051922268768376
es,620.0072397492008,1.0076084238646277
σ,1073.2304647001333,0.9988452459783862
