label,ess,rhat
Overall,651.0868267770687,1.0049696579353595
as,589.8612622771436,1.0044475944357667
bs,754.5697599443399,1.0047938818366107
σs,498.960299574623,1.0074818804893901
ws,590.7626399049301,1.0060908951794818
ps,672.9294890090928,1.004428475164406
es,581.3416273096865,1.0074540069159372
σ,946.5582501448687,1.0006168650895264
