label,ess,rhat
Overall,479.5899774187697,1.0065799571011547
as,363.56898838817415,1.0058356318398654
bs,598.3851952952302,1.0064445528227093
σs,469.6027535736557,1.0097469834442017
ws,459.76789071323054,1.00680206463599
ps,464.64660920485153,1.0065861569979693
es,479.4029931538487,1.0073136134601492
σ,1106.3565599769568,1.0022861566479644
