label,ess,rhat
Overall,571.6221072084813,1.0084947905395523
as,461.73351509342825,1.0092337138048546
bs,715.4696463364718,1.0060337769886702
σs,449.36989796190767,1.0146943155676378
ws,523.1263671981154,1.0112413913299367
ps,578.8409929269444,1.0071085035214964
es,520.3795964757082,1.0055593611440052
σ,1068.3649801183833,1.0174499023154884
