label,ess,rhat
Overall,629.5028644825444,1.0058580372035129
as,537.8456655964427,1.00553660148755
bs,773.8418129277895,1.0049643912979145
σs,439.84856606962785,1.0102323310411332
ws,523.2998753530969,1.0066504926758075
ps,671.9486830869719,1.005690262466622
es,593.3715037501267,1.005849658272615
σ,872.6101717856393,1.0007274725569335
