label,ess,rhat
Overall,439.6392623415685,1.008668319483503
as,346.2814156797664,1.010394800701115
bs,533.8108457099783,1.0065323987641892
σs,436.7098101977805,1.0101423016896303
ws,427.92347004111144,1.0071557483847875
ps,428.97157638099685,1.0095413685192178
es,365.6192291766394,1.0102314988930194
σ,1005.6286712517706,1.0009935389204836
