label,ess,rhat
Overall,461.11282946295563,1.0084774000845205
as,282.9543153145206,1.0111951065606513
bs,639.0101952010281,1.0046310387911646
σs,462.0529637402604,1.0125405574265316
ws,384.727017112755,1.009299719930423
ps,481.1438092058306,1.0084349850130585
es,367.0691977324359,1.008574632510281
σ,1045.0243678116524,0.999517888940181
