label,ess,rhat
Overall,906.731161722776,1.0034668983234585
as,627.9570534288592,1.0026152287244143
bs,1252.5298162240417,1.0033899921148788
σs,517.9887937201513,1.0088526380076797
ws,569.0892518423719,1.0049496219918466
ps,1002.6213709708417,1.003154164471183
es,578.5034375276078,1.0027319067778362
σ,1012.1594847708171,1.0021554223032747
