label,ess,rhat
Overall,794.9005163398685,1.0053645868356587
as,543.0361092178515,1.0054796768108223
bs,1106.0033137356033,1.0046467652097923
σs,451.31785275230806,1.008860430409738
ws,574.5567421796999,1.00688720740911
ps,857.5348650599508,1.004975476943448
es,547.8420334182742,1.0028715198561762
σ,926.6940335411458,1.0107565487393193
