param,value
Exponential mean,2.694736842105263
Cauchy mean,0.25263157894736843
