label,ess,rhat
Overall,619.9201541912558,1.0043748252466276
as,445.75508485520396,1.0055586111747266
bs,845.3240352776168,1.002986262614034
σs,435.4604318901438,1.0051120213828084
ws,517.4620280458306,1.004972529640787
ps,663.2781475891442,1.0037402676395748
es,520.0761789198792,1.0087292851503342
σ,921.7977901340188,1.004991950492677
