label,ess,rhat
Overall,620.165658474517,1.0055567807113859
as,531.2633214150892,1.0055286459390944
bs,758.3248839140774,1.0038255751508767
σs,442.84086030603964,1.0118904059094684
ws,606.1608727535823,1.006027380757925
ps,611.5349841045722,1.004861191757135
es,598.5708148806225,1.0100024450293683
σ,1055.8103079320908,1.009103564327477
