label,ess,rhat
Overall,459.65549168621936,1.010683902535453
as,395.37872903475244,1.011771989013343
bs,524.2974655215631,1.0088562851237697
σs,458.3407314242625,1.0133462138971088
ws,379.9432291213348,1.0113734022683534
ps,477.8633113397637,1.010140672867639
es,383.48920327753297,1.0184560691355018
σ,1095.1319082900498,1.0009895439037204
