label,ess,rhat
Overall,482.8093997476208,1.0070767647170096
as,358.17146990656425,1.0085374163362748
bs,618.2036294092705,1.0056279197945377
σs,420.4228607881816,1.0070082858756073
ws,351.35863332511343,1.0112546593610177
ps,512.5980911054472,1.0061390543241457
es,346.7834669342418,1.0078104295145474
σ,902.4132772687987,1.000484798251303
