label,ess,rhat
Overall,1085.1608875304914,1.0040492607857165
as,742.7985164974455,1.002848141856321
bs,1518.49082600896,1.0043963304811345
σs,557.5489963470382,1.009002746342783
ws,699.5475723782055,1.0055965540413638
ps,1197.7858432575874,1.0036928145241442
es,732.740740610411,1.003925262511652
σ,1011.3630882974695,1.002839158821543
