label,ess,rhat
Overall,730.6092621732162,1.0046379716392368
as,563.4836633520315,1.0043067270149186
bs,929.1379041618247,1.004542758774917
σs,548.4716118021599,1.0071114250733384
ws,613.6298054061265,1.0063071084325288
ps,759.8719959865539,1.0042060821505296
es,616.9752514382842,1.0035701639232224
σ,957.0195418079528,1.0074746410097142
