label,ess,rhat
Overall,784.5131147001822,1.005915808449512
as,604.7339861655319,1.007154472260573
bs,1013.9091015789382,1.003623325381113
σs,496.7353363043641,1.0120279601420676
ws,543.6984213113356,1.0095117140274008
ps,846.6320696444495,1.0050015224584896
es,618.1517868988165,1.0063349654180658
σ,1025.3022536442418,1.0058123551467966
