param,value
Exponential mean,1.168421052631579
Cauchy mean,0.4052631578947368
