label,ess,rhat
Overall,624.0651264849423,1.0061826678821426
as,576.3802198190265,1.0072649409843468
bs,712.2720656460561,1.0039039685156967
σs,478.1858095022288,1.0104898024334108
ws,521.199664242399,1.0061953077137182
ps,660.9734298982651,1.0061442519405317
es,551.0907611136804,1.0074255083350911
σ,1044.7835153915942,1.0045441234792227
