label,ess,rhat
Overall,578.3207971574003,1.0071289994851012
as,459.3830057741177,1.0096604081437675
bs,725.350056793847,1.0034879157161392
σs,477.1915114460083,1.0111238298821648
ws,530.7588509701867,1.0087142851125053
ps,588.8181335493887,1.0061320251118682
es,482.6269555774067,1.0090871250874887
σ,1067.5210883722489,1.0101106544555274
