label,ess,rhat
Overall,489.07814258379716,1.0057157333649769
as,445.8586566927306,1.0070546921007293
bs,538.8292624227436,1.0042581872377667
σs,465.56426037143103,1.0061426479742255
ws,443.73273431710646,1.0074204213059061
ps,495.32573549206387,1.0045173227763393
es,435.39295039716194,1.010237285438489
σ,978.1560105424247,1.00737504923138
