label,ess,rhat
Overall,564.4701829828523,1.0053184354240892
as,489.8766235235353,1.0071190429540864
bs,669.1036857299356,1.0032110854589262
σs,456.3263871468933,1.0064227081906858
ws,497.33383161040337,1.005418509431414
ps,591.5809425425931,1.0053533674486228
es,493.0911678929509,1.0047859994886497
σ,807.9846810787756,1.0042741865691907
