label,ess,rhat
Overall,17.830217403329105,1.5308494442626939
as,20.50915238486007,1.552566653120616
bs,17.42426762542436,1.5038917546650263
σs,9.647470670274718,1.549715174925776
ws,18.63624635593608,1.6817082202677314
ps,18.294864338685834,1.4288774399500066
es,5.411511364214988,2.145652280250464
σ,20.914461730998692,1.1422105723565665
