label,ess,rhat
Overall,14.94576778978359,1.6494390410681303
as,10.941778768286685,1.5170564990135267
bs,21.255438047579126,1.7619619587402922
σs,6.645315339108507,1.7209336888449218
ws,7.698373317311563,1.8514302380693834
ps,19.303174111476054,1.504915850655602
es,5.767403278748502,2.345503983730626
σ,6.978666117514058,1.5910177424538463
