label,ess,rhat
Overall,44.355753951107886,1.4985946584023273
as,37.308544912283665,1.4041902999622404
bs,57.588900878356476,1.5559005320497994
σs,22.08637755278008,1.6321492036557426
ws,24.962466199192693,1.5966742825627662
ps,57.650255131556044,1.4274812745704233
es,6.551409309945872,1.7887134807288776
σ,7.026865564761842,1.5903495034534745
