label,ess,rhat
Overall,501.93811713559654,1.0047989895208704
as,396.0339459705757,1.0046354240756086
bs,619.9955305194743,1.0045576314291524
σs,458.18644514771233,1.006256714253996
ws,431.8497005408911,1.0057879970786745
ps,526.043256652382,1.004336473628912
es,365.3996601786646,1.0055932641182959
σ,989.3424027495101,1.003367762823282
