label,ess,rhat
Overall,552.184158739866,1.0049364555317941
as,481.88097913134476,1.0048283124491275
bs,629.4603510508831,1.005277832080679
σs,527.0813130108801,1.0040968150534078
ws,459.4766053789192,1.0065394121781306
ps,582.9868689854088,1.0038222151416558
es,442.28571449487373,1.0098876846792988
σ,1083.6012211770985,1.0047687676243464
