label,ess,rhat
Overall,489.84503723727664,1.0086061991245867
as,397.08565287818266,1.0132375333356558
bs,590.9474145171669,1.0044007027934585
σs,459.81026272241024,1.0070731827568
ws,445.25308254892184,1.0048652977709203
ps,498.26884507018104,1.010841656742471
es,417.95927116263306,1.0066455951874949
σ,949.7010219913044,0.9992963251777884
