label,ess,rhat
Overall,625.0923799032445,1.0037706308728727
as,549.053398211557,1.0015903744547896
bs,734.3190522174227,1.0052223736664208
σs,505.6166936622776,1.006393279921201
ws,553.4065405754208,1.006262589977063
ps,646.673861590739,1.0024949615960494
es,520.3469127015273,1.00430332807043
σ,1133.694862365709,1.0059691284248948
