label,ess,rhat
Overall,1087.6060002943889,1.0036875481698455
as,903.8023596024854,1.00174660840087
bs,1342.8549839816785,1.0048443793390505
σs,673.2230109211534,1.0082353780485134
ws,668.865981322917,1.0057387823138808
ps,1192.1188653365864,1.0029327302423623
es,1126.4300501298217,1.0060299287670793
σ,1018.2206062557153,1.0106192377661334
