label,ess,rhat
Overall,767.5445713513623,1.0058338913931018
as,627.239785091333,1.008014862420133
bs,947.0209373590376,1.0035683636657018
σs,540.3494088150143,1.0063243202552399
ws,520.1909123727754,1.0073729900188029
ps,813.8131960178524,1.0054165253171583
es,1048.3860807984672,1.0095929941763675
σ,953.2114762086629,0.9998800739634468
