label,ess,rhat
Overall,1010.11841668316,1.003142661196455
as,751.9514596966861,1.0033092310293603
bs,1330.2353021547485,1.0028059216269265
σs,650.808831469494,1.0041296456688698
ws,785.1224226149178,1.003454054132613
ps,1044.710559630744,1.00296023296548
es,1528.5114471376526,1.006180914812178
σ,1012.8614231090511,1.0020859938179087
