label,ess,rhat
Overall,1156.8729891946766,1.0041534131546395
as,1059.236370500385,1.0026670893949223
bs,1352.1898735538205,1.0050972316210938
σs,590.3274483385351,1.00729994385556
ws,729.730238759971,1.004250905867514
ps,1254.8077518266207,1.0040614746803862
es,1459.2342506980754,1.0037793220755296
σ,976.9948650710425,1.0081447295225203
