label,ess,rhat
Overall,475.57484977326453,1.0056387703302314
as,375.0428260584316,1.0060016529555438
bs,589.7183409435768,1.005671325334079
σs,426.57356693353904,1.004215194865255
ws,455.79198430110705,1.0038587569571837
ps,473.8843117835278,1.0064253913860737
es,436.13608079759945,1.0080931579952868
σ,835.8007611236388,1.0016380080247906
