label,ess,rhat
Overall,475.6883700977164,1.006818175969409
as,337.85386435181783,1.0101798252135283
bs,626.0698172866386,1.0030575297361541
σs,430.51938090283073,1.0082545651302959
ws,385.492160057552,1.0061866192220097
ps,504.7628283417396,1.0069969753230819
es,401.6235577688911,1.0067564156954971
σ,950.2366008927368,1.0098715942905219
