label,ess,rhat
Overall,602.1466912264024,1.0072028772169745
as,477.8438822175083,1.00724277732733
bs,778.4381550133371,1.00564468316849
σs,414.98753402545697,1.0126687353942407
ws,504.6532600508777,1.0082639318706441
ps,635.815973760505,1.0067190563249242
es,556.3382202018797,1.0112975313570614
σ,988.2834614950788,0.9988602562860781
