label,ess,rhat
Overall,590.2169515546358,1.0043086950420872
as,503.5538548254806,1.004758868725356
bs,717.2237216299438,1.0030121282578406
σs,444.9797275084853,1.007355710205608
ws,525.3161236414494,1.0046757932272026
ps,608.4753344017367,1.004265072142244
es,556.3411260482417,1.0041765717008204
σ,962.0605835010339,1.0013019588991614
