label,ess,rhat
Overall,822.5260389325757,1.004188195489684
as,632.021198242014,1.0043859772421309
bs,1063.402694570711,1.0039689487423396
σs,530.3695122366498,1.004312692460092
ws,553.1946733704774,1.0046479472288157
ps,896.0155891094628,1.004138022027762
es,569.3666173692461,1.0024633814900135
σ,1033.3228603138366,1.004529128791702
