label,ess,rhat
Overall,710.2531176821367,1.004498948346903
as,574.4348136546332,1.0037162547672211
bs,880.7485391772531,1.0051306252851384
σs,509.1258363699823,1.0053748448672957
ws,514.7732141166484,1.0045824415802158
ps,760.3785723704931,1.0042539657609713
es,521.7920214419436,1.0080965939487143
σ,1026.9123279072774,1.0080609024682274
