label,ess,rhat
Overall,447.7031916090601,1.0119513827479691
as,302.8370301393648,1.019443527724162
bs,594.865650655711,1.0048563332851022
σs,434.38466566271745,1.0096482287706765
ws,289.51373483694505,1.0162735003860597
ps,479.31878347220226,1.0112829872491316
es,345.6110969476591,1.0083717327944222
σ,1032.6124527664192,0.9993282549421678
