label,ess,rhat
Overall,929.9167597039192,1.0045653645270798
as,597.0197521560691,1.0028071527375964
bs,1332.7896383103916,1.0060922823372571
σs,524.056707563911,1.0059068696070594
ws,617.1055579391705,1.0049865367758877
ps,1020.8375836256179,1.004528517394241
es,615.0509986984052,1.002864751754938
σ,949.1831546504023,1.004681185461956
