label,ess,rhat
Overall,423.2534028067457,1.0127991456217895
as,327.708499268009,1.0179282019426077
bs,509.52905330042535,1.007410496222278
σs,477.0150704680771,1.0143047854782115
ws,380.35352107555923,1.00739209245344
ps,420.76686085834007,1.0142267937609246
es,360.44651482951895,1.014368467412563
σ,1183.0197730589084,1.0060180293819467
