label,ess,rhat
Overall,916.240179859656,1.0035116922517902
as,725.8863680007134,1.0031803711175995
bs,1180.1521850287745,1.0034943099886624
σs,489.6026586606358,1.005534171956238
ws,622.9793914658636,1.0033810015415747
ps,997.9150957702533,1.0035655554343028
es,690.2553995735025,1.003420606843204
σ,966.9432374488092,1.0026767188309536
