label,ess,rhat
Overall,658.989734962148,1.005033279377724
as,514.3754585789978,1.0053237285326773
bs,828.8846478473926,1.0042441162862463
σs,512.3620432500009,1.0079258202095658
ws,564.771537423048,1.0039320331749897
ps,680.1915059479404,1.0052041820554958
es,528.7006035026034,1.005086864337915
σ,1032.501361032399,1.0099377353570924
