label,ess,rhat
Overall,494.98051702281816,1.0057292630246069
as,440.47845910938884,1.0060167543248744
bs,555.3132336299806,1.0053591056197098
σs,473.9901457253788,1.006026861001274
ws,419.41024187216095,1.006924038493773
ps,521.5070980829239,1.0052344025669013
es,371.8254580128465,1.0083784507991012
σ,958.4428292878957,0.9989599537459737
