label,ess,rhat
Overall,504.0293449378416,1.0052404217751358
as,458.21745679269253,1.0068107563278335
bs,562.474336405794,1.0030551604560003
σs,458.5501729757499,1.0074541581343148
ws,486.0911174875291,1.0081011533237092
ps,495.2845555680637,1.0039078432444797
es,486.75256659194935,1.0080265286291672
σ,981.2061546475985,0.9999864712812596
