label,ess,rhat
Overall,472.79582966018023,1.0062717233886607
as,428.068360183156,1.0073845435300517
bs,527.5271782418628,1.0042857946927934
σs,436.7818648834095,1.009414914184774
ws,428.657084292672,1.0072259305778497
ps,482.28696234341544,1.0058691727099645
es,354.3523205906002,1.002959475051494
σ,992.5783424453226,1.0119120514388156
