label,ess,rhat
Overall,683.8089367726184,1.0041575882789455
as,576.1712759796497,1.0045616719736412
bs,853.37471739291,1.0031034583809104
σs,460.8677053942558,1.0064977546109684
ws,588.6079703710368,1.0057560597409012
ps,717.9345297053408,1.0037415921151651
es,631.3441391034842,1.0007551894254427
σ,1043.8847126790772,1.0025966287007826
