label,ess,rhat
Overall,654.7650816346024,1.0062404108299188
as,566.2397165016625,1.0056301874234514
bs,817.3039822695405,1.0056882558730806
σs,388.3163538274092,1.0104249729378207
ws,571.6808403321742,1.0070372796217713
ps,691.5288912189922,1.0061382902136733
es,637.2702492875999,1.0037394779557736
σ,730.9065927636105,1.0043349870983662
