label,ess,rhat
Overall,480.2464302784205,1.0052384409539863
as,413.6476690707924,1.0046760981577303
bs,557.50851110159,1.0052109153245736
σs,441.8584796624711,1.0073619672863923
ws,444.06576107429834,1.009845571640973
ps,484.69850552904796,1.0029048740499145
es,411.2380722360884,1.0081710474908692
σ,936.677220296235,1.0047603991422465
