label,ess,rhat
Overall,476.24705811114944,1.0070191945066975
as,432.5030275851998,1.008063649771674
bs,527.5589701803367,1.005428544120591
σs,449.00268455549394,1.008985496942768
ws,457.09928247063755,1.008097202028481
ps,468.9469152346432,1.0067248491228828
es,419.015969578482,1.0065916609081118
σ,1010.2862576517892,1.002591151421658
