label,ess,rhat
Overall,650.6501615048624,1.0031502119036704
as,558.6684166258618,1.0033074347887343
bs,788.1112035169336,1.002672213452772
σs,486.924691825807,1.0043050039406762
ws,551.3734804521129,1.0043518942750946
ps,684.3265735092101,1.0027137748975663
es,601.7495318539052,1.002677970667834
σ,1064.1848813267263,1.0010218680769691
