param,value
Exponential mean,2.694736842105263
Cauchy mean,2.389473684210526
