label,ess,rhat
Overall,465.5755497752209,1.013575942529513
as,358.41899228634054,1.0206103379092086
bs,583.8552301609666,1.006127887353013
σs,425.5323073465059,1.0150651177980095
ws,398.63630793077624,1.0149262895768363
ps,480.3694532266809,1.013238726535947
es,394.21373052326396,1.0158917921105777
σ,1026.9286006745128,1.0015076946322192
