label,ess,rhat
Overall,467.8774890877213,1.0066797859368128
as,410.2730364580988,1.0053121276564343
bs,520.6917243320828,1.007402655177892
σs,485.1222716746605,1.0090010264782896
ws,460.99779399228555,1.0076510430076773
ps,460.89509891548744,1.006426763867828
es,354.00762567983486,1.005603274263838
σ,959.7157015267978,1.0037562982259907
