label,ess,rhat
Overall,615.2402162451518,1.0046424183451008
as,525.3372232506598,1.0039760998179021
bs,754.4565950180883,1.0035398476694022
σs,437.71202744275297,1.0110104194755345
ws,561.2960234879284,1.0086074792275024
ps,632.5090567357698,1.0027227132811423
es,544.5658000440744,1.0062875482539155
σ,954.929508977927,1.0036837596015822
