label,ess,rhat
Overall,1028.8618397076289,1.0040180165476433
as,798.9865160867524,1.0030326907836242
bs,1332.3658858160293,1.0045097146142974
σs,601.815249279989,1.0068810571923614
ws,642.4057929177396,1.0054187552567686
ps,1138.7098951026226,1.0036539998499368
es,771.3266451941902,1.004830136238964
σ,908.698131253479,1.0030577141454244
