label,ess,rhat
Overall,29.631997547654976,1.5088729938434495
as,28.867942902175614,1.608175262824566
bs,32.723380607445876,1.4085361166144788
σs,21.253615256133383,1.5125975835357253
ws,12.961316211587068,1.4383462760350616
ps,38.23821939891556,1.5006245544632635
es,5.583217458244855,2.24377710948577
σ,54.015965626514465,1.0998448001442949
