label,ess,rhat
Overall,367.1068245699359,1.0145397062964872
as,302.82988021271404,1.0108982865285214
bs,436.5057927577175,1.0157940108730736
σs,348.6675387799214,1.0231333209854525
ws,206.48464037543602,1.0212503367549373
ps,435.04719602886775,1.0092628912933106
es,177.69019170040832,1.0446359795930087
σ,906.9566427107624,1.0110167842846325
