label,ess,rhat
Overall,73.88086212494294,1.1412466626219029
as,69.1404557511939,1.0536764169924724
bs,37.2185899804272,1.2203172203854677
σs,222.93050479069615,1.17184553893902
ws,63.04036648648651,1.2350898014844576
ps,50.25425609505828,1.0832053132767396
es,30.698083480842108,1.4015446377742897
σ,904.6241238516232,1.003608128940721
