label,ess,rhat
Overall,219.8898151012183,1.0283180374513519
as,200.59083532470143,1.030063757791346
bs,210.94195275015161,1.0232984376942647
σs,321.5784467605189,1.0401040033528872
ws,165.65113151500893,1.044398035010653
ps,226.46575673369136,1.0218048956957986
es,135.1171639884455,1.0301714981796328
σ,869.324837916976,1.0009928309275575
