label,ess,rhat
Overall,503.57769489375534,1.0075935399837146
as,360.2639245995316,1.0076855769038082
bs,657.2270664352218,1.0066844159555666
σs,443.63120765974907,1.012332645210431
ws,391.3351746314541,1.0101299947394
ps,528.9340899710771,1.0071644730353184
es,372.1201364728853,1.0058165549648646
σ,896.296091171662,1.0013052664762054
