label,ess,rhat
Overall,984.9115826550842,1.0034992761021704
as,751.3397254123695,1.0018628421230042
bs,1298.877251743558,1.004892256872618
σs,518.6274739496791,1.0049113047127411
ws,689.3305277744302,1.004429329024217
ps,1073.1642968642989,1.0033997246556814
es,679.8305738390591,1.0018433223717065
σ,905.9159768126746,1.00042901793002
