label,ess,rhat
Overall,694.3901802528379,1.0048933874929382
as,536.060146148906,1.0046578111843032
bs,881.9135510577836,1.0052256032818045
σs,525.068827386958,1.004332878507592
ws,511.5836801128455,1.0086352184519947
ps,745.0654258924129,1.0038639824394064
es,479.48776509986783,1.0064896687180513
σ,885.4612215390905,1.0062102961035475
