label,ess,rhat
Overall,726.9125318897849,1.0043298737454092
as,650.8654634292578,1.003869984369879
bs,858.2453417244265,1.003423091709932
σs,527.8838629429723,1.009249890825034
ws,524.4867944286799,1.0078773432630375
ps,811.2753602314592,1.003039613234026
es,658.0877513316706,1.0015918536026227
σ,1100.2374056557433,1.0007830531154036
