label,ess,rhat
Overall,520.6439279987175,1.0056464425804985
as,424.03484744531863,1.0068432129265295
bs,603.723669579488,1.0048470326912773
σs,569.3495483001789,1.0042159449359847
ws,459.28917006089455,1.005407281835547
ps,537.0523962177224,1.0055352933402282
es,414.136765669585,1.0107185926866848
σ,1043.295174216732,1.0012619515545784
