label,ess,rhat
Overall,547.9122898042338,1.0035664474846506
as,513.4367073210469,1.0027256678828502
bs,591.4645604883049,1.0039139243156276
σs,515.2362122810489,1.0053423374596153
ws,508.0677011397122,1.0057998417281062
ps,552.0568724346163,1.0025075331595767
es,513.4519297925577,1.003209269731855
σ,987.208925411894,1.0050118445206921
