label,ess,rhat
Overall,1237.6930012553971,1.0028954745082348
as,1010.779363664665,1.0028702704685342
bs,1578.3879103813622,1.0029459675474308
σs,577.7616263510478,1.0027487983111658
ws,662.7223063276012,1.002689247818531
ps,1369.9249800517111,1.0029174024432694
es,1613.7702610284791,1.0041389232001197
σ,1038.0518386197086,1.0018307565192646
