label,ess,rhat
Overall,748.8340342017569,1.0041847520545928
as,595.5738162906099,1.0055417582674886
bs,934.6410135709137,1.0026545019666668
σs,560.0628177453038,1.0051895665297692
ws,549.3972127363623,1.0034992793235677
ps,784.4060889116116,1.0043877863737478
es,988.7246838223848,1.0031479554798617
σ,954.8359664722213,1.0047383706569104
