label,ess,rhat
Overall,948.440034656218,1.0048123057647278
as,849.6269915940305,1.0049465840769964
bs,1101.941535636593,1.004751943719455
σs,631.2469787307315,1.0043835914161545
ws,861.8418722402106,1.0060526707349517
ps,953.6823221050303,1.004709607680424
es,1356.1180605731051,1.0014061033952673
σ,920.6321342715448,1.0016698389075607
