label,ess,rhat
Overall,1149.7368260380322,1.0039849423478193
as,882.4697455503981,1.002440479397888
bs,1515.6196729840524,1.0055100742854468
σs,577.7653805793909,1.0040970622191812
ws,657.6194895242905,1.0033494232932563
ps,1263.8154600098294,1.004323460762652
es,1443.295212923253,1.0001530493663187
σ,992.2536597862337,1.0030260730536187
