label,ess,rhat
Overall,212.1663757965349,1.0413300408349433
as,106.72693860994865,1.0525689755949765
bs,300.74326742760894,1.029407380246876
σs,272.8715397963791,1.043791453815866
ws,148.33124693802134,1.0384558915306459
ps,232.49262776060158,1.038655031008622
es,25.60561101079466,1.1117278876853698
σ,822.8269006044455,1.0045743942700158
