label,ess,rhat
Overall,313.95486792435963,1.0163387135878699
as,194.9935637070918,1.0239850649670892
bs,413.7945777945038,1.0081792958528104
σs,382.7926075740048,1.0181857524688929
ws,190.92958554742214,1.0199140153793669
ps,348.81777776568003,1.0142280051130865
es,224.00892440082885,1.0250570666311907
σ,1063.7144876203424,1.0108768063476228
