label,ess,rhat
Overall,92.21938607770186,1.3498400993775665
as,16.155772397359087,1.3669566862706775
bs,145.2948647508387,1.3103589755116503
σs,174.976672103643,1.4303524324796664
ws,14.5210484475242,1.4652117560007591
ps,110.76629950078846,1.2762645775683816
es,7.6177359584247455,1.739641075517876
σ,711.5829888781353,1.0987418346574482
