param,value
Exponential mean,2.8473684210526318
Cauchy mean,0.8631578947368421
