label,ess,rhat
Overall,678.5516291488959,1.0043494215482047
as,607.4081818953377,1.0043276991370342
bs,815.9680105029211,1.0037622321255304
σs,439.96906638721373,1.0065415041500458
ws,560.830247325171,1.0062315861842601
ps,724.8956436867821,1.0032440940534606
es,640.4622459860531,1.0086382140823915
σ,962.4425993742366,1.001924375710512
