label,ess,rhat
Overall,641.2669543617035,1.0051557887476987
as,594.0966621502462,1.0057295826279982
bs,736.3884388765861,1.0034853676003321
σs,468.64266206937253,1.0091036469091403
ws,521.166784326289,1.0068680797063367
ps,684.8545993243459,1.004373349777177
es,608.1238237538282,1.0048712885339084
σ,1015.4764869737263,1.0055207109051807
