label,ess,rhat
Overall,539.4832879500856,1.0030647798129988
as,415.15486000853616,1.0039323342247515
bs,671.9305136829607,1.0023312495760923
σs,510.2556159013134,1.002582292783553
ws,488.53590521933984,1.0028350583405896
ps,551.8949963957383,1.0028093462261642
es,451.0816102087554,1.004603096166499
σ,1004.9508166147258,1.0093860780326114
