label,ess,rhat
Overall,442.9171013906628,1.007836917052001
as,358.62378261826547,1.0108737795257432
bs,531.5764918909354,1.0049824383141315
σs,427.19924317031274,1.0071803356028568
ws,321.822610158254,1.0111627048713712
ps,482.3170362808409,1.0065844723609165
es,392.32856588354804,1.0059708100959504
σ,972.8297600491687,1.0042232390998351
