param,value
Exponential mean,15.666666666666666
Cauchy mean,17.833333333333332
