label,ess,rhat
Overall,6.734773727812981,2.0753442665757698
as,6.973790544292091,2.1657223990932546
bs,6.769146072131392,1.9368620550476736
σs,5.750572748941908,2.248518951013967
ws,6.959013749520583,1.8209532919579858
ps,6.833202183800188,2.132840507811958
es,4.801487328999123,2.813158624196299
σ,5.351326409282116,2.1575049746072144
