label,ess,rhat
Overall,73.35908658158077,1.4143821391243157
as,55.87597986725052,1.4326489423623814
bs,109.1630676866636,1.3563702091340046
σs,7.403938774871534,1.5574645954324005
ws,211.66453949061543,1.347724975616085
ps,17.168984667686246,1.4263819761163288
es,7.204014576699519,1.5665969764900325
σ,6.94644544418475,1.5978426646993167
