label,ess,rhat
Overall,69.1314206682793,1.2469650605616678
as,29.66995446318508,1.2218282540733443
bs,63.08917366177789,1.2539452856299615
σs,232.94478823002356,1.312328753673777
ws,16.63962462409949,1.4872809713423605
ps,59.89775064499172,1.0969898496934662
es,6.321243553597279,1.8763136168628456
σ,1064.7287480332782,1.0038325011642426
