label,ess,rhat
Overall,419.0502138461474,1.0123321933819749
as,304.6438025683679,1.0173729952367903
bs,536.7318215458898,1.0073076579147842
σs,400.0540745987649,1.012237848333752
ws,270.29193765405677,1.0163386566516412
ps,454.51146271813735,1.0117818225753559
es,235.7103153362283,1.0071464261104712
σ,868.6893793155684,1.0010439674067102
