label,ess,rhat
Overall,899.2758145774734,1.0044995104501109
as,611.5419017827638,1.0046807515412604
bs,1259.6033517196745,1.003863597185853
σs,478.23279336202324,1.0071366090541378
ws,580.9355908559174,1.0057759900578287
ps,987.5292207491138,1.0042254872752487
es,608.2107285884777,1.002803754519934
σ,1065.3251749754024,1.0057263794112443
