label,ess,rhat
Overall,918.9407917354356,1.0044473733075352
as,595.0149979425553,1.0040362891485273
bs,1318.2157039911042,1.0046580434705223
σs,481.91590465126376,1.0056097744844554
ws,624.0005793074996,1.0041416742016342
ps,1009.4114481961525,1.0044483549537764
es,563.4779757140302,1.0061057380327005
σ,826.557462799066,1.0047519141084231
