param,value
Exponential mean,1.7789473684210526
Cauchy mean,1.6263157894736842
