label,ess,rhat
Overall,632.9762638458258,1.0061913351403509
as,541.6105768793409,1.0079734983325805
bs,757.7556407764636,1.0044384512271354
σs,512.686979974874,1.0060859297358993
ws,579.1109980571538,1.005898153116826
ps,643.3774561249064,1.0062849600190107
es,552.1268735721223,1.0082567512393013
σ,1170.6272346011922,1.0031444403795928
