label,ess,rhat
Overall,507.2661586936303,1.005131297588355
as,446.88626088917056,1.003488428576925
bs,572.8564049998854,1.006300758086282
σs,488.5089040871668,1.0068355682369639
ws,458.3762976474231,1.0073722758973915
ps,511.7594763619484,1.0041006762292084
es,449.28630045956197,1.0057387377954141
σ,1093.0779483399804,1.0038208328036047
