label,ess,rhat
Overall,498.24821383542013,1.0046565260135807
as,383.3844843683398,1.0045260745362663
bs,615.1954644235274,1.0044383092809452
σs,490.74753779972355,1.0059117315694
ws,476.930295638741,1.0070311775918854
ps,499.23743517750285,1.0036644538742951
es,347.8995247202011,1.0045495566463236
σ,1029.040855531859,1.0021685214298626
