label,ess,rhat
Overall,636.5151708310132,1.0060281486432974
as,544.146741068594,1.009185524153819
bs,768.3115865808624,1.0035318090771979
σs,494.57442127626484,1.0036484192433783
ws,540.2177566766587,1.0069386034456478
ps,665.9370197498321,1.0055510254939841
es,605.9065338362332,1.008639991945717
σ,1088.333342783536,1.0022842062924056
