label,ess,rhat
Overall,1017.0795809607683,1.0033489129770758
as,866.1771507031416,1.0024363235185867
bs,1253.7417638453196,1.003434198291992
σs,519.6730157246068,1.0081472770097946
ws,594.6334078707846,1.0053081184955097
ps,1125.4975081686352,1.0028775001793404
es,982.393650955439,1.0030782727832428
σ,951.7450120736278,1.0030075414348216
