label,ess,rhat
Overall,617.1859296881375,1.0056775494321213
as,487.64754915398214,1.0084858327207762
bs,765.8760258257894,1.002584725702135
σs,506.1059791878607,1.0073278839918456
ws,413.42784646472,1.0084692795057528
ps,662.5098199605364,1.0049431539926166
es,595.9220138616909,1.0047862284579774
σ,929.2640269468969,1.0092104115930705
