label,ess,rhat
Overall,1123.600032799591,1.0040060789275027
as,962.707590434755,1.0028465316237714
bs,1367.0718229789472,1.0047742657388874
σs,644.63981547537,1.0062759697831152
ws,757.4942541739697,1.0053961755134357
ps,1214.4651682744013,1.0034713130695425
es,1183.0891984660402,1.0093407164751775
σ,1036.3645421832457,1.002324405983048
