label,ess,rhat
Overall,1017.7544376635675,1.0046217736969993
as,745.8073430288105,1.0049664449683622
bs,1373.8377908389732,1.00419167708152
σs,529.7641381278074,1.0051172406928723
ws,611.3167366564422,1.003270913271179
ps,1129.339320870168,1.0051466840975098
es,839.0194876559265,1.0017521460336196
σ,896.4023558475484,1.0013756549091024
