label,ess,rhat
Overall,812.7073490679339,1.003191226438023
as,622.1103243339179,1.0024013599688864
bs,1044.345635438739,1.0037317726190158
σs,574.6680315745612,1.0046372841092537
ws,585.7082587252249,1.0043139827920653
ps,869.0299458830432,1.0027900178088671
es,801.6605898819334,1.0041157341695486
σ,855.3053044272011,1.007127148925948
