label,ess,rhat
Overall,904.8494086065488,1.0034446740851448
as,745.0795008281021,1.0025632446851773
bs,1127.6006353796736,1.0041443857748744
σs,539.5577584374173,1.0044986368045254
ws,671.990057141482,1.0036233325846107
ps,969.5773544884165,1.0033415949627005
es,733.6966584597969,1.0062148326699236
σ,934.5257241512244,1.0007082527993278
