label,ess,rhat
Overall,491.78208380363503,1.0059956200863913
as,435.3996203941603,1.0068029046977374
bs,557.6935227925361,1.0051987910603217
σs,457.4777717177009,1.0059579799793954
ws,451.9561155005545,1.005584000929402
ps,499.2218642396835,1.0057200507146549
es,392.0325068443964,1.0104081495181203
σ,975.7585660218218,1.0092747947719463
