label,ess,rhat
Overall,472.5027119077014,1.0054589837960302
as,395.4969075992711,1.006138605919942
bs,551.4542454616546,1.0040733049280093
σs,465.49808662381855,1.008000788074823
ws,465.213347981065,1.0067681726247002
ps,458.86257529106695,1.004976411770621
es,402.20804022229595,1.002952774480398
σ,1055.2079744306434,1.0073080091438924
