param,value
Exponential mean,0.25263157894736843
Cauchy mean,0.8631578947368421
