label,ess,rhat
Overall,497.24266093739885,1.0059092708455417
as,431.6967715620872,1.0079854624298088
bs,579.1433782506629,1.0030552681784768
σs,438.36528036077095,1.0087093907436133
ws,473.2507598013494,1.0053426459212162
ps,496.87553122810726,1.006239907198307
es,434.1439407275759,1.007915515904633
σ,920.8882874312237,1.000099734647361
