label,ess,rhat
Overall,519.9304018245602,1.0067522319634665
as,447.97094811932516,1.0073908282745019
bs,601.8629654355277,1.0060404892267987
σs,484.02720616392264,1.0070155590957455
ws,408.22001785288734,1.010480896572379
ps,557.3908852397417,1.00507510236518
es,435.2117112837608,1.0089368445111693
σ,1055.9198217715093,1.001244401116562
