label,ess,rhat
Overall,596.0230733197269,1.0044822376443197
as,541.6764413000342,1.0040764404829055
bs,687.0968251728979,1.004150189337195
σs,463.80544191920524,1.0071384813310602
ws,534.6416990757588,1.00543345066983
ps,613.8320182919947,1.0042418756853453
es,534.1317145208884,1.002717846145519
σ,993.3497125660606,1.0028458752691307
