label,ess,rhat
Overall,692.7150983220247,1.0047912712928384
as,650.3988148083564,1.0040052619887783
bs,796.6078681934646,1.0040796857737169
σs,471.0397474340467,1.0101826126562943
ws,644.559913779737,1.0072508050815852
ps,710.9676024445781,1.00345861961809
es,547.2025013342991,1.0069946989202188
σ,1087.0373996185353,1.0055189541165916
