label,ess,rhat
Overall,502.52500943004645,1.0071855800277334
as,444.3938108241747,1.0076600408395389
bs,577.2044211571782,1.005457634369938
σs,442.9514421935097,1.0116981254732962
ws,469.3970250417906,1.0072159213379217
ps,498.9429566547224,1.0072767559662525
es,490.82254931880885,1.0079048721456498
σ,1016.5991144700135,1.0030123256681291
