label,ess,rhat
Overall,455.34768341836116,1.0076603875356704
as,377.24221320905144,1.0079645867150415
bs,528.4864975314231,1.0071909106878754
σs,473.227645364854,1.008255387141994
ws,409.23707535728175,1.0074036244332463
ps,464.931197711452,1.00784072632652
es,359.89196695217794,1.0087900785527255
σ,950.4150414633235,1.0037933541685549
