param,value
Exponential mean,1.168421052631579
Cauchy mean,0.5578947368421052
