label,ess,rhat
Overall,505.9381366283193,1.0078234978744154
as,467.57997200310297,1.0086077413914085
bs,557.474445012756,1.007064505349204
σs,458.496819095126,1.0077325943039974
ws,450.65769669107004,1.0102926799121124
ps,516.6565815993351,1.0065711822378873
es,466.36728742330047,1.0127819268429223
σ,969.7655450389341,1.0008366620347549
