label,ess,rhat
Overall,501.8586367444874,1.0058394665295152
as,321.97486680671034,1.0066194351069635
bs,695.1960859577741,1.0046159628764206
σs,453.42539135265235,1.0074361928018427
ws,440.26446938202736,1.0058852319101284
ps,516.0965026059615,1.0059717678292477
es,442.05232289395155,1.0065147864706199
σ,990.4167603967499,1.0004998082869117
