label,ess,rhat
Overall,588.8539861708364,1.0055307187390063
as,532.8854669881626,1.0056230619067652
bs,678.4524845699597,1.0044275460118515
σs,467.7860609916179,1.009169705152829
ws,547.9538208856083,1.0096070241246287
ps,589.8962884485262,1.0036075709510048
es,556.8276754494636,1.0071019173985514
σ,1116.6087318163884,1.0034744992804796
