label,ess,rhat
Overall,688.5235106219715,1.0040769480160168
as,661.8109737472093,1.0034038551173707
bs,756.1867118871721,1.0037040851302939
σs,541.101118816392,1.007842388839745
ws,582.9415186088219,1.004008449602441
ps,722.5895198387017,1.004123261590756
es,671.2925046731477,1.004051555879888
σ,1104.2531870424298,1.003745560307966
