label,ess,rhat
Overall,502.3215273164027,1.0057290274592137
as,463.5657780497001,1.0063033619804618
bs,530.2945867647984,1.0049091009395101
σs,541.1392106623078,1.0066131586536524
ws,418.11018568412925,1.00879693397224
ps,524.7813292908381,1.0046231162584858
es,438.4364558783872,1.0042150490091608
σ,1056.672918444392,1.00069579742193
