label,ess,rhat
Overall,537.6129144430796,1.0052320700645245
as,434.0800963491153,1.0072353123969744
bs,637.5305510691478,1.0035620847618643
σs,550.6275677275058,1.004032344757283
ws,481.43480199555444,1.0040431825175389
ps,547.8217896147163,1.0052901691706533
es,451.2527784879,1.0122931200688132
σ,1119.039781261186,1.0038660438604274
