label,ess,rhat
Overall,544.5125173664488,1.0095260083333595
as,406.0743886661342,1.0132864227307026
bs,717.3360193153867,1.005395993946949
σs,420.7251736714059,1.0108565682940032
ws,564.7420245829297,1.0081048268811033
ps,536.4446227443157,1.0101331597635321
es,372.86468646853643,1.0110422756716115
σ,854.8193527399685,1.0077617138994481
