label,ess,rhat
Overall,622.663044737426,1.0040602502578448
as,577.0617604617564,1.0029542496582349
bs,709.4261285617946,1.0044873039047113
σs,474.48056636211004,1.0065044592877206
ws,553.2998968868941,1.0057492034105264
ps,645.5024664016303,1.0034229448101724
es,560.0147543279479,1.0036677445724267
σ,986.4924364934564,1.001147765435986
