label,ess,rhat
Overall,615.0364674522629,1.0055153284158365
as,603.9430079261815,1.0039518073784803
bs,657.2081877057462,1.0058409223974882
σs,503.15472883361616,1.009971865816372
ws,615.8128466123254,1.0064590633602986
ps,608.3912619344333,1.0050095215547707
es,503.0031747325756,1.0059722268228661
σ,1002.5618464344622,1.0064276906559462
