label,ess,rhat
Overall,514.5212052721664,1.0052846382399743
as,459.4100944647346,1.0026816650550994
bs,597.0488957648914,1.0067631530827406
σs,415.8215184051111,1.0093326882715645
ws,454.8839552128697,1.0086633316704188
ps,538.4500297896748,1.0033596841278272
es,417.6474811264719,1.0092845314908727
σ,801.7662168198965,1.0067893374886687
