label,ess,rhat
Overall,461.2835137422801,1.0075786376497595
as,375.7790350856413,1.0105828719294665
bs,566.150098906089,1.0037574467585415
σs,391.57993031646777,1.010519681451198
ws,402.8557061662843,1.0063967679576233
ps,475.5244987229599,1.0083674081991427
es,416.8867468019088,1.0051910398078439
σ,880.945129037298,1.0060282353552554
