label,ess,rhat
Overall,560.8609246094317,1.005945814907384
as,475.06793933358375,1.0046291582285027
bs,681.4624022098573,1.0057191024743388
σs,435.55035224095235,1.0115019437103223
ws,501.10543272921046,1.008122574962451
ps,580.3087652775255,1.0049160912812423
es,458.82461925010966,1.0063786842446605
σ,976.3555805202924,1.0057317698517234
