label,ess,rhat
Overall,493.6400787275279,1.0071215640450288
as,374.7765442742141,1.0118887998291068
bs,619.2364382771484,1.0020689882871312
σs,469.40190838082424,1.00814878795078
ws,471.67216787128876,1.0048409874964312
ps,487.9317290279544,1.008869203039785
es,401.8330925449816,1.0015717139845253
σ,1089.286073556404,1.0001495688855593
