label,ess,rhat
Overall,635.5791612080382,1.004456763702765
as,537.9932919572603,1.0034392916981596
bs,753.8482741024693,1.005136333611497
σs,515.6163480748512,1.0064165958588311
ws,467.33694643579605,1.0063916291276784
ps,672.5012565798356,1.0040955140203354
es,592.4886132636904,1.0034696449042835
σ,968.406256517364,1.0005526009573873
