label,ess,rhat
Overall,825.8163919904739,1.0038431072061686
as,632.0232021735934,1.004210290754701
bs,1053.4370594093882,1.003419262860365
σs,629.617021898673,1.0041717398303451
ws,677.8356570971965,1.005853862784585
ps,861.8998154078103,1.0034145906259162
es,769.5979844601574,1.0036876667744616
σ,982.0177017382639,1.0005937169806942
