label,ess,rhat
Overall,972.5008724912615,1.004815955067155
as,783.8730600895765,1.0024447384849047
bs,1238.238058572873,1.0064097946550823
σs,525.2665051476881,1.0093247416342301
ws,599.0621501641745,1.0074802586510618
ps,1067.2879657228711,1.004247938825896
es,917.0394872515506,1.0049100257532255
σ,1014.9078357784605,0.9999209502685584
