label,ess,rhat
Overall,1092.9088554384684,1.004251256389802
as,880.396605896175,1.0042698302997324
bs,1398.5313387813605,1.0035617556121583
σs,552.8694993949916,1.0081426322225375
ws,642.4648399004119,1.0035837668731051
ps,1204.1643834552594,1.004310345255505
es,1165.387875455371,1.0015572365158998
σ,1013.0136570553581,1.014812904784231
