label,ess,rhat
Overall,482.86274041798737,1.0079093615505783
as,400.20115655312526,1.0076542402365576
bs,561.270668887815,1.0075231039213293
σs,498.1758998401116,1.0102183257463502
ws,459.26386839147784,1.0064427484960519
ps,476.516045548417,1.0087884876668107
es,414.68744989056563,1.0089693535186466
σ,1067.413852399775,1.0005314552467204
