param,value
Exponential mean,0.7105263157894737
Cauchy mean,2.8473684210526318
