label,ess,rhat
Overall,489.0619336660632,1.006394863863856
as,434.4168529261419,1.0085381439016328
bs,564.3293402880375,1.0043448735321725
σs,414.82156049067237,1.0060590209219182
ws,416.76077723912243,1.006505034480543
ps,505.5556270389439,1.0065862993670514
es,514.6585466507223,1.007508657226006
σ,876.6465571251379,0.9978679066562225
