label,ess,rhat
Overall,693.7534564247017,1.0038793789056655
as,661.0630521571803,1.00382949649667
bs,779.3840058928134,1.0036778659191719
σs,503.16893370257657,1.0047844023294261
ws,608.7019051634103,1.0035365125305715
ps,728.8106161878084,1.0040086312410463
es,621.5649923815024,1.0050522735740932
σ,947.2628458058236,1.0022874253500362
