param,value
Exponential mean,1.6263157894736842
Cauchy mean,0.8631578947368421
