label,ess,rhat
Overall,460.6853779791076,1.0041641701036437
as,384.2971246855594,1.003676304060017
bs,537.4246220660193,1.0051479064179034
σs,459.4218111229995,1.0023790371293664
ws,382.31910088977924,1.005099686710006
ps,486.35313867828944,1.0036196689475365
es,378.814321542317,1.0065264535793341
σ,897.4610377459045,1.0023704339347081
