label,ess,rhat
Overall,647.1101723142638,1.0050472946983438
as,578.2083642750594,1.0041809128499595
bs,764.9931951288137,1.0047510798191588
σs,470.7777991230199,1.0092326429175933
ws,527.2438266967823,1.0075708372507657
ps,688.4519243564423,1.0038700441546373
es,601.6142594707806,1.006448478656618
σ,1101.612592314363,1.0025709302891015
