label,ess,rhat
Overall,615.5406609417236,1.0044530117462678
as,504.7612885792403,1.0026608525379979
bs,771.5750084154432,1.0038304608346063
σs,452.6227505412718,1.0131459681780188
ws,553.8411611205491,1.0057870503527713
ps,634.5729643897116,1.0040697160649974
es,544.7880940322021,1.001707201560885
σ,1002.5999029671648,1.00390185655202
