label,ess,rhat
Overall,75.80029342788836,1.414067023913543
as,100.22637808215019,1.4201926078781035
bs,63.96271466013444,1.4000952532821744
σs,30.4816722364599,1.442313295914052
ws,13.573045311176848,1.376479109093714
ps,112.21206237211449,1.4183909734385625
es,6.580112306816844,1.6879859721755157
σ,14.261640520690843,1.204861417577045
