param,value
Exponential mean,2.542105263157895
Cauchy mean,0.5578947368421052
