label,ess,rhat
Overall,616.5688652198772,1.0042410449188726
as,530.263741777883,1.003752255249274
bs,737.3508704508289,1.0042052755003275
σs,492.4520907796308,1.006129457636191
ws,540.1568767456605,1.0070593292685712
ps,646.9614880241671,1.0028950610402985
es,538.5831985835632,1.003405060816538
σ,899.2758672715715,1.0070891817700889
