label,ess,rhat
Overall,622.8794593579001,1.0048598351614342
as,510.83750673984537,1.0046475082085489
bs,777.2347414145123,1.004181217099739
σs,470.55147337909364,1.008067237213926
ws,560.6250989864698,1.0063353595816793
ps,644.8080142326094,1.0039222494880937
es,497.4116872558195,1.0076377870959
σ,1050.7249012767873,1.0059748657564265
