label,ess,rhat
Overall,474.0550811823748,1.006358618260216
as,418.7399195110142,1.0048139194804224
bs,539.6909502960679,1.0060858627703422
σs,436.9005343899786,1.0129014536310184
ws,396.09838624189007,1.0083733786527558
ps,490.62357134973695,1.0057283100589072
es,421.90381693482414,1.0032455994843856
σ,1083.0572046118798,1.0047955443354257
