label,ess,rhat
Overall,498.7452690485745,1.0059413813266032
as,460.3537375541798,1.0062633115795205
bs,555.0998780809272,1.0050753260187786
σs,434.0781899119259,1.0079002315242724
ws,456.51801125374624,1.0067535061344277
ps,507.3193157990288,1.0058814580313487
es,446.855985770918,1.0034239891883543
σ,886.3257136300111,1.0027886735858296
