label,ess,rhat
Overall,864.2884646287856,1.0030557719772097
as,624.1936602414636,1.0025664898082023
bs,1168.8397230687538,1.002768827289814
σs,490.44103112343464,1.0075578877443454
ws,625.905839855981,1.0033510373127354
ps,933.3596981438151,1.0030185649863321
es,602.0601201326373,1.001744318409576
σ,933.9174421733227,1.0039214306482955
