label,ess,rhat
Overall,1012.3786854327831,1.002883926176036
as,661.7305641177738,1.002983548965497
bs,1439.5236188817178,1.003030895157962
σs,568.6971750560158,1.001453693901994
ws,711.7941621730315,1.0036768795181847
ps,1101.0325531282726,1.002791933220944
es,643.3441538860075,1.0002750430515124
σ,1102.0763782598538,1.003001914163717
