label,ess,rhat
Overall,503.0144212107388,1.0060121196740917
as,298.81893871825383,1.0071780331782594
bs,708.6963043126497,1.004557460787119
σs,494.3932976760681,1.0076868428943573
ws,398.634807649003,1.0071123688579453
ps,522.9907081877456,1.0057301308346251
es,352.6627650460378,1.0095615480324893
σ,1097.411321384652,0.9992457370454348
