label,ess,rhat
Overall,738.2511128080447,1.0070564563347195
as,579.5739276938399,1.0072412715175365
bs,932.4891305129759,1.0063872009444532
σs,531.998283781831,1.0098662095379247
ws,552.850845214012,1.0063066049175664
ps,784.986711841248,1.0071266316612892
es,564.723380704288,1.011322732364607
σ,1066.8010345501884,1.0041537056054302
