label,ess,rhat
Overall,468.4632369396867,1.0065854046057752
as,346.45792635062264,1.0083536807046862
bs,586.4935650001985,1.0051659738720944
σs,491.51813560528865,1.0045621014874389
ws,381.290059474221,1.0078579574155806
ps,483.9361234852102,1.0061739424548493
es,329.9032127163367,1.0089501615235577
σ,1048.962860786843,1.0063354402969873
