label,ess,rhat
Overall,901.0707986027558,1.004559585103036
as,647.4922481330076,1.005095782929789
bs,1228.4841055518473,1.0032671879625192
σs,472.8292110225646,1.0089455411228652
ws,590.5512317847578,1.004711677981372
ps,984.7029023613699,1.00461498424153
es,766.6467292232912,1.0023704067012371
σ,881.8127587641893,1.0044536687189054
