label,ess,rhat
Overall,970.5830459598932,1.0043699660410543
as,575.5585032350286,1.0042349613388974
bs,1432.108979187626,1.0039434644139855
σs,584.8749810432575,1.0076267027505588
ws,611.8060661026674,1.0069145056721804
ps,1075.5049832523216,1.0036696576886022
es,612.5811364896904,1.0060827609732053
σ,955.6576331504509,1.0040247015209305
