label,ess,rhat
Overall,829.0060179303987,1.0045031201192574
as,598.8448189772669,1.003569483672675
bs,1109.3135022800138,1.005137238199075
σs,538.1575626307975,1.0062403266464917
ws,551.7784354824931,1.0060610571485562
ps,903.0276388001862,1.004105779148466
es,559.4451304229251,1.0073453055780761
σ,1141.8209805704228,0.9991958714480106
