label,ess,rhat
Overall,737.3622085208707,1.0037611184219928
as,527.95903480042,1.0026054894749064
bs,980.0450507740313,1.0048489129057598
σs,544.3401310311535,1.004154558309245
ws,578.7427131546287,1.0044069769587132
ps,782.2745695429829,1.0033794404451533
es,547.8187794682947,1.0101696455743068
σ,864.089681959543,1.0015143045650055
