label,ess,rhat
Overall,423.91531657774834,1.0095064630684327
as,297.3734482040996,1.0136861241956956
bs,552.0233176174753,1.0054316101308791
σs,414.83174711449476,1.0088985755681181
ws,347.8447796658595,1.0095612466683856
ps,436.59608997255464,1.009699378774063
es,291.1995547969326,1.0084554256953733
σ,993.5161601313417,1.0016911807448647
