param,value
Exponential mean,2.389473684210526
Cauchy mean,2.542105263157895
