label,ess,rhat
Overall,492.0009284872541,1.0063762399416254
as,411.68493057698356,1.008926230922149
bs,571.2761468217799,1.003942413269325
σs,495.747734959935,1.005958048432022
ws,440.06798724448555,1.0046478990939993
ps,502.7981226497563,1.007394495304468
es,412.72402203958205,1.0066646020617727
σ,993.0229880707594,1.0000649664389327
