label,ess,rhat
Overall,619.6131134907763,1.0066836490241657
as,480.1804821739394,1.0081483296475329
bs,796.4630387827074,1.004448352548544
σs,484.91085518043656,1.0094578660922815
ws,533.3150814816582,1.0051345705652552
ps,644.4590475634905,1.0075041444692074
es,593.9519649241993,1.0069815382181555
σ,1060.5175088427739,1.00334393057203
