label,ess,rhat
Overall,509.15292192455723,1.0056078597676597
as,418.5458082113594,1.0041745264243644
bs,605.1857002580688,1.0060757866900543
σs,489.62052929142794,1.0090833228829035
ws,423.58952530746274,1.0092850181009847
ps,535.7808175588502,1.003885405386076
es,404.7037915943697,1.0081051873357134
σ,1052.4866554984494,1.0012711185528367
