label,ess,rhat
Overall,604.5585299197595,1.0069407819433307
as,509.5372162027339,1.0089545038431094
bs,737.5244146632837,1.0036882264400286
σs,467.9580742243646,1.011400582916016
ws,518.0150446927925,1.0056229477988878
ps,633.7982806972245,1.0071666610135195
es,518.4176343232159,1.0116165012976364
σ,1055.128623622358,1.0075304971431287
