label,ess,rhat
Overall,530.2704052326413,1.0094148193728623
as,413.4479397178804,1.0127043576203292
bs,668.4643885022851,1.0059697473306217
σs,453.3329413150627,1.0099747410340494
ws,440.2816213413207,1.0110651060441007
ps,567.7507687497099,1.0079866041577252
es,389.1622297217207,1.0183030325589537
σ,917.862711506545,1.008968548539386
