label,ess,rhat
Overall,471.53454913464935,1.0063955589349276
as,322.9284465336891,1.0077117238073512
bs,628.5463999806052,1.0047819864351806
σs,441.2738554526657,1.0074662263932934
ws,441.6161129071186,1.0036418248384062
ps,477.05433154289096,1.0079392852252549
es,349.1536559482177,1.0047736346118379
σ,931.803227623602,1.002547333190862
