label,ess,rhat
Overall,613.1648559595817,1.0042039783329808
as,485.0217120335413,1.0050382930381743
bs,786.2862041076413,1.0030277759418016
σs,451.24332076031413,1.0054347740025276
ws,582.296174437544,1.0036292160548612
ps,625.8742467732842,1.004462961781813
es,489.4279323501421,1.0054170025272606
σ,900.6187202866546,1.0019415076122167
