param,value
Exponential mean,2.0842105263157893
Cauchy mean,0.4052631578947368
