label,ess,rhat
Overall,625.8948624362894,1.0045124665615561
as,535.7768433410706,1.003982586288141
bs,756.6204310690562,1.0046073960503539
σs,479.70768410111606,1.0060782893861793
ws,548.302700213411,1.0047930840858619
ps,651.0081290992712,1.0045925983309691
es,552.0658871332712,1.002684302271065
σ,1051.7138264793355,1.0027179588461295
