label,ess,rhat
Overall,488.110335752308,1.0057523592571984
as,408.8127694528701,1.0052961628348271
bs,584.2042743572634,1.0050610863238907
σs,427.64339545244513,1.009883248937642
ws,424.8535483166493,1.009446497355795
ps,500.7258126575346,1.0042972172871552
es,391.03816417660175,1.0062490273164462
σ,1113.3337285957334,0.9982630571766694
