label,ess,rhat
Overall,524.9252958603273,1.0037278054606305
as,526.6370005738147,1.0035166958499042
bs,543.8170918129913,1.0033952245784017
σs,450.75269346218374,1.0056850912352682
ws,448.67558278850896,1.0047557995622978
ps,545.6796942646737,1.0035935195183898
es,495.8056699362904,1.0006280463591204
σ,958.5467460572195,1.0010828289418885
