label,ess,rhat
Overall,867.444909052499,1.0042640196697132
as,660.9902161089003,1.0039751488460056
bs,1132.6369749575779,1.0044613388663244
σs,526.7681458759132,1.0047950191068713
ws,535.6019330743298,1.007117899690262
ps,956.4733893532966,1.0036653760866199
es,622.919278726929,1.0044197571846376
σ,1065.244827003374,0.998440876381747
