label,ess,rhat
Overall,744.7428685891643,1.0028731927456684
as,597.6556925298169,1.0022796254532484
bs,920.3053210629712,1.0031625561251705
σs,579.5862653853006,1.0046375754405907
ws,571.957286367773,1.0019935031376668
ps,788.9613919805869,1.0030366465427607
es,552.4012652269157,1.003419699768619
σ,1080.3639391820773,1.0044906717353534
