label,ess,rhat
Overall,1035.6668599444586,1.0032171801943717
as,700.344057073638,1.0028222852138202
bs,1462.8288550308027,1.0033071247500067
σs,502.99954509442387,1.0049858926588897
ws,646.0830632709443,1.00247376552582
ps,1150.5090086727298,1.0035064380211516
es,694.9353752537147,1.0012969847987632
σ,879.7122504511015,1.002094171322769
