label,ess,rhat
Overall,1016.1824001379638,1.0035352131165214
as,648.0605849950131,1.0015613883314363
bs,1464.8162821229814,1.0045081762484407
σs,549.2124124539753,1.0093402107048812
ws,623.7557189457244,1.0072816845200963
ps,1131.6051618671008,1.002538928029434
es,599.0986076072544,1.0064175822207915
σ,1019.1775965076777,1.0006345022452772
