label,ess,rhat
Overall,514.484120478897,1.0098363069617393
as,387.2741002977706,1.0132744949342678
bs,649.6856200618106,1.006007653460339
σs,468.1335399485321,1.0121010070291914
ws,397.40866654039627,1.0083707334822132
ps,539.7911458693017,1.0103907175227256
es,353.25016023704256,1.0079283509117785
σ,1027.120269485196,1.0046273938886143
