label,ess,rhat
Overall,809.0443810435528,1.005449333895214
as,596.233397568937,1.0062219882600216
bs,1066.9840766185112,1.0042498136569298
σs,547.2978508615646,1.007925155961376
ws,523.3306188853973,1.005311576508614
ps,884.8342072008264,1.005588588049205
es,550.3817636669908,1.0035706273978227
σ,1117.0231061454049,1.0041756361376308
