label,ess,rhat
Overall,649.6329492588532,1.0066145239228612
as,624.8109954179112,1.0068312789022587
bs,745.6234033858482,1.0049964798733273
σs,393.42634822906183,1.0116591645753545
ws,520.0959329764222,1.008959281744399
ps,707.0882146183528,1.0054700367660403
es,606.4771833411286,1.0099850154734222
σ,796.5517771364802,1.0014931130406415
