label,ess,rhat
Overall,633.6356300534121,1.003507598429654
as,545.7740788259351,1.0025483161607445
bs,763.7098958822065,1.0034784394845508
σs,481.6698574886694,1.0070659868000966
ws,579.4723417430721,1.0064056561622945
ps,649.7232231346194,1.0024763494517637
es,513.7272824675008,1.0011273126879838
σ,1105.1343648379257,1.0003039505464353
