label,ess,rhat
Overall,463.58074789203533,1.0060188771208223
as,443.4773409258778,1.0034761121412379
bs,496.7005512295987,1.0074411283902573
σs,416.72172095497297,1.010052726477359
ws,385.8728571241364,1.0086479809013948
ps,485.07705516305464,1.0047912772895167
es,388.12305192650075,1.0060930979508789
σ,988.0868399913813,1.0062387857077697
