label,ess,rhat
Overall,640.69692268607,1.0067563399322583
as,611.2763645403645,1.0084586828297102
bs,712.1811591954817,1.0052775041246091
σs,489.26768057672814,1.0059517144089674
ws,608.0963867552438,1.007886609474511
ps,647.9231575923789,1.006029566424681
es,568.9519048171996,1.0091457416314529
σ,987.511282029693,1.007310413223837
