label,ess,rhat
Overall,578.2204535494667,1.0069430620102016
as,449.67496645448847,1.0098198329995844
bs,746.4363054792032,1.0029994794911734
σs,435.4071401443387,1.0107835835169232
ws,546.1201561616095,1.0048884063544623
ps,582.0364856933192,1.0080016467485426
es,499.2296845773159,1.0081978028530316
σ,1022.1887244078985,1.0015662449965348
