label,ess,rhat
Overall,543.3342402323618,1.0059783163092968
as,428.422554355217,1.0062900610538508
bs,667.1259897056476,1.0059775906009398
σs,491.82987137474447,1.0041744058993523
ws,427.2309354923934,1.0079643446275641
ps,568.2146839159941,1.0054443368125512
es,405.9444178877112,1.009242557513637
σ,1017.0922449869348,1.0012485099251884
