label,ess,rhat
Overall,916.2112850268808,1.0029448642035803
as,770.4856114292456,1.0014260190268123
bs,1120.1473699030641,1.0038310403495918
σs,578.590899611301,1.0066143445819686
ws,564.4506769276633,1.0031747881214002
ps,1006.7194876986015,1.0028116637714517
es,772.6288305060218,1.0024909487830564
σ,1080.1097630166093,1.0074872287729562
