label,ess,rhat
Overall,1120.6266975605179,1.004094758029137
as,866.6244853558403,1.0031527993121125
bs,1477.035044958594,1.0038128363599583
σs,526.6711134388095,1.0111932642691157
ws,694.9304002640529,1.0056087253782906
ps,1239.8627607945505,1.0035900104932776
es,925.8397349935753,1.0055509338290372
σ,895.2251550184184,1.0072426799607481
