label,ess,rhat
Overall,772.3074786182644,1.0048239982106904
as,595.1240505158734,1.00552407453141
bs,982.9124145130415,1.0041241381749233
σs,578.4627334224227,1.0048227437579649
ws,647.4342379600859,1.0055111792204703
ps,799.512858172899,1.0047823547249783
es,747.7876627212213,1.0035155999285081
σ,1013.9677796880251,1.0011935099718718
