label,ess,rhat
Overall,601.2435308258878,1.0053627633163496
as,487.57731333211916,1.0061949852646042
bs,743.7530215412094,1.0038222685218179
σs,497.4077472282958,1.007912545562944
ws,585.6648437545572,1.0055335654859168
ps,604.3777027113653,1.0049512736088921
es,424.79131354100264,1.0088896440196735
σ,1059.6037412292067,1.0069581082687806
