label,ess,rhat
Overall,476.1395442682508,1.006684696172658
as,393.8973763965228,1.0092583244367674
bs,585.7670285583191,1.0038908582615853
σs,377.55240516222557,1.007477450901725
ws,383.677960067471,1.0089922771423065
ps,508.2342529502828,1.0058146164941826
es,410.19790409733946,1.0083743261616789
σ,883.0994092865983,0.9982365361991911
