label,ess,rhat
Overall,498.8571653878262,1.0045833257126349
as,339.89739620560556,1.0045197607350056
bs,667.675299730129,1.0043356272207116
σs,441.67864745934787,1.0063886538360427
ws,354.58330144294746,1.0076547923681345
ps,533.5636219209701,1.003830842900938
es,307.360414713355,1.0053274413037825
σ,947.2271204844046,1.0023566696257975
