label,ess,rhat
Overall,817.342431641942,1.003069302322679
as,659.0107528030823,1.0019167331586698
bs,1025.456024309756,1.0039132231699655
σs,528.6073314340081,1.0048594625596763
ws,535.2566859568606,1.0058341980369365
ps,891.8403751639399,1.0023780053552704
es,616.4619527328689,1.0042616108387554
σ,1028.2310486251586,1.000688191155069
