label,ess,rhat
Overall,800.9473868336659,1.0047653564461958
as,488.72714564180455,1.0052755403828693
bs,1171.228739699645,1.003712120314421
σs,464.192939123781,1.0079150591777846
ws,575.4886612292194,1.0048722660942364
ps,866.4552788296345,1.0048691169499293
es,510.9740275137625,1.0041294615128842
σ,942.0199969203356,0.9997737263571319
