param,value
Exponential mean,0.8631578947368421
Cauchy mean,2.542105263157895
