label,ess,rhat
Overall,521.744203958474,1.0054468303847186
as,418.39329283230563,1.0058547280467292
bs,624.3419585838715,1.0044519189717231
σs,524.4555673612489,1.0075600798882636
ws,423.7988509378456,1.007693879358994
ps,550.2925198960745,1.0044161739294748
es,369.83184224239614,1.0074111863561421
σ,1258.656949260555,1.001350598586908
