label,ess,rhat
Overall,544.5186603466176,1.005932057309104
as,490.46017816346676,1.0056260637086416
bs,608.2392969517433,1.0065298123140272
σs,509.73490442750773,1.0048817162530437
ws,463.86289075010046,1.0067038720448094
ps,569.6289817172539,1.0055461068582139
es,459.6290732798332,1.0083757199992887
σ,1029.2987140018495,1.0018176668234047
