label,ess,rhat
Overall,594.729046841808,1.0038623826912727
as,475.45260902254876,1.0039518728131303
bs,740.3478753938733,1.00290049251141
σs,499.89644020370645,1.0070030229000906
ws,552.9711769528996,1.0071276220105445
ps,603.6701081739934,1.0023244103504145
es,490.8183444718309,1.0026400956459809
σ,1071.1772956118466,1.0071113658129045
