label,ess,rhat
Overall,637.6082778475703,1.0047547646393404
as,587.3606112381894,1.0029002540920045
bs,721.5441303737903,1.005299445135592
σs,516.3308085469492,1.0094701528232446
ws,597.229319081005,1.006741034882752
ps,647.065389256098,1.0039319852833526
es,546.1465743809587,1.0057438995723298
σ,1059.1942933578528,1.0003335151081068
