label,ess,rhat
Overall,253.1353103673998,1.075185495164888
as,238.83763849240313,1.0170305746953838
bs,245.01802709124422,1.1211807358818189
σs,333.82914891154826,1.1189603422741505
ws,164.2405549896356,1.1795150731979105
ps,277.5043778342304,1.0140603080286892
es,115.90584104712434,1.273181797549594
σ,960.7355594035236,1.0164928195403573
