label,ess,rhat
Overall,237.88822038111348,1.0211327908571248
as,210.28553661880622,1.0205353598690245
bs,237.56892136451864,1.0209327070352525
σs,338.4073583851612,1.0240038441730288
ws,113.3329159379205,1.0416409411597902
ps,277.2327378579198,1.0108687642957075
es,118.97103208652084,1.0388636450188529
σ,947.428795891651,1.006437969498555
