label,ess,rhat
Overall,12.797739333998017,1.7939694485326034
as,11.169254554476911,1.7684909165530514
bs,16.229573904302743,1.711670262706086
σs,6.305680087176985,2.181969232634456
ws,11.236485675075999,1.6690663150564475
ps,14.274715794903,1.8045333567516784
es,5.8009157897369805,2.5004263294990627
σ,7.1250423460547045,1.6052316746176218
