param,value
Exponential mean,0.4052631578947368
Cauchy mean,0.25263157894736843
