label,ess,rhat
Overall,541.6034528536682,1.0042734245065177
as,461.34233989116586,1.004928227219018
bs,629.2150737317814,1.0027819414014871
σs,515.1416243574677,1.007285473919629
ws,420.90727121612923,1.007415055827056
ps,577.3921274206599,1.003081136798416
es,508.60193957080634,1.0021960161011894
σ,1125.45512032807,1.001728145881368
