label,ess,rhat
Overall,662.1099653878379,1.0035272891443285
as,570.1701653940199,1.002826642516609
bs,804.6655931798422,1.0040837787147843
σs,479.89298531436623,1.0040462545504791
ws,636.2033754669955,1.00518819197641
ps,670.7740240937154,1.0028401884658578
es,546.990114179449,1.0015786265634063
σ,977.963220501907,1.0053583979614387
