label,ess,rhat
Overall,573.3318661213762,1.0086238388243678
as,439.3168646624565,1.0107844782224247
bs,747.6616278504492,1.004538731832735
σs,428.19872914882416,1.015551922161241
ws,501.6023723801752,1.0076871905385845
ps,598.5610032418608,1.0089998920614947
es,491.71763732988535,1.0075883800581105
σ,941.3566834661698,1.0121571516209886
