label,ess,rhat
Overall,521.3076107948212,1.0062001241768483
as,406.293336141777,1.0057363526277738
bs,651.076558788986,1.0065858832894161
σs,435.7305054163233,1.0066525963085877
ws,348.9049295331645,1.0077621994964934
ps,560.6811264879024,1.0056757901632793
es,395.478153659883,1.0095171399884562
σ,951.869946936683,1.005989221369213
