label,ess,rhat
Overall,1206.5760141290682,1.003738558965887
as,1068.7644102285926,1.0018112140096394
bs,1449.1191481105925,1.0051868255184535
σs,599.1331396589849,1.0065172137072316
ws,712.2286225274096,1.0065820872738627
ps,1309.927354720254,1.0031869590809583
es,1721.4761258289102,1.0010220755181702
σ,1148.0801415723674,1.0015259806421795
