label,ess,rhat
Overall,1108.4476953191129,1.004156171321207
as,913.4534851551008,1.0030894672092165
bs,1386.357201498161,1.0048154130029525
σs,627.5389784319048,1.0065194534166304
ws,704.3752325754489,1.0074822803063748
ps,1196.1372617182394,1.0033885291356983
es,1481.2796468785727,1.0055027269324528
σ,1002.5541579660779,0.9983965771811345
