label,ess,rhat
Overall,709.1144345319815,1.0036411759879404
as,545.2912351035707,1.0019309653151813
bs,904.8405525194086,1.0050962204861094
σs,524.0775068896844,1.0051211398005617
ws,506.8035842425072,1.0050475263602319
ps,744.0591595015217,1.0034910155636458
es,945.9810753690913,1.0002357360102763
σ,985.7645577935186,1.0007835518419015
