label,ess,rhat
Overall,1003.780725855536,1.003781125839259
as,741.7165150973149,1.0053358138946327
bs,1323.5867740092801,1.0023602458992213
σs,668.8780689615023,1.0030050387703109
ws,804.5092939567485,1.004514837845586
ps,1037.5239927803618,1.0037076341469886
es,1372.191959111234,1.0020435448321523
σ,1038.5386297379516,1.0019793450065335
