label,ess,rhat
Overall,503.0103960938889,1.004615292676393
as,420.965662923385,1.0058026620289573
bs,591.7286755387146,1.0027982594931713
σs,478.9856295063308,1.0068820824667575
ws,457.0625265365754,1.0040291471480147
ps,504.9266193430467,1.0055542534995765
es,464.0715214516823,0.9989995111426542
σ,1082.4407755879647,0.9984676206816314
