label,ess,rhat
Overall,594.6900817302578,1.004605463204599
as,559.5700075581594,1.0042256741768891
bs,655.6252923303634,1.0047689465428116
σs,501.75559058943224,1.0053841636867928
ws,526.1816279749376,1.0053092699382522
ps,604.2224322231879,1.004414080067511
es,576.0719086194224,1.0063519647537098
σ,1206.1867601995918,0.9976427408668324
