label,ess,rhat
Overall,601.924427255081,1.0047271447164516
as,500.1340878034579,1.0047613323134545
bs,754.2833018961226,1.0043109997478012
σs,419.8777005731751,1.0061021912543815
ws,501.57605748452266,1.0053692620780963
ps,635.3433483867708,1.0047851828547458
es,578.3582015821412,1.0010563540194264
σ,984.3453664237263,1.0028543261751213
