label,ess,rhat
Overall,505.3638257816987,1.0058361677667946
as,458.7356874299873,1.00383889367189
bs,556.8263269681295,1.0080373668709326
σs,487.9601195767091,1.0051020377335562
ws,443.8626306029707,1.007663408712829
ps,523.4181289831027,1.0051590695494101
es,394.4121075441338,1.0031131069378247
σ,995.8697211650617,1.0069599517243293
