label,ess,rhat
Overall,612.6822004094564,1.0077307783026008
as,524.4923236195219,1.0092138701278637
bs,739.8336412339512,1.0066201908410126
σs,472.42056988504,1.0063897625933724
ws,541.7095120281415,1.0062001320139387
ps,641.2521623700801,1.0082892416967781
es,542.9711038590219,1.0136568590848758
σ,860.957643109893,0.9997263239533958
