label,ess,rhat
Overall,498.4022952484135,1.0041695178178454
as,395.44740647475,1.0053695201941126
bs,604.4956435162015,1.0030073335948009
σs,487.10384106956525,1.004033372466245
ws,471.1382138171034,1.0039309095101416
ps,490.3962965705232,1.0043033577807248
es,481.31404942122674,1.0047555895499123
σ,1067.9037297036562,1.0023808350112926
