label,ess,rhat
Overall,506.86147722794163,1.0052764915151569
as,422.24172766824745,1.0057846935894124
bs,617.7812905821444,1.0030870342400167
σs,412.1812475677105,1.0113290102383428
ws,439.9269290884094,1.0063128297319053
ps,525.1472404328722,1.0050495430305089
es,436.9685281678047,1.0033973188853462
σ,974.4321096944062,1.0024994387746502
