label,ess,rhat
Overall,1050.7890114362633,1.005119728786072
as,842.2838585484242,1.005065632034553
bs,1341.4191914108735,1.0047382693335347
σs,574.46385433299,1.0076459547696
ws,698.0971969452306,1.0058393196264561
ps,1146.0014205885998,1.0050333676609318
es,927.5120719901137,1.0054146820239978
σ,959.4490249088012,1.0000400662323432
