label,ess,rhat
Overall,633.7976273829071,1.0040673962714877
as,556.3716331114631,1.0036344675097542
bs,734.2711455761121,1.0041734788261625
σs,500.1219886366933,1.0059631042724262
ws,448.4562225458103,1.0075934934629889
ps,680.0654449221812,1.0030324855440758
es,461.3103499259465,1.0084530610065854
σ,982.0137984568363,1.0026586154190487
