label,ess,rhat
Overall,877.0119251457688,1.0025107862691698
as,745.3770586808621,1.000864956945925
bs,1065.8803286232317,1.0036216049740776
σs,545.0574104729457,1.005613847855523
ws,630.2319886732873,1.0034770107072586
ps,941.1058996883654,1.0023857223529133
es,729.8499229203107,0.9997532525148363
σ,1056.1843892218392,1.0024342285010839
