label,ess,rhat
Overall,432.094150259145,1.0072021635199864
as,301.4736937146024,1.008992545846486
bs,562.4853116658766,1.0051317903050245
σs,433.4240620584486,1.0088261106730676
ws,356.4490226652296,1.0118188852543477
ps,443.95028719706283,1.0060125904516533
es,279.500636460107,1.010592164657072
σ,1075.9281359641484,1.0021210077134706
