label,ess,rhat
Overall,656.6906847582449,1.0070748462374515
as,479.8893243365603,1.0095755687193368
bs,866.5006811087941,1.0042278442114037
σs,465.24059637082985,1.0090832675935915
ws,474.523817799067,1.0077889569265737
ps,705.4094624611299,1.0071235898233788
es,485.79158344999007,1.0049914459024734
σ,845.9899611464043,1.0003326265134305
