label,ess,rhat
Overall,915.0595679039483,1.005736773474991
as,663.0186917009592,1.006016999826992
bs,1241.5558682005333,1.0050530213928925
σs,483.21810816109127,1.0080772227095534
ws,615.3527933155966,1.0047137807412163
ps,1003.3768021847732,1.006020269042293
es,604.7985963741025,1.0028859915030706
σ,892.8355605442658,1.0101064629936118
