label,ess,rhat
Overall,1127.3227779275082,1.0028891113691967
as,726.9698316926045,1.0018723580307243
bs,1623.5160546238476,1.00340360362712
σs,571.4488612511774,1.0058022256363799
ws,670.9371529301094,1.0036815953155307
ps,1261.7419713021272,1.0025390182511085
es,740.3980791197869,1.0024201012843696
σ,925.678393530016,1.0111217938510824
