label,ess,rhat
Overall,613.4292422000434,1.0067848374573176
as,520.0779461997338,1.007977980834991
bs,756.0217276708271,1.0043305133872207
σs,436.16096010633754,1.0113250879500415
ws,548.7575483921555,1.006058435656372
ps,630.7279702736245,1.0077473682611162
es,617.4566922515355,1.00194129681233
σ,931.667737878606,1.0001629394598666
