label,ess,rhat
Overall,441.6353527316028,1.0097082802629962
as,295.54271277902455,1.0156047198231455
bs,583.9567806459296,1.0051759731702872
σs,455.2117160693086,1.0047974033802105
ws,456.63326753415095,1.0070048061157448
ps,422.32573918296566,1.0111436196167332
es,356.5252981236937,1.0122398791980838
σ,933.9304365814095,0.9997679489626615
