label,ess,rhat
Overall,464.5264943651476,1.0058100226457651
as,370.0254696960747,1.0054368920934686
bs,570.3950462278762,1.005346758813175
σs,423.6033964679871,1.0088210424313557
ws,449.927372422886,1.0088147079271477
ps,459.31188445660376,1.0045166860715855
es,381.2340072929066,1.0075406629037331
σ,941.8807894389062,0.9999192696819037
