label,ess,rhat
Overall,598.6679075436037,1.0046240368388035
as,499.6202665364204,1.0065189077774805
bs,737.2366006155585,1.0017931883680788
σs,456.3921201104264,1.0079935559541748
ws,535.6520188143464,1.0042545312161284
ps,616.0114313287326,1.0047037607255296
es,532.9444385371656,1.0054559042328395
σ,1035.37389189422,1.005321548467957
