label,ess,rhat
Overall,761.2238495931363,1.0033390390789838
as,643.225747203004,1.0025993757319143
bs,895.2727725310311,1.003644845199478
σs,668.1290904161139,1.005855410993123
ws,531.9933034514306,1.0062308310487762
ps,809.0670100212665,1.0022679339193352
es,835.4380314602395,1.0057510110730106
σ,1067.0903390091585,1.0152266391165647
