label,ess,rhat
Overall,1133.6047862155829,1.003801274530158
as,940.7241117582105,1.0027014341669616
bs,1413.9021493525047,1.0050611281461344
σs,626.5879918741941,1.0028731976640404
ws,738.2708034042056,1.0035719306820998
ps,1223.960027918977,1.0039281182140638
es,1430.1362391744565,1.003773783619434
σ,947.4980722714454,1.0005198857008415
