label,ess,rhat
Overall,920.3007080521696,1.0038443543561537
as,754.204314546399,1.0034887921982127
bs,1135.1986014041172,1.004133857939806
σs,637.2520089443409,1.0042274940870297
ws,698.1708958358267,1.0037413119789753
ps,958.6300897303853,1.0039164024329192
es,1348.090405181415,1.0034096624665643
σ,890.4687398354467,1.002491938976729
