label,ess,rhat
Overall,933.5895464968924,1.0038350109971943
as,749.7866248479571,1.0044902008466812
bs,1186.135501522233,1.003100096107253
σs,534.8799529137399,1.0042974162318254
ws,619.3259917800087,1.003329788093489
ps,1020.0142749754201,1.0039727053544307
es,686.2274234157834,1.0016958648838714
σ,1051.089482292377,1.0075666489209434
