label,ess,rhat
Overall,1034.4680053912316,1.0047345040657667
as,657.3300549371803,1.0040344579622222
bs,1492.7227474288907,1.0051012566151192
σs,563.9906142063041,1.0066676066800768
ws,658.6560182710926,1.006095085839294
ps,1136.3097962726026,1.0045412442904347
es,873.0211186694394,1.0027312110631055
σ,978.6996619706575,1.001690578004677
