label,ess,rhat
Overall,831.0415520912019,1.003131478040954
as,656.1999038771407,1.0029828384314772
bs,1042.2136847420638,1.0026369993306894
σs,620.3247423577589,1.0068615642954541
ws,691.0181247963716,1.0022026368388504
ps,867.5827353518927,1.0034861388033758
es,691.3897146410953,1.0011953691871236
σ,1036.649558016226,1.0011260735776095
