label,ess,rhat
Overall,543.7874759114965,1.0049736313350586
as,430.19388285913294,1.0062643304741585
bs,669.1047680656106,1.0036129115491066
σs,475.7900211213441,1.0053797510868026
ws,406.341542111438,1.0065260609660667
ps,574.0944032018649,1.0045781265993725
es,411.454161262066,1.0071411087544622
σ,1003.0728008733687,1.0009937482370628
