label,ess,rhat
Overall,633.9005749947072,1.0053356275868441
as,601.3670504233528,1.0056359456155823
bs,709.5784664912293,1.0045579874193664
σs,478.5808540641039,1.0070539872863062
ws,568.51791846883,1.0074013044082366
ps,651.427965245934,1.0045204309209113
es,631.2640189731228,1.0054286843462164
σ,968.0534188165043,1.0015565055256421
