label,ess,rhat
Overall,534.8322128345777,1.0043301684166035
as,425.76181593969784,1.0053436801445603
bs,651.5946943343538,1.0027356085560233
σs,507.140708256951,1.0064219416940452
ws,458.69517422521386,1.0046877197007278
ps,554.7679453516196,1.003817429948048
es,471.07027653536113,1.0086235663064866
σ,1057.6715033022838,1.0047839574097759
