label,ess,rhat
Overall,500.80096852188615,1.0077729879148964
as,443.6424620544286,1.0085445576434242
bs,570.1730720589411,1.0069574025620147
σs,456.8320190713363,1.007931444162574
ws,461.54198403258664,1.0081690139525585
ps,506.8861808427685,1.0076212323273845
es,462.4985183746169,1.008020966857961
σ,890.2981623450803,1.0064703628521414
