label,ess,rhat
Overall,725.400346238714,1.0047401080796914
as,708.1529174484506,1.0039534107350845
bs,806.0209058099018,1.0045215785302548
σs,497.25707542738485,1.0083589248982485
ws,540.4715842871805,1.0069975569726264
ps,799.4718748673079,1.0040421972117257
es,741.4993054846908,1.0029510696926809
σ,986.4878268217133,0.9993744807055995
