label,ess,rhat
Overall,479.65018926297614,1.0055116852201906
as,440.2384015726467,1.0046663339362514
bs,505.9528392083252,1.005386310842518
σs,526.8430851449053,1.0090062976019927
ws,442.961034083553,1.0071870995335261
ps,481.252589202859,1.0048098958227862
es,442.88006647958036,1.004593584703866
σ,951.7978985458897,1.0054894388253222
