label,ess,rhat
Overall,906.8318040138732,1.0050171657640006
as,545.5432919707031,1.0043041829712556
bs,1328.660672175027,1.0052044036550323
σs,555.6977385295659,1.0080664861939395
ws,628.594189277301,1.0049433214447039
ps,987.0342588766871,1.0051436400780933
es,594.4238393134623,1.0029176160804893
σ,1020.7812768384758,1.0040316298861365
