label,ess,rhat
Overall,710.3040254600561,1.0047311319284056
as,531.7556847882086,1.004371124133173
bs,918.3842564126812,1.0050554183089178
σs,539.0190618315488,1.0049383161337855
ws,420.72669667726933,1.010225645973567
ps,785.8897742547844,1.0032666556819694
es,437.7490056228653,1.0080283453331977
σ,1102.226068380931,1.002497396405822
