label,ess,rhat
Overall,855.5470440295275,1.0043390074816485
as,604.1414202040279,1.0039360730988864
bs,1175.0997379795776,1.0039251278763077
σs,460.29403730713284,1.0090765286126482
ws,573.7527933467538,1.0067980270657184
ps,933.7396437069648,1.003818285585232
es,611.6180754195539,1.0015865158058892
σ,971.6912049257658,1.005330406852333
