label,ess,rhat
Overall,497.54766673454634,1.006670600979048
as,362.21530800148236,1.0083626492347202
bs,640.0371592980184,1.0051334629864577
σs,456.0362905181779,1.0057721214531707
ws,378.9618261036796,1.0083046488727327
ps,519.8381043668402,1.0063358844077783
es,369.2330393615355,1.0066828727231298
σ,1107.266002700864,1.0031038781876143
