label,ess,rhat
Overall,824.8449558543546,1.0041531072193917
as,529.2750520236171,1.0044654303365466
bs,1172.3354412418607,1.0034545033578868
σs,523.7055828250957,1.0063935355366191
ws,573.1336473692112,1.0037776657052568
ps,891.4592360064213,1.0042244242276186
es,595.203385456196,1.0042101964645105
σ,1107.1783511731876,1.0051210105038733
