label,ess,rhat
Overall,704.0872992098566,1.0036327724214817
as,579.3543807861199,1.0032023762326125
bs,858.5720004434677,1.0034507768631618
σs,531.526958912588,1.0071846445551784
ws,504.02679248297846,1.004320972994883
ps,757.0674343482616,1.003329032131903
es,502.8457382305511,1.006341559986698
σ,964.2500152475694,1.0045363243100225
