label,ess,rhat
Overall,1004.9797021180508,1.004013864387053
as,663.9415636835259,1.004166793668733
bs,1435.7673360729882,1.0034436970136882
σs,484.4326280996581,1.006433845318827
ws,671.2723616470752,1.0053358343754943
ps,1104.7734772123763,1.003789937621905
es,639.0498364354621,1.0016453918525252
σ,951.2263146073237,1.0036356543219245
