label,ess,rhat
Overall,712.9619746515658,1.003072772339771
as,619.9272907551635,1.001294332685668
bs,874.5201845894421,1.0038676271293607
σs,466.277280902259,1.0066136778520194
ws,624.1236384663213,1.004178045757839
ps,748.6197227000541,1.0026131439948613
es,704.4378635960903,1.0022051110582346
σ,868.9687817247508,1.0034951508536762
