label,ess,rhat
Overall,523.1675630370448,1.0061091639774973
as,391.6563706714935,1.0074118655665396
bs,657.2443512642623,1.004197269988257
σs,513.9314179350478,1.0083022566182092
ws,434.828697861426,1.0087970566038338
ps,547.4375797163798,1.0050262177431128
es,453.796092099864,1.0066797773794476
σ,1090.956453356129,1.0008698277515504
