label,ess,rhat
Overall,635.9664440725268,1.0046800056968168
as,553.9392122347983,1.0056016417173186
bs,761.7330797795408,1.0029028424570605
σs,478.504590143099,1.0077599036861353
ws,619.5634475227063,1.0041551123229118
ps,636.1993806065303,1.0051315296289485
es,527.4604263481829,1.0028633022819702
σ,1043.75808823497,1.0028725107779646
