label,ess,rhat
Overall,775.4458988921639,1.0042810207023225
as,630.6548892693229,1.0026944819366352
bs,969.2511576573492,1.0052960469857426
σs,491.1632538665705,1.0075957930994726
ws,550.4968738727151,1.0041476118875725
ps,834.1940641161772,1.0043607998150381
es,580.8420478511513,1.0041699107175304
σ,1044.129970454947,1.002274749038573
