label,ess,rhat
Overall,527.9856381750132,1.0064416011307726
as,401.3446343494271,1.0085321751263556
bs,669.9449699860502,1.0039433649839422
σs,439.13933585939657,1.008806041608008
ws,382.9282638552629,1.0094372157838496
ps,563.449256481716,1.0054794987789746
es,342.16086412423533,1.0139100743018883
σ,938.0699993918283,1.0017381918379276
