label,ess,rhat
Overall,1179.1823909837258,1.004859517353135
as,921.0064485879462,1.003579101544077
bs,1547.2128322412386,1.00554631010731
σs,542.0262975856737,1.008302531071456
ws,641.4509119556807,1.0060278259039974
ps,1294.2399646566596,1.004814358879677
es,1725.279838981712,1.0020607733000348
σ,1017.0017070234778,0.9986049095749748
