label,ess,rhat
Overall,730.3149855794021,1.004044374938989
as,633.4041103460787,1.0034343514410062
bs,856.5430621702282,1.0046147214822558
σs,560.2752177058859,1.004274501276341
ws,496.0823114784046,1.0038896604874885
ps,773.5277659221706,1.004091997772677
es,951.2210030337428,1.0066814459146642
σ,1025.081583429792,0.9983409103886277
