label,ess,rhat
Overall,955.6310188166929,1.0033647213376613
as,745.4190997255554,1.0031769870333649
bs,1216.5429080195267,1.0033149807497321
σs,661.5711921688544,1.0047420757125693
ws,807.4330667459652,1.003672199418828
ps,978.6741351960947,1.0033141338804972
es,1242.1540286438324,1.0025150712147513
σ,1054.890837799865,1.0038024825533562
