label,ess,rhat
Overall,1161.3725998759528,1.0050299019407904
as,913.5718612218191,1.0038635519401182
bs,1508.9321258917041,1.0051575642479254
σs,582.7716331785731,1.0110542905633053
ws,664.0243112288878,1.005781123796919
ps,1285.0651696914317,1.0046388703004638
es,1271.0339747836947,1.005970012061316
σ,972.9859626822597,1.0129045381618687
