label,ess,rhat
Overall,550.1907071456819,1.0067039854641686
as,497.643038735115,1.007799699629473
bs,647.4375480690566,1.0045458296633665
σs,389.27368609957387,1.0105287753519612
ws,493.4006767395697,1.007267287013817
ps,566.9490869648771,1.0063072583956665
es,489.16272851264034,1.007269804610723
σ,918.00915398604,1.0091276323563403
