label,ess,rhat
Overall,605.772038245937,1.0044671305892352
as,498.40420285465166,1.004198662376743
bs,737.6391678887212,1.0037838061454363
σs,517.5745789405415,1.0078935841518832
ws,498.43628047197905,1.0071037843069346
ps,644.8922049947743,1.0031114894241102
es,495.35522465066094,1.0057685210091782
σ,1097.510423254216,1.0054711754302106
