label,ess,rhat
Overall,943.6004656555323,1.0050494823129086
as,772.5754106785813,1.004329457342271
bs,1198.0902048815435,1.0049177604771051
σs,459.5052970109844,1.0099896137902626
ws,619.6934114647436,1.0054128571055143
ps,1033.5413061152904,1.0050717568383125
es,744.0229184096361,1.0035899094564904
σ,912.4798683684069,1.0025389532950861
