label,ess,rhat
Overall,833.1744536538533,1.004956259727473
as,631.97028605281,1.0067576874994804
bs,1081.2343937180494,1.003367421550124
σs,561.4109733675657,1.0037232400784544
ws,577.9308223958828,1.003542873172848
ps,900.5022679712666,1.0054543609261664
es,703.9083937942175,1.000662154544724
σ,922.895061232937,1.0065962512111901
