label,ess,rhat
Overall,1000.0594639205896,1.0043386906003218
as,738.9339811034974,1.0028171049586008
bs,1342.7750090189757,1.0056716785225868
σs,526.837102689086,1.0054325573731675
ws,668.4045662174174,1.0039744398130752
ps,1087.6071915359723,1.0045827995140821
es,909.9472223243437,1.0027008214097417
σ,957.8517940127767,1.0002682105679646
