label,ess,rhat
Overall,516.814707102502,1.0066337777965784
as,481.14384982218894,1.003641953908597
bs,558.050459254588,1.009542659056636
σs,484.538316846216,1.0071148450385377
ws,330.2021945641067,1.0092089320346627
ps,558.6422230158505,1.0058419728768524
es,372.2978951638603,1.0101613554739326
σ,1037.4777175997979,1.0066834077317197
