label,ess,rhat
Overall,471.26348789040054,1.0069526596815492
as,438.3515510883983,1.0075903030580355
bs,506.1217989051095,1.0055655491738225
σs,464.25654072465596,1.009650741354015
ws,466.5313778847285,1.0070466021306592
ps,460.82979217529424,1.0069130908847816
es,353.4697775622152,1.0100270299972975
σ,1034.9123172075979,1.0007053983766863
