label,ess,rhat
Overall,620.5953491835339,1.0063350226249823
as,547.3494570104563,1.006348161212841
bs,743.0605047520273,1.0039258836951825
σs,443.4060009600365,1.014960623855969
ws,595.938470991281,1.0076800214084316
ps,623.0659876092724,1.005753840029114
es,557.119425472349,1.0056003582991901
σ,979.1931358437364,1.0067751133677476
