label,ess,rhat
Overall,652.0261324217988,1.0031628571617672
as,582.2296931743188,1.0021353781053317
bs,769.2197565760875,1.003104655679837
σs,481.3962667572881,1.0070713070998834
ws,590.0433656844947,1.0045558792267435
ps,675.173643146892,1.002643660085231
es,550.1385972711328,1.000952310570976
σ,997.7591247183564,1.0043668095535774
