label,ess,rhat
Overall,670.7538985567372,1.0051740315706423
as,587.4366011444864,1.004685909981289
bs,809.0609250614372,1.0038874419030899
σs,472.7908738239201,1.0115629920955045
ws,596.8740109896454,1.0074610057616729
ps,691.9029283686467,1.0042582782386738
es,613.0740093869709,1.003346617173034
σ,1122.7975525917248,1.005194756704683
