cpu-bind=MASK - bp1-compute016, task  0  0 [2092655]: mask 0x30000003000 set
cpu-bind=MASK - bp1-compute016, task  0  0 [2092653]: mask 0x3000000300 set
cpu-bind=MASK - bp1-compute016, task  0  0 [2092654]: mask 0xc000000c00 set
Running on host bp1-compute016
Running on host bp1-compute016
Running on host bp1-compute016
Time is Tue Aug 11 13:02:42 BST 2026
Time is Tue Aug 11 13:02:42 BST 2026
Time is Tue Aug 11 13:02:42 BST 2026
Directory is /user/home/em18564/bayesian/BC4/Bayes/wordType_experiments/models/wordLen
Directory is /user/home/em18564/bayesian/BC4/Bayes/wordType_experiments/models/wordLen
Directory is /user/home/em18564/bayesian/BC4/Bayes/wordType_experiments/models/wordLen
Slurm job ID is 18418444
This job runs on the following machines:
Slurm job ID is 18418445
Slurm job ID is 18418440
This job runs on the following machines:
This job runs on the following machines:
bp1-compute016
bp1-compute016
bp1-compute016
Sampling (4 threads)   0%|                              |  ETA: N/A
┌ Info: Found initial step size
└   ϵ = 0.000390625
┌ Info: Found initial step size
└   ϵ = 0.00078125
┌ Info: Found initial step size
└   ϵ = 0.00078125
┌ Info: Found initial step size
└   ϵ = 0.0015625
Sampling (4 threads)   0%|▏                             |  ETA: 3:28:24
Sampling (4 threads)   1%|▎                             |  ETA: 1:43:47
Sampling (4 threads)   2%|▌                             |  ETA: 1:08:50
Sampling (4 threads)   2%|▋                             |  ETA: 0:59:59
Sampling (4 threads)   2%|▊                             |  ETA: 0:47:44
Sampling (4 threads)   3%|▉                             |  ETA: 0:39:35
Sampling (4 threads)   4%|█                             |  ETA: 0:33:45
Sampling (4 threads)   4%|█▎                            |  ETA: 0:40:40
Sampling (4 threads)   4%|█▍                            |  ETA: 0:35:58
Sampling (4 threads)   5%|█▌                            |  ETA: 1:03:29
Sampling (4 threads)   6%|█▋                            |  ETA: 0:57:25
Sampling (4 threads)   6%|█▊                            |  ETA: 2:26:07
Sampling (4 threads)   6%|██                            |  ETA: 2:14:10
Sampling (4 threads)   7%|██▏                           |  ETA: 3:56:09
Sampling (4 threads)   8%|██▎                           |  ETA: 3:39:13
Sampling (4 threads)   8%|██▍                           |  ETA: 3:24:25
Sampling (4 threads)   8%|██▌                           |  ETA: 3:11:20
Sampling (4 threads)   9%|██▊                           |  ETA: 4:00:01
Sampling (4 threads)  10%|██▉                           |  ETA: 3:46:08
Sampling (4 threads)  10%|███                           |  ETA: 4:50:25
Sampling (4 threads)  10%|███▏                          |  ETA: 4:35:04
Sampling (4 threads)  11%|███▎                          |  ETA: 4:21:05
Sampling (4 threads)  12%|███▌                          |  ETA: 5:16:24
Sampling (4 threads)  12%|███▋                          |  ETA: 5:01:30
Sampling (4 threads)  12%|███▊                          |  ETA: 4:47:48
Sampling (4 threads)  13%|███▉                          |  ETA: 5:06:03
Sampling (4 threads)  14%|████                          |  ETA: 4:53:01
Sampling (4 threads)  14%|████▎                         |  ETA: 5:28:30
Sampling (4 threads)  14%|████▍                         |  ETA: 5:15:20
Sampling (4 threads)  15%|████▌                         |  ETA: 5:03:02
Sampling (4 threads)  16%|████▋                         |  ETA: 4:51:32
Sampling (4 threads)  16%|████▊                         |  ETA: 5:14:29
Sampling (4 threads)  16%|█████                         |  ETA: 5:03:08
Sampling (4 threads)  17%|█████▏                        |  ETA: 5:15:10
Sampling (4 threads)  18%|█████▎                        |  ETA: 5:04:19
Sampling (4 threads)  18%|█████▍                        |  ETA: 5:15:06
Sampling (4 threads)  18%|█████▌                        |  ETA: 5:04:43
Sampling (4 threads)  19%|█████▊                        |  ETA: 5:23:27
Sampling (4 threads)  20%|█████▉                        |  ETA: 5:13:13
Sampling (4 threads)  20%|██████                        |  ETA: 5:32:48
Sampling (4 threads)  20%|██████▏                       |  ETA: 5:22:39
Sampling (4 threads)  21%|██████▎                       |  ETA: 5:12:59
Sampling (4 threads)  22%|██████▌                       |  ETA: 5:03:47
Sampling (4 threads)  22%|██████▋                       |  ETA: 5:11:26
Sampling (4 threads)  22%|██████▊                       |  ETA: 5:02:34
Sampling (4 threads)  23%|██████▉                       |  ETA: 5:09:30
Sampling (4 threads)  24%|███████                       |  ETA: 5:00:57
Sampling (4 threads)  24%|███████▎                      |  ETA: 5:07:09
Sampling (4 threads)  24%|███████▍                      |  ETA: 4:58:54
Sampling (4 threads)  25%|███████▌                      |  ETA: 5:09:06
Sampling (4 threads)  26%|███████▋                      |  ETA: 5:01:01
Sampling (4 threads)  26%|███████▊                      |  ETA: 5:09:34
Sampling (4 threads)  26%|████████                      |  ETA: 5:01:40
Sampling (4 threads)  27%|████████▏                     |  ETA: 5:00:18
Sampling (4 threads)  28%|████████▎                     |  ETA: 4:52:49
Sampling (4 threads)  28%|████████▍                     |  ETA: 5:06:23
Sampling (4 threads)  28%|████████▌                     |  ETA: 4:58:55
Sampling (4 threads)  29%|████████▊                     |  ETA: 4:51:42
Sampling (4 threads)  30%|████████▉                     |  ETA: 5:03:24
Sampling (4 threads)  30%|█████████                     |  ETA: 4:56:14
Sampling (4 threads)  30%|█████████▏                    |  ETA: 4:49:17
Sampling (4 threads)  31%|█████████▎                    |  ETA: 4:42:35
Sampling (4 threads)  32%|█████████▌                    |  ETA: 4:53:38
Sampling (4 threads)  32%|█████████▋                    |  ETA: 4:46:56
Sampling (4 threads)  32%|█████████▊                    |  ETA: 4:40:27
Sampling (4 threads)  33%|█████████▉                    |  ETA: 4:43:29
Sampling (4 threads)  34%|██████████                    |  ETA: 4:37:10
Sampling (4 threads)  34%|██████████▎                   |  ETA: 4:39:54
Sampling (4 threads)  34%|██████████▍                   |  ETA: 4:33:45
Sampling (4 threads)  35%|██████████▌                   |  ETA: 4:42:06
Sampling (4 threads)  36%|██████████▋                   |  ETA: 4:35:59
Sampling (4 threads)  36%|██████████▊                   |  ETA: 4:30:02
Sampling (4 threads)  36%|███████████                   |  ETA: 4:24:16
Sampling (4 threads)  37%|███████████▏                  |  ETA: 4:33:25
Sampling (4 threads)  38%|███████████▎                  |  ETA: 4:27:38
Sampling (4 threads)  38%|███████████▍                  |  ETA: 4:22:00
Sampling (4 threads)  38%|███████████▌                  |  ETA: 4:27:11
Sampling (4 threads)  39%|███████████▊                  |  ETA: 4:21:37
Sampling (4 threads)  40%|███████████▉                  |  ETA: 4:16:12
Sampling (4 threads)  40%|████████████                  |  ETA: 4:23:10
Sampling (4 threads)  40%|████████████▏                 |  ETA: 4:17:45
Sampling (4 threads)  41%|████████████▎                 |  ETA: 4:12:28
Sampling (4 threads)  42%|████████████▌                 |  ETA: 4:07:19
Sampling (4 threads)  42%|████████████▋                 |  ETA: 4:13:55
Sampling (4 threads)  42%|████████████▊                 |  ETA: 4:08:46
Sampling (4 threads)  43%|████████████▉                 |  ETA: 4:03:44
Sampling (4 threads)  44%|█████████████                 |  ETA: 4:09:56
Sampling (4 threads)  44%|█████████████▎                |  ETA: 4:04:54
Sampling (4 threads)  44%|█████████████▍                |  ETA: 3:59:59
Sampling (4 threads)  45%|█████████████▌                |  ETA: 3:55:11
Sampling (4 threads)  46%|█████████████▋                |  ETA: 3:59:16
Sampling (4 threads)  46%|█████████████▊                |  ETA: 3:54:29
Sampling (4 threads)  46%|██████████████                |  ETA: 3:49:49
Sampling (4 threads)  47%|██████████████▏               |  ETA: 3:50:23
Sampling (4 threads)  48%|██████████████▎               |  ETA: 3:45:49
Sampling (4 threads)  48%|██████████████▍               |  ETA: 3:47:14
Sampling (4 threads)  48%|██████████████▌               |  ETA: 3:42:44
Sampling (4 threads)  49%|██████████████▊               |  ETA: 3:41:50
Sampling (4 threads)  50%|██████████████▉               |  ETA: 3:37:27
Sampling (4 threads)  50%|███████████████               |  ETA: 3:37:45
Sampling (4 threads)  50%|███████████████▏              |  ETA: 3:33:27
Sampling (4 threads)  51%|███████████████▎              |  ETA: 3:35:42
Sampling (4 threads)  52%|███████████████▌              |  ETA: 3:31:26
Sampling (4 threads)  52%|███████████████▋              |  ETA: 3:27:14
Sampling (4 threads)  52%|███████████████▊              |  ETA: 3:28:44
Sampling (4 threads)  53%|███████████████▉              |  ETA: 3:24:36
Sampling (4 threads)  54%|████████████████              |  ETA: 3:20:32
Sampling (4 threads)  54%|████████████████▎             |  ETA: 3:22:30
Sampling (4 threads)  55%|████████████████▍             |  ETA: 3:18:27
Sampling (4 threads)  55%|████████████████▌             |  ETA: 3:14:29
Sampling (4 threads)  56%|████████████████▋             |  ETA: 3:14:11
Sampling (4 threads)  56%|████████████████▊             |  ETA: 3:10:17
Sampling (4 threads)  56%|█████████████████             |  ETA: 3:09:54
Sampling (4 threads)  57%|█████████████████▏            |  ETA: 3:06:04
Sampling (4 threads)  57%|█████████████████▎            |  ETA: 3:07:20
Sampling (4 threads)  58%|█████████████████▍            |  ETA: 3:03:32
Sampling (4 threads)  58%|█████████████████▌            |  ETA: 2:59:48
Sampling (4 threads)  59%|█████████████████▊            |  ETA: 3:01:54
Sampling (4 threads)  60%|█████████████████▉            |  ETA: 2:58:10
Sampling (4 threads)  60%|██████████████████            |  ETA: 2:54:30
Sampling (4 threads)  60%|██████████████████▏           |  ETA: 2:50:54
Sampling (4 threads)  61%|██████████████████▎           |  ETA: 2:52:18
Sampling (4 threads)  62%|██████████████████▌           |  ETA: 2:48:43
Sampling (4 threads)  62%|██████████████████▋           |  ETA: 2:47:58
Sampling (4 threads)  62%|██████████████████▊           |  ETA: 2:44:26
Sampling (4 threads)  63%|██████████████████▉           |  ETA: 2:44:10
Sampling (4 threads)  64%|███████████████████           |  ETA: 2:40:41
Sampling (4 threads)  64%|███████████████████▎          |  ETA: 2:37:14
Sampling (4 threads)  64%|███████████████████▍          |  ETA: 2:37:55
Sampling (4 threads)  65%|███████████████████▌          |  ETA: 2:34:29
Sampling (4 threads)  66%|███████████████████▋          |  ETA: 2:31:07
Sampling (4 threads)  66%|███████████████████▊          |  ETA: 2:27:48
Sampling (4 threads)  66%|████████████████████          |  ETA: 2:28:44
Sampling (4 threads)  67%|████████████████████▏         |  ETA: 2:25:25
Sampling (4 threads)  68%|████████████████████▎         |  ETA: 2:22:09
Sampling (4 threads)  68%|████████████████████▍         |  ETA: 2:22:17
Sampling (4 threads)  68%|████████████████████▌         |  ETA: 2:19:02
Sampling (4 threads)  69%|████████████████████▊         |  ETA: 2:15:50
Sampling (4 threads)  70%|████████████████████▉         |  ETA: 2:14:40
Sampling (4 threads)  70%|█████████████████████         |  ETA: 2:11:31
Sampling (4 threads)  70%|█████████████████████▏        |  ETA: 2:11:31
Sampling (4 threads)  71%|█████████████████████▎        |  ETA: 2:08:23
Sampling (4 threads)  72%|█████████████████████▌        |  ETA: 2:05:17
Sampling (4 threads)  72%|█████████████████████▋        |  ETA: 2:02:14
Sampling (4 threads)  72%|█████████████████████▊        |  ETA: 2:00:58
Sampling (4 threads)  73%|█████████████████████▉        |  ETA: 1:57:58
Sampling (4 threads)  74%|██████████████████████        |  ETA: 1:56:37
Sampling (4 threads)  74%|██████████████████████▎       |  ETA: 1:53:39
Sampling (4 threads)  74%|██████████████████████▍       |  ETA: 1:52:16
Sampling (4 threads)  75%|██████████████████████▌       |  ETA: 1:49:20
Sampling (4 threads)  76%|██████████████████████▋       |  ETA: 1:48:50
Sampling (4 threads)  76%|██████████████████████▊       |  ETA: 1:45:54
Sampling (4 threads)  76%|███████████████████████       |  ETA: 1:43:01
Sampling (4 threads)  77%|███████████████████████▏      |  ETA: 1:41:33
Sampling (4 threads)  78%|███████████████████████▎      |  ETA: 1:38:42
Sampling (4 threads)  78%|███████████████████████▍      |  ETA: 1:37:09
Sampling (4 threads)  78%|███████████████████████▌      |  ETA: 1:34:21
Sampling (4 threads)  79%|███████████████████████▊      |  ETA: 1:33:31
Sampling (4 threads)  80%|███████████████████████▉      |  ETA: 1:30:43
Sampling (4 threads)  80%|████████████████████████      |  ETA: 1:27:57
Sampling (4 threads)  80%|████████████████████████▏     |  ETA: 1:26:19
Sampling (4 threads)  81%|████████████████████████▎     |  ETA: 1:23:35
Sampling (4 threads)  82%|████████████████████████▌     |  ETA: 1:20:53
Sampling (4 threads)  82%|████████████████████████▋     |  ETA: 1:19:54
Sampling (4 threads)  82%|████████████████████████▊     |  ETA: 1:17:13
Sampling (4 threads)  83%|████████████████████████▉     |  ETA: 1:15:42
Sampling (4 threads)  84%|█████████████████████████     |  ETA: 1:13:02
Sampling (4 threads)  84%|█████████████████████████▎    |  ETA: 1:10:24
Sampling (4 threads)  84%|█████████████████████████▍    |  ETA: 1:08:38
Sampling (4 threads)  85%|█████████████████████████▌    |  ETA: 1:06:01
Sampling (4 threads)  86%|█████████████████████████▋    |  ETA: 1:04:49
Sampling (4 threads)  86%|█████████████████████████▊    |  ETA: 1:02:13
Sampling (4 threads)  86%|██████████████████████████    |  ETA: 0:59:39
Sampling (4 threads)  87%|██████████████████████████▏   |  ETA: 0:57:47
Sampling (4 threads)  88%|██████████████████████████▎   |  ETA: 0:55:15
Sampling (4 threads)  88%|██████████████████████████▍   |  ETA: 0:53:20
Sampling (4 threads)  88%|██████████████████████████▌   |  ETA: 0:50:50
Sampling (4 threads)  89%|██████████████████████████▊   |  ETA: 0:48:46
Sampling (4 threads)  90%|██████████████████████████▉   |  ETA: 0:46:17
Sampling (4 threads)  90%|███████████████████████████   |  ETA: 0:44:20
Sampling (4 threads)  90%|███████████████████████████▏  |  ETA: 0:41:53
Sampling (4 threads)  91%|███████████████████████████▎  |  ETA: 0:39:55
Sampling (4 threads)  92%|███████████████████████████▌  |  ETA: 0:37:29
Sampling (4 threads)  92%|███████████████████████████▋  |  ETA: 0:35:29
Sampling (4 threads)  92%|███████████████████████████▊  |  ETA: 0:33:05
Sampling (4 threads)  93%|███████████████████████████▉  |  ETA: 0:30:59
Sampling (4 threads)  94%|████████████████████████████  |  ETA: 0:28:37
Sampling (4 threads)  94%|████████████████████████████▎ |  ETA: 0:26:33
Sampling (4 threads)  94%|████████████████████████████▍ |  ETA: 0:24:13
Sampling (4 threads)  95%|████████████████████████████▌ |  ETA: 0:22:06
Sampling (4 threads)  96%|████████████████████████████▋ |  ETA: 0:19:48
Sampling (4 threads)  96%|████████████████████████████▊ |  ETA: 0:17:30
Sampling (4 threads)  96%|█████████████████████████████ |  ETA: 0:15:21
Sampling (4 threads)  97%|█████████████████████████████▏|  ETA: 0:13:10
Sampling (4 threads)  98%|█████████████████████████████▎|  ETA: 0:11:05
Sampling (4 threads)  98%|█████████████████████████████▍|  ETA: 0:08:55
Sampling (4 threads)  98%|█████████████████████████████▌|  ETA: 0:06:44
Sampling (4 threads)  99%|█████████████████████████████▊|  ETA: 0:04:31
Sampling (4 threads) 100%|█████████████████████████████▉|  ETA: 0:02:16
Sampling (4 threads) 100%|██████████████████████████████| Time: 7:37:32
Sampling (4 threads) 100%|██████████████████████████████| Time: 7:37:33
Sampling (4 threads)   0%|                              |  ETA: N/A
┌ Info: Found initial step size
└   ϵ = 0.0001953125
┌ Info: Found initial step size
└   ϵ = 0.00078125
┌ Info: Found initial step size
└   ϵ = 0.00625
┌ Info: Found initial step size
└   ϵ = 0.0015625
Sampling (4 threads)   0%|▏                             |  ETA: 3:31:23
Sampling (4 threads)   1%|▎                             |  ETA: 1:45:15
Sampling (4 threads)   2%|▌                             |  ETA: 1:09:49
Sampling (4 threads)   2%|▋                             |  ETA: 1:00:55
Sampling (4 threads)   2%|▊                             |  ETA: 0:48:29
Sampling (4 threads)   3%|▉                             |  ETA: 0:40:12
Sampling (4 threads)   4%|█                             |  ETA: 0:34:17
Sampling (4 threads)   4%|█▎                            |  ETA: 0:33:40
Sampling (4 threads)   4%|█▍                            |  ETA: 0:29:46
Sampling (4 threads)   5%|█▌                            |  ETA: 0:41:50
Sampling (4 threads)   6%|█▋                            |  ETA: 0:37:50
Sampling (4 threads)   6%|█▊                            |  ETA: 2:36:24
Sampling (4 threads)   6%|██                            |  ETA: 2:23:36
Sampling (4 threads)   7%|██▏                           |  ETA: 2:12:38
Sampling (4 threads)   8%|██▎                           |  ETA: 3:55:19
Sampling (4 threads)   8%|██▍                           |  ETA: 3:39:25
Sampling (4 threads)   8%|██▌                           |  ETA: 3:25:23
Sampling (4 threads)   9%|██▊                           |  ETA: 4:07:29
Sampling (4 threads)  10%|██▉                           |  ETA: 3:53:10
Sampling (4 threads)  10%|███                           |  ETA: 4:52:30
Sampling (4 threads)  10%|███▏                          |  ETA: 4:37:02
Sampling (4 threads)  11%|███▎                          |  ETA: 4:56:03
Sampling (4 threads)  12%|███▌                          |  ETA: 4:41:35
Sampling (4 threads)  12%|███▋                          |  ETA: 5:28:04
Sampling (4 threads)  12%|███▊                          |  ETA: 5:13:09
Sampling (4 threads)  13%|███▉                          |  ETA: 4:59:23
Sampling (4 threads)  14%|████                          |  ETA: 5:30:37
Sampling (4 threads)  14%|████▎                         |  ETA: 5:16:58
Sampling (4 threads)  14%|████▍                         |  ETA: 5:38:52
Sampling (4 threads)  15%|████▌                         |  ETA: 5:25:40
Sampling (4 threads)  16%|████▋                         |  ETA: 6:00:15
Sampling (4 threads)  16%|████▊                         |  ETA: 5:46:56
Sampling (4 threads)  16%|█████                         |  ETA: 5:34:25
Sampling (4 threads)  17%|█████▏                        |  ETA: 5:22:38
Sampling (4 threads)  18%|█████▎                        |  ETA: 5:57:47
Sampling (4 threads)  18%|█████▍                        |  ETA: 5:45:44
Sampling (4 threads)  18%|█████▌                        |  ETA: 5:34:20
Sampling (4 threads)  19%|█████▊                        |  ETA: 6:03:45
Sampling (4 threads)  20%|█████▉                        |  ETA: 5:52:14
Sampling (4 threads)  20%|██████                        |  ETA: 5:41:18
Sampling (4 threads)  20%|██████▏                       |  ETA: 5:55:28
Sampling (4 threads)  21%|██████▎                       |  ETA: 5:44:49
Sampling (4 threads)  22%|██████▌                       |  ETA: 6:01:16
Sampling (4 threads)  22%|██████▋                       |  ETA: 5:50:48
Sampling (4 threads)  22%|██████▊                       |  ETA: 5:40:49
Sampling (4 threads)  23%|██████▉                       |  ETA: 6:05:30
Sampling (4 threads)  24%|███████                       |  ETA: 5:55:24
Sampling (4 threads)  24%|███████▎                      |  ETA: 5:45:43
Sampling (4 threads)  24%|███████▍                      |  ETA: 5:36:26
Sampling (4 threads)  25%|███████▌                      |  ETA: 5:51:09
Sampling (4 threads)  26%|███████▋                      |  ETA: 5:41:58
Sampling (4 threads)  26%|███████▊                      |  ETA: 6:00:16
Sampling (4 threads)  26%|████████                      |  ETA: 5:51:05
Sampling (4 threads)  27%|████████▏                     |  ETA: 5:42:14
Sampling (4 threads)  28%|████████▎                     |  ETA: 5:33:43
Sampling (4 threads)  28%|████████▍                     |  ETA: 5:53:44
Sampling (4 threads)  28%|████████▌                     |  ETA: 5:45:07
Sampling (4 threads)  29%|████████▊                     |  ETA: 5:36:48
Sampling (4 threads)  30%|████████▉                     |  ETA: 5:51:15
Sampling (4 threads)  30%|█████████                     |  ETA: 5:42:56
Sampling (4 threads)  30%|█████████▏                    |  ETA: 5:34:55
Sampling (4 threads)  31%|█████████▎                    |  ETA: 5:50:05
Sampling (4 threads)  32%|█████████▌                    |  ETA: 5:42:02
Sampling (4 threads)  32%|█████████▋                    |  ETA: 5:34:14
Sampling (4 threads)  32%|█████████▊                    |  ETA: 5:26:40
Sampling (4 threads)  33%|█████████▉                    |  ETA: 5:37:06
Sampling (4 threads)  34%|██████████                    |  ETA: 5:29:35
Sampling (4 threads)  34%|██████████▎                   |  ETA: 5:22:18
Sampling (4 threads)  34%|██████████▍                   |  ETA: 5:29:59
Sampling (4 threads)  35%|██████████▌                   |  ETA: 5:22:47
Sampling (4 threads)  36%|██████████▋                   |  ETA: 5:30:06
Sampling (4 threads)  36%|██████████▊                   |  ETA: 5:22:59
Sampling (4 threads)  36%|███████████                   |  ETA: 5:16:04
Sampling (4 threads)  37%|███████████▏                  |  ETA: 5:09:21
Sampling (4 threads)  38%|███████████▎                  |  ETA: 5:16:13
Sampling (4 threads)  38%|███████████▍                  |  ETA: 5:09:34
Sampling (4 threads)  38%|███████████▌                  |  ETA: 5:11:10
Sampling (4 threads)  39%|███████████▊                  |  ETA: 5:04:41
Sampling (4 threads)  40%|███████████▉                  |  ETA: 5:10:22
Sampling (4 threads)  40%|████████████                  |  ETA: 5:03:58
Sampling (4 threads)  40%|████████████▏                 |  ETA: 4:57:42
Sampling (4 threads)  41%|████████████▎                 |  ETA: 4:51:36
Sampling (4 threads)  42%|████████████▌                 |  ETA: 4:59:32
Sampling (4 threads)  42%|████████████▋                 |  ETA: 4:53:27
Sampling (4 threads)  42%|████████████▊                 |  ETA: 4:47:30
Sampling (4 threads)  43%|████████████▉                 |  ETA: 4:51:12
Sampling (4 threads)  44%|█████████████                 |  ETA: 4:45:20
Sampling (4 threads)  44%|█████████████▎                |  ETA: 4:45:30
Sampling (4 threads)  44%|█████████████▍                |  ETA: 4:39:46
Sampling (4 threads)  45%|█████████████▌                |  ETA: 4:41:56
Sampling (4 threads)  46%|█████████████▋                |  ETA: 4:36:18
Sampling (4 threads)  46%|█████████████▊                |  ETA: 4:36:17
Sampling (4 threads)  46%|██████████████                |  ETA: 4:30:47
Sampling (4 threads)  47%|██████████████▏               |  ETA: 4:30:40
Sampling (4 threads)  48%|██████████████▎               |  ETA: 4:25:17
Sampling (4 threads)  48%|██████████████▍               |  ETA: 4:25:31
Sampling (4 threads)  48%|██████████████▌               |  ETA: 4:20:15
Sampling (4 threads)  49%|██████████████▊               |  ETA: 4:20:26
Sampling (4 threads)  50%|██████████████▉               |  ETA: 4:15:16
Sampling (4 threads)  50%|███████████████               |  ETA: 4:15:12
Sampling (4 threads)  50%|███████████████▏              |  ETA: 4:10:09
Sampling (4 threads)  51%|███████████████▎              |  ETA: 4:13:19
Sampling (4 threads)  52%|███████████████▌              |  ETA: 4:08:18
Sampling (4 threads)  52%|███████████████▋              |  ETA: 4:03:22
Sampling (4 threads)  52%|███████████████▊              |  ETA: 3:58:33
Sampling (4 threads)  53%|███████████████▉              |  ETA: 4:02:28
Sampling (4 threads)  54%|████████████████              |  ETA: 3:57:39
Sampling (4 threads)  54%|████████████████▎             |  ETA: 3:52:55
Sampling (4 threads)  55%|████████████████▍             |  ETA: 3:55:02
Sampling (4 threads)  55%|████████████████▌             |  ETA: 3:50:21
Sampling (4 threads)  56%|████████████████▋             |  ETA: 3:45:44
Sampling (4 threads)  56%|████████████████▊             |  ETA: 3:48:41
Sampling (4 threads)  56%|█████████████████             |  ETA: 3:44:05
Sampling (4 threads)  57%|█████████████████▏            |  ETA: 3:39:34
Sampling (4 threads)  57%|█████████████████▎            |  ETA: 3:41:26
Sampling (4 threads)  58%|█████████████████▍            |  ETA: 3:36:57
Sampling (4 threads)  58%|█████████████████▌            |  ETA: 3:32:32
Sampling (4 threads)  59%|█████████████████▊            |  ETA: 3:31:44
Sampling (4 threads)  60%|█████████████████▉            |  ETA: 3:27:23
Sampling (4 threads)  60%|██████████████████            |  ETA: 3:29:17
Sampling (4 threads)  60%|██████████████████▏           |  ETA: 3:24:57
Sampling (4 threads)  61%|██████████████████▎           |  ETA: 3:20:42
Sampling (4 threads)  62%|██████████████████▌           |  ETA: 3:22:07
Sampling (4 threads)  62%|██████████████████▋           |  ETA: 3:17:53
Sampling (4 threads)  62%|██████████████████▊           |  ETA: 3:16:46
Sampling (4 threads)  63%|██████████████████▉           |  ETA: 3:12:36
Sampling (4 threads)  64%|███████████████████           |  ETA: 3:08:30
Sampling (4 threads)  64%|███████████████████▎          |  ETA: 3:07:16
Sampling (4 threads)  64%|███████████████████▍          |  ETA: 3:03:14
Sampling (4 threads)  65%|███████████████████▌          |  ETA: 3:04:35
Sampling (4 threads)  66%|███████████████████▋          |  ETA: 3:00:33
Sampling (4 threads)  66%|███████████████████▊          |  ETA: 2:56:35
Sampling (4 threads)  66%|████████████████████          |  ETA: 2:55:13
Sampling (4 threads)  67%|████████████████████▏         |  ETA: 2:51:18
Sampling (4 threads)  68%|████████████████████▎         |  ETA: 2:50:33
Sampling (4 threads)  68%|████████████████████▍         |  ETA: 2:46:41
Sampling (4 threads)  68%|████████████████████▌         |  ETA: 2:46:38
Sampling (4 threads)  69%|████████████████████▊         |  ETA: 2:42:48
Sampling (4 threads)  70%|████████████████████▉         |  ETA: 2:39:02
Sampling (4 threads)  70%|█████████████████████         |  ETA: 2:35:18
Sampling (4 threads)  70%|█████████████████████▏        |  ETA: 2:33:45
Sampling (4 threads)  71%|█████████████████████▎        |  ETA: 2:30:05
Sampling (4 threads)  72%|█████████████████████▌        |  ETA: 2:30:19
Sampling (4 threads)  72%|█████████████████████▋        |  ETA: 2:26:39
Sampling (4 threads)  72%|█████████████████████▊        |  ETA: 2:23:02
Sampling (4 threads)  73%|█████████████████████▉        |  ETA: 2:23:10
Sampling (4 threads)  74%|██████████████████████        |  ETA: 2:19:34
Sampling (4 threads)  74%|██████████████████████▎       |  ETA: 2:16:00
Sampling (4 threads)  74%|██████████████████████▍       |  ETA: 2:15:09
Sampling (4 threads)  75%|██████████████████████▌       |  ETA: 2:11:37
Sampling (4 threads)  76%|██████████████████████▋       |  ETA: 2:08:08
Sampling (4 threads)  76%|██████████████████████▊       |  ETA: 2:07:36
Sampling (4 threads)  76%|███████████████████████       |  ETA: 2:04:07
Sampling (4 threads)  77%|███████████████████████▏      |  ETA: 2:00:41
Sampling (4 threads)  78%|███████████████████████▎      |  ETA: 1:59:48
Sampling (4 threads)  78%|███████████████████████▍      |  ETA: 1:56:23
Sampling (4 threads)  78%|███████████████████████▌      |  ETA: 1:53:01
Sampling (4 threads)  79%|███████████████████████▊      |  ETA: 1:51:02
Sampling (4 threads)  80%|███████████████████████▉      |  ETA: 1:47:42
Sampling (4 threads)  80%|████████████████████████      |  ETA: 1:45:41
Sampling (4 threads)  80%|████████████████████████▏     |  ETA: 1:42:24
Sampling (4 threads)  81%|████████████████████████▎     |  ETA: 1:40:21
Sampling (4 threads)  82%|████████████████████████▌     |  ETA: 1:37:06
Sampling (4 threads)  82%|████████████████████████▋     |  ETA: 1:35:50
Sampling (4 threads)  82%|████████████████████████▊     |  ETA: 1:32:36
Sampling (4 threads)  83%|████████████████████████▉     |  ETA: 1:29:25
Sampling (4 threads)  84%|█████████████████████████     |  ETA: 1:27:46
Sampling (4 threads)  84%|█████████████████████████▎    |  ETA: 1:24:36
Sampling (4 threads)  84%|█████████████████████████▍    |  ETA: 1:22:24
Sampling (4 threads)  85%|█████████████████████████▌    |  ETA: 1:19:16
Sampling (4 threads)  86%|█████████████████████████▋    |  ETA: 1:17:33
Sampling (4 threads)  86%|█████████████████████████▊    |  ETA: 1:14:26
Sampling (4 threads)  86%|██████████████████████████    |  ETA: 1:11:22
Sampling (4 threads)  87%|██████████████████████████▏   |  ETA: 1:08:19
Sampling (4 threads)  88%|██████████████████████████▎   |  ETA: 1:06:04
Sampling (4 threads)  88%|██████████████████████████▍   |  ETA: 1:03:03
Sampling (4 threads)  88%|██████████████████████████▌   |  ETA: 1:00:44
Sampling (4 threads)  89%|██████████████████████████▊   |  ETA: 0:57:46
Sampling (4 threads)  90%|██████████████████████████▉   |  ETA: 0:55:17
Sampling (4 threads)  90%|███████████████████████████   |  ETA: 0:52:23
Sampling (4 threads)  90%|███████████████████████████▏  |  ETA: 0:49:54
Sampling (4 threads)  91%|███████████████████████████▎  |  ETA: 0:47:04
Sampling (4 threads)  92%|███████████████████████████▌  |  ETA: 0:44:38
Sampling (4 threads)  92%|███████████████████████████▋  |  ETA: 0:42:06
Sampling (4 threads)  92%|███████████████████████████▊  |  ETA: 0:39:23
Sampling (4 threads)  93%|███████████████████████████▉  |  ETA: 0:36:53
Sampling (4 threads)  94%|████████████████████████████  |  ETA: 0:34:15
Sampling (4 threads)  94%|████████████████████████████▎ |  ETA: 0:31:37
Sampling (4 threads)  94%|████████████████████████████▍ |  ETA: 0:29:00
Sampling (4 threads)  95%|████████████████████████████▌ |  ETA: 0:26:22
Sampling (4 threads)  96%|████████████████████████████▋ |  ETA: 0:23:41
Sampling (4 threads)  96%|████████████████████████████▊ |  ETA: 0:21:07
Sampling (4 threads)  96%|█████████████████████████████ |  ETA: 0:18:29
Sampling (4 threads)  97%|█████████████████████████████▏|  ETA: 0:15:52
Sampling (4 threads)  98%|█████████████████████████████▎|  ETA: 0:13:13
Sampling (4 threads)  98%|█████████████████████████████▍|  ETA: 0:10:33
Sampling (4 threads)  98%|█████████████████████████████▌|  ETA: 0:07:56
Sampling (4 threads)  99%|█████████████████████████████▊|  ETA: 0:05:19
Sampling (4 threads) 100%|█████████████████████████████▉|  ETA: 0:02:39
Sampling (4 threads) 100%|██████████████████████████████| Time: 8:55:46
Sampling (4 threads) 100%|██████████████████████████████| Time: 8:55:46
Sampling (4 threads)   0%|                              |  ETA: N/A
┌ Info: Found initial step size
└   ϵ = 0.00078125
┌ Info: Found initial step size
└   ϵ = 0.0015625
┌ Info: Found initial step size
└   ϵ = 0.00625
┌ Info: Found initial step size
└   ϵ = 9.765625e-5
Sampling (4 threads)   0%|▏                             |  ETA: 5:29:48
Sampling (4 threads)   1%|▎                             |  ETA: 2:44:11
Sampling (4 threads)   2%|▌                             |  ETA: 1:55:00
Sampling (4 threads)   2%|▋                             |  ETA: 1:25:49
Sampling (4 threads)   2%|▊                             |  ETA: 1:14:47
Sampling (4 threads)   3%|▉                             |  ETA: 1:02:00
Sampling (4 threads)   4%|█                             |  ETA: 0:58:16
Sampling (4 threads)   4%|█▎                            |  ETA: 0:50:43
Sampling (4 threads)   4%|█▍                            |  ETA: 0:44:51
Sampling (4 threads)   5%|█▌                            |  ETA: 1:26:06
Sampling (4 threads)   6%|█▋                            |  ETA: 1:17:51
Sampling (4 threads)   6%|█▊                            |  ETA: 1:10:59
Sampling (4 threads)   6%|██                            |  ETA: 2:53:04
Sampling (4 threads)   7%|██▏                           |  ETA: 2:39:51
Sampling (4 threads)   8%|██▎                           |  ETA: 3:50:14
Sampling (4 threads)   8%|██▍                           |  ETA: 3:34:40
Sampling (4 threads)   8%|██▌                           |  ETA: 6:17:37
Sampling (4 threads)   9%|██▊                           |  ETA: 5:54:42
Sampling (4 threads)  10%|██▉                           |  ETA: 7:23:13
Sampling (4 threads)  10%|███                           |  ETA: 6:58:44
Sampling (4 threads)  10%|███▏                          |  ETA: 6:36:35
Sampling (4 threads)  11%|███▎                          |  ETA: 7:27:26
Sampling (4 threads)  12%|███▌                          |  ETA: 7:05:35
Sampling (4 threads)  12%|███▋                          |  ETA: 8:07:48
Sampling (4 threads)  12%|███▊                          |  ETA: 7:45:38
Sampling (4 threads)  13%|███▉                          |  ETA: 8:39:06
Sampling (4 threads)  14%|████                          |  ETA: 8:17:00
Sampling (4 threads)  14%|████▎                         |  ETA: 7:56:29
Sampling (4 threads)  14%|████▍                         |  ETA: 8:42:33
Sampling (4 threads)  15%|████▌                         |  ETA: 8:22:11
Sampling (4 threads)  16%|████▋                         |  ETA: 8:51:35
Sampling (4 threads)  16%|████▊                         |  ETA: 8:31:56
Sampling (4 threads)  16%|█████                         |  ETA: 8:59:04
Sampling (4 threads)  17%|█████▏                        |  ETA: 8:40:05
Sampling (4 threads)  18%|█████▎                        |  ETA: 9:03:31
Sampling (4 threads)  18%|█████▍                        |  ETA: 8:45:13
Sampling (4 threads)  18%|█████▌                        |  ETA: 9:07:06
Sampling (4 threads)  19%|█████▊                        |  ETA: 8:49:26
Sampling (4 threads)  20%|█████▉                        |  ETA: 9:27:36
Sampling (4 threads)  20%|██████                        |  ETA: 9:09:58
Sampling (4 threads)  20%|██████▏                       |  ETA: 8:53:12
Sampling (4 threads)  21%|██████▎                       |  ETA: 9:16:40
Sampling (4 threads)  22%|██████▌                       |  ETA: 9:00:16
Sampling (4 threads)  22%|██████▋                       |  ETA: 8:44:38
Sampling (4 threads)  22%|██████▊                       |  ETA: 9:18:50
Sampling (4 threads)  23%|██████▉                       |  ETA: 9:03:09
Sampling (4 threads)  24%|███████                       |  ETA: 8:48:09
Sampling (4 threads)  24%|███████▎                      |  ETA: 9:12:48
Sampling (4 threads)  24%|███████▍                      |  ETA: 8:57:57
Sampling (4 threads)  25%|███████▌                      |  ETA: 9:17:12
Sampling (4 threads)  26%|███████▋                      |  ETA: 9:02:38
Sampling (4 threads)  26%|███████▊                      |  ETA: 8:48:37
Sampling (4 threads)  26%|████████                      |  ETA: 9:03:59
Sampling (4 threads)  27%|████████▏                     |  ETA: 8:50:17
Sampling (4 threads)  28%|████████▎                     |  ETA: 8:37:04
Sampling (4 threads)  28%|████████▍                     |  ETA: 9:05:27
Sampling (4 threads)  28%|████████▌                     |  ETA: 8:52:10
Sampling (4 threads)  29%|████████▊                     |  ETA: 8:39:20
Sampling (4 threads)  30%|████████▉                     |  ETA: 9:06:47
Sampling (4 threads)  30%|█████████                     |  ETA: 8:53:51
Sampling (4 threads)  30%|█████████▏                    |  ETA: 8:41:21
Sampling (4 threads)  31%|█████████▎                    |  ETA: 8:29:15
Sampling (4 threads)  32%|█████████▌                    |  ETA: 8:46:49
Sampling (4 threads)  32%|█████████▋                    |  ETA: 8:34:48
Sampling (4 threads)  32%|█████████▊                    |  ETA: 8:44:44
Sampling (4 threads)  33%|█████████▉                    |  ETA: 8:32:57
Sampling (4 threads)  34%|██████████                    |  ETA: 8:21:32
Sampling (4 threads)  34%|██████████▎                   |  ETA: 8:38:34
Sampling (4 threads)  34%|██████████▍                   |  ETA: 8:27:10
Sampling (4 threads)  35%|██████████▌                   |  ETA: 8:16:07
Sampling (4 threads)  36%|██████████▋                   |  ETA: 8:33:55
Sampling (4 threads)  36%|██████████▊                   |  ETA: 8:22:51
Sampling (4 threads)  36%|███████████                   |  ETA: 8:12:05
Sampling (4 threads)  37%|███████████▏                  |  ETA: 8:26:48
Sampling (4 threads)  38%|███████████▎                  |  ETA: 8:16:05
Sampling (4 threads)  38%|███████████▍                  |  ETA: 8:05:38
Sampling (4 threads)  38%|███████████▌                  |  ETA: 7:55:28
Sampling (4 threads)  39%|███████████▊                  |  ETA: 8:09:06
Sampling (4 threads)  40%|███████████▉                  |  ETA: 7:58:57
Sampling (4 threads)  40%|████████████                  |  ETA: 8:02:33
Sampling (4 threads)  40%|████████████▏                 |  ETA: 7:52:37
Sampling (4 threads)  41%|████████████▎                 |  ETA: 7:55:30
Sampling (4 threads)  42%|████████████▌                 |  ETA: 7:45:47
Sampling (4 threads)  42%|████████████▋                 |  ETA: 7:48:45
Sampling (4 threads)  42%|████████████▊                 |  ETA: 7:39:15
Sampling (4 threads)  43%|████████████▉                 |  ETA: 7:38:49
Sampling (4 threads)  44%|█████████████                 |  ETA: 7:29:34
Sampling (4 threads)  44%|█████████████▎                |  ETA: 7:31:53
Sampling (4 threads)  44%|█████████████▍                |  ETA: 7:22:49
Sampling (4 threads)  45%|█████████████▌                |  ETA: 7:24:49
Sampling (4 threads)  46%|█████████████▋                |  ETA: 7:15:56
Sampling (4 threads)  46%|█████████████▊                |  ETA: 7:17:42
Sampling (4 threads)  46%|██████████████                |  ETA: 7:08:59
Sampling (4 threads)  47%|██████████████▏               |  ETA: 7:07:56
Sampling (4 threads)  48%|██████████████▎               |  ETA: 6:59:26
Sampling (4 threads)  48%|██████████████▍               |  ETA: 7:00:43
Sampling (4 threads)  48%|██████████████▌               |  ETA: 6:52:23
Sampling (4 threads)  49%|██████████████▊               |  ETA: 6:52:00
Sampling (4 threads)  50%|██████████████▉               |  ETA: 6:43:50
Sampling (4 threads)  50%|███████████████               |  ETA: 6:43:38
Sampling (4 threads)  50%|███████████████▏              |  ETA: 6:35:38
Sampling (4 threads)  51%|███████████████▎              |  ETA: 6:40:58
Sampling (4 threads)  52%|███████████████▌              |  ETA: 6:33:01
Sampling (4 threads)  52%|███████████████▋              |  ETA: 6:25:14
Sampling (4 threads)  52%|███████████████▊              |  ETA: 6:17:35
Sampling (4 threads)  53%|███████████████▉              |  ETA: 6:24:20
Sampling (4 threads)  54%|████████████████              |  ETA: 6:16:42
Sampling (4 threads)  54%|████████████████▎             |  ETA: 6:09:12
Sampling (4 threads)  55%|████████████████▍             |  ETA: 6:09:31
Sampling (4 threads)  55%|████████████████▌             |  ETA: 6:02:08
Sampling (4 threads)  56%|████████████████▋             |  ETA: 6:01:43
Sampling (4 threads)  56%|████████████████▊             |  ETA: 5:54:28
Sampling (4 threads)  56%|█████████████████             |  ETA: 5:54:16
Sampling (4 threads)  57%|█████████████████▏            |  ETA: 5:47:07
Sampling (4 threads)  57%|█████████████████▎            |  ETA: 5:44:38
Sampling (4 threads)  58%|█████████████████▍            |  ETA: 5:37:39
Sampling (4 threads)  58%|█████████████████▌            |  ETA: 5:36:45
Sampling (4 threads)  59%|█████████████████▊            |  ETA: 5:29:52
Sampling (4 threads)  60%|█████████████████▉            |  ETA: 5:29:11
Sampling (4 threads)  60%|██████████████████            |  ETA: 5:22:25
Sampling (4 threads)  60%|██████████████████▏           |  ETA: 5:21:33
Sampling (4 threads)  61%|██████████████████▎           |  ETA: 5:14:53
Sampling (4 threads)  62%|██████████████████▌           |  ETA: 5:12:30
Sampling (4 threads)  62%|██████████████████▋           |  ETA: 5:05:58
Sampling (4 threads)  62%|██████████████████▊           |  ETA: 5:04:48
Sampling (4 threads)  63%|██████████████████▉           |  ETA: 4:58:21
Sampling (4 threads)  64%|███████████████████           |  ETA: 5:00:53
Sampling (4 threads)  64%|███████████████████▎          |  ETA: 4:54:27
Sampling (4 threads)  64%|███████████████████▍          |  ETA: 4:48:06
Sampling (4 threads)  65%|███████████████████▌          |  ETA: 4:41:52
Sampling (4 threads)  66%|███████████████████▋          |  ETA: 4:43:15
Sampling (4 threads)  66%|███████████████████▊          |  ETA: 4:37:02
Sampling (4 threads)  66%|████████████████████          |  ETA: 4:30:54
Sampling (4 threads)  67%|████████████████████▏         |  ETA: 4:32:06
Sampling (4 threads)  68%|████████████████████▎         |  ETA: 4:26:00
Sampling (4 threads)  68%|████████████████████▍         |  ETA: 4:19:58
Sampling (4 threads)  68%|████████████████████▌         |  ETA: 4:20:17
Sampling (4 threads)  69%|████████████████████▊         |  ETA: 4:14:18
Sampling (4 threads)  70%|████████████████████▉         |  ETA: 4:08:24
Sampling (4 threads)  70%|█████████████████████         |  ETA: 4:09:53
Sampling (4 threads)  70%|█████████████████████▏        |  ETA: 4:03:58
Sampling (4 threads)  71%|█████████████████████▎        |  ETA: 3:58:09
Sampling (4 threads)  72%|█████████████████████▌        |  ETA: 3:52:24
Sampling (4 threads)  72%|█████████████████████▋        |  ETA: 3:53:16
Sampling (4 threads)  72%|█████████████████████▊        |  ETA: 3:47:31
Sampling (4 threads)  73%|█████████████████████▉        |  ETA: 3:41:51
Sampling (4 threads)  74%|██████████████████████        |  ETA: 3:39:22
Sampling (4 threads)  74%|██████████████████████▎       |  ETA: 3:33:47
Sampling (4 threads)  74%|██████████████████████▍       |  ETA: 3:31:20
Sampling (4 threads)  75%|██████████████████████▌       |  ETA: 3:25:48
Sampling (4 threads)  76%|██████████████████████▋       |  ETA: 3:23:10
Sampling (4 threads)  76%|██████████████████████▊       |  ETA: 3:17:42
Sampling (4 threads)  76%|███████████████████████       |  ETA: 3:15:00
Sampling (4 threads)  77%|███████████████████████▏      |  ETA: 3:09:36
Sampling (4 threads)  78%|███████████████████████▎      |  ETA: 3:06:53
Sampling (4 threads)  78%|███████████████████████▍      |  ETA: 3:01:34
Sampling (4 threads)  78%|███████████████████████▌      |  ETA: 2:58:45
Sampling (4 threads)  79%|███████████████████████▊      |  ETA: 2:53:29
Sampling (4 threads)  80%|███████████████████████▉      |  ETA: 2:49:58
Sampling (4 threads)  80%|████████████████████████      |  ETA: 2:44:48
Sampling (4 threads)  80%|████████████████████████▏     |  ETA: 2:41:49
Sampling (4 threads)  81%|████████████████████████▎     |  ETA: 2:36:42
Sampling (4 threads)  82%|████████████████████████▌     |  ETA: 2:33:39
Sampling (4 threads)  82%|████████████████████████▋     |  ETA: 2:28:35
Sampling (4 threads)  82%|████████████████████████▊     |  ETA: 2:25:29
Sampling (4 threads)  83%|████████████████████████▉     |  ETA: 2:20:28
Sampling (4 threads)  84%|█████████████████████████     |  ETA: 2:16:50
Sampling (4 threads)  84%|█████████████████████████▎    |  ETA: 2:11:54
Sampling (4 threads)  84%|█████████████████████████▍    |  ETA: 2:08:37
Sampling (4 threads)  85%|█████████████████████████▌    |  ETA: 2:03:44
Sampling (4 threads)  86%|█████████████████████████▋    |  ETA: 2:00:24
Sampling (4 threads)  86%|█████████████████████████▊    |  ETA: 1:55:34
Sampling (4 threads)  86%|██████████████████████████    |  ETA: 1:52:11
Sampling (4 threads)  87%|██████████████████████████▏   |  ETA: 1:47:24
Sampling (4 threads)  88%|██████████████████████████▎   |  ETA: 1:43:37
Sampling (4 threads)  88%|██████████████████████████▍   |  ETA: 1:38:54
Sampling (4 threads)  88%|██████████████████████████▌   |  ETA: 1:35:40
Sampling (4 threads)  89%|██████████████████████████▊   |  ETA: 1:31:00
Sampling (4 threads)  90%|██████████████████████████▉   |  ETA: 1:26:22
Sampling (4 threads)  90%|███████████████████████████   |  ETA: 1:23:28
Sampling (4 threads)  90%|███████████████████████████▏  |  ETA: 1:18:52
Sampling (4 threads)  91%|███████████████████████████▎  |  ETA: 1:14:18
Sampling (4 threads)  92%|███████████████████████████▌  |  ETA: 1:11:17
Sampling (4 threads)  92%|███████████████████████████▋  |  ETA: 1:06:44
Sampling (4 threads)  92%|███████████████████████████▊  |  ETA: 1:02:13
Sampling (4 threads)  93%|███████████████████████████▉  |  ETA: 0:57:46
Sampling (4 threads)  94%|████████████████████████████  |  ETA: 0:54:24
Sampling (4 threads)  94%|████████████████████████████▎ |  ETA: 0:49:57
Sampling (4 threads)  94%|████████████████████████████▍ |  ETA: 0:46:03
Sampling (4 threads)  95%|████████████████████████████▌ |  ETA: 0:41:39
Sampling (4 threads)  96%|████████████████████████████▋ |  ETA: 0:37:17
Sampling (4 threads)  96%|████████████████████████████▊ |  ETA: 0:33:17
Sampling (4 threads)  96%|█████████████████████████████ |  ETA: 0:28:59
Sampling (4 threads)  97%|█████████████████████████████▏|  ETA: 0:24:52
Sampling (4 threads)  98%|█████████████████████████████▎|  ETA: 0:20:43
Sampling (4 threads)  98%|█████████████████████████████▍|  ETA: 0:16:36
Sampling (4 threads)  98%|█████████████████████████████▌|  ETA: 0:12:28
Sampling (4 threads)  99%|█████████████████████████████▊|  ETA: 0:08:22
Sampling (4 threads) 100%|█████████████████████████████▉|  ETA: 0:04:13
Sampling (4 threads) 100%|██████████████████████████████| Time: 14:08:17
Sampling (4 threads) 100%|██████████████████████████████| Time: 14:08:18
Sampling (4 threads)   0%|                              |  ETA: N/A
┌ Info: Found initial step size
└   ϵ = 0.00078125
┌ Info: Found initial step size
└   ϵ = 0.00625
┌ Info: Found initial step size
└   ϵ = 0.0015625
┌ Info: Found initial step size
└   ϵ = 0.00078125
Sampling (4 threads)   0%|▏                             |  ETA: 5:41:28
Sampling (4 threads)   1%|▎                             |  ETA: 2:50:02
Sampling (4 threads)   2%|▌                             |  ETA: 1:52:47
Sampling (4 threads)   2%|▋                             |  ETA: 1:29:43
Sampling (4 threads)   2%|▊                             |  ETA: 1:11:24
Sampling (4 threads)   3%|▉                             |  ETA: 1:09:54
Sampling (4 threads)   4%|█                             |  ETA: 0:59:36
Sampling (4 threads)   4%|█▎                            |  ETA: 1:05:59
Sampling (4 threads)   4%|█▍                            |  ETA: 0:58:21
Sampling (4 threads)   5%|█▌                            |  ETA: 4:37:46
Sampling (4 threads)   6%|█▋                            |  ETA: 4:11:12
Sampling (4 threads)   6%|█▊                            |  ETA: 7:49:37
Sampling (4 threads)   6%|██                            |  ETA: 7:11:11
Sampling (4 threads)   7%|██▏                           |  ETA: 6:38:14
Sampling (4 threads)   8%|██▎                           |  ETA: 6:09:42
Sampling (4 threads)   8%|██▍                           |  ETA: 8:36:33
Sampling (4 threads)   8%|██▌                           |  ETA: 8:03:32
Sampling (4 threads)   9%|██▊                           |  ETA: 7:34:10
Sampling (4 threads)  10%|██▉                           |  ETA: 9:44:53
Sampling (4 threads)  10%|███                           |  ETA: 9:12:35
Sampling (4 threads)  10%|███▏                          |  ETA: 8:43:20
Sampling (4 threads)  11%|███▎                          |  ETA: 8:16:46
Sampling (4 threads)  12%|███▌                          |  ETA: 9:19:49
Sampling (4 threads)  12%|███▋                          |  ETA: 8:53:27
Sampling (4 threads)  12%|███▊                          |  ETA: 9:15:20
Sampling (4 threads)  13%|███▉                          |  ETA: 8:50:55
Sampling (4 threads)  14%|████                          |  ETA: 9:44:45
Sampling (4 threads)  14%|████▎                         |  ETA: 9:20:36
Sampling (4 threads)  14%|████▍                         |  ETA: 9:52:06
Sampling (4 threads)  15%|████▌                         |  ETA: 9:29:01
Sampling (4 threads)  16%|████▋                         |  ETA: 10:32:39
Sampling (4 threads)  16%|████▊                         |  ETA: 10:09:15
Sampling (4 threads)  16%|█████                         |  ETA: 9:47:16
Sampling (4 threads)  17%|█████▏                        |  ETA: 10:11:32
Sampling (4 threads)  18%|█████▎                        |  ETA: 9:50:29
Sampling (4 threads)  18%|█████▍                        |  ETA: 10:32:13
Sampling (4 threads)  18%|█████▌                        |  ETA: 10:11:23
Sampling (4 threads)  19%|█████▊                        |  ETA: 10:29:16
Sampling (4 threads)  20%|█████▉                        |  ETA: 10:09:21
Sampling (4 threads)  20%|██████                        |  ETA: 10:42:56
Sampling (4 threads)  20%|██████▏                       |  ETA: 10:23:20
Sampling (4 threads)  21%|██████▎                       |  ETA: 10:04:40
Sampling (4 threads)  22%|██████▌                       |  ETA: 10:19:17
Sampling (4 threads)  22%|██████▋                       |  ETA: 10:01:21
Sampling (4 threads)  22%|██████▊                       |  ETA: 10:11:51
Sampling (4 threads)  23%|██████▉                       |  ETA: 9:54:42
Sampling (4 threads)  24%|███████                       |  ETA: 10:33:45
Sampling (4 threads)  24%|███████▎                      |  ETA: 10:16:30
Sampling (4 threads)  24%|███████▍                      |  ETA: 9:59:57
Sampling (4 threads)  25%|███████▌                      |  ETA: 9:44:03
Sampling (4 threads)  26%|███████▋                      |  ETA: 10:21:32
Sampling (4 threads)  26%|███████▊                      |  ETA: 10:05:30
Sampling (4 threads)  26%|████████                      |  ETA: 9:50:03
Sampling (4 threads)  27%|████████▏                     |  ETA: 10:05:05
Sampling (4 threads)  28%|████████▎                     |  ETA: 9:50:01
Sampling (4 threads)  28%|████████▍                     |  ETA: 9:35:29
Sampling (4 threads)  28%|████████▌                     |  ETA: 9:56:39
Sampling (4 threads)  29%|████████▊                     |  ETA: 9:42:15
Sampling (4 threads)  30%|████████▉                     |  ETA: 9:28:21
Sampling (4 threads)  30%|█████████                     |  ETA: 9:46:55
Sampling (4 threads)  30%|█████████▏                    |  ETA: 9:33:10
Sampling (4 threads)  31%|█████████▎                    |  ETA: 9:19:52
Sampling (4 threads)  32%|█████████▌                    |  ETA: 9:26:24
Sampling (4 threads)  32%|█████████▋                    |  ETA: 9:13:29
Sampling (4 threads)  32%|█████████▊                    |  ETA: 9:28:13
Sampling (4 threads)  33%|█████████▉                    |  ETA: 9:15:28
Sampling (4 threads)  34%|██████████                    |  ETA: 9:29:20
Sampling (4 threads)  34%|██████████▎                   |  ETA: 9:16:44
Sampling (4 threads)  34%|██████████▍                   |  ETA: 9:04:31
Sampling (4 threads)  35%|██████████▌                   |  ETA: 9:09:10
Sampling (4 threads)  36%|██████████▋                   |  ETA: 8:57:16
Sampling (4 threads)  36%|██████████▊                   |  ETA: 9:01:21
Sampling (4 threads)  36%|███████████                   |  ETA: 8:49:46
Sampling (4 threads)  37%|███████████▏                  |  ETA: 9:04:02
Sampling (4 threads)  38%|███████████▎                  |  ETA: 8:52:31
Sampling (4 threads)  38%|███████████▍                  |  ETA: 8:41:18
Sampling (4 threads)  38%|███████████▌                  |  ETA: 8:30:23
Sampling (4 threads)  39%|███████████▊                  |  ETA: 8:36:52
Sampling (4 threads)  40%|███████████▉                  |  ETA: 8:26:08
Sampling (4 threads)  40%|████████████                  |  ETA: 8:32:36
Sampling (4 threads)  40%|████████████▏                 |  ETA: 8:22:03
Sampling (4 threads)  41%|████████████▎                 |  ETA: 8:21:37
Sampling (4 threads)  42%|████████████▌                 |  ETA: 8:11:22
Sampling (4 threads)  42%|████████████▋                 |  ETA: 8:13:44
Sampling (4 threads)  42%|████████████▊                 |  ETA: 8:03:43
Sampling (4 threads)  43%|████████████▉                 |  ETA: 8:05:54
Sampling (4 threads)  44%|█████████████                 |  ETA: 7:56:06
Sampling (4 threads)  44%|█████████████▎                |  ETA: 8:00:46
Sampling (4 threads)  44%|█████████████▍                |  ETA: 7:51:08
Sampling (4 threads)  45%|█████████████▌                |  ETA: 7:58:24
Sampling (4 threads)  46%|█████████████▋                |  ETA: 7:48:50
Sampling (4 threads)  46%|█████████████▊                |  ETA: 7:39:29
Sampling (4 threads)  46%|██████████████                |  ETA: 7:30:20
Sampling (4 threads)  47%|██████████████▏               |  ETA: 7:36:17
Sampling (4 threads)  48%|██████████████▎               |  ETA: 7:27:13
Sampling (4 threads)  48%|██████████████▍               |  ETA: 7:31:17
Sampling (4 threads)  48%|██████████████▌               |  ETA: 7:22:20
Sampling (4 threads)  49%|██████████████▊               |  ETA: 7:13:34
Sampling (4 threads)  50%|██████████████▉               |  ETA: 7:21:53
Sampling (4 threads)  50%|███████████████               |  ETA: 7:13:08
Sampling (4 threads)  50%|███████████████▏              |  ETA: 7:04:33
Sampling (4 threads)  51%|███████████████▎              |  ETA: 7:12:11
Sampling (4 threads)  52%|███████████████▌              |  ETA: 7:03:37
Sampling (4 threads)  52%|███████████████▋              |  ETA: 6:55:13
Sampling (4 threads)  52%|███████████████▊              |  ETA: 6:46:59
Sampling (4 threads)  53%|███████████████▉              |  ETA: 6:57:40
Sampling (4 threads)  54%|████████████████              |  ETA: 6:49:22
Sampling (4 threads)  54%|████████████████▎             |  ETA: 6:41:13
Sampling (4 threads)  55%|████████████████▍             |  ETA: 6:46:01
Sampling (4 threads)  55%|████████████████▌             |  ETA: 6:37:54
Sampling (4 threads)  56%|████████████████▋             |  ETA: 6:29:56
Sampling (4 threads)  56%|████████████████▊             |  ETA: 6:30:09
Sampling (4 threads)  56%|█████████████████             |  ETA: 6:22:18
Sampling (4 threads)  57%|█████████████████▏            |  ETA: 6:14:35
Sampling (4 threads)  57%|█████████████████▎            |  ETA: 6:18:53
Sampling (4 threads)  58%|█████████████████▍            |  ETA: 6:11:12
Sampling (4 threads)  58%|█████████████████▌            |  ETA: 6:03:39
Sampling (4 threads)  59%|█████████████████▊            |  ETA: 6:06:23
Sampling (4 threads)  60%|█████████████████▉            |  ETA: 5:58:53
Sampling (4 threads)  60%|██████████████████            |  ETA: 5:51:30
Sampling (4 threads)  60%|██████████████████▏           |  ETA: 5:44:14
Sampling (4 threads)  61%|██████████████████▎           |  ETA: 5:45:32
Sampling (4 threads)  62%|██████████████████▌           |  ETA: 5:38:20
Sampling (4 threads)  62%|██████████████████▋           |  ETA: 5:36:38
Sampling (4 threads)  62%|██████████████████▊           |  ETA: 5:29:33
Sampling (4 threads)  63%|██████████████████▉           |  ETA: 5:26:23
Sampling (4 threads)  64%|███████████████████           |  ETA: 5:19:26
Sampling (4 threads)  64%|███████████████████▎          |  ETA: 5:18:49
Sampling (4 threads)  64%|███████████████████▍          |  ETA: 5:11:57
Sampling (4 threads)  65%|███████████████████▌          |  ETA: 5:11:14
Sampling (4 threads)  66%|███████████████████▋          |  ETA: 5:04:26
Sampling (4 threads)  66%|███████████████████▊          |  ETA: 5:03:22
Sampling (4 threads)  66%|████████████████████          |  ETA: 4:56:40
Sampling (4 threads)  67%|████████████████████▏         |  ETA: 4:56:35
Sampling (4 threads)  68%|████████████████████▎         |  ETA: 4:49:56
Sampling (4 threads)  68%|████████████████████▍         |  ETA: 4:43:22
Sampling (4 threads)  68%|████████████████████▌         |  ETA: 4:36:54
Sampling (4 threads)  69%|████████████████████▊         |  ETA: 4:38:59
Sampling (4 threads)  70%|████████████████████▉         |  ETA: 4:32:31
Sampling (4 threads)  70%|█████████████████████         |  ETA: 4:26:08
Sampling (4 threads)  70%|█████████████████████▏        |  ETA: 4:25:38
Sampling (4 threads)  71%|█████████████████████▎        |  ETA: 4:19:17
Sampling (4 threads)  72%|█████████████████████▌        |  ETA: 4:13:02
Sampling (4 threads)  72%|█████████████████████▋        |  ETA: 4:11:16
Sampling (4 threads)  72%|█████████████████████▊        |  ETA: 4:05:05
Sampling (4 threads)  73%|█████████████████████▉        |  ETA: 4:03:02
Sampling (4 threads)  74%|██████████████████████        |  ETA: 3:56:54
Sampling (4 threads)  74%|██████████████████████▎       |  ETA: 3:55:45
Sampling (4 threads)  74%|██████████████████████▍       |  ETA: 3:49:40
Sampling (4 threads)  75%|██████████████████████▌       |  ETA: 3:43:39
Sampling (4 threads)  76%|██████████████████████▋       |  ETA: 3:37:44
Sampling (4 threads)  76%|██████████████████████▊       |  ETA: 3:34:44
Sampling (4 threads)  76%|███████████████████████       |  ETA: 3:28:53
Sampling (4 threads)  77%|███████████████████████▏      |  ETA: 3:27:46
Sampling (4 threads)  78%|███████████████████████▎      |  ETA: 3:21:56
Sampling (4 threads)  78%|███████████████████████▍      |  ETA: 3:20:38
Sampling (4 threads)  78%|███████████████████████▌      |  ETA: 3:14:50
Sampling (4 threads)  79%|███████████████████████▊      |  ETA: 3:09:06
Sampling (4 threads)  80%|███████████████████████▉      |  ETA: 3:03:26
Sampling (4 threads)  80%|████████████████████████      |  ETA: 3:00:41
Sampling (4 threads)  80%|████████████████████████▏     |  ETA: 2:55:04
Sampling (4 threads)  81%|████████████████████████▎     |  ETA: 2:52:04
Sampling (4 threads)  82%|████████████████████████▌     |  ETA: 2:46:30
Sampling (4 threads)  82%|████████████████████████▋     |  ETA: 2:43:30
Sampling (4 threads)  82%|████████████████████████▊     |  ETA: 2:37:59
Sampling (4 threads)  83%|████████████████████████▉     |  ETA: 2:32:33
Sampling (4 threads)  84%|█████████████████████████     |  ETA: 2:30:05
Sampling (4 threads)  84%|█████████████████████████▎    |  ETA: 2:24:41
Sampling (4 threads)  84%|█████████████████████████▍    |  ETA: 2:19:20
Sampling (4 threads)  85%|█████████████████████████▌    |  ETA: 2:16:49
Sampling (4 threads)  86%|█████████████████████████▋    |  ETA: 2:11:29
Sampling (4 threads)  86%|█████████████████████████▊    |  ETA: 2:06:13
Sampling (4 threads)  86%|██████████████████████████    |  ETA: 2:03:22
Sampling (4 threads)  87%|██████████████████████████▏   |  ETA: 1:58:07
Sampling (4 threads)  88%|██████████████████████████▎   |  ETA: 1:52:55
Sampling (4 threads)  88%|██████████████████████████▍   |  ETA: 1:50:23
Sampling (4 threads)  88%|██████████████████████████▌   |  ETA: 1:45:11
Sampling (4 threads)  89%|██████████████████████████▊   |  ETA: 1:40:03
Sampling (4 threads)  90%|██████████████████████████▉   |  ETA: 1:36:55
Sampling (4 threads)  90%|███████████████████████████   |  ETA: 1:31:47
Sampling (4 threads)  90%|███████████████████████████▏  |  ETA: 1:26:43
Sampling (4 threads)  91%|███████████████████████████▎  |  ETA: 1:23:25
Sampling (4 threads)  92%|███████████████████████████▌  |  ETA: 1:18:21
Sampling (4 threads)  92%|███████████████████████████▋  |  ETA: 1:13:20
Sampling (4 threads)  92%|███████████████████████████▊  |  ETA: 1:08:23
Sampling (4 threads)  93%|███████████████████████████▉  |  ETA: 1:04:47
Sampling (4 threads)  94%|████████████████████████████  |  ETA: 0:59:50
Sampling (4 threads)  94%|████████████████████████████▎ |  ETA: 0:54:56
Sampling (4 threads)  94%|████████████████████████████▍ |  ETA: 0:50:43
Sampling (4 threads)  95%|████████████████████████████▌ |  ETA: 0:45:52
Sampling (4 threads)  96%|████████████████████████████▋ |  ETA: 0:41:10
Sampling (4 threads)  96%|████████████████████████████▊ |  ETA: 0:36:39
Sampling (4 threads)  96%|█████████████████████████████ |  ETA: 0:32:07
Sampling (4 threads)  97%|█████████████████████████████▏|  ETA: 0:27:33
Sampling (4 threads)  98%|█████████████████████████████▎|  ETA: 0:22:57
Sampling (4 threads)  98%|█████████████████████████████▍|  ETA: 0:18:32
Sampling (4 threads)  98%|█████████████████████████████▌|  ETA: 0:14:02
Sampling (4 threads)  99%|█████████████████████████████▊|  ETA: 0:09:24
Sampling (4 threads) 100%|█████████████████████████████▉|  ETA: 0:04:44
Sampling (4 threads) 100%|██████████████████████████████| Time: 15:55:01
Sampling (4 threads) 100%|██████████████████████████████| Time: 15:55:02
Sampling (4 threads)   0%|                              |  ETA: N/A
┌ Info: Found initial step size
└   ϵ = 0.00625
┌ Info: Found initial step size
└   ϵ = 0.00078125
┌ Info: Found initial step size
└   ϵ = 0.00078125
┌ Info: Found initial step size
└   ϵ = 0.003125
Sampling (4 threads)   0%|▏                             |  ETA: 5:52:21
Sampling (4 threads)   1%|▎                             |  ETA: 2:55:27
Sampling (4 threads)   2%|▌                             |  ETA: 1:56:22
Sampling (4 threads)   2%|▋                             |  ETA: 4:06:33
Sampling (4 threads)   2%|▊                             |  ETA: 3:16:14
Sampling (4 threads)   3%|▉                             |  ETA: 2:42:41
Sampling (4 threads)   4%|█                             |  ETA: 2:18:44
Sampling (4 threads)   4%|█▎                            |  ETA: 3:52:51
Sampling (4 threads)   4%|█▍                            |  ETA: 3:25:54
Sampling (4 threads)   5%|█▌                            |  ETA: 3:04:21
Sampling (4 threads)   6%|█▋                            |  ETA: 5:57:34
Sampling (4 threads)   6%|█▊                            |  ETA: 5:26:03
Sampling (4 threads)   6%|██                            |  ETA: 4:59:22
Sampling (4 threads)   7%|██▏                           |  ETA: 7:27:34
Sampling (4 threads)   8%|██▎                           |  ETA: 6:55:29
Sampling (4 threads)   8%|██▍                           |  ETA: 6:27:25
Sampling (4 threads)   8%|██▌                           |  ETA: 9:20:14
Sampling (4 threads)   9%|██▊                           |  ETA: 8:46:14
Sampling (4 threads)  10%|██▉                           |  ETA: 8:15:47
Sampling (4 threads)  10%|███                           |  ETA: 9:27:46
Sampling (4 threads)  10%|███▏                          |  ETA: 8:57:44
Sampling (4 threads)  11%|███▎                          |  ETA: 8:30:25
Sampling (4 threads)  12%|███▌                          |  ETA: 9:44:25
Sampling (4 threads)  12%|███▋                          |  ETA: 9:16:54
Sampling (4 threads)  12%|███▊                          |  ETA: 8:51:35
Sampling (4 threads)  13%|███▉                          |  ETA: 9:59:03
Sampling (4 threads)  14%|████                          |  ETA: 9:33:33
Sampling (4 threads)  14%|████▎                         |  ETA: 10:19:23
Sampling (4 threads)  14%|████▍                         |  ETA: 9:54:33
Sampling (4 threads)  15%|████▌                         |  ETA: 9:31:22
Sampling (4 threads)  16%|████▋                         |  ETA: 9:58:46
Sampling (4 threads)  16%|████▊                         |  ETA: 9:36:37
Sampling (4 threads)  16%|█████                         |  ETA: 9:54:59
Sampling (4 threads)  17%|█████▏                        |  ETA: 9:34:01
Sampling (4 threads)  18%|█████▎                        |  ETA: 10:02:21
Sampling (4 threads)  18%|█████▍                        |  ETA: 9:42:04
Sampling (4 threads)  18%|█████▌                        |  ETA: 9:53:10
Sampling (4 threads)  19%|█████▊                        |  ETA: 9:34:01
Sampling (4 threads)  20%|█████▉                        |  ETA: 10:07:45
Sampling (4 threads)  20%|██████                        |  ETA: 9:48:52
Sampling (4 threads)  20%|██████▏                       |  ETA: 9:30:55
Sampling (4 threads)  21%|██████▎                       |  ETA: 9:13:49
Sampling (4 threads)  22%|██████▌                       |  ETA: 9:46:11
Sampling (4 threads)  22%|██████▋                       |  ETA: 9:29:13
Sampling (4 threads)  22%|██████▊                       |  ETA: 9:44:10
Sampling (4 threads)  23%|██████▉                       |  ETA: 9:27:47
Sampling (4 threads)  24%|███████                       |  ETA: 9:38:54
Sampling (4 threads)  24%|███████▎                      |  ETA: 9:23:08
Sampling (4 threads)  24%|███████▍                      |  ETA: 9:46:11
Sampling (4 threads)  25%|███████▌                      |  ETA: 9:30:40
Sampling (4 threads)  26%|███████▋                      |  ETA: 9:15:45
Sampling (4 threads)  26%|███████▊                      |  ETA: 9:01:24
Sampling (4 threads)  26%|████████                      |  ETA: 9:35:13
Sampling (4 threads)  27%|████████▏                     |  ETA: 9:20:44
Sampling (4 threads)  28%|████████▎                     |  ETA: 9:06:46
Sampling (4 threads)  28%|████████▍                     |  ETA: 9:23:17
Sampling (4 threads)  28%|████████▌                     |  ETA: 9:09:34
Sampling (4 threads)  29%|████████▊                     |  ETA: 8:56:19
Sampling (4 threads)  30%|████████▉                     |  ETA: 8:43:31
Sampling (4 threads)  30%|█████████                     |  ETA: 9:08:01
Sampling (4 threads)  30%|█████████▏                    |  ETA: 8:55:11
Sampling (4 threads)  31%|█████████▎                    |  ETA: 8:42:46
Sampling (4 threads)  32%|█████████▌                    |  ETA: 8:58:10
Sampling (4 threads)  32%|█████████▋                    |  ETA: 8:45:54
Sampling (4 threads)  32%|█████████▊                    |  ETA: 8:34:00
Sampling (4 threads)  33%|█████████▉                    |  ETA: 9:05:21
Sampling (4 threads)  34%|██████████                    |  ETA: 8:53:12
Sampling (4 threads)  34%|██████████▎                   |  ETA: 8:41:25
Sampling (4 threads)  34%|██████████▍                   |  ETA: 8:50:41
Sampling (4 threads)  35%|██████████▌                   |  ETA: 8:39:07
Sampling (4 threads)  36%|██████████▋                   |  ETA: 8:51:23
Sampling (4 threads)  36%|██████████▊                   |  ETA: 8:39:56
Sampling (4 threads)  36%|███████████                   |  ETA: 8:28:48
Sampling (4 threads)  37%|███████████▏                  |  ETA: 8:47:36
Sampling (4 threads)  38%|███████████▎                  |  ETA: 8:36:26
Sampling (4 threads)  38%|███████████▍                  |  ETA: 8:25:34
Sampling (4 threads)  38%|███████████▌                  |  ETA: 8:47:42
Sampling (4 threads)  39%|███████████▊                  |  ETA: 8:36:42
Sampling (4 threads)  40%|███████████▉                  |  ETA: 8:25:59
Sampling (4 threads)  40%|████████████                  |  ETA: 8:32:40
Sampling (4 threads)  40%|████████████▏                 |  ETA: 8:22:07
Sampling (4 threads)  41%|████████████▎                 |  ETA: 8:11:50
Sampling (4 threads)  42%|████████████▌                 |  ETA: 8:17:52
Sampling (4 threads)  42%|████████████▋                 |  ETA: 8:07:44
Sampling (4 threads)  42%|████████████▊                 |  ETA: 8:25:20
Sampling (4 threads)  43%|████████████▉                 |  ETA: 8:15:06
Sampling (4 threads)  44%|█████████████                 |  ETA: 8:05:07
Sampling (4 threads)  44%|█████████████▎                |  ETA: 8:22:52
Sampling (4 threads)  44%|█████████████▍                |  ETA: 8:12:47
Sampling (4 threads)  45%|█████████████▌                |  ETA: 8:02:55
Sampling (4 threads)  46%|█████████████▋                |  ETA: 8:13:45
Sampling (4 threads)  46%|█████████████▊                |  ETA: 8:03:54
Sampling (4 threads)  46%|██████████████                |  ETA: 7:54:16
Sampling (4 threads)  47%|██████████████▏               |  ETA: 8:05:55
Sampling (4 threads)  48%|██████████████▎               |  ETA: 7:56:16
Sampling (4 threads)  48%|██████████████▍               |  ETA: 7:46:49
Sampling (4 threads)  48%|██████████████▌               |  ETA: 7:56:58
Sampling (4 threads)  49%|██████████████▊               |  ETA: 7:47:31
Sampling (4 threads)  50%|██████████████▉               |  ETA: 7:38:15
Sampling (4 threads)  50%|███████████████               |  ETA: 7:29:11
Sampling (4 threads)  50%|███████████████▏              |  ETA: 7:39:56
Sampling (4 threads)  51%|███████████████▎              |  ETA: 7:30:49
Sampling (4 threads)  52%|███████████████▌              |  ETA: 7:21:53
Sampling (4 threads)  52%|███████████████▋              |  ETA: 7:29:58
Sampling (4 threads)  52%|███████████████▊              |  ETA: 7:21:02
Sampling (4 threads)  53%|███████████████▉              |  ETA: 7:12:17
Sampling (4 threads)  54%|████████████████              |  ETA: 7:17:43
Sampling (4 threads)  54%|████████████████▎             |  ETA: 7:09:00
Sampling (4 threads)  55%|████████████████▍             |  ETA: 7:00:26
Sampling (4 threads)  55%|████████████████▌             |  ETA: 6:52:02
Sampling (4 threads)  56%|████████████████▋             |  ETA: 6:51:02
Sampling (4 threads)  56%|████████████████▊             |  ETA: 6:42:47
Sampling (4 threads)  56%|█████████████████             |  ETA: 6:45:13
Sampling (4 threads)  57%|█████████████████▏            |  ETA: 6:37:03
Sampling (4 threads)  57%|█████████████████▎            |  ETA: 6:40:29
Sampling (4 threads)  58%|█████████████████▍            |  ETA: 6:32:22
Sampling (4 threads)  58%|█████████████████▌            |  ETA: 6:24:23
Sampling (4 threads)  59%|█████████████████▊            |  ETA: 6:16:32
Sampling (4 threads)  60%|█████████████████▉            |  ETA: 6:22:46
Sampling (4 threads)  60%|██████████████████            |  ETA: 6:14:54
Sampling (4 threads)  60%|██████████████████▏           |  ETA: 6:07:09
Sampling (4 threads)  61%|██████████████████▎           |  ETA: 6:09:04
Sampling (4 threads)  62%|██████████████████▌           |  ETA: 6:01:23
Sampling (4 threads)  62%|██████████████████▋           |  ETA: 6:01:13
Sampling (4 threads)  62%|██████████████████▊           |  ETA: 5:53:37
Sampling (4 threads)  63%|██████████████████▉           |  ETA: 5:46:08
Sampling (4 threads)  64%|███████████████████           |  ETA: 5:47:56
Sampling (4 threads)  64%|███████████████████▎          |  ETA: 5:40:29
Sampling (4 threads)  64%|███████████████████▍          |  ETA: 5:33:09
Sampling (4 threads)  65%|███████████████████▌          |  ETA: 5:36:36
Sampling (4 threads)  66%|███████████████████▋          |  ETA: 5:29:16
Sampling (4 threads)  66%|███████████████████▊          |  ETA: 5:22:02
Sampling (4 threads)  66%|████████████████████          |  ETA: 5:19:26
Sampling (4 threads)  67%|████████████████████▏         |  ETA: 5:12:20
Sampling (4 threads)  68%|████████████████████▎         |  ETA: 5:10:50
Sampling (4 threads)  68%|████████████████████▍         |  ETA: 5:03:48
Sampling (4 threads)  68%|████████████████████▌         |  ETA: 5:02:32
Sampling (4 threads)  69%|████████████████████▊         |  ETA: 4:55:34
Sampling (4 threads)  70%|████████████████████▉         |  ETA: 4:48:43
Sampling (4 threads)  70%|█████████████████████         |  ETA: 4:48:41
Sampling (4 threads)  70%|█████████████████████▏        |  ETA: 4:41:52
Sampling (4 threads)  71%|█████████████████████▎        |  ETA: 4:35:08
Sampling (4 threads)  72%|█████████████████████▌        |  ETA: 4:31:41
Sampling (4 threads)  72%|█████████████████████▋        |  ETA: 4:25:04
Sampling (4 threads)  72%|█████████████████████▊        |  ETA: 4:24:42
Sampling (4 threads)  73%|█████████████████████▉        |  ETA: 4:18:06
Sampling (4 threads)  74%|██████████████████████        |  ETA: 4:11:36
Sampling (4 threads)  74%|██████████████████████▎       |  ETA: 4:09:53
Sampling (4 threads)  74%|██████████████████████▍       |  ETA: 4:03:26
Sampling (4 threads)  75%|██████████████████████▌       |  ETA: 4:02:44
Sampling (4 threads)  76%|██████████████████████▋       |  ETA: 3:56:18
Sampling (4 threads)  76%|██████████████████████▊       |  ETA: 3:49:58
Sampling (4 threads)  76%|███████████████████████       |  ETA: 3:43:42
Sampling (4 threads)  77%|███████████████████████▏      |  ETA: 3:43:34
Sampling (4 threads)  78%|███████████████████████▎      |  ETA: 3:37:18
Sampling (4 threads)  78%|███████████████████████▍      |  ETA: 3:31:06
Sampling (4 threads)  78%|███████████████████████▌      |  ETA: 3:29:48
Sampling (4 threads)  79%|███████████████████████▊      |  ETA: 3:23:37
Sampling (4 threads)  80%|███████████████████████▉      |  ETA: 3:17:31
Sampling (4 threads)  80%|████████████████████████      |  ETA: 3:14:46
Sampling (4 threads)  80%|████████████████████████▏     |  ETA: 3:08:43
Sampling (4 threads)  81%|████████████████████████▎     |  ETA: 3:02:45
Sampling (4 threads)  82%|████████████████████████▌     |  ETA: 3:00:03
Sampling (4 threads)  82%|████████████████████████▋     |  ETA: 2:54:07
Sampling (4 threads)  82%|████████████████████████▊     |  ETA: 2:48:15
Sampling (4 threads)  83%|████████████████████████▉     |  ETA: 2:45:56
Sampling (4 threads)  84%|█████████████████████████     |  ETA: 2:40:05
Sampling (4 threads)  84%|█████████████████████████▎    |  ETA: 2:34:19
Sampling (4 threads)  84%|█████████████████████████▍    |  ETA: 2:30:33
Sampling (4 threads)  85%|█████████████████████████▌    |  ETA: 2:24:50
Sampling (4 threads)  86%|█████████████████████████▋    |  ETA: 2:22:19
Sampling (4 threads)  86%|█████████████████████████▊    |  ETA: 2:16:37
Sampling (4 threads)  86%|██████████████████████████    |  ETA: 2:10:58
Sampling (4 threads)  87%|██████████████████████████▏   |  ETA: 2:05:24
Sampling (4 threads)  88%|██████████████████████████▎   |  ETA: 2:01:49
Sampling (4 threads)  88%|██████████████████████████▍   |  ETA: 1:56:17
Sampling (4 threads)  88%|██████████████████████████▌   |  ETA: 1:52:24
Sampling (4 threads)  89%|██████████████████████████▊   |  ETA: 1:46:55
Sampling (4 threads)  90%|██████████████████████████▉   |  ETA: 1:43:05
Sampling (4 threads)  90%|███████████████████████████   |  ETA: 1:37:38
Sampling (4 threads)  90%|███████████████████████████▏  |  ETA: 1:32:14
Sampling (4 threads)  91%|███████████████████████████▎  |  ETA: 1:29:03
Sampling (4 threads)  92%|███████████████████████████▌  |  ETA: 1:23:38
Sampling (4 threads)  92%|███████████████████████████▋  |  ETA: 1:18:18
Sampling (4 threads)  92%|███████████████████████████▊  |  ETA: 1:13:00
Sampling (4 threads)  93%|███████████████████████████▉  |  ETA: 1:08:23
Sampling (4 threads)  94%|████████████████████████████  |  ETA: 1:03:09
Sampling (4 threads)  94%|████████████████████████████▎ |  ETA: 0:58:22
Sampling (4 threads)  94%|████████████████████████████▍ |  ETA: 0:53:32
Sampling (4 threads)  95%|████████████████████████████▌ |  ETA: 0:48:36
Sampling (4 threads)  96%|████████████████████████████▋ |  ETA: 0:43:45
Sampling (4 threads)  96%|████████████████████████████▊ |  ETA: 0:39:00
Sampling (4 threads)  96%|█████████████████████████████ |  ETA: 0:34:07
Sampling (4 threads)  97%|█████████████████████████████▏|  ETA: 0:29:19
Sampling (4 threads)  98%|█████████████████████████████▎|  ETA: 0:24:19
Sampling (4 threads)  98%|█████████████████████████████▍|  ETA: 0:19:29
Sampling (4 threads)  98%|█████████████████████████████▌|  ETA: 0:14:39
Sampling (4 threads)  99%|█████████████████████████████▊|  ETA: 0:09:44
Sampling (4 threads) 100%|█████████████████████████████▉|  ETA: 0:04:53
Sampling (4 threads) 100%|██████████████████████████████| Time: 16:22:08
Sampling (4 threads) 100%|██████████████████████████████| Time: 16:22:09
Sampling (4 threads)   0%|                              |  ETA: N/A
┌ Info: Found initial step size
└   ϵ = 0.000390625
┌ Info: Found initial step size
└   ϵ = 0.000390625
┌ Info: Found initial step size
└   ϵ = 0.00625
┌ Info: Found initial step size
└   ϵ = 0.0001953125
Sampling (4 threads)   0%|▏                             |  ETA: 5:39:19
Sampling (4 threads)   1%|▎                             |  ETA: 2:48:58
Sampling (4 threads)   2%|▌                             |  ETA: 2:14:42
Sampling (4 threads)   2%|▋                             |  ETA: 1:40:31
Sampling (4 threads)   2%|▊                             |  ETA: 1:20:00
Sampling (4 threads)   3%|▉                             |  ETA: 2:22:02
Sampling (4 threads)   4%|█                             |  ETA: 2:01:07
Sampling (4 threads)   4%|█▎                            |  ETA: 1:45:26
Sampling (4 threads)   4%|█▍                            |  ETA: 5:55:27
Sampling (4 threads)   5%|█▌                            |  ETA: 5:18:14
Sampling (4 threads)   6%|█▋                            |  ETA: 7:36:47
Sampling (4 threads)   6%|█▊                            |  ETA: 6:56:30
Sampling (4 threads)   6%|██                            |  ETA: 8:47:32
Sampling (4 threads)   7%|██▏                           |  ETA: 8:07:14
Sampling (4 threads)   8%|██▎                           |  ETA: 9:49:57
Sampling (4 threads)   8%|██▍                           |  ETA: 9:10:06
Sampling (4 threads)   8%|██▌                           |  ETA: 9:54:13
Sampling (4 threads)   9%|██▊                           |  ETA: 9:18:08
Sampling (4 threads)  10%|██▉                           |  ETA: 11:36:46
Sampling (4 threads)  10%|███                           |  ETA: 10:58:17
Sampling (4 threads)  10%|███▏                          |  ETA: 10:23:27
Sampling (4 threads)  11%|███▎                          |  ETA: 9:51:47
Sampling (4 threads)  12%|███▌                          |  ETA: 11:00:43
Sampling (4 threads)  12%|███▋                          |  ETA: 10:29:37
Sampling (4 threads)  12%|███▊                          |  ETA: 11:46:31
Sampling (4 threads)  13%|███▉                          |  ETA: 11:15:28
Sampling (4 threads)  14%|████                          |  ETA: 10:46:43
Sampling (4 threads)  14%|████▎                         |  ETA: 11:41:05
Sampling (4 threads)  14%|████▍                         |  ETA: 11:12:59
Sampling (4 threads)  15%|████▌                         |  ETA: 12:23:56
Sampling (4 threads)  16%|████▋                         |  ETA: 11:55:42
Sampling (4 threads)  16%|████▊                         |  ETA: 11:29:14
Sampling (4 threads)  16%|█████                         |  ETA: 11:04:22
Sampling (4 threads)  17%|█████▏                        |  ETA: 11:57:30
Sampling (4 threads)  18%|█████▎                        |  ETA: 11:32:48
Sampling (4 threads)  18%|█████▍                        |  ETA: 11:56:16
Sampling (4 threads)  18%|█████▌                        |  ETA: 11:32:39
Sampling (4 threads)  19%|█████▊                        |  ETA: 11:55:14
Sampling (4 threads)  20%|█████▉                        |  ETA: 11:32:36
Sampling (4 threads)  20%|██████                        |  ETA: 11:43:19
Sampling (4 threads)  20%|██████▏                       |  ETA: 11:21:53
Sampling (4 threads)  21%|██████▎                       |  ETA: 12:12:18
Sampling (4 threads)  22%|██████▌                       |  ETA: 11:50:44
Sampling (4 threads)  22%|██████▋                       |  ETA: 11:30:10
Sampling (4 threads)  22%|██████▊                       |  ETA: 12:12:28
Sampling (4 threads)  23%|██████▉                       |  ETA: 11:51:56
Sampling (4 threads)  24%|███████                       |  ETA: 11:32:15
Sampling (4 threads)  24%|███████▎                      |  ETA: 11:46:51
Sampling (4 threads)  24%|███████▍                      |  ETA: 11:27:52
Sampling (4 threads)  25%|███████▌                      |  ETA: 11:09:38
Sampling (4 threads)  26%|███████▋                      |  ETA: 11:35:56
Sampling (4 threads)  26%|███████▊                      |  ETA: 11:17:58
Sampling (4 threads)  26%|████████                      |  ETA: 11:00:41
Sampling (4 threads)  27%|████████▏                     |  ETA: 11:20:12
Sampling (4 threads)  28%|████████▎                     |  ETA: 11:03:15
Sampling (4 threads)  28%|████████▍                     |  ETA: 11:34:58
Sampling (4 threads)  28%|████████▌                     |  ETA: 11:18:02
Sampling (4 threads)  29%|████████▊                     |  ETA: 11:01:41
Sampling (4 threads)  30%|████████▉                     |  ETA: 11:11:55
Sampling (4 threads)  30%|█████████                     |  ETA: 10:56:02
Sampling (4 threads)  30%|█████████▏                    |  ETA: 11:21:32
Sampling (4 threads)  31%|█████████▎                    |  ETA: 11:05:43
Sampling (4 threads)  32%|█████████▌                    |  ETA: 10:50:24
Sampling (4 threads)  32%|█████████▋                    |  ETA: 11:03:31
Sampling (4 threads)  32%|█████████▊                    |  ETA: 10:48:30
Sampling (4 threads)  33%|█████████▉                    |  ETA: 10:33:57
Sampling (4 threads)  34%|██████████                    |  ETA: 10:51:49
Sampling (4 threads)  34%|██████████▎                   |  ETA: 10:37:24
Sampling (4 threads)  34%|██████████▍                   |  ETA: 10:23:24
Sampling (4 threads)  35%|██████████▌                   |  ETA: 10:29:15
Sampling (4 threads)  36%|██████████▋                   |  ETA: 10:15:37
Sampling (4 threads)  36%|██████████▊                   |  ETA: 10:25:40
Sampling (4 threads)  36%|███████████                   |  ETA: 10:12:17
Sampling (4 threads)  37%|███████████▏                  |  ETA: 9:59:15
Sampling (4 threads)  38%|███████████▎                  |  ETA: 10:09:11
Sampling (4 threads)  38%|███████████▍                  |  ETA: 9:56:21
Sampling (4 threads)  38%|███████████▌                  |  ETA: 10:15:20
Sampling (4 threads)  39%|███████████▊                  |  ETA: 10:02:30
Sampling (4 threads)  40%|███████████▉                  |  ETA: 9:50:00
Sampling (4 threads)  40%|████████████                  |  ETA: 10:10:50
Sampling (4 threads)  40%|████████████▏                 |  ETA: 9:58:16
Sampling (4 threads)  41%|████████████▎                 |  ETA: 9:46:00
Sampling (4 threads)  42%|████████████▌                 |  ETA: 9:34:02
Sampling (4 threads)  42%|████████████▋                 |  ETA: 9:46:28
Sampling (4 threads)  42%|████████████▊                 |  ETA: 9:34:35
Sampling (4 threads)  43%|████████████▉                 |  ETA: 9:22:57
Sampling (4 threads)  44%|█████████████                 |  ETA: 9:25:41
Sampling (4 threads)  44%|█████████████▎                |  ETA: 9:14:19
Sampling (4 threads)  44%|█████████████▍                |  ETA: 9:20:09
Sampling (4 threads)  45%|█████████████▌                |  ETA: 9:08:56
Sampling (4 threads)  46%|█████████████▋                |  ETA: 9:11:12
Sampling (4 threads)  46%|█████████████▊                |  ETA: 9:00:12
Sampling (4 threads)  46%|██████████████                |  ETA: 9:07:25
Sampling (4 threads)  47%|██████████████▏               |  ETA: 8:56:32
Sampling (4 threads)  48%|██████████████▎               |  ETA: 8:45:52
Sampling (4 threads)  48%|██████████████▍               |  ETA: 8:35:26
Sampling (4 threads)  48%|██████████████▌               |  ETA: 8:46:34
Sampling (4 threads)  49%|██████████████▊               |  ETA: 8:36:08
Sampling (4 threads)  50%|██████████████▉               |  ETA: 8:25:55
Sampling (4 threads)  50%|███████████████               |  ETA: 8:35:58
Sampling (4 threads)  50%|███████████████▏              |  ETA: 8:25:45
Sampling (4 threads)  51%|███████████████▎              |  ETA: 8:15:44
Sampling (4 threads)  52%|███████████████▌              |  ETA: 8:05:54
Sampling (4 threads)  52%|███████████████▋              |  ETA: 8:06:35
Sampling (4 threads)  52%|███████████████▊              |  ETA: 7:56:55
Sampling (4 threads)  53%|███████████████▉              |  ETA: 8:05:32
Sampling (4 threads)  54%|████████████████              |  ETA: 7:55:52
Sampling (4 threads)  54%|████████████████▎             |  ETA: 7:46:24
Sampling (4 threads)  55%|████████████████▍             |  ETA: 7:52:09
Sampling (4 threads)  55%|████████████████▌             |  ETA: 7:42:43
Sampling (4 threads)  56%|████████████████▋             |  ETA: 7:33:27
Sampling (4 threads)  56%|████████████████▊             |  ETA: 7:34:23
Sampling (4 threads)  56%|█████████████████             |  ETA: 7:25:14
Sampling (4 threads)  57%|█████████████████▏            |  ETA: 7:16:16
Sampling (4 threads)  57%|█████████████████▎            |  ETA: 7:17:36
Sampling (4 threads)  58%|█████████████████▍            |  ETA: 7:08:43
Sampling (4 threads)  58%|█████████████████▌            |  ETA: 7:07:57
Sampling (4 threads)  59%|█████████████████▊            |  ETA: 6:59:13
Sampling (4 threads)  60%|█████████████████▉            |  ETA: 6:58:15
Sampling (4 threads)  60%|██████████████████            |  ETA: 6:49:39
Sampling (4 threads)  60%|██████████████████▏           |  ETA: 6:48:14
Sampling (4 threads)  61%|██████████████████▎           |  ETA: 6:39:46
Sampling (4 threads)  62%|██████████████████▌           |  ETA: 6:39:14
Sampling (4 threads)  62%|██████████████████▋           |  ETA: 6:30:52
Sampling (4 threads)  62%|██████████████████▊           |  ETA: 6:22:38
Sampling (4 threads)  63%|██████████████████▉           |  ETA: 6:20:56
Sampling (4 threads)  64%|███████████████████           |  ETA: 6:12:50
Sampling (4 threads)  64%|███████████████████▎          |  ETA: 6:14:05
Sampling (4 threads)  64%|███████████████████▍          |  ETA: 6:06:02
Sampling (4 threads)  65%|███████████████████▌          |  ETA: 5:58:06
Sampling (4 threads)  66%|███████████████████▋          |  ETA: 5:56:03
Sampling (4 threads)  66%|███████████████████▊          |  ETA: 5:48:14
Sampling (4 threads)  66%|████████████████████          |  ETA: 5:46:10
Sampling (4 threads)  67%|████████████████████▏         |  ETA: 5:38:27
Sampling (4 threads)  68%|████████████████████▎         |  ETA: 5:39:43
Sampling (4 threads)  68%|████████████████████▍         |  ETA: 5:32:02
Sampling (4 threads)  68%|████████████████████▌         |  ETA: 5:24:27
Sampling (4 threads)  69%|████████████████████▊         |  ETA: 5:16:59
Sampling (4 threads)  70%|████████████████████▉         |  ETA: 5:14:29
Sampling (4 threads)  70%|█████████████████████         |  ETA: 5:07:07
Sampling (4 threads)  70%|█████████████████████▏        |  ETA: 5:04:27
Sampling (4 threads)  71%|█████████████████████▎        |  ETA: 4:57:11
Sampling (4 threads)  72%|█████████████████████▌        |  ETA: 4:56:59
Sampling (4 threads)  72%|█████████████████████▋        |  ETA: 4:49:45
Sampling (4 threads)  72%|█████████████████████▊        |  ETA: 4:42:37
Sampling (4 threads)  73%|█████████████████████▉        |  ETA: 4:42:49
Sampling (4 threads)  74%|██████████████████████        |  ETA: 4:35:41
Sampling (4 threads)  74%|██████████████████████▎       |  ETA: 4:28:39
Sampling (4 threads)  74%|██████████████████████▍       |  ETA: 4:21:43
Sampling (4 threads)  75%|██████████████████████▌       |  ETA: 4:20:47
Sampling (4 threads)  76%|██████████████████████▋       |  ETA: 4:13:53
Sampling (4 threads)  76%|██████████████████████▊       |  ETA: 4:07:04
Sampling (4 threads)  76%|███████████████████████       |  ETA: 4:03:35
Sampling (4 threads)  77%|███████████████████████▏      |  ETA: 3:56:51
Sampling (4 threads)  78%|███████████████████████▎      |  ETA: 3:53:23
Sampling (4 threads)  78%|███████████████████████▍      |  ETA: 3:46:44
Sampling (4 threads)  78%|███████████████████████▌      |  ETA: 3:44:23
Sampling (4 threads)  79%|███████████████████████▊      |  ETA: 3:37:47
Sampling (4 threads)  80%|███████████████████████▉      |  ETA: 3:31:15
Sampling (4 threads)  80%|████████████████████████      |  ETA: 3:27:36
Sampling (4 threads)  80%|████████████████████████▏     |  ETA: 3:21:09
Sampling (4 threads)  81%|████████████████████████▎     |  ETA: 3:17:20
Sampling (4 threads)  82%|████████████████████████▌     |  ETA: 3:10:58
Sampling (4 threads)  82%|████████████████████████▋     |  ETA: 3:08:29
Sampling (4 threads)  82%|████████████████████████▊     |  ETA: 3:02:09
Sampling (4 threads)  83%|████████████████████████▉     |  ETA: 2:55:52
Sampling (4 threads)  84%|█████████████████████████     |  ETA: 2:49:41
Sampling (4 threads)  84%|█████████████████████████▎    |  ETA: 2:46:42
Sampling (4 threads)  84%|█████████████████████████▍    |  ETA: 2:40:32
Sampling (4 threads)  85%|█████████████████████████▌    |  ETA: 2:37:06
Sampling (4 threads)  86%|█████████████████████████▋    |  ETA: 2:30:58
Sampling (4 threads)  86%|█████████████████████████▊    |  ETA: 2:24:55
Sampling (4 threads)  86%|██████████████████████████    |  ETA: 2:20:40
Sampling (4 threads)  87%|██████████████████████████▏   |  ETA: 2:14:41
Sampling (4 threads)  88%|██████████████████████████▎   |  ETA: 2:11:38
Sampling (4 threads)  88%|██████████████████████████▍   |  ETA: 2:05:39
Sampling (4 threads)  88%|██████████████████████████▌   |  ETA: 1:59:44
Sampling (4 threads)  89%|██████████████████████████▊   |  ETA: 1:55:09
Sampling (4 threads)  90%|██████████████████████████▉   |  ETA: 1:49:18
Sampling (4 threads)  90%|███████████████████████████   |  ETA: 1:45:18
Sampling (4 threads)  90%|███████████████████████████▏  |  ETA: 1:39:29
Sampling (4 threads)  91%|███████████████████████████▎  |  ETA: 1:33:44
Sampling (4 threads)  92%|███████████████████████████▌  |  ETA: 1:29:33
Sampling (4 threads)  92%|███████████████████████████▋  |  ETA: 1:23:49
Sampling (4 threads)  92%|███████████████████████████▊  |  ETA: 1:18:10
Sampling (4 threads)  93%|███████████████████████████▉  |  ETA: 1:13:21
Sampling (4 threads)  94%|████████████████████████████  |  ETA: 1:07:45
Sampling (4 threads)  94%|████████████████████████████▎ |  ETA: 1:02:13
Sampling (4 threads)  94%|████████████████████████████▍ |  ETA: 0:57:05
Sampling (4 threads)  95%|████████████████████████████▌ |  ETA: 0:52:04
Sampling (4 threads)  96%|████████████████████████████▋ |  ETA: 0:46:42
Sampling (4 threads)  96%|████████████████████████████▊ |  ETA: 0:41:37
Sampling (4 threads)  96%|█████████████████████████████ |  ETA: 0:36:27
Sampling (4 threads)  97%|█████████████████████████████▏|  ETA: 0:31:14
Sampling (4 threads)  98%|█████████████████████████████▎|  ETA: 0:26:00
Sampling (4 threads)  98%|█████████████████████████████▍|  ETA: 0:20:49
Sampling (4 threads)  98%|█████████████████████████████▌|  ETA: 0:15:38
Sampling (4 threads)  99%|█████████████████████████████▊|  ETA: 0:10:27
Sampling (4 threads) 100%|█████████████████████████████▉|  ETA: 0:05:14
Sampling (4 threads) 100%|██████████████████████████████| Time: 17:35:36
Sampling (4 threads) 100%|██████████████████████████████| Time: 17:35:37
Sampling (4 threads)   0%|                              |  ETA: N/A
┌ Info: Found initial step size
└   ϵ = 0.00078125
┌ Info: Found initial step size
└   ϵ = 0.003125
┌ Info: Found initial step size
└   ϵ = 0.00625
┌ Info: Found initial step size
└   ϵ = 0.000390625
Sampling (4 threads)   0%|▏                             |  ETA: 6:18:04
Sampling (4 threads)   1%|▎                             |  ETA: 3:08:16
Sampling (4 threads)   2%|▌                             |  ETA: 2:04:52
Sampling (4 threads)   2%|▋                             |  ETA: 1:47:12
Sampling (4 threads)   2%|▊                             |  ETA: 1:25:19
Sampling (4 threads)   3%|▉                             |  ETA: 1:29:22
Sampling (4 threads)   4%|█                             |  ETA: 1:16:12
Sampling (4 threads)   4%|█▎                            |  ETA: 4:56:50
Sampling (4 threads)   4%|█▍                            |  ETA: 4:22:29
Sampling (4 threads)   5%|█▌                            |  ETA: 3:55:00
Sampling (4 threads)   6%|█▋                            |  ETA: 3:32:31
Sampling (4 threads)   6%|█▊                            |  ETA: 8:13:28
Sampling (4 threads)   6%|██                            |  ETA: 7:33:05
Sampling (4 threads)   7%|██▏                           |  ETA: 9:57:05
Sampling (4 threads)   8%|██▎                           |  ETA: 9:14:17
Sampling (4 threads)   8%|██▍                           |  ETA: 8:36:50
Sampling (4 threads)   8%|██▌                           |  ETA: 11:09:55
Sampling (4 threads)   9%|██▊                           |  ETA: 10:29:14
Sampling (4 threads)  10%|██▉                           |  ETA: 9:52:51
Sampling (4 threads)  10%|███                           |  ETA: 12:11:48
Sampling (4 threads)  10%|███▏                          |  ETA: 11:33:05
Sampling (4 threads)  11%|███▎                          |  ETA: 10:57:53
Sampling (4 threads)  12%|███▌                          |  ETA: 10:25:45
Sampling (4 threads)  12%|███▋                          |  ETA: 11:56:03
Sampling (4 threads)  12%|███▊                          |  ETA: 11:23:30
Sampling (4 threads)  13%|███▉                          |  ETA: 12:27:46
Sampling (4 threads)  14%|████                          |  ETA: 11:55:56
Sampling (4 threads)  14%|████▎                         |  ETA: 11:26:22
Sampling (4 threads)  14%|████▍                         |  ETA: 12:21:11
Sampling (4 threads)  15%|████▌                         |  ETA: 11:52:17
Sampling (4 threads)  16%|████▋                         |  ETA: 12:26:23
Sampling (4 threads)  16%|████▊                         |  ETA: 11:58:47
Sampling (4 threads)  16%|█████                         |  ETA: 12:28:06
Sampling (4 threads)  17%|█████▏                        |  ETA: 12:01:45
Sampling (4 threads)  18%|█████▎                        |  ETA: 12:28:56
Sampling (4 threads)  18%|█████▍                        |  ETA: 12:03:43
Sampling (4 threads)  18%|█████▌                        |  ETA: 12:48:32
Sampling (4 threads)  19%|█████▊                        |  ETA: 12:23:43
Sampling (4 threads)  20%|█████▉                        |  ETA: 12:00:10
Sampling (4 threads)  20%|██████                        |  ETA: 11:37:48
Sampling (4 threads)  20%|██████▏                       |  ETA: 12:38:21
Sampling (4 threads)  21%|██████▎                       |  ETA: 12:15:39
Sampling (4 threads)  22%|██████▌                       |  ETA: 11:53:59
Sampling (4 threads)  22%|██████▋                       |  ETA: 12:43:34
Sampling (4 threads)  22%|██████▊                       |  ETA: 12:21:49
Sampling (4 threads)  23%|██████▉                       |  ETA: 12:01:01
Sampling (4 threads)  24%|███████                       |  ETA: 12:24:44
Sampling (4 threads)  24%|███████▎                      |  ETA: 12:04:27
Sampling (4 threads)  24%|███████▍                      |  ETA: 12:19:21
Sampling (4 threads)  25%|███████▌                      |  ETA: 11:59:46
Sampling (4 threads)  26%|███████▋                      |  ETA: 12:45:20
Sampling (4 threads)  26%|███████▊                      |  ETA: 12:25:34
Sampling (4 threads)  26%|████████                      |  ETA: 12:06:34
Sampling (4 threads)  27%|████████▏                     |  ETA: 12:18:53
Sampling (4 threads)  28%|████████▎                     |  ETA: 12:00:28
Sampling (4 threads)  28%|████████▍                     |  ETA: 12:25:45
Sampling (4 threads)  28%|████████▌                     |  ETA: 12:07:35
Sampling (4 threads)  29%|████████▊                     |  ETA: 11:50:02
Sampling (4 threads)  30%|████████▉                     |  ETA: 11:33:05
Sampling (4 threads)  30%|█████████                     |  ETA: 11:58:44
Sampling (4 threads)  30%|█████████▏                    |  ETA: 11:41:54
Sampling (4 threads)  31%|█████████▎                    |  ETA: 11:48:37
Sampling (4 threads)  32%|█████████▌                    |  ETA: 11:32:19
Sampling (4 threads)  32%|█████████▋                    |  ETA: 11:16:32
Sampling (4 threads)  32%|█████████▊                    |  ETA: 11:39:49
Sampling (4 threads)  33%|█████████▉                    |  ETA: 11:24:06
Sampling (4 threads)  34%|██████████                    |  ETA: 11:08:52
Sampling (4 threads)  34%|██████████▎                   |  ETA: 11:15:37
Sampling (4 threads)  34%|██████████▍                   |  ETA: 11:00:47
Sampling (4 threads)  35%|██████████▌                   |  ETA: 11:06:49
Sampling (4 threads)  36%|██████████▋                   |  ETA: 10:52:22
Sampling (4 threads)  36%|██████████▊                   |  ETA: 11:09:33
Sampling (4 threads)  36%|███████████                   |  ETA: 10:55:13
Sampling (4 threads)  37%|███████████▏                  |  ETA: 10:41:17
Sampling (4 threads)  38%|███████████▎                  |  ETA: 10:27:42
Sampling (4 threads)  38%|███████████▍                  |  ETA: 10:47:20
Sampling (4 threads)  38%|███████████▌                  |  ETA: 10:33:47
Sampling (4 threads)  39%|███████████▊                  |  ETA: 10:20:34
Sampling (4 threads)  40%|███████████▉                  |  ETA: 10:38:31
Sampling (4 threads)  40%|████████████                  |  ETA: 10:25:19
Sampling (4 threads)  40%|████████████▏                 |  ETA: 10:12:27
Sampling (4 threads)  41%|████████████▎                 |  ETA: 10:15:58
Sampling (4 threads)  42%|████████████▌                 |  ETA: 10:03:23
Sampling (4 threads)  42%|████████████▋                 |  ETA: 10:05:47
Sampling (4 threads)  42%|████████████▊                 |  ETA: 9:53:30
Sampling (4 threads)  43%|████████████▉                 |  ETA: 9:41:29
Sampling (4 threads)  44%|█████████████                 |  ETA: 9:54:01
Sampling (4 threads)  44%|█████████████▎                |  ETA: 9:42:05
Sampling (4 threads)  44%|█████████████▍                |  ETA: 9:30:24
Sampling (4 threads)  45%|█████████████▌                |  ETA: 9:32:19
Sampling (4 threads)  46%|█████████████▋                |  ETA: 9:20:52
Sampling (4 threads)  46%|█████████████▊                |  ETA: 9:22:35
Sampling (4 threads)  46%|██████████████                |  ETA: 9:11:23
Sampling (4 threads)  47%|██████████████▏               |  ETA: 9:09:55
Sampling (4 threads)  48%|██████████████▎               |  ETA: 8:59:00
Sampling (4 threads)  48%|██████████████▍               |  ETA: 9:00:06
Sampling (4 threads)  48%|██████████████▌               |  ETA: 8:49:23
Sampling (4 threads)  49%|██████████████▊               |  ETA: 8:50:20
Sampling (4 threads)  50%|██████████████▉               |  ETA: 8:39:50
Sampling (4 threads)  50%|███████████████               |  ETA: 8:40:51
Sampling (4 threads)  50%|███████████████▏              |  ETA: 8:30:32
Sampling (4 threads)  51%|███████████████▎              |  ETA: 8:27:59
Sampling (4 threads)  52%|███████████████▌              |  ETA: 8:17:55
Sampling (4 threads)  52%|███████████████▋              |  ETA: 8:26:14
Sampling (4 threads)  52%|███████████████▊              |  ETA: 8:16:11
Sampling (4 threads)  53%|███████████████▉              |  ETA: 8:06:20
Sampling (4 threads)  54%|████████████████              |  ETA: 8:10:26
Sampling (4 threads)  54%|████████████████▎             |  ETA: 8:00:40
Sampling (4 threads)  55%|████████████████▍             |  ETA: 7:51:04
Sampling (4 threads)  55%|████████████████▌             |  ETA: 7:58:55
Sampling (4 threads)  56%|████████████████▋             |  ETA: 7:49:20
Sampling (4 threads)  56%|████████████████▊             |  ETA: 7:39:55
Sampling (4 threads)  56%|█████████████████             |  ETA: 7:46:55
Sampling (4 threads)  57%|█████████████████▏            |  ETA: 7:37:30
Sampling (4 threads)  57%|█████████████████▎            |  ETA: 7:28:15
Sampling (4 threads)  58%|█████████████████▍            |  ETA: 7:19:10
Sampling (4 threads)  58%|█████████████████▌            |  ETA: 7:23:22
Sampling (4 threads)  59%|█████████████████▊            |  ETA: 7:14:19
Sampling (4 threads)  60%|█████████████████▉            |  ETA: 7:05:25
Sampling (4 threads)  60%|██████████████████            |  ETA: 7:10:56
Sampling (4 threads)  60%|██████████████████▏           |  ETA: 7:02:02
Sampling (4 threads)  61%|██████████████████▎           |  ETA: 6:53:17
Sampling (4 threads)  62%|██████████████████▌           |  ETA: 6:44:40
Sampling (4 threads)  62%|██████████████████▋           |  ETA: 6:47:22
Sampling (4 threads)  62%|██████████████████▊           |  ETA: 6:38:48
Sampling (4 threads)  63%|██████████████████▉           |  ETA: 6:30:21
Sampling (4 threads)  64%|███████████████████           |  ETA: 6:28:31
Sampling (4 threads)  64%|███████████████████▎          |  ETA: 6:20:12
Sampling (4 threads)  64%|███████████████████▍          |  ETA: 6:18:08
Sampling (4 threads)  65%|███████████████████▌          |  ETA: 6:09:57
Sampling (4 threads)  66%|███████████████████▋          |  ETA: 6:12:21
Sampling (4 threads)  66%|███████████████████▊          |  ETA: 6:04:10
Sampling (4 threads)  66%|████████████████████          |  ETA: 5:56:07
Sampling (4 threads)  67%|████████████████████▏         |  ETA: 5:48:11
Sampling (4 threads)  68%|████████████████████▎         |  ETA: 5:48:22
Sampling (4 threads)  68%|████████████████████▍         |  ETA: 5:40:29
Sampling (4 threads)  68%|████████████████████▌         |  ETA: 5:37:47
Sampling (4 threads)  69%|████████████████████▊         |  ETA: 5:30:00
Sampling (4 threads)  70%|████████████████████▉         |  ETA: 5:26:00
Sampling (4 threads)  70%|█████████████████████         |  ETA: 5:18:22
Sampling (4 threads)  70%|█████████████████████▏        |  ETA: 5:15:23
Sampling (4 threads)  71%|█████████████████████▎        |  ETA: 5:07:51
Sampling (4 threads)  72%|█████████████████████▌        |  ETA: 5:04:59
Sampling (4 threads)  72%|█████████████████████▋        |  ETA: 4:57:33
Sampling (4 threads)  72%|█████████████████████▊        |  ETA: 4:54:22
Sampling (4 threads)  73%|█████████████████████▉        |  ETA: 4:47:02
Sampling (4 threads)  74%|██████████████████████        |  ETA: 4:42:48
Sampling (4 threads)  74%|██████████████████████▎       |  ETA: 4:35:35
Sampling (4 threads)  74%|██████████████████████▍       |  ETA: 4:32:14
Sampling (4 threads)  75%|██████████████████████▌       |  ETA: 4:25:07
Sampling (4 threads)  76%|██████████████████████▋       |  ETA: 4:21:44
Sampling (4 threads)  76%|██████████████████████▊       |  ETA: 4:14:42
Sampling (4 threads)  76%|███████████████████████       |  ETA: 4:11:09
Sampling (4 threads)  77%|███████████████████████▏      |  ETA: 4:04:13
Sampling (4 threads)  78%|███████████████████████▎      |  ETA: 4:02:06
Sampling (4 threads)  78%|███████████████████████▍      |  ETA: 3:55:12
Sampling (4 threads)  78%|███████████████████████▌      |  ETA: 3:48:24
Sampling (4 threads)  79%|███████████████████████▊      |  ETA: 3:47:18
Sampling (4 threads)  80%|███████████████████████▉      |  ETA: 3:40:29
Sampling (4 threads)  80%|████████████████████████      |  ETA: 3:33:46
Sampling (4 threads)  80%|████████████████████████▏     |  ETA: 3:31:40
Sampling (4 threads)  81%|████████████████████████▎     |  ETA: 3:24:58
Sampling (4 threads)  82%|████████████████████████▌     |  ETA: 3:18:21
Sampling (4 threads)  82%|████████████████████████▋     |  ETA: 3:11:49
Sampling (4 threads)  82%|████████████████████████▊     |  ETA: 3:07:43
Sampling (4 threads)  83%|████████████████████████▉     |  ETA: 3:01:15
Sampling (4 threads)  84%|█████████████████████████     |  ETA: 2:57:31
Sampling (4 threads)  84%|█████████████████████████▎    |  ETA: 2:51:06
Sampling (4 threads)  84%|█████████████████████████▍    |  ETA: 2:46:20
Sampling (4 threads)  85%|█████████████████████████▌    |  ETA: 2:40:01
Sampling (4 threads)  86%|█████████████████████████▋    |  ETA: 2:37:03
Sampling (4 threads)  86%|█████████████████████████▊    |  ETA: 2:30:45
Sampling (4 threads)  86%|██████████████████████████    |  ETA: 2:24:31
Sampling (4 threads)  87%|██████████████████████████▏   |  ETA: 2:20:05
Sampling (4 threads)  88%|██████████████████████████▎   |  ETA: 2:13:56
Sampling (4 threads)  88%|██████████████████████████▍   |  ETA: 2:10:19
Sampling (4 threads)  88%|██████████████████████████▌   |  ETA: 2:04:11
Sampling (4 threads)  89%|██████████████████████████▊   |  ETA: 1:58:07
Sampling (4 threads)  90%|██████████████████████████▉   |  ETA: 1:53:25
Sampling (4 threads)  90%|███████████████████████████   |  ETA: 1:47:25
Sampling (4 threads)  90%|███████████████████████████▏  |  ETA: 1:42:38
Sampling (4 threads)  91%|███████████████████████████▎  |  ETA: 1:36:42
Sampling (4 threads)  92%|███████████████████████████▌  |  ETA: 1:31:37
Sampling (4 threads)  92%|███████████████████████████▋  |  ETA: 1:25:46
Sampling (4 threads)  92%|███████████████████████████▊  |  ETA: 1:20:52
Sampling (4 threads)  93%|███████████████████████████▉  |  ETA: 1:15:04
Sampling (4 threads)  94%|████████████████████████████  |  ETA: 1:10:05
Sampling (4 threads)  94%|████████████████████████████▎ |  ETA: 1:04:21
Sampling (4 threads)  94%|████████████████████████████▍ |  ETA: 0:59:21
Sampling (4 threads)  95%|████████████████████████████▌ |  ETA: 0:53:40
Sampling (4 threads)  96%|████████████████████████████▋ |  ETA: 0:48:27
Sampling (4 threads)  96%|████████████████████████████▊ |  ETA: 0:42:50
Sampling (4 threads)  96%|█████████████████████████████ |  ETA: 0:37:18
Sampling (4 threads)  97%|█████████████████████████████▏|  ETA: 0:32:01
Sampling (4 threads)  98%|█████████████████████████████▎|  ETA: 0:26:46
Sampling (4 threads)  98%|█████████████████████████████▍|  ETA: 0:21:24
Sampling (4 threads)  98%|█████████████████████████████▌|  ETA: 0:16:07
Sampling (4 threads)  99%|█████████████████████████████▊|  ETA: 0:10:48
Sampling (4 threads) 100%|█████████████████████████████▉|  ETA: 0:05:26
Sampling (4 threads) 100%|██████████████████████████████| Time: 18:13:07
Sampling (4 threads) 100%|██████████████████████████████| Time: 18:13:07
Sampling (4 threads)   0%|                              |  ETA: N/A
┌ Info: Found initial step size
└   ϵ = 0.0015625
┌ Info: Found initial step size
└   ϵ = 0.000390625
┌ Info: Found initial step size
└   ϵ = 0.000390625
┌ Info: Found initial step size
└   ϵ = 0.00078125
Sampling (4 threads)   0%|▏                             |  ETA: 5:16:41
Sampling (4 threads)   1%|▎                             |  ETA: 2:37:44
Sampling (4 threads)   2%|▌                             |  ETA: 1:59:03
Sampling (4 threads)   2%|▋                             |  ETA: 1:28:50
Sampling (4 threads)   2%|▊                             |  ETA: 2:03:44
Sampling (4 threads)   3%|▉                             |  ETA: 1:42:35
Sampling (4 threads)   4%|█                             |  ETA: 6:22:54
Sampling (4 threads)   4%|█▎                            |  ETA: 5:33:19
Sampling (4 threads)   4%|█▍                            |  ETA: 4:54:44
Sampling (4 threads)   5%|█▌                            |  ETA: 8:54:22
Sampling (4 threads)   6%|█▋                            |  ETA: 8:03:14
Sampling (4 threads)   6%|█▊                            |  ETA: 9:51:26
Sampling (4 threads)   6%|██                            |  ETA: 9:03:02
Sampling (4 threads)   7%|██▏                           |  ETA: 11:33:01
Sampling (4 threads)   8%|██▎                           |  ETA: 10:43:20
Sampling (4 threads)   8%|██▍                           |  ETA: 9:59:52
Sampling (4 threads)   8%|██▌                           |  ETA: 11:05:38
Sampling (4 threads)   9%|██▊                           |  ETA: 10:25:13
Sampling (4 threads)  10%|██▉                           |  ETA: 11:56:12
Sampling (4 threads)  10%|███                           |  ETA: 11:16:37
Sampling (4 threads)  10%|███▏                          |  ETA: 10:40:49
Sampling (4 threads)  11%|███▎                          |  ETA: 12:47:10
Sampling (4 threads)  12%|███▌                          |  ETA: 12:09:41
Sampling (4 threads)  12%|███▋                          |  ETA: 11:35:20
Sampling (4 threads)  12%|███▊                          |  ETA: 11:03:43
Sampling (4 threads)  13%|███▉                          |  ETA: 12:33:07
Sampling (4 threads)  14%|████                          |  ETA: 12:01:03
Sampling (4 threads)  14%|████▎                         |  ETA: 11:31:17
Sampling (4 threads)  14%|████▍                         |  ETA: 13:04:11
Sampling (4 threads)  15%|████▌                         |  ETA: 12:33:36
Sampling (4 threads)  16%|████▋                         |  ETA: 12:05:00
Sampling (4 threads)  16%|████▊                         |  ETA: 13:23:26
Sampling (4 threads)  16%|█████                         |  ETA: 12:54:27
Sampling (4 threads)  17%|█████▏                        |  ETA: 12:27:11
Sampling (4 threads)  18%|█████▎                        |  ETA: 12:01:27
Sampling (4 threads)  18%|█████▍                        |  ETA: 13:04:22
Sampling (4 threads)  18%|█████▌                        |  ETA: 12:38:31
Sampling (4 threads)  19%|█████▊                        |  ETA: 12:14:02
Sampling (4 threads)  20%|█████▉                        |  ETA: 13:19:01
Sampling (4 threads)  20%|██████                        |  ETA: 12:54:13
Sampling (4 threads)  20%|██████▏                       |  ETA: 12:30:36
Sampling (4 threads)  21%|██████▎                       |  ETA: 12:56:25
Sampling (4 threads)  22%|██████▌                       |  ETA: 12:33:34
Sampling (4 threads)  22%|██████▋                       |  ETA: 13:20:52
Sampling (4 threads)  22%|██████▊                       |  ETA: 12:58:03
Sampling (4 threads)  23%|██████▉                       |  ETA: 12:36:13
Sampling (4 threads)  24%|███████                       |  ETA: 12:15:19
Sampling (4 threads)  24%|███████▎                      |  ETA: 12:55:42
Sampling (4 threads)  24%|███████▍                      |  ETA: 12:34:53
Sampling (4 threads)  25%|███████▌                      |  ETA: 12:14:53
Sampling (4 threads)  26%|███████▋                      |  ETA: 12:44:51
Sampling (4 threads)  26%|███████▊                      |  ETA: 12:25:07
Sampling (4 threads)  26%|████████                      |  ETA: 12:06:07
Sampling (4 threads)  27%|████████▏                     |  ETA: 12:48:28
Sampling (4 threads)  28%|████████▎                     |  ETA: 12:29:20
Sampling (4 threads)  28%|████████▍                     |  ETA: 12:10:53
Sampling (4 threads)  28%|████████▌                     |  ETA: 12:18:47
Sampling (4 threads)  29%|████████▊                     |  ETA: 12:00:58
Sampling (4 threads)  30%|████████▉                     |  ETA: 12:26:40
Sampling (4 threads)  30%|█████████                     |  ETA: 12:09:01
Sampling (4 threads)  30%|█████████▏                    |  ETA: 11:51:57
Sampling (4 threads)  31%|█████████▎                    |  ETA: 12:15:22
Sampling (4 threads)  32%|█████████▌                    |  ETA: 11:58:27
Sampling (4 threads)  32%|█████████▋                    |  ETA: 11:42:04
Sampling (4 threads)  32%|█████████▊                    |  ETA: 11:26:11
Sampling (4 threads)  33%|█████████▉                    |  ETA: 11:53:10
Sampling (4 threads)  34%|██████████                    |  ETA: 11:37:17
Sampling (4 threads)  34%|██████████▎                   |  ETA: 11:21:52
Sampling (4 threads)  34%|██████████▍                   |  ETA: 11:36:08
Sampling (4 threads)  35%|██████████▌                   |  ETA: 11:20:57
Sampling (4 threads)  36%|██████████▋                   |  ETA: 11:29:33
Sampling (4 threads)  36%|██████████▊                   |  ETA: 11:14:42
Sampling (4 threads)  36%|███████████                   |  ETA: 11:21:40
Sampling (4 threads)  37%|███████████▏                  |  ETA: 11:07:10
Sampling (4 threads)  38%|███████████▎                  |  ETA: 10:53:02
Sampling (4 threads)  38%|███████████▍                  |  ETA: 11:02:46
Sampling (4 threads)  38%|███████████▌                  |  ETA: 10:48:53
Sampling (4 threads)  39%|███████████▊                  |  ETA: 11:00:32
Sampling (4 threads)  40%|███████████▉                  |  ETA: 10:46:50
Sampling (4 threads)  40%|████████████                  |  ETA: 10:33:28
Sampling (4 threads)  40%|████████████▏                 |  ETA: 10:20:26
Sampling (4 threads)  41%|████████████▎                 |  ETA: 10:33:17
Sampling (4 threads)  42%|████████████▌                 |  ETA: 10:20:21
Sampling (4 threads)  42%|████████████▋                 |  ETA: 10:25:42
Sampling (4 threads)  42%|████████████▊                 |  ETA: 10:13:01
Sampling (4 threads)  43%|████████████▉                 |  ETA: 10:14:30
Sampling (4 threads)  44%|█████████████                 |  ETA: 10:02:06
Sampling (4 threads)  44%|█████████████▎                |  ETA: 10:02:53
Sampling (4 threads)  44%|█████████████▍                |  ETA: 9:50:47
Sampling (4 threads)  45%|█████████████▌                |  ETA: 9:51:33
Sampling (4 threads)  46%|█████████████▋                |  ETA: 9:39:44
Sampling (4 threads)  46%|█████████████▊                |  ETA: 9:40:25
Sampling (4 threads)  46%|██████████████                |  ETA: 9:28:52
Sampling (4 threads)  47%|██████████████▏               |  ETA: 9:31:58
Sampling (4 threads)  48%|██████████████▎               |  ETA: 9:20:36
Sampling (4 threads)  48%|██████████████▍               |  ETA: 9:17:58
Sampling (4 threads)  48%|██████████████▌               |  ETA: 9:06:54
Sampling (4 threads)  49%|██████████████▊               |  ETA: 9:12:32
Sampling (4 threads)  50%|██████████████▉               |  ETA: 9:01:35
Sampling (4 threads)  50%|███████████████               |  ETA: 9:06:42
Sampling (4 threads)  50%|███████████████▏              |  ETA: 8:55:53
Sampling (4 threads)  51%|███████████████▎              |  ETA: 8:45:16
Sampling (4 threads)  52%|███████████████▌              |  ETA: 8:49:24
Sampling (4 threads)  52%|███████████████▋              |  ETA: 8:38:55
Sampling (4 threads)  52%|███████████████▊              |  ETA: 8:47:13
Sampling (4 threads)  53%|███████████████▉              |  ETA: 8:36:45
Sampling (4 threads)  54%|████████████████              |  ETA: 8:26:28
Sampling (4 threads)  54%|████████████████▎             |  ETA: 8:27:37
Sampling (4 threads)  55%|████████████████▍             |  ETA: 8:17:29
Sampling (4 threads)  55%|████████████████▌             |  ETA: 8:07:33
Sampling (4 threads)  56%|████████████████▋             |  ETA: 8:12:37
Sampling (4 threads)  56%|████████████████▊             |  ETA: 8:02:44
Sampling (4 threads)  56%|█████████████████             |  ETA: 8:01:00
Sampling (4 threads)  57%|█████████████████▏            |  ETA: 7:51:18
Sampling (4 threads)  57%|█████████████████▎            |  ETA: 7:57:48
Sampling (4 threads)  58%|█████████████████▍            |  ETA: 7:48:07
Sampling (4 threads)  58%|█████████████████▌            |  ETA: 7:38:35
Sampling (4 threads)  59%|█████████████████▊            |  ETA: 7:41:51
Sampling (4 threads)  60%|█████████████████▉            |  ETA: 7:32:23
Sampling (4 threads)  60%|██████████████████            |  ETA: 7:23:05
Sampling (4 threads)  60%|██████████████████▏           |  ETA: 7:25:28
Sampling (4 threads)  61%|██████████████████▎           |  ETA: 7:16:13
Sampling (4 threads)  62%|██████████████████▌           |  ETA: 7:07:08
Sampling (4 threads)  62%|██████████████████▋           |  ETA: 7:04:36
Sampling (4 threads)  62%|██████████████████▊           |  ETA: 6:55:40
Sampling (4 threads)  63%|██████████████████▉           |  ETA: 6:55:43
Sampling (4 threads)  64%|███████████████████           |  ETA: 6:46:53
Sampling (4 threads)  64%|███████████████████▎          |  ETA: 6:45:42
Sampling (4 threads)  64%|███████████████████▍          |  ETA: 6:36:57
Sampling (4 threads)  65%|███████████████████▌          |  ETA: 6:33:54
Sampling (4 threads)  66%|███████████████████▋          |  ETA: 6:25:19
Sampling (4 threads)  66%|███████████████████▊          |  ETA: 6:24:43
Sampling (4 threads)  66%|████████████████████          |  ETA: 6:16:13
Sampling (4 threads)  67%|████████████████████▏         |  ETA: 6:07:50
Sampling (4 threads)  68%|████████████████████▎         |  ETA: 6:08:09
Sampling (4 threads)  68%|████████████████████▍         |  ETA: 5:59:49
Sampling (4 threads)  68%|████████████████████▌         |  ETA: 6:01:45
Sampling (4 threads)  69%|████████████████████▊         |  ETA: 5:53:25
Sampling (4 threads)  70%|████████████████████▉         |  ETA: 5:45:13
Sampling (4 threads)  70%|█████████████████████         |  ETA: 5:37:08
Sampling (4 threads)  70%|█████████████████████▏        |  ETA: 5:39:00
Sampling (4 threads)  71%|█████████████████████▎        |  ETA: 5:30:55
Sampling (4 threads)  72%|█████████████████████▌        |  ETA: 5:22:56
Sampling (4 threads)  72%|█████████████████████▋        |  ETA: 5:22:43
Sampling (4 threads)  72%|█████████████████████▊        |  ETA: 5:14:46
Sampling (4 threads)  73%|█████████████████████▉        |  ETA: 5:10:43
Sampling (4 threads)  74%|██████████████████████        |  ETA: 5:02:54
Sampling (4 threads)  74%|██████████████████████▎       |  ETA: 4:55:10
Sampling (4 threads)  74%|██████████████████████▍       |  ETA: 4:54:54
Sampling (4 threads)  75%|██████████████████████▌       |  ETA: 4:47:11
Sampling (4 threads)  76%|██████████████████████▋       |  ETA: 4:39:35
Sampling (4 threads)  76%|██████████████████████▊       |  ETA: 4:38:10
Sampling (4 threads)  76%|███████████████████████       |  ETA: 4:30:35
Sampling (4 threads)  77%|███████████████████████▏      |  ETA: 4:23:07
Sampling (4 threads)  78%|███████████████████████▎      |  ETA: 4:19:28
Sampling (4 threads)  78%|███████████████████████▍      |  ETA: 4:12:04
Sampling (4 threads)  78%|███████████████████████▌      |  ETA: 4:07:41
Sampling (4 threads)  79%|███████████████████████▊      |  ETA: 4:00:24
Sampling (4 threads)  80%|███████████████████████▉      |  ETA: 3:59:59
Sampling (4 threads)  80%|████████████████████████      |  ETA: 3:52:40
Sampling (4 threads)  80%|████████████████████████▏     |  ETA: 3:45:26
Sampling (4 threads)  81%|████████████████████████▎     |  ETA: 3:40:41
Sampling (4 threads)  82%|████████████████████████▌     |  ETA: 3:33:34
Sampling (4 threads)  82%|████████████████████████▋     |  ETA: 3:30:35
Sampling (4 threads)  82%|████████████████████████▊     |  ETA: 3:23:30
Sampling (4 threads)  83%|████████████████████████▉     |  ETA: 3:16:30
Sampling (4 threads)  84%|█████████████████████████     |  ETA: 3:09:34
Sampling (4 threads)  84%|█████████████████████████▎    |  ETA: 3:06:25
Sampling (4 threads)  84%|█████████████████████████▍    |  ETA: 2:59:31
Sampling (4 threads)  85%|█████████████████████████▌    |  ETA: 2:52:42
Sampling (4 threads)  86%|█████████████████████████▋    |  ETA: 2:49:03
Sampling (4 threads)  86%|█████████████████████████▊    |  ETA: 2:42:16
Sampling (4 threads)  86%|██████████████████████████    |  ETA: 2:35:34
Sampling (4 threads)  87%|██████████████████████████▏   |  ETA: 2:32:23
Sampling (4 threads)  88%|██████████████████████████▎   |  ETA: 2:25:41
Sampling (4 threads)  88%|██████████████████████████▍   |  ETA: 2:19:03
Sampling (4 threads)  88%|██████████████████████████▌   |  ETA: 2:14:40
Sampling (4 threads)  89%|██████████████████████████▊   |  ETA: 2:08:05
Sampling (4 threads)  90%|██████████████████████████▉   |  ETA: 2:01:35
Sampling (4 threads)  90%|███████████████████████████   |  ETA: 1:56:12
Sampling (4 threads)  90%|███████████████████████████▏  |  ETA: 1:49:47
Sampling (4 threads)  91%|███████████████████████████▎  |  ETA: 1:44:17
Sampling (4 threads)  92%|███████████████████████████▌  |  ETA: 1:37:57
Sampling (4 threads)  92%|███████████████████████████▋  |  ETA: 1:32:22
Sampling (4 threads)  92%|███████████████████████████▊  |  ETA: 1:26:08
Sampling (4 threads)  93%|███████████████████████████▉  |  ETA: 1:20:41
Sampling (4 threads)  94%|████████████████████████████  |  ETA: 1:14:31
Sampling (4 threads)  94%|████████████████████████████▎ |  ETA: 1:09:32
Sampling (4 threads)  94%|████████████████████████████▍ |  ETA: 1:03:24
Sampling (4 threads)  95%|████████████████████████████▌ |  ETA: 0:57:20
Sampling (4 threads)  96%|████████████████████████████▋ |  ETA: 0:51:59
Sampling (4 threads)  96%|████████████████████████████▊ |  ETA: 0:45:58
Sampling (4 threads)  96%|█████████████████████████████ |  ETA: 0:40:01
Sampling (4 threads)  97%|█████████████████████████████▏|  ETA: 0:34:10
Sampling (4 threads)  98%|█████████████████████████████▎|  ETA: 0:28:25
Sampling (4 threads)  98%|█████████████████████████████▍|  ETA: 0:22:44
Sampling (4 threads)  98%|█████████████████████████████▌|  ETA: 0:17:01
Sampling (4 threads)  99%|█████████████████████████████▊|  ETA: 0:11:22
Sampling (4 threads) 100%|█████████████████████████████▉|  ETA: 0:05:41
Sampling (4 threads) 100%|██████████████████████████████| Time: 18:55:39
Sampling (4 threads) 100%|██████████████████████████████| Time: 18:55:39
Sampling (4 threads)   0%|                              |  ETA: N/A
┌ Info: Found initial step size
└   ϵ = 0.0015625
┌ Info: Found initial step size
└   ϵ = 0.00078125
┌ Info: Found initial step size
└   ϵ = 0.0001953125
┌ Info: Found initial step size
└   ϵ = 0.000390625
Sampling (4 threads)   0%|▏                             |  ETA: 5:31:48
Sampling (4 threads)   1%|▎                             |  ETA: 2:45:14
Sampling (4 threads)   2%|▌                             |  ETA: 1:56:39
Sampling (4 threads)   2%|▋                             |  ETA: 1:27:03
Sampling (4 threads)   2%|▊                             |  ETA: 1:22:50
Sampling (4 threads)   3%|▉                             |  ETA: 1:08:40
Sampling (4 threads)   4%|█                             |  ETA: 2:54:04
Sampling (4 threads)   4%|█▎                            |  ETA: 2:31:32
Sampling (4 threads)   4%|█▍                            |  ETA: 2:13:59
Sampling (4 threads)   5%|█▌                            |  ETA: 5:01:05
Sampling (4 threads)   6%|█▋                            |  ETA: 4:32:16
Sampling (4 threads)   6%|█▊                            |  ETA: 7:07:53
Sampling (4 threads)   6%|██                            |  ETA: 6:32:52
Sampling (4 threads)   7%|██▏                           |  ETA: 6:02:51
Sampling (4 threads)   8%|██▎                           |  ETA: 8:29:34
Sampling (4 threads)   8%|██▍                           |  ETA: 7:55:08
Sampling (4 threads)   8%|██▌                           |  ETA: 7:24:45
Sampling (4 threads)   9%|██▊                           |  ETA: 8:58:06
Sampling (4 threads)  10%|██▉                           |  ETA: 8:26:58
Sampling (4 threads)  10%|███                           |  ETA: 10:14:05
Sampling (4 threads)  10%|███▏                          |  ETA: 9:41:35
Sampling (4 threads)  11%|███▎                          |  ETA: 9:12:03
Sampling (4 threads)  12%|███▌                          |  ETA: 10:38:59
Sampling (4 threads)  12%|███▋                          |  ETA: 10:08:54
Sampling (4 threads)  12%|███▊                          |  ETA: 9:41:14
Sampling (4 threads)  13%|███▉                          |  ETA: 11:08:20
Sampling (4 threads)  14%|████                          |  ETA: 10:39:53
Sampling (4 threads)  14%|████▎                         |  ETA: 10:13:27
Sampling (4 threads)  14%|████▍                         |  ETA: 9:48:52
Sampling (4 threads)  15%|████▌                         |  ETA: 10:39:59
Sampling (4 threads)  16%|████▋                         |  ETA: 10:15:41
Sampling (4 threads)  16%|████▊                         |  ETA: 10:56:10
Sampling (4 threads)  16%|█████                         |  ETA: 10:32:30
Sampling (4 threads)  17%|█████▏                        |  ETA: 11:08:19
Sampling (4 threads)  18%|█████▎                        |  ETA: 10:45:18
Sampling (4 threads)  18%|█████▍                        |  ETA: 10:23:35
Sampling (4 threads)  18%|█████▌                        |  ETA: 10:48:28
Sampling (4 threads)  19%|█████▊                        |  ETA: 10:27:32
Sampling (4 threads)  20%|█████▉                        |  ETA: 11:04:39
Sampling (4 threads)  20%|██████                        |  ETA: 10:44:01
Sampling (4 threads)  20%|██████▏                       |  ETA: 10:24:23
Sampling (4 threads)  21%|██████▎                       |  ETA: 10:05:41
Sampling (4 threads)  22%|██████▌                       |  ETA: 10:48:33
Sampling (4 threads)  22%|██████▋                       |  ETA: 10:29:46
Sampling (4 threads)  22%|██████▊                       |  ETA: 11:02:21
Sampling (4 threads)  23%|██████▉                       |  ETA: 10:43:46
Sampling (4 threads)  24%|███████                       |  ETA: 10:25:59
Sampling (4 threads)  24%|███████▎                      |  ETA: 10:08:56
Sampling (4 threads)  24%|███████▍                      |  ETA: 10:42:39
Sampling (4 threads)  25%|███████▌                      |  ETA: 10:25:37
Sampling (4 threads)  26%|███████▋                      |  ETA: 10:09:16
Sampling (4 threads)  26%|███████▊                      |  ETA: 10:23:17
Sampling (4 threads)  26%|████████                      |  ETA: 10:07:24
Sampling (4 threads)  27%|████████▏                     |  ETA: 10:22:52
Sampling (4 threads)  28%|████████▎                     |  ETA: 10:07:21
Sampling (4 threads)  28%|████████▍                     |  ETA: 9:52:24
Sampling (4 threads)  28%|████████▌                     |  ETA: 10:06:47
Sampling (4 threads)  29%|████████▊                     |  ETA: 9:52:09
Sampling (4 threads)  30%|████████▉                     |  ETA: 10:01:59
Sampling (4 threads)  30%|█████████                     |  ETA: 9:47:45
Sampling (4 threads)  30%|█████████▏                    |  ETA: 10:04:22
Sampling (4 threads)  31%|█████████▎                    |  ETA: 9:50:20
Sampling (4 threads)  32%|█████████▌                    |  ETA: 9:36:45
Sampling (4 threads)  32%|█████████▋                    |  ETA: 9:50:39
Sampling (4 threads)  32%|█████████▊                    |  ETA: 9:37:17
Sampling (4 threads)  33%|█████████▉                    |  ETA: 9:44:48
Sampling (4 threads)  34%|██████████                    |  ETA: 9:31:46
Sampling (4 threads)  34%|██████████▎                   |  ETA: 9:43:41
Sampling (4 threads)  34%|██████████▍                   |  ETA: 9:30:52
Sampling (4 threads)  35%|██████████▌                   |  ETA: 9:18:25
Sampling (4 threads)  36%|██████████▋                   |  ETA: 9:32:01
Sampling (4 threads)  36%|██████████▊                   |  ETA: 9:19:42
Sampling (4 threads)  36%|███████████                   |  ETA: 9:07:43
Sampling (4 threads)  37%|███████████▏                  |  ETA: 9:14:59
Sampling (4 threads)  38%|███████████▎                  |  ETA: 9:03:14
Sampling (4 threads)  38%|███████████▍                  |  ETA: 8:51:48
Sampling (4 threads)  38%|███████████▌                  |  ETA: 9:00:29
Sampling (4 threads)  39%|███████████▊                  |  ETA: 8:49:13
Sampling (4 threads)  40%|███████████▉                  |  ETA: 9:09:20
Sampling (4 threads)  40%|████████████                  |  ETA: 8:57:59
Sampling (4 threads)  40%|████████████▏                 |  ETA: 8:46:55
Sampling (4 threads)  41%|████████████▎                 |  ETA: 8:51:10
Sampling (4 threads)  42%|████████████▌                 |  ETA: 8:40:19
Sampling (4 threads)  42%|████████████▋                 |  ETA: 8:47:03
Sampling (4 threads)  42%|████████████▊                 |  ETA: 8:36:22
Sampling (4 threads)  43%|████████████▉                 |  ETA: 8:48:01
Sampling (4 threads)  44%|█████████████                 |  ETA: 8:37:22
Sampling (4 threads)  44%|█████████████▎                |  ETA: 8:26:58
Sampling (4 threads)  44%|█████████████▍                |  ETA: 8:37:53
Sampling (4 threads)  45%|█████████████▌                |  ETA: 8:27:31
Sampling (4 threads)  46%|█████████████▋                |  ETA: 8:34:31
Sampling (4 threads)  46%|█████████████▊                |  ETA: 8:24:16
Sampling (4 threads)  46%|██████████████                |  ETA: 8:14:13
Sampling (4 threads)  47%|██████████████▏               |  ETA: 8:18:46
Sampling (4 threads)  48%|██████████████▎               |  ETA: 8:08:52
Sampling (4 threads)  48%|██████████████▍               |  ETA: 8:13:15
Sampling (4 threads)  48%|██████████████▌               |  ETA: 8:03:29
Sampling (4 threads)  49%|██████████████▊               |  ETA: 8:11:15
Sampling (4 threads)  50%|██████████████▉               |  ETA: 8:01:31
Sampling (4 threads)  50%|███████████████               |  ETA: 7:51:59
Sampling (4 threads)  50%|███████████████▏              |  ETA: 7:57:08
Sampling (4 threads)  51%|███████████████▎              |  ETA: 7:47:41
Sampling (4 threads)  52%|███████████████▌              |  ETA: 7:38:25
Sampling (4 threads)  52%|███████████████▋              |  ETA: 7:46:14
Sampling (4 threads)  52%|███████████████▊              |  ETA: 7:36:59
Sampling (4 threads)  53%|███████████████▉              |  ETA: 7:27:54
Sampling (4 threads)  54%|████████████████              |  ETA: 7:32:31
Sampling (4 threads)  54%|████████████████▎             |  ETA: 7:23:30
Sampling (4 threads)  55%|████████████████▍             |  ETA: 7:25:23
Sampling (4 threads)  55%|████████████████▌             |  ETA: 7:16:29
Sampling (4 threads)  56%|████████████████▋             |  ETA: 7:17:01
Sampling (4 threads)  56%|████████████████▊             |  ETA: 7:08:15
Sampling (4 threads)  56%|█████████████████             |  ETA: 6:59:38
Sampling (4 threads)  57%|█████████████████▏            |  ETA: 7:03:24
Sampling (4 threads)  57%|█████████████████▎            |  ETA: 6:54:51
Sampling (4 threads)  58%|█████████████████▍            |  ETA: 6:46:26
Sampling (4 threads)  58%|█████████████████▌            |  ETA: 6:50:12
Sampling (4 threads)  59%|█████████████████▊            |  ETA: 6:41:49
Sampling (4 threads)  60%|█████████████████▉            |  ETA: 6:33:35
Sampling (4 threads)  60%|██████████████████            |  ETA: 6:35:58
Sampling (4 threads)  60%|██████████████████▏           |  ETA: 6:27:47
Sampling (4 threads)  61%|██████████████████▎           |  ETA: 6:26:32
Sampling (4 threads)  62%|██████████████████▌           |  ETA: 6:18:29
Sampling (4 threads)  62%|██████████████████▋           |  ETA: 6:10:33
Sampling (4 threads)  62%|██████████████████▊           |  ETA: 6:13:25
Sampling (4 threads)  63%|██████████████████▉           |  ETA: 6:05:31
Sampling (4 threads)  64%|███████████████████           |  ETA: 5:57:44
Sampling (4 threads)  64%|███████████████████▎          |  ETA: 5:59:51
Sampling (4 threads)  64%|███████████████████▍          |  ETA: 5:52:06
Sampling (4 threads)  65%|███████████████████▌          |  ETA: 5:44:29
Sampling (4 threads)  66%|███████████████████▋          |  ETA: 5:42:26
Sampling (4 threads)  66%|███████████████████▊          |  ETA: 5:34:55
Sampling (4 threads)  66%|████████████████████          |  ETA: 5:33:57
Sampling (4 threads)  67%|████████████████████▏         |  ETA: 5:26:30
Sampling (4 threads)  68%|████████████████████▎         |  ETA: 5:26:16
Sampling (4 threads)  68%|████████████████████▍         |  ETA: 5:18:53
Sampling (4 threads)  68%|████████████████████▌         |  ETA: 5:18:38
Sampling (4 threads)  69%|████████████████████▊         |  ETA: 5:11:18
Sampling (4 threads)  70%|████████████████████▉         |  ETA: 5:04:05
Sampling (4 threads)  70%|█████████████████████         |  ETA: 5:03:27
Sampling (4 threads)  70%|█████████████████████▏        |  ETA: 4:56:17
Sampling (4 threads)  71%|█████████████████████▎        |  ETA: 4:49:12
Sampling (4 threads)  72%|█████████████████████▌        |  ETA: 4:50:26
Sampling (4 threads)  72%|█████████████████████▋        |  ETA: 4:43:22
Sampling (4 threads)  72%|█████████████████████▊        |  ETA: 4:36:23
Sampling (4 threads)  73%|█████████████████████▉        |  ETA: 4:29:30
Sampling (4 threads)  74%|██████████████████████        |  ETA: 4:30:23
Sampling (4 threads)  74%|██████████████████████▎       |  ETA: 4:23:30
Sampling (4 threads)  74%|██████████████████████▍       |  ETA: 4:16:42
Sampling (4 threads)  75%|██████████████████████▌       |  ETA: 4:16:18
Sampling (4 threads)  76%|██████████████████████▋       |  ETA: 4:09:31
Sampling (4 threads)  76%|██████████████████████▊       |  ETA: 4:02:49
Sampling (4 threads)  76%|███████████████████████       |  ETA: 4:01:15
Sampling (4 threads)  77%|███████████████████████▏      |  ETA: 3:54:35
Sampling (4 threads)  78%|███████████████████████▎      |  ETA: 3:48:00
Sampling (4 threads)  78%|███████████████████████▍      |  ETA: 3:46:40
Sampling (4 threads)  78%|███████████████████████▌      |  ETA: 3:40:06
Sampling (4 threads)  79%|███████████████████████▊      |  ETA: 3:33:37
Sampling (4 threads)  80%|███████████████████████▉      |  ETA: 3:30:32
Sampling (4 threads)  80%|████████████████████████      |  ETA: 3:24:06
Sampling (4 threads)  80%|████████████████████████▏     |  ETA: 3:20:14
Sampling (4 threads)  81%|████████████████████████▎     |  ETA: 3:13:54
Sampling (4 threads)  82%|████████████████████████▌     |  ETA: 3:11:16
Sampling (4 threads)  82%|████████████████████████▋     |  ETA: 3:04:57
Sampling (4 threads)  82%|████████████████████████▊     |  ETA: 2:58:44
Sampling (4 threads)  83%|████████████████████████▉     |  ETA: 2:55:27
Sampling (4 threads)  84%|█████████████████████████     |  ETA: 2:49:17
Sampling (4 threads)  84%|█████████████████████████▎    |  ETA: 2:43:10
Sampling (4 threads)  84%|█████████████████████████▍    |  ETA: 2:40:04
Sampling (4 threads)  85%|█████████████████████████▌    |  ETA: 2:34:00
Sampling (4 threads)  86%|█████████████████████████▋    |  ETA: 2:28:00
Sampling (4 threads)  86%|█████████████████████████▊    |  ETA: 2:25:34
Sampling (4 threads)  86%|██████████████████████████    |  ETA: 2:19:33
Sampling (4 threads)  87%|██████████████████████████▏   |  ETA: 2:13:37
Sampling (4 threads)  88%|██████████████████████████▎   |  ETA: 2:10:11
Sampling (4 threads)  88%|██████████████████████████▍   |  ETA: 2:04:16
Sampling (4 threads)  88%|██████████████████████████▌   |  ETA: 1:58:25
Sampling (4 threads)  89%|██████████████████████████▊   |  ETA: 1:54:09
Sampling (4 threads)  90%|██████████████████████████▉   |  ETA: 1:48:21
Sampling (4 threads)  90%|███████████████████████████   |  ETA: 1:42:37
Sampling (4 threads)  90%|███████████████████████████▏  |  ETA: 1:37:48
Sampling (4 threads)  91%|███████████████████████████▎  |  ETA: 1:32:30
Sampling (4 threads)  92%|███████████████████████████▌  |  ETA: 1:27:39
Sampling (4 threads)  92%|███████████████████████████▋  |  ETA: 1:22:42
Sampling (4 threads)  92%|███████████████████████████▊  |  ETA: 1:17:14
Sampling (4 threads)  93%|███████████████████████████▉  |  ETA: 1:12:25
Sampling (4 threads)  94%|████████████████████████████  |  ETA: 1:07:09
Sampling (4 threads)  94%|████████████████████████████▎ |  ETA: 1:01:55
Sampling (4 threads)  94%|████████████████████████████▍ |  ETA: 0:57:04
Sampling (4 threads)  95%|████████████████████████████▌ |  ETA: 0:51:53
Sampling (4 threads)  96%|████████████████████████████▋ |  ETA: 0:46:49
Sampling (4 threads)  96%|████████████████████████████▊ |  ETA: 0:41:44
Sampling (4 threads)  96%|█████████████████████████████ |  ETA: 0:36:29
Sampling (4 threads)  97%|█████████████████████████████▏|  ETA: 0:31:19
Sampling (4 threads)  98%|█████████████████████████████▎|  ETA: 0:26:10
Sampling (4 threads)  98%|█████████████████████████████▍|  ETA: 0:20:58
Sampling (4 threads)  98%|█████████████████████████████▌|  ETA: 0:15:43
Sampling (4 threads)  99%|█████████████████████████████▊|  ETA: 0:10:31
Sampling (4 threads) 100%|█████████████████████████████▉|  ETA: 0:05:16
Sampling (4 threads) 100%|██████████████████████████████| Time: 17:37:08
Sampling (4 threads) 100%|██████████████████████████████| Time: 17:37:09
ERROR: LoadError: MethodError: no method matching plotGraphs(::String, ::Vector{String}, ::Vector{RGB{Float64}}, ::Int64)

Closest candidates are:
  plotGraphs(::Any, ::Any, ::Any, ::Any, !Matched::Any)
   @ Main ~/bayesian/BC4/Bayes/wordType_experiments/plottingFuncs.jl:197

Stacktrace:
 [1] concludeAndPlot(m::Chains{Float64, AxisArray{Float64, 3, Array{Float64, 3}, Tuple{Axis{:iter, StepRange{Int64, Int64}}, Axis{:var, Vector{Symbol}}, Axis{:chain, UnitRange{Int64}}}}, Missing, @NamedTuple{parameters::Vector{Symbol}, internals::Vector{Symbol}}, @NamedTuple{varname_to_symbol::OrderedDict{AbstractPPL.VarName, Symbol}, start_time::Vector{Float64}, stop_time::Vector{Float64}, samplerstate::Vector{Nothing}}}, output_loc::String, pc::Int64, wordTypes::Vector{String}, cols::Vector{RGB{Float64}}, noPCS::Int64)
   @ Main ~/bayesian/BC4/Bayes/wordType_experiments/plottingFuncs.jl:21
 [2] runModel(model::DynamicPPL.Model{typeof(model_wl), (:participant, :word, :surprisal, :tags, :PCA, :ExpMean, :cauchyMean, :NUM_TYPES, :NUM_PARTICIPANTS, :wordLen), (), (), Tuple{Vector{Int64}, Vector{Float64}, Vector{Float64}, Vector{Int64}, Vector{Float64}, Float64, Float64, Int64, Int64, Vector{Float64}}, Tuple{}, DynamicPPL.DefaultContext}, df_modified::DataFrame, dfPCA::DataFrame, pc::Int64, NUM_PARTICIPANTS::Int64, NUM_WORDS::Int64, TYPE_STRUCTURE::String, NUM_TYPES::Int64, wordTypes::Vector{String}, cols::Vector{RGB{Float64}}, isPlotting::Int64, analyseEssRhat::Int64, output_loc::String, expMean::Float64, cauchyMean::Float64, noPCS::Int64, noInChain::Int64)
   @ Main ~/bayesian/BC4/Bayes/wordType_experiments/model_master.jl:131
 [3] top-level scope
   @ ~/bayesian/BC4/Bayes/wordType_experiments/models/wordLen/model.jl:13
in expression starting at /user/home/em18564/bayesian/BC4/Bayes/wordType_experiments/models/wordLen/model.jl:13
Sampling (4 threads)   0%|                              |  ETA: N/A
┌ Info: Found initial step size
└   ϵ = 0.00078125
┌ Info: Found initial step size
└   ϵ = 0.00625
┌ Info: Found initial step size
└   ϵ = 0.000390625
┌ Info: Found initial step size
└   ϵ = 0.0015625
Sampling (4 threads)   0%|▏                             |  ETA: 5:56:26
Sampling (4 threads)   1%|▎                             |  ETA: 2:57:32
Sampling (4 threads)   2%|▌                             |  ETA: 2:13:36
Sampling (4 threads)   2%|▋                             |  ETA: 1:39:42
Sampling (4 threads)   2%|▊                             |  ETA: 1:19:21
Sampling (4 threads)   3%|▉                             |  ETA: 2:17:38
Sampling (4 threads)   4%|█                             |  ETA: 1:57:22
Sampling (4 threads)   4%|█▎                            |  ETA: 1:42:10
Sampling (4 threads)   4%|█▍                            |  ETA: 6:05:41
Sampling (4 threads)   5%|█▌                            |  ETA: 5:27:23
Sampling (4 threads)   6%|█▋                            |  ETA: 4:56:03
Sampling (4 threads)   6%|█▊                            |  ETA: 4:29:57
Sampling (4 threads)   6%|██                            |  ETA: 8:45:54
Sampling (4 threads)   7%|██▏                           |  ETA: 8:05:44
Sampling (4 threads)   8%|██▎                           |  ETA: 9:35:29
Sampling (4 threads)   8%|██▍                           |  ETA: 8:56:36
Sampling (4 threads)   8%|██▌                           |  ETA: 10:55:46
Sampling (4 threads)   9%|██▊                           |  ETA: 10:15:57
Sampling (4 threads)  10%|██▉                           |  ETA: 9:40:19
Sampling (4 threads)  10%|███                           |  ETA: 11:02:12
Sampling (4 threads)  10%|███▏                          |  ETA: 10:27:10
Sampling (4 threads)  11%|███▎                          |  ETA: 11:49:30
Sampling (4 threads)  12%|███▌                          |  ETA: 11:14:51
Sampling (4 threads)  12%|███▋                          |  ETA: 10:43:04
Sampling (4 threads)  12%|███▊                          |  ETA: 11:58:37
Sampling (4 threads)  13%|███▉                          |  ETA: 11:27:01
Sampling (4 threads)  14%|████                          |  ETA: 12:02:31
Sampling (4 threads)  14%|████▎                         |  ETA: 11:32:41
Sampling (4 threads)  14%|████▍                         |  ETA: 12:48:46
Sampling (4 threads)  15%|████▌                         |  ETA: 12:18:47
Sampling (4 threads)  16%|████▋                         |  ETA: 11:50:45
Sampling (4 threads)  16%|████▊                         |  ETA: 12:23:21
Sampling (4 threads)  16%|█████                         |  ETA: 11:56:32
Sampling (4 threads)  17%|█████▏                        |  ETA: 12:25:57
Sampling (4 threads)  18%|█████▎                        |  ETA: 12:00:16
Sampling (4 threads)  18%|█████▍                        |  ETA: 12:51:53
Sampling (4 threads)  18%|█████▌                        |  ETA: 12:26:26
Sampling (4 threads)  19%|█████▊                        |  ETA: 13:27:07
Sampling (4 threads)  20%|█████▉                        |  ETA: 13:01:34
Sampling (4 threads)  20%|██████                        |  ETA: 12:37:18
Sampling (4 threads)  20%|██████▏                       |  ETA: 13:08:10
Sampling (4 threads)  21%|██████▎                       |  ETA: 12:44:34
Sampling (4 threads)  22%|██████▌                       |  ETA: 13:01:53
Sampling (4 threads)  22%|██████▋                       |  ETA: 12:39:15
Sampling (4 threads)  22%|██████▊                       |  ETA: 13:23:05
Sampling (4 threads)  23%|██████▉                       |  ETA: 13:00:34
Sampling (4 threads)  24%|███████                       |  ETA: 12:39:00
Sampling (4 threads)  24%|███████▎                      |  ETA: 12:18:19
Sampling (4 threads)  24%|███████▍                      |  ETA: 13:15:14
Sampling (4 threads)  25%|███████▌                      |  ETA: 12:54:10
Sampling (4 threads)  26%|███████▋                      |  ETA: 12:33:56
Sampling (4 threads)  26%|███████▊                      |  ETA: 13:00:25
Sampling (4 threads)  26%|████████                      |  ETA: 12:40:31
Sampling (4 threads)  27%|████████▏                     |  ETA: 12:21:22
Sampling (4 threads)  28%|████████▎                     |  ETA: 12:51:53
Sampling (4 threads)  28%|████████▍                     |  ETA: 12:32:52
Sampling (4 threads)  28%|████████▌                     |  ETA: 12:14:32
Sampling (4 threads)  29%|████████▊                     |  ETA: 12:49:58
Sampling (4 threads)  30%|████████▉                     |  ETA: 12:31:35
Sampling (4 threads)  30%|█████████                     |  ETA: 12:13:49
Sampling (4 threads)  30%|█████████▏                    |  ETA: 12:49:16
Sampling (4 threads)  31%|█████████▎                    |  ETA: 12:31:25
Sampling (4 threads)  32%|█████████▌                    |  ETA: 12:14:08
Sampling (4 threads)  32%|█████████▋                    |  ETA: 11:57:23
Sampling (4 threads)  32%|█████████▊                    |  ETA: 12:35:01
Sampling (4 threads)  33%|█████████▉                    |  ETA: 12:18:04
Sampling (4 threads)  34%|██████████                    |  ETA: 12:01:38
Sampling (4 threads)  34%|██████████▎                   |  ETA: 12:37:14
Sampling (4 threads)  34%|██████████▍                   |  ETA: 12:20:36
Sampling (4 threads)  35%|██████████▌                   |  ETA: 12:04:27
Sampling (4 threads)  36%|██████████▋                   |  ETA: 11:48:45
Sampling (4 threads)  36%|██████████▊                   |  ETA: 12:17:56
Sampling (4 threads)  36%|███████████                   |  ETA: 12:02:08
Sampling (4 threads)  37%|███████████▏                  |  ETA: 11:46:46
Sampling (4 threads)  38%|███████████▎                  |  ETA: 12:11:42
Sampling (4 threads)  38%|███████████▍                  |  ETA: 11:56:18
Sampling (4 threads)  38%|███████████▌                  |  ETA: 11:41:18
Sampling (4 threads)  39%|███████████▊                  |  ETA: 11:44:23
Sampling (4 threads)  40%|███████████▉                  |  ETA: 11:29:46
Sampling (4 threads)  40%|████████████                  |  ETA: 11:32:03
Sampling (4 threads)  40%|████████████▏                 |  ETA: 11:17:48
Sampling (4 threads)  41%|████████████▎                 |  ETA: 11:19:29
Sampling (4 threads)  42%|████████████▌                 |  ETA: 11:05:36
Sampling (4 threads)  42%|████████████▋                 |  ETA: 11:17:12
Sampling (4 threads)  42%|████████████▊                 |  ETA: 11:03:28
Sampling (4 threads)  43%|████████████▉                 |  ETA: 10:50:03
Sampling (4 threads)  44%|█████████████                 |  ETA: 10:51:07
Sampling (4 threads)  44%|█████████████▎                |  ETA: 10:38:01
Sampling (4 threads)  44%|█████████████▍                |  ETA: 10:51:36
Sampling (4 threads)  45%|█████████████▌                |  ETA: 10:38:33
Sampling (4 threads)  46%|█████████████▋                |  ETA: 10:25:48
Sampling (4 threads)  46%|█████████████▊                |  ETA: 10:41:36
Sampling (4 threads)  46%|██████████████                |  ETA: 10:28:50
Sampling (4 threads)  47%|██████████████▏               |  ETA: 10:16:20
Sampling (4 threads)  48%|██████████████▎               |  ETA: 10:04:05
Sampling (4 threads)  48%|██████████████▍               |  ETA: 10:18:12
Sampling (4 threads)  48%|██████████████▌               |  ETA: 10:05:57
Sampling (4 threads)  49%|██████████████▊               |  ETA: 9:53:56
Sampling (4 threads)  50%|██████████████▉               |  ETA: 10:03:53
Sampling (4 threads)  50%|███████████████               |  ETA: 9:51:55
Sampling (4 threads)  50%|███████████████▏              |  ETA: 9:40:12
Sampling (4 threads)  51%|███████████████▎              |  ETA: 9:42:00
Sampling (4 threads)  52%|███████████████▌              |  ETA: 9:30:29
Sampling (4 threads)  52%|███████████████▋              |  ETA: 9:34:36
Sampling (4 threads)  52%|███████████████▊              |  ETA: 9:23:12
Sampling (4 threads)  53%|███████████████▉              |  ETA: 9:26:46
Sampling (4 threads)  54%|████████████████              |  ETA: 9:15:30
Sampling (4 threads)  54%|████████████████▎             |  ETA: 9:23:53
Sampling (4 threads)  55%|████████████████▍             |  ETA: 9:12:39
Sampling (4 threads)  55%|████████████████▌             |  ETA: 9:01:36
Sampling (4 threads)  56%|████████████████▋             |  ETA: 8:50:46
Sampling (4 threads)  56%|████████████████▊             |  ETA: 8:55:20
Sampling (4 threads)  56%|█████████████████             |  ETA: 8:44:34
Sampling (4 threads)  57%|█████████████████▏            |  ETA: 8:33:59
Sampling (4 threads)  57%|█████████████████▎            |  ETA: 8:38:21
Sampling (4 threads)  58%|█████████████████▍            |  ETA: 8:27:50
Sampling (4 threads)  58%|█████████████████▌            |  ETA: 8:17:30
Sampling (4 threads)  59%|█████████████████▊            |  ETA: 8:23:48
Sampling (4 threads)  60%|█████████████████▉            |  ETA: 8:13:28
Sampling (4 threads)  60%|██████████████████            |  ETA: 8:03:19
Sampling (4 threads)  60%|██████████████████▏           |  ETA: 7:53:20
Sampling (4 threads)  61%|██████████████████▎           |  ETA: 7:54:15
Sampling (4 threads)  62%|██████████████████▌           |  ETA: 7:44:22
Sampling (4 threads)  62%|██████████████████▋           |  ETA: 7:46:26
Sampling (4 threads)  62%|██████████████████▊           |  ETA: 7:36:36
Sampling (4 threads)  63%|██████████████████▉           |  ETA: 7:33:18
Sampling (4 threads)  64%|███████████████████           |  ETA: 7:23:40
Sampling (4 threads)  64%|███████████████████▎          |  ETA: 7:14:10
Sampling (4 threads)  64%|███████████████████▍          |  ETA: 7:12:26
Sampling (4 threads)  65%|███████████████████▌          |  ETA: 7:03:04
Sampling (4 threads)  66%|███████████████████▋          |  ETA: 6:59:44
Sampling (4 threads)  66%|███████████████████▊          |  ETA: 6:50:31
Sampling (4 threads)  66%|████████████████████          |  ETA: 6:49:47
Sampling (4 threads)  67%|████████████████████▏         |  ETA: 6:40:40
Sampling (4 threads)  68%|████████████████████▎         |  ETA: 6:38:14
Sampling (4 threads)  68%|████████████████████▍         |  ETA: 6:29:14
Sampling (4 threads)  68%|████████████████████▌         |  ETA: 6:20:21
Sampling (4 threads)  69%|████████████████████▊         |  ETA: 6:22:27
Sampling (4 threads)  70%|████████████████████▉         |  ETA: 6:13:35
Sampling (4 threads)  70%|█████████████████████         |  ETA: 6:04:50
Sampling (4 threads)  70%|█████████████████████▏        |  ETA: 6:04:17
Sampling (4 threads)  71%|█████████████████████▎        |  ETA: 5:55:35
Sampling (4 threads)  72%|█████████████████████▌        |  ETA: 5:47:01
Sampling (4 threads)  72%|█████████████████████▋        |  ETA: 5:48:54
Sampling (4 threads)  72%|█████████████████████▊        |  ETA: 5:40:18
Sampling (4 threads)  73%|█████████████████████▉        |  ETA: 5:31:50
Sampling (4 threads)  74%|██████████████████████        |  ETA: 5:23:28
Sampling (4 threads)  74%|██████████████████████▎       |  ETA: 5:22:52
Sampling (4 threads)  74%|██████████████████████▍       |  ETA: 5:14:31
Sampling (4 threads)  75%|██████████████████████▌       |  ETA: 5:06:18
Sampling (4 threads)  76%|██████████████████████▋       |  ETA: 5:02:37
Sampling (4 threads)  76%|██████████████████████▊       |  ETA: 4:54:29
Sampling (4 threads)  76%|███████████████████████       |  ETA: 4:50:47
Sampling (4 threads)  77%|███████████████████████▏      |  ETA: 4:42:45
Sampling (4 threads)  78%|███████████████████████▎      |  ETA: 4:41:45
Sampling (4 threads)  78%|███████████████████████▍      |  ETA: 4:33:43
Sampling (4 threads)  78%|███████████████████████▌      |  ETA: 4:25:48
Sampling (4 threads)  79%|███████████████████████▊      |  ETA: 4:17:58
Sampling (4 threads)  80%|███████████████████████▉      |  ETA: 4:18:23
Sampling (4 threads)  80%|████████████████████████      |  ETA: 4:10:30
Sampling (4 threads)  80%|████████████████████████▏     |  ETA: 4:02:43
Sampling (4 threads)  81%|████████████████████████▎     |  ETA: 3:59:23
Sampling (4 threads)  82%|████████████████████████▌     |  ETA: 3:51:39
Sampling (4 threads)  82%|████████████████████████▋     |  ETA: 3:47:04
Sampling (4 threads)  82%|████████████████████████▊     |  ETA: 3:39:25
Sampling (4 threads)  83%|████████████████████████▉     |  ETA: 3:31:52
Sampling (4 threads)  84%|█████████████████████████     |  ETA: 3:28:29
Sampling (4 threads)  84%|█████████████████████████▎    |  ETA: 3:20:58
Sampling (4 threads)  84%|█████████████████████████▍    |  ETA: 3:13:32
Sampling (4 threads)  85%|█████████████████████████▌    |  ETA: 3:08:02
Sampling (4 threads)  86%|█████████████████████████▋    |  ETA: 3:00:42
Sampling (4 threads)  86%|█████████████████████████▊    |  ETA: 2:55:09
Sampling (4 threads)  86%|██████████████████████████    |  ETA: 2:47:56
Sampling (4 threads)  87%|██████████████████████████▏   |  ETA: 2:43:23
Sampling (4 threads)  88%|██████████████████████████▎   |  ETA: 2:36:12
Sampling (4 threads)  88%|██████████████████████████▍   |  ETA: 2:31:24
Sampling (4 threads)  88%|██████████████████████████▌   |  ETA: 2:24:16
Sampling (4 threads)  89%|██████████████████████████▊   |  ETA: 2:17:14
Sampling (4 threads)  90%|██████████████████████████▉   |  ETA: 2:11:52
Sampling (4 threads)  90%|███████████████████████████   |  ETA: 2:04:53
Sampling (4 threads)  90%|███████████████████████████▏  |  ETA: 1:57:59
Sampling (4 threads)  91%|███████████████████████████▎  |  ETA: 1:52:22
Sampling (4 threads)  92%|███████████████████████████▌  |  ETA: 1:45:32
Sampling (4 threads)  92%|███████████████████████████▋  |  ETA: 1:39:49
Sampling (4 threads)  92%|███████████████████████████▊  |  ETA: 1:33:04
Sampling (4 threads)  93%|███████████████████████████▉  |  ETA: 1:27:17
Sampling (4 threads)  94%|████████████████████████████  |  ETA: 1:20:37
Sampling (4 threads)  94%|████████████████████████████▎ |  ETA: 1:15:01
Sampling (4 threads)  94%|████████████████████████████▍ |  ETA: 1:08:24
Sampling (4 threads)  95%|████████████████████████████▌ |  ETA: 1:01:51
Sampling (4 threads)  96%|████████████████████████████▋ |  ETA: 0:55:26
Sampling (4 threads)  96%|████████████████████████████▊ |  ETA: 0:49:24
Sampling (4 threads)  96%|█████████████████████████████ |  ETA: 0:43:11
Sampling (4 threads)  97%|█████████████████████████████▏|  ETA: 0:36:59
Sampling (4 threads)  98%|█████████████████████████████▎|  ETA: 0:30:47
Sampling (4 threads)  98%|█████████████████████████████▍|  ETA: 0:24:36
Sampling (4 threads)  98%|█████████████████████████████▌|  ETA: 0:18:28
Sampling (4 threads)  99%|█████████████████████████████▊|  ETA: 0:12:23
Sampling (4 threads) 100%|█████████████████████████████▉|  ETA: 0:06:13
Sampling (4 threads) 100%|██████████████████████████████| Time: 20:48:32
Sampling (4 threads) 100%|██████████████████████████████| Time: 20:48:32
Sampling (4 threads)   0%|                              |  ETA: N/A
┌ Info: Found initial step size
└   ϵ = 0.00078125
┌ Info: Found initial step size
└   ϵ = 0.0015625
┌ Info: Found initial step size
└   ϵ = 0.0015625
┌ Info: Found initial step size
└   ϵ = 0.00078125
Sampling (4 threads)   0%|▏                             |  ETA: 5:50:39
Sampling (4 threads)   1%|▎                             |  ETA: 2:54:34
Sampling (4 threads)   2%|▌                             |  ETA: 1:55:48
Sampling (4 threads)   2%|▋                             |  ETA: 1:41:30
Sampling (4 threads)   2%|▊                             |  ETA: 1:20:47
Sampling (4 threads)   3%|▉                             |  ETA: 1:06:59
Sampling (4 threads)   4%|█                             |  ETA: 2:32:13
Sampling (4 threads)   4%|█▎                            |  ETA: 2:12:30
Sampling (4 threads)   4%|█▍                            |  ETA: 6:14:01
Sampling (4 threads)   5%|█▌                            |  ETA: 5:34:51
Sampling (4 threads)   6%|█▋                            |  ETA: 5:02:49
Sampling (4 threads)   6%|█▊                            |  ETA: 8:04:58
Sampling (4 threads)   6%|██                            |  ETA: 7:25:17
Sampling (4 threads)   7%|██▏                           |  ETA: 9:58:59
Sampling (4 threads)   8%|██▎                           |  ETA: 9:16:02
Sampling (4 threads)   8%|██▍                           |  ETA: 8:38:28
Sampling (4 threads)   8%|██▌                           |  ETA: 10:13:34
Sampling (4 threads)   9%|██▊                           |  ETA: 9:36:19
Sampling (4 threads)  10%|██▉                           |  ETA: 10:55:31
Sampling (4 threads)  10%|███                           |  ETA: 10:19:18
Sampling (4 threads)  10%|███▏                          |  ETA: 11:07:06
Sampling (4 threads)  11%|███▎                          |  ETA: 10:33:13
Sampling (4 threads)  12%|███▌                          |  ETA: 12:05:32
Sampling (4 threads)  12%|███▋                          |  ETA: 11:31:23
Sampling (4 threads)  12%|███▊                          |  ETA: 10:59:57
Sampling (4 threads)  13%|███▉                          |  ETA: 12:25:12
Sampling (4 threads)  14%|████                          |  ETA: 11:53:28
Sampling (4 threads)  14%|████▎                         |  ETA: 11:24:01
Sampling (4 threads)  14%|████▍                         |  ETA: 12:23:14
Sampling (4 threads)  15%|████▌                         |  ETA: 11:54:16
Sampling (4 threads)  16%|████▋                         |  ETA: 11:27:09
Sampling (4 threads)  16%|████▊                         |  ETA: 12:46:24
Sampling (4 threads)  16%|█████                         |  ETA: 12:18:46
Sampling (4 threads)  17%|█████▏                        |  ETA: 11:52:44
Sampling (4 threads)  18%|█████▎                        |  ETA: 11:28:12
Sampling (4 threads)  18%|█████▍                        |  ETA: 12:39:20
Sampling (4 threads)  18%|█████▌                        |  ETA: 12:14:18
Sampling (4 threads)  19%|█████▊                        |  ETA: 12:57:55
Sampling (4 threads)  20%|█████▉                        |  ETA: 12:33:18
Sampling (4 threads)  20%|██████                        |  ETA: 13:08:53
Sampling (4 threads)  20%|██████▏                       |  ETA: 12:44:50
Sampling (4 threads)  21%|██████▎                       |  ETA: 12:21:55
Sampling (4 threads)  22%|██████▌                       |  ETA: 13:24:28
Sampling (4 threads)  22%|██████▋                       |  ETA: 13:01:11
Sampling (4 threads)  22%|██████▊                       |  ETA: 12:38:55
Sampling (4 threads)  23%|██████▉                       |  ETA: 12:17:38
Sampling (4 threads)  24%|███████                       |  ETA: 13:04:13
Sampling (4 threads)  24%|███████▎                      |  ETA: 12:42:52
Sampling (4 threads)  24%|███████▍                      |  ETA: 12:22:23
Sampling (4 threads)  25%|███████▌                      |  ETA: 13:02:21
Sampling (4 threads)  26%|███████▋                      |  ETA: 12:41:54
Sampling (4 threads)  26%|███████▊                      |  ETA: 12:22:14
Sampling (4 threads)  26%|████████                      |  ETA: 12:47:26
Sampling (4 threads)  27%|████████▏                     |  ETA: 12:28:06
Sampling (4 threads)  28%|████████▎                     |  ETA: 12:54:15
Sampling (4 threads)  28%|████████▍                     |  ETA: 12:35:11
Sampling (4 threads)  28%|████████▌                     |  ETA: 12:16:47
Sampling (4 threads)  29%|████████▊                     |  ETA: 11:59:01
Sampling (4 threads)  30%|████████▉                     |  ETA: 12:19:03
Sampling (4 threads)  30%|█████████                     |  ETA: 12:01:34
Sampling (4 threads)  30%|█████████▏                    |  ETA: 12:26:58
Sampling (4 threads)  31%|█████████▎                    |  ETA: 12:09:38
Sampling (4 threads)  32%|█████████▌                    |  ETA: 11:52:51
Sampling (4 threads)  32%|█████████▋                    |  ETA: 11:36:35
Sampling (4 threads)  32%|█████████▊                    |  ETA: 12:04:34
Sampling (4 threads)  33%|█████████▉                    |  ETA: 11:48:18
Sampling (4 threads)  34%|██████████                    |  ETA: 11:32:32
Sampling (4 threads)  34%|██████████▎                   |  ETA: 11:58:27
Sampling (4 threads)  34%|██████████▍                   |  ETA: 11:42:40
Sampling (4 threads)  35%|██████████▌                   |  ETA: 11:46:57
Sampling (4 threads)  36%|██████████▋                   |  ETA: 11:31:37
Sampling (4 threads)  36%|██████████▊                   |  ETA: 11:55:26
Sampling (4 threads)  36%|███████████                   |  ETA: 11:40:08
Sampling (4 threads)  37%|███████████▏                  |  ETA: 11:25:14
Sampling (4 threads)  38%|███████████▎                  |  ETA: 11:40:28
Sampling (4 threads)  38%|███████████▍                  |  ETA: 11:25:43
Sampling (4 threads)  38%|███████████▌                  |  ETA: 11:11:22
Sampling (4 threads)  39%|███████████▊                  |  ETA: 11:20:17
Sampling (4 threads)  40%|███████████▉                  |  ETA: 11:06:10
Sampling (4 threads)  40%|████████████                  |  ETA: 11:12:10
Sampling (4 threads)  40%|████████████▏                 |  ETA: 10:58:21
Sampling (4 threads)  41%|████████████▎                 |  ETA: 11:20:46
Sampling (4 threads)  42%|████████████▌                 |  ETA: 11:06:52
Sampling (4 threads)  42%|████████████▋                 |  ETA: 10:53:18
Sampling (4 threads)  42%|████████████▊                 |  ETA: 11:05:02
Sampling (4 threads)  43%|████████████▉                 |  ETA: 10:51:35
Sampling (4 threads)  44%|█████████████                 |  ETA: 10:55:39
Sampling (4 threads)  44%|█████████████▎                |  ETA: 10:42:28
Sampling (4 threads)  44%|█████████████▍                |  ETA: 10:44:32
Sampling (4 threads)  45%|█████████████▌                |  ETA: 10:31:38
Sampling (4 threads)  46%|█████████████▋                |  ETA: 10:42:21
Sampling (4 threads)  46%|█████████████▊                |  ETA: 10:29:33
Sampling (4 threads)  46%|██████████████                |  ETA: 10:17:00
Sampling (4 threads)  47%|██████████████▏               |  ETA: 10:04:44
Sampling (4 threads)  48%|██████████████▎               |  ETA: 10:17:49
Sampling (4 threads)  48%|██████████████▍               |  ETA: 10:05:34
Sampling (4 threads)  48%|██████████████▌               |  ETA: 10:13:44
Sampling (4 threads)  49%|██████████████▊               |  ETA: 10:01:35
Sampling (4 threads)  50%|██████████████▉               |  ETA: 9:49:40
Sampling (4 threads)  50%|███████████████               |  ETA: 9:55:42
Sampling (4 threads)  50%|███████████████▏              |  ETA: 9:43:54
Sampling (4 threads)  51%|███████████████▎              |  ETA: 9:32:20
Sampling (4 threads)  52%|███████████████▌              |  ETA: 9:38:09
Sampling (4 threads)  52%|███████████████▋              |  ETA: 9:26:41
Sampling (4 threads)  52%|███████████████▊              |  ETA: 9:15:26
Sampling (4 threads)  53%|███████████████▉              |  ETA: 9:29:19
Sampling (4 threads)  54%|████████████████              |  ETA: 9:18:00
Sampling (4 threads)  54%|████████████████▎             |  ETA: 9:06:53
Sampling (4 threads)  55%|████████████████▍             |  ETA: 8:55:59
Sampling (4 threads)  55%|████████████████▌             |  ETA: 9:04:13
Sampling (4 threads)  56%|████████████████▋             |  ETA: 8:53:19
Sampling (4 threads)  56%|████████████████▊             |  ETA: 8:56:45
Sampling (4 threads)  56%|█████████████████             |  ETA: 8:45:57
Sampling (4 threads)  57%|█████████████████▏            |  ETA: 8:35:21
Sampling (4 threads)  57%|█████████████████▎            |  ETA: 8:38:49
Sampling (4 threads)  58%|█████████████████▍            |  ETA: 8:28:17
Sampling (4 threads)  58%|█████████████████▌            |  ETA: 8:17:57
Sampling (4 threads)  59%|█████████████████▊            |  ETA: 8:21:36
Sampling (4 threads)  60%|█████████████████▉            |  ETA: 8:11:19
Sampling (4 threads)  60%|██████████████████            |  ETA: 8:01:13
Sampling (4 threads)  60%|██████████████████▏           |  ETA: 8:09:17
Sampling (4 threads)  61%|██████████████████▎           |  ETA: 7:59:07
Sampling (4 threads)  62%|██████████████████▌           |  ETA: 7:49:08
Sampling (4 threads)  62%|██████████████████▋           |  ETA: 7:39:19
Sampling (4 threads)  62%|██████████████████▊           |  ETA: 7:43:10
Sampling (4 threads)  63%|██████████████████▉           |  ETA: 7:33:22
Sampling (4 threads)  64%|███████████████████           |  ETA: 7:23:43
Sampling (4 threads)  64%|███████████████████▎          |  ETA: 7:23:05
Sampling (4 threads)  64%|███████████████████▍          |  ETA: 7:13:32
Sampling (4 threads)  65%|███████████████████▌          |  ETA: 7:16:38
Sampling (4 threads)  66%|███████████████████▋          |  ETA: 7:07:07
Sampling (4 threads)  66%|███████████████████▊          |  ETA: 6:57:44
Sampling (4 threads)  66%|████████████████████          |  ETA: 6:57:58
Sampling (4 threads)  67%|████████████████████▏         |  ETA: 6:48:40
Sampling (4 threads)  68%|████████████████████▎         |  ETA: 6:51:05
Sampling (4 threads)  68%|████████████████████▍         |  ETA: 6:41:47
Sampling (4 threads)  68%|████████████████████▌         |  ETA: 6:32:37
Sampling (4 threads)  69%|████████████████████▊         |  ETA: 6:30:44
Sampling (4 threads)  70%|████████████████████▉         |  ETA: 6:21:40
Sampling (4 threads)  70%|█████████████████████         |  ETA: 6:21:05
Sampling (4 threads)  70%|█████████████████████▏        |  ETA: 6:12:05
Sampling (4 threads)  71%|█████████████████████▎        |  ETA: 6:03:12
Sampling (4 threads)  72%|█████████████████████▌        |  ETA: 6:04:22
Sampling (4 threads)  72%|█████████████████████▋        |  ETA: 5:55:29
Sampling (4 threads)  72%|█████████████████████▊        |  ETA: 5:46:44
Sampling (4 threads)  73%|█████████████████████▉        |  ETA: 5:38:06
Sampling (4 threads)  74%|██████████████████████        |  ETA: 5:35:10
Sampling (4 threads)  74%|██████████████████████▎       |  ETA: 5:26:37
Sampling (4 threads)  74%|██████████████████████▍       |  ETA: 5:24:16
Sampling (4 threads)  75%|██████████████████████▌       |  ETA: 5:15:48
Sampling (4 threads)  76%|██████████████████████▋       |  ETA: 5:13:26
Sampling (4 threads)  76%|██████████████████████▊       |  ETA: 5:05:01
Sampling (4 threads)  76%|███████████████████████       |  ETA: 4:56:43
Sampling (4 threads)  77%|███████████████████████▏      |  ETA: 4:53:15
Sampling (4 threads)  78%|███████████████████████▎      |  ETA: 4:45:01
Sampling (4 threads)  78%|███████████████████████▍      |  ETA: 4:42:44
Sampling (4 threads)  78%|███████████████████████▌      |  ETA: 4:34:33
Sampling (4 threads)  79%|███████████████████████▊      |  ETA: 4:26:28
Sampling (4 threads)  80%|███████████████████████▉      |  ETA: 4:23:53
Sampling (4 threads)  80%|████████████████████████      |  ETA: 4:15:50
Sampling (4 threads)  80%|████████████████████████▏     |  ETA: 4:07:53
Sampling (4 threads)  81%|████████████████████████▎     |  ETA: 4:06:15
Sampling (4 threads)  82%|████████████████████████▌     |  ETA: 3:58:18
Sampling (4 threads)  82%|████████████████████████▋     |  ETA: 3:50:27
Sampling (4 threads)  82%|████████████████████████▊     |  ETA: 3:45:31
Sampling (4 threads)  83%|████████████████████████▉     |  ETA: 3:37:45
Sampling (4 threads)  84%|█████████████████████████     |  ETA: 3:33:01
Sampling (4 threads)  84%|█████████████████████████▎    |  ETA: 3:25:19
Sampling (4 threads)  84%|█████████████████████████▍    |  ETA: 3:19:33
Sampling (4 threads)  85%|█████████████████████████▌    |  ETA: 3:11:58
Sampling (4 threads)  86%|█████████████████████████▋    |  ETA: 3:08:14
Sampling (4 threads)  86%|█████████████████████████▊    |  ETA: 3:00:41
Sampling (4 threads)  86%|██████████████████████████    |  ETA: 2:53:14
Sampling (4 threads)  87%|██████████████████████████▏   |  ETA: 2:48:47
Sampling (4 threads)  88%|██████████████████████████▎   |  ETA: 2:41:22
Sampling (4 threads)  88%|██████████████████████████▍   |  ETA: 2:34:02
Sampling (4 threads)  88%|██████████████████████████▌   |  ETA: 2:26:47
Sampling (4 threads)  89%|██████████████████████████▊   |  ETA: 2:22:03
Sampling (4 threads)  90%|██████████████████████████▉   |  ETA: 2:14:50
Sampling (4 threads)  90%|███████████████████████████   |  ETA: 2:07:42
Sampling (4 threads)  90%|███████████████████████████▏  |  ETA: 2:01:09
Sampling (4 threads)  91%|███████████████████████████▎  |  ETA: 1:55:00
Sampling (4 threads)  92%|███████████████████████████▌  |  ETA: 1:48:36
Sampling (4 threads)  92%|███████████████████████████▋  |  ETA: 1:42:21
Sampling (4 threads)  92%|███████████████████████████▊  |  ETA: 1:35:50
Sampling (4 threads)  93%|███████████████████████████▉  |  ETA: 1:29:51
Sampling (4 threads)  94%|████████████████████████████  |  ETA: 1:23:22
Sampling (4 threads)  94%|████████████████████████████▎ |  ETA: 1:17:08
Sampling (4 threads)  94%|████████████████████████████▍ |  ETA: 1:10:38
Sampling (4 threads)  95%|████████████████████████████▌ |  ETA: 1:04:18
Sampling (4 threads)  96%|████████████████████████████▋ |  ETA: 0:57:48
Sampling (4 threads)  96%|████████████████████████████▊ |  ETA: 0:51:22
Sampling (4 threads)  96%|█████████████████████████████ |  ETA: 0:44:59
Sampling (4 threads)  97%|█████████████████████████████▏|  ETA: 0:38:23
Sampling (4 threads)  98%|█████████████████████████████▎|  ETA: 0:31:58
Sampling (4 threads)  98%|█████████████████████████████▍|  ETA: 0:25:33
Sampling (4 threads)  98%|█████████████████████████████▌|  ETA: 0:19:12
Sampling (4 threads)  99%|█████████████████████████████▊|  ETA: 0:12:48
Sampling (4 threads) 100%|█████████████████████████████▉|  ETA: 0:06:26
Sampling (4 threads) 100%|██████████████████████████████| Time: 21:34:38
Sampling (4 threads) 100%|██████████████████████████████| Time: 21:34:39
Sampling (4 threads)   0%|                              |  ETA: N/A
┌ Info: Found initial step size
└   ϵ = 0.000390625
┌ Info: Found initial step size
└   ϵ = 0.00625
┌ Info: Found initial step size
└   ϵ = 0.00625
┌ Info: Found initial step size
└   ϵ = 9.765625e-5
Sampling (4 threads)   0%|▏                             |  ETA: 3:30:17
Sampling (4 threads)   1%|▎                             |  ETA: 1:44:43
Sampling (4 threads)   2%|▌                             |  ETA: 2:20:47
Sampling (4 threads)   2%|▋                             |  ETA: 1:45:03
Sampling (4 threads)   2%|▊                             |  ETA: 1:23:37
Sampling (4 threads)   3%|▉                             |  ETA: 2:14:47
Sampling (4 threads)   4%|█                             |  ETA: 1:54:56
Sampling (4 threads)   4%|█▎                            |  ETA: 1:40:03
Sampling (4 threads)   4%|█▍                            |  ETA: 1:28:28
Sampling (4 threads)   5%|█▌                            |  ETA: 2:46:26
Sampling (4 threads)   6%|█▋                            |  ETA: 2:30:31
Sampling (4 threads)   6%|█▊                            |  ETA: 4:22:09
Sampling (4 threads)   6%|██                            |  ETA: 4:00:42
Sampling (4 threads)   7%|██▏                           |  ETA: 5:34:45
Sampling (4 threads)   8%|██▎                           |  ETA: 5:10:45
Sampling (4 threads)   8%|██▍                           |  ETA: 4:49:45
Sampling (4 threads)   8%|██▌                           |  ETA: 4:31:14
Sampling (4 threads)   9%|██▊                           |  ETA: 5:08:55
Sampling (4 threads)  10%|██▉                           |  ETA: 4:51:03
Sampling (4 threads)  10%|███                           |  ETA: 5:56:17
Sampling (4 threads)  10%|███▏                          |  ETA: 5:37:26
Sampling (4 threads)  11%|███▎                          |  ETA: 5:20:18
Sampling (4 threads)  12%|███▌                          |  ETA: 5:46:37
Sampling (4 threads)  12%|███▋                          |  ETA: 5:30:18
Sampling (4 threads)  12%|███▊                          |  ETA: 6:22:29
Sampling (4 threads)  13%|███▉                          |  ETA: 6:05:40
Sampling (4 threads)  14%|████                          |  ETA: 5:50:06
Sampling (4 threads)  14%|████▎                         |  ETA: 5:35:39
Sampling (4 threads)  14%|████▍                         |  ETA: 6:23:46
Sampling (4 threads)  15%|████▌                         |  ETA: 6:08:49
Sampling (4 threads)  16%|████▋                         |  ETA: 5:54:49
Sampling (4 threads)  16%|████▊                         |  ETA: 6:14:42
Sampling (4 threads)  16%|█████                         |  ETA: 6:01:11
Sampling (4 threads)  17%|█████▏                        |  ETA: 6:25:47
Sampling (4 threads)  18%|█████▎                        |  ETA: 6:12:30
Sampling (4 threads)  18%|█████▍                        |  ETA: 5:59:58
Sampling (4 threads)  18%|█████▌                        |  ETA: 6:26:44
Sampling (4 threads)  19%|█████▊                        |  ETA: 6:14:15
Sampling (4 threads)  20%|█████▉                        |  ETA: 6:02:24
Sampling (4 threads)  20%|██████                        |  ETA: 5:51:09
Sampling (4 threads)  20%|██████▏                       |  ETA: 6:15:12
Sampling (4 threads)  21%|██████▎                       |  ETA: 6:03:58
Sampling (4 threads)  22%|██████▌                       |  ETA: 5:53:15
Sampling (4 threads)  22%|██████▋                       |  ETA: 6:11:01
Sampling (4 threads)  22%|██████▊                       |  ETA: 6:00:27
Sampling (4 threads)  23%|██████▉                       |  ETA: 5:50:20
Sampling (4 threads)  24%|███████                       |  ETA: 6:01:33
Sampling (4 threads)  24%|███████▎                      |  ETA: 5:51:42
Sampling (4 threads)  24%|███████▍                      |  ETA: 5:42:16
Sampling (4 threads)  25%|███████▌                      |  ETA: 6:04:25
Sampling (4 threads)  26%|███████▋                      |  ETA: 5:54:54
Sampling (4 threads)  26%|███████▊                      |  ETA: 5:45:44
Sampling (4 threads)  26%|████████                      |  ETA: 6:00:18
Sampling (4 threads)  27%|████████▏                     |  ETA: 5:51:13
Sampling (4 threads)  28%|████████▎                     |  ETA: 5:58:41
Sampling (4 threads)  28%|████████▍                     |  ETA: 5:49:51
Sampling (4 threads)  28%|████████▌                     |  ETA: 6:00:29
Sampling (4 threads)  29%|████████▊                     |  ETA: 5:51:48
Sampling (4 threads)  30%|████████▉                     |  ETA: 5:43:24
Sampling (4 threads)  30%|█████████                     |  ETA: 5:49:11
Sampling (4 threads)  30%|█████████▏                    |  ETA: 5:41:01
Sampling (4 threads)  31%|█████████▎                    |  ETA: 5:41:47
Sampling (4 threads)  32%|█████████▌                    |  ETA: 5:33:56
Sampling (4 threads)  32%|█████████▋                    |  ETA: 5:45:48
Sampling (4 threads)  32%|█████████▊                    |  ETA: 5:37:58
Sampling (4 threads)  33%|█████████▉                    |  ETA: 5:30:23
Sampling (4 threads)  34%|██████████                    |  ETA: 5:23:01
Sampling (4 threads)  34%|██████████▎                   |  ETA: 5:36:04
Sampling (4 threads)  34%|██████████▍                   |  ETA: 5:28:41
Sampling (4 threads)  35%|██████████▌                   |  ETA: 5:21:31
Sampling (4 threads)  36%|██████████▋                   |  ETA: 5:32:19
Sampling (4 threads)  36%|██████████▊                   |  ETA: 5:25:10
Sampling (4 threads)  36%|███████████                   |  ETA: 5:18:12
Sampling (4 threads)  37%|███████████▏                  |  ETA: 5:24:48
Sampling (4 threads)  38%|███████████▎                  |  ETA: 5:17:56
Sampling (4 threads)  38%|███████████▍                  |  ETA: 5:29:54
Sampling (4 threads)  38%|███████████▌                  |  ETA: 5:23:00
Sampling (4 threads)  39%|███████████▊                  |  ETA: 5:16:16
Sampling (4 threads)  40%|███████████▉                  |  ETA: 5:29:12
Sampling (4 threads)  40%|████████████                  |  ETA: 5:22:24
Sampling (4 threads)  40%|████████████▏                 |  ETA: 5:15:46
Sampling (4 threads)  41%|████████████▎                 |  ETA: 5:22:33
Sampling (4 threads)  42%|████████████▌                 |  ETA: 5:15:58
Sampling (4 threads)  42%|████████████▋                 |  ETA: 5:09:32
Sampling (4 threads)  42%|████████████▊                 |  ETA: 5:13:29
Sampling (4 threads)  43%|████████████▉                 |  ETA: 5:07:09
Sampling (4 threads)  44%|█████████████                 |  ETA: 5:15:18
Sampling (4 threads)  44%|█████████████▎                |  ETA: 5:08:57
Sampling (4 threads)  44%|█████████████▍                |  ETA: 5:02:45
Sampling (4 threads)  45%|█████████████▌                |  ETA: 5:10:53
Sampling (4 threads)  46%|█████████████▋                |  ETA: 5:04:40
Sampling (4 threads)  46%|█████████████▊                |  ETA: 4:58:36
Sampling (4 threads)  46%|██████████████                |  ETA: 5:05:27
Sampling (4 threads)  47%|██████████████▏               |  ETA: 4:59:23
Sampling (4 threads)  48%|██████████████▎               |  ETA: 4:53:26
Sampling (4 threads)  48%|██████████████▍               |  ETA: 4:47:37
Sampling (4 threads)  48%|██████████████▌               |  ETA: 4:56:53
Sampling (4 threads)  49%|██████████████▊               |  ETA: 4:51:00
Sampling (4 threads)  50%|██████████████▉               |  ETA: 4:45:14
Sampling (4 threads)  50%|███████████████               |  ETA: 4:52:09
Sampling (4 threads)  50%|███████████████▏              |  ETA: 4:46:22
Sampling (4 threads)  51%|███████████████▎              |  ETA: 4:40:41
Sampling (4 threads)  52%|███████████████▌              |  ETA: 4:41:43
Sampling (4 threads)  52%|███████████████▋              |  ETA: 4:36:08
Sampling (4 threads)  52%|███████████████▊              |  ETA: 4:41:31
Sampling (4 threads)  53%|███████████████▉              |  ETA: 4:35:55
Sampling (4 threads)  54%|████████████████              |  ETA: 4:30:26
Sampling (4 threads)  54%|████████████████▎             |  ETA: 4:25:03
Sampling (4 threads)  55%|████████████████▍             |  ETA: 4:26:06
Sampling (4 threads)  55%|████████████████▌             |  ETA: 4:20:47
Sampling (4 threads)  56%|████████████████▋             |  ETA: 4:24:05
Sampling (4 threads)  56%|████████████████▊             |  ETA: 4:18:47
Sampling (4 threads)  56%|█████████████████             |  ETA: 4:13:35
Sampling (4 threads)  57%|█████████████████▏            |  ETA: 4:17:08
Sampling (4 threads)  57%|█████████████████▎            |  ETA: 4:11:56
Sampling (4 threads)  58%|█████████████████▍            |  ETA: 4:06:49
Sampling (4 threads)  58%|█████████████████▌            |  ETA: 4:06:10
Sampling (4 threads)  59%|█████████████████▊            |  ETA: 4:01:08
Sampling (4 threads)  60%|█████████████████▉            |  ETA: 4:01:08
Sampling (4 threads)  60%|██████████████████            |  ETA: 3:56:11
Sampling (4 threads)  60%|██████████████████▏           |  ETA: 3:58:49
Sampling (4 threads)  61%|██████████████████▎           |  ETA: 3:53:51
Sampling (4 threads)  62%|██████████████████▌           |  ETA: 3:48:59
Sampling (4 threads)  62%|██████████████████▋           |  ETA: 3:44:11
Sampling (4 threads)  62%|██████████████████▊           |  ETA: 3:46:38
Sampling (4 threads)  63%|██████████████████▉           |  ETA: 3:41:50
Sampling (4 threads)  64%|███████████████████           |  ETA: 3:37:07
Sampling (4 threads)  64%|███████████████████▎          |  ETA: 3:39:59
Sampling (4 threads)  64%|███████████████████▍          |  ETA: 3:35:15
Sampling (4 threads)  65%|███████████████████▌          |  ETA: 3:30:35
Sampling (4 threads)  66%|███████████████████▋          |  ETA: 3:26:00
Sampling (4 threads)  66%|███████████████████▊          |  ETA: 3:27:33
Sampling (4 threads)  66%|████████████████████          |  ETA: 3:22:58
Sampling (4 threads)  67%|████████████████████▏         |  ETA: 3:23:45
Sampling (4 threads)  68%|████████████████████▎         |  ETA: 3:19:11
Sampling (4 threads)  68%|████████████████████▍         |  ETA: 3:14:41
Sampling (4 threads)  68%|████████████████████▌         |  ETA: 3:10:14
Sampling (4 threads)  69%|████████████████████▊         |  ETA: 3:11:30
Sampling (4 threads)  70%|████████████████████▉         |  ETA: 3:07:04
Sampling (4 threads)  70%|█████████████████████         |  ETA: 3:02:41
Sampling (4 threads)  70%|█████████████████████▏        |  ETA: 3:00:52
Sampling (4 threads)  71%|█████████████████████▎        |  ETA: 2:56:33
Sampling (4 threads)  72%|█████████████████████▌        |  ETA: 2:56:38
Sampling (4 threads)  72%|█████████████████████▋        |  ETA: 2:52:20
Sampling (4 threads)  72%|█████████████████████▊        |  ETA: 2:48:05
Sampling (4 threads)  73%|█████████████████████▉        |  ETA: 2:47:58
Sampling (4 threads)  74%|██████████████████████        |  ETA: 2:43:44
Sampling (4 threads)  74%|██████████████████████▎       |  ETA: 2:39:34
Sampling (4 threads)  74%|██████████████████████▍       |  ETA: 2:39:58
Sampling (4 threads)  75%|██████████████████████▌       |  ETA: 2:35:47
Sampling (4 threads)  76%|██████████████████████▋       |  ETA: 2:31:39
Sampling (4 threads)  76%|██████████████████████▊       |  ETA: 2:27:35
Sampling (4 threads)  76%|███████████████████████       |  ETA: 2:27:07
Sampling (4 threads)  77%|███████████████████████▏      |  ETA: 2:23:03
Sampling (4 threads)  78%|███████████████████████▎      |  ETA: 2:20:48
Sampling (4 threads)  78%|███████████████████████▍      |  ETA: 2:16:48
Sampling (4 threads)  78%|███████████████████████▌      |  ETA: 2:14:29
Sampling (4 threads)  79%|███████████████████████▊      |  ETA: 2:10:31
Sampling (4 threads)  80%|███████████████████████▉      |  ETA: 2:09:27
Sampling (4 threads)  80%|████████████████████████      |  ETA: 2:05:31
Sampling (4 threads)  80%|████████████████████████▏     |  ETA: 2:01:37
Sampling (4 threads)  81%|████████████████████████▎     |  ETA: 1:57:46
Sampling (4 threads)  82%|████████████████████████▌     |  ETA: 1:56:48
Sampling (4 threads)  82%|████████████████████████▋     |  ETA: 1:52:57
Sampling (4 threads)  82%|████████████████████████▊     |  ETA: 1:49:09
Sampling (4 threads)  83%|████████████████████████▉     |  ETA: 1:47:29
Sampling (4 threads)  84%|█████████████████████████     |  ETA: 1:43:41
Sampling (4 threads)  84%|█████████████████████████▎    |  ETA: 1:39:57
Sampling (4 threads)  84%|█████████████████████████▍    |  ETA: 1:38:27
Sampling (4 threads)  85%|█████████████████████████▌    |  ETA: 1:34:43
Sampling (4 threads)  86%|█████████████████████████▋    |  ETA: 1:31:02
Sampling (4 threads)  86%|█████████████████████████▊    |  ETA: 1:29:21
Sampling (4 threads)  86%|██████████████████████████    |  ETA: 1:25:40
Sampling (4 threads)  87%|██████████████████████████▏   |  ETA: 1:22:01
Sampling (4 threads)  88%|██████████████████████████▎   |  ETA: 1:18:25
Sampling (4 threads)  88%|██████████████████████████▍   |  ETA: 1:16:12
Sampling (4 threads)  88%|██████████████████████████▌   |  ETA: 1:12:37
Sampling (4 threads)  89%|██████████████████████████▊   |  ETA: 1:09:04
Sampling (4 threads)  90%|██████████████████████████▉   |  ETA: 1:06:40
Sampling (4 threads)  90%|███████████████████████████   |  ETA: 1:03:09
Sampling (4 threads)  90%|███████████████████████████▏  |  ETA: 0:59:39
Sampling (4 threads)  91%|███████████████████████████▎  |  ETA: 0:57:13
Sampling (4 threads)  92%|███████████████████████████▌  |  ETA: 0:53:44
Sampling (4 threads)  92%|███████████████████████████▋  |  ETA: 0:50:18
Sampling (4 threads)  92%|███████████████████████████▊  |  ETA: 0:46:54
Sampling (4 threads)  93%|███████████████████████████▉  |  ETA: 0:44:18
Sampling (4 threads)  94%|████████████████████████████  |  ETA: 0:40:55
Sampling (4 threads)  94%|████████████████████████████▎ |  ETA: 0:37:34
Sampling (4 threads)  94%|████████████████████████████▍ |  ETA: 0:34:30
Sampling (4 threads)  95%|████████████████████████████▌ |  ETA: 0:31:13
Sampling (4 threads)  96%|████████████████████████████▋ |  ETA: 0:28:09
Sampling (4 threads)  96%|████████████████████████████▊ |  ETA: 0:24:59
Sampling (4 threads)  96%|█████████████████████████████ |  ETA: 0:21:57
Sampling (4 threads)  97%|█████████████████████████████▏|  ETA: 0:18:50
Sampling (4 threads)  98%|█████████████████████████████▎|  ETA: 0:15:38
Sampling (4 threads)  98%|█████████████████████████████▍|  ETA: 0:12:30
Sampling (4 threads)  98%|█████████████████████████████▌|  ETA: 0:09:22
Sampling (4 threads)  99%|█████████████████████████████▊|  ETA: 0:06:16
Sampling (4 threads) 100%|█████████████████████████████▉|  ETA: 0:03:08
Sampling (4 threads) 100%|██████████████████████████████| Time: 10:27:19
Sampling (4 threads) 100%|██████████████████████████████| Time: 10:27:19
ERROR: LoadError: MethodError: no method matching plotGraphs(::String, ::Vector{String}, ::Vector{RGB{Float64}}, ::Int64)

Closest candidates are:
  plotGraphs(::Any, ::Any, ::Any, ::Any, !Matched::Any)
   @ Main ~/bayesian/BC4/Bayes/wordType_experiments/plottingFuncs.jl:197

Stacktrace:
 [1] concludeAndPlot(m::Chains{Float64, AxisArray{Float64, 3, Array{Float64, 3}, Tuple{Axis{:iter, StepRange{Int64, Int64}}, Axis{:var, Vector{Symbol}}, Axis{:chain, UnitRange{Int64}}}}, Missing, @NamedTuple{parameters::Vector{Symbol}, internals::Vector{Symbol}}, @NamedTuple{varname_to_symbol::OrderedDict{AbstractPPL.VarName, Symbol}, start_time::Vector{Float64}, stop_time::Vector{Float64}, samplerstate::Vector{Nothing}}}, output_loc::String, pc::Int64, wordTypes::Vector{String}, cols::Vector{RGB{Float64}}, noPCS::Int64)
   @ Main ~/bayesian/BC4/Bayes/wordType_experiments/plottingFuncs.jl:21
 [2] runModel(model::DynamicPPL.Model{typeof(model_wl), (:participant, :word, :surprisal, :tags, :PCA, :ExpMean, :cauchyMean, :NUM_TYPES, :NUM_PARTICIPANTS, :wordLen), (), (), Tuple{Vector{Int64}, Vector{Float64}, Vector{Float64}, Vector{Int64}, Vector{Float64}, Float64, Float64, Int64, Int64, Vector{Float64}}, Tuple{}, DynamicPPL.DefaultContext}, df_modified::DataFrame, dfPCA::DataFrame, pc::Int64, NUM_PARTICIPANTS::Int64, NUM_WORDS::Int64, TYPE_STRUCTURE::String, NUM_TYPES::Int64, wordTypes::Vector{String}, cols::Vector{RGB{Float64}}, isPlotting::Int64, analyseEssRhat::Int64, output_loc::String, expMean::Float64, cauchyMean::Float64, noPCS::Int64, noInChain::Int64)
   @ Main ~/bayesian/BC4/Bayes/wordType_experiments/model_master.jl:131
 [3] top-level scope
   @ ~/bayesian/BC4/Bayes/wordType_experiments/models/wordLen/model.jl:13
in expression starting at /user/home/em18564/bayesian/BC4/Bayes/wordType_experiments/models/wordLen/model.jl:13
