label,ess,rhat
Overall,471.8512235609432,1.0104572191240573
as,290.5817750010528,1.0119496905807057
bs,644.8000146579692,1.0096563437152264
σs,520.1110368455569,1.0064459620467117
ws,332.5254658049392,1.0187705091019934
ps,495.9847774574303,1.0082914882903542
es,364.84690841100246,1.0166864751025604
σ,1199.358359901497,1.0021943074495636
