label,ess,rhat
Overall,1022.6142130880232,1.0047788098235828
as,695.7640294933321,1.003398486887419
bs,1416.7344007474094,1.0064215733988706
σs,632.4481895127934,1.0032566541166674
ws,640.6794335928536,1.0067794935209446
ps,1132.5506035880487,1.0043161709429531
es,655.6139793715273,1.00489858858226
σ,1062.8852904618336,1.002737714208113
