label,ess,rhat
Overall,776.7696616309707,1.006034189707386
as,625.2573207895698,1.0070637700219713
bs,976.4491608130425,1.0041561119531681
σs,497.40014325508116,1.0109554748572536
ws,580.5375307772835,1.0090907680861778
ps,830.3948746251361,1.0052842427954252
es,589.5619285993535,1.0060079851131298
σ,931.9604742185181,1.0054051101245143
