param,value
Exponential mean,4.833333333333333
Cauchy mean,4.833333333333333
