label,ess,rhat
Overall,536.944170917968,1.006255533003823
as,456.09253630804295,1.0057392385522357
bs,651.4753919486526,1.0053786202229227
σs,415.6976598032341,1.011271079040778
ws,440.65367756157025,1.0081508706653335
ps,576.3506280759921,1.0051900115801424
es,414.1834293544015,1.0113419846316778
σ,913.3836882132483,1.0010421348256802
