label,ess,rhat
Overall,616.8904396025014,1.0072141328431037
as,466.7046888782198,1.0094151115298446
bs,818.1993319909283,1.0046454155946238
σs,432.847129611578,1.0085379916653658
ws,522.6289429277955,1.0060159220611913
ps,657.8022720402759,1.007382953479854
es,520.1412468128684,1.0124013865085884
σ,877.8191418961004,1.0068288183395868
