label,ess,rhat
Overall,439.8595052309821,1.0097594863967807
as,334.82235966869644,1.0083647909000437
bs,557.1430716738789,1.0093607458947704
σs,395.77239006078196,1.0162158559922712
ws,369.0985803607466,1.0107861332577954
ps,467.3539860048213,1.0087229178736565
es,269.05991165771866,1.0161672597893898
σ,915.7332907005145,1.0115749588806149
