label,ess,rhat
Overall,57.43167066439199,1.6175450388528205
as,68.8033712244656,1.4225750875849041
bs,16.121144225677202,1.8083844054422273
σs,165.21144382750035,1.6324151436954573
ws,31.582564335853352,1.4899329066094247
ps,42.405420793167686,1.6694434068869621
es,63.03133257880873,1.937241399995346
σ,747.1041194298541,1.1601403346008479
