label,ess,rhat
Overall,6.231435706252663,2.3670004250811534
as,5.844799266159669,2.699903357389253
bs,6.827139299276895,2.0101953037363876
σs,5.478793955700223,2.453048305613149
ws,7.660856340001458,1.9478681738708
ps,5.668923564600173,2.5185482287456527
es,4.823682680802987,3.1744481979003965
σ,6.519209835131292,1.8414489986899183
