label,ess,rhat
Overall,488.28343386873007,1.0084002962366436
as,375.8651963264842,1.0112861920023428
bs,611.6112096312715,1.0054136611989741
σs,449.00909627566625,1.0087629576157366
ws,383.0474735483029,1.010105186142351
ps,522.9021610044058,1.007638124027922
es,359.85110838107505,1.010819455424163
σ,1107.8927031615974,1.0029197764198854
