label,ess,rhat
Overall,452.8926781983858,1.0075612929964168
as,428.4635531652643,1.0081202917579934
bs,486.9717087278924,1.00508058142545
σs,418.15301841139933,1.014479459110221
ws,409.0463793361643,1.009651335695817
ps,460.4300120988892,1.0066890243644622
es,384.10370052476344,1.0052585338741862
σ,920.6555384791999,1.0097652832788888
