label,ess,rhat
Overall,520.0699765711918,1.006308951535856
as,387.52776000864026,1.0066133625430103
bs,672.3157226041777,1.0047364925411606
σs,405.78950564267325,1.0136636298635984
ws,363.9950811761826,1.0114365715779494
ps,556.2316354111081,1.0050730353468789
es,376.72892906565505,1.007270540669038
σ,943.8911920063882,1.0021783098352928
