label,ess,rhat
Overall,948.3404857805934,1.0068106000960004
as,613.2492958610811,1.0091851765923212
bs,1348.3543432804704,1.0047030840482845
σs,571.7890138144796,1.0052616494940907
ws,617.7457045038907,1.0045544639895276
ps,1037.8972417573266,1.0074014973678203
es,603.091773206346,1.0096151359714036
σ,1307.2509993663327,0.9999120925754966
