label,ess,rhat
Overall,723.9433328548243,1.0043110120482197
as,560.5135714820921,1.0043900259766874
bs,919.5344377279813,1.0040059598493258
σs,537.407540552363,1.0056220340166893
ws,483.5299122867137,1.0055345960277806
ps,785.343592181085,1.0040021542344715
es,492.1591950524986,1.0055102810299217
σ,1125.2602076163018,1.0020546413899982
