label,ess,rhat
Overall,734.6176943883703,1.0068894389030156
as,560.1447313372197,1.0066734414278027
bs,964.7719104725769,1.0060723930675521
σs,411.66642679664903,1.0128810901049417
ws,568.1976672198257,1.0069249528445305
ps,779.9594528362485,1.0071433758380632
es,520.3356260265712,1.0031209983134102
σ,983.8177516363713,1.0018111799017648
