param,value
Exponential mean,0.4052631578947368
Cauchy mean,1.0157894736842106
