label,ess,rhat
Overall,551.8397125120713,1.0040619191229385
as,497.01177608223225,1.003779172338278
bs,625.6806833993747,1.0033626058584788
σs,483.39278846519875,1.0075973352997722
ws,500.70909335534094,1.004989962166968
ps,558.34066842732,1.003766985013121
es,526.986503621511,1.0011427650166038
σ,1046.088706377489,1.0064319976625142
