label,ess,rhat
Overall,463.9436085614198,1.0057740842264025
as,354.14903952469905,1.0033538807286182
bs,569.6647475216151,1.0068403437904712
σs,478.6079568369122,1.0106482823877765
ws,429.5027243229053,1.0074376773703426
ps,463.978060336877,1.005049167678477
es,401.5585721823453,1.0047412810312322
σ,1001.1085460198599,1.0067244031355218
