label,ess,rhat
Overall,615.7604894248061,1.005682341634616
as,616.0001988174577,1.0033785694585537
bs,668.7005433913205,1.005595585257995
σs,424.31334133180917,1.014288244424273
ws,523.2540820928854,1.0088661270453145
ps,648.9993541103147,1.004306254040162
es,546.6922590999311,1.0061641331357123
σ,999.7633562343794,1.0022916111598286
