label,ess,rhat
Overall,686.1380442869065,1.0044692145661989
as,541.8748444898745,1.0037986902911473
bs,854.0248600930838,1.0048929253235892
σs,549.1210714338662,1.0059007329686356
ws,501.39505435814704,1.0068126046913755
ps,733.7342741324102,1.0035501350951224
es,431.1579030135639,1.0128528780167123
σ,1128.395173394536,1.0036970207747204
