param,value
Exponential mean,2.236842105263158
Cauchy mean,0.4052631578947368
