label,ess,rhat
Overall,575.5221554785871,1.0052408555693835
as,486.561767154644,1.0060026995540172
bs,696.2101155234582,1.0037197558435755
σs,461.302897283247,1.0079741762376093
ws,502.35161185993456,1.0071035152872032
ps,600.6252368611193,1.0042795890244334
es,484.5401798109414,1.0081869781642845
σ,982.8525142918782,1.0019896239344446
