label,ess,rhat
Overall,676.8069674377207,1.0041930139166972
as,581.3755569959885,1.0042432922124227
bs,837.8461486733763,1.0031740495822439
σs,440.6189925795954,1.0076802836561192
ws,592.6076231644878,1.0035992463244003
ps,709.8150311823746,1.0046237581491724
es,573.1223043090306,1.0014422450574787
σ,1036.3587676128925,1.0056204126983572
