label,ess,rhat
Overall,509.0955543670085,1.005446177437283
as,447.91972716462095,1.0036193996166796
bs,609.3765896580429,1.0064180375194447
σs,368.31680524787987,1.0085238812956725
ws,463.0373205621784,1.0067214401490623
ps,523.2411625110901,1.004967184259296
es,503.587417340396,1.0042794004900244
σ,705.0248223320721,1.0049304014181055
