label,ess,rhat
Overall,736.2833148901898,1.004871128655071
as,554.1529420956662,1.0040436733855662
bs,960.6975174031032,1.0053546214539328
σs,491.0371025235287,1.0068661109847996
ws,559.2132606560511,1.0074082006291112
ps,784.444520979489,1.0042125754600273
es,490.79190250632666,1.0082812282149431
σ,1040.368898181214,0.9992166192089561
