label,ess,rhat
Overall,704.3404433884406,1.0044490515705273
as,536.0628964890959,1.0048682616237492
bs,899.246345419173,1.0034892734327667
σs,549.8959836263917,1.0075843464608532
ws,536.8205065657314,1.0068006914713674
ps,744.367804842494,1.0039641221635573
es,520.0885206928535,1.0023351534633693
σ,1161.770180857558,1.0037337805093176
