label,ess,rhat
Overall,711.8169920764037,1.004368787134519
as,579.1514224107725,1.0056112336306762
bs,872.9799829547466,1.0030685354483866
σs,546.5319490426759,1.0047040572363766
ws,566.0580821111037,1.005071350782133
ps,747.8519948364701,1.0041627387334564
es,601.6307427878329,1.0057789425785841
σ,951.6162777539479,1.0030080357260411
