label,ess,rhat
Overall,470.7013064869606,1.0100438912067211
as,346.7003484892397,1.0151120369258622
bs,609.4341573046198,1.0041682160144025
σs,385.2563281313181,1.0147275621511496
ws,316.03558462544845,1.0138116605255287
ps,504.84682574926865,1.0091614266798479
es,389.60822248580496,1.01181419442443
σ,849.8912122366283,1.0036483502355402
