label,ess,rhat
Overall,811.9938714491794,1.0048011604872684
as,661.0011590877994,1.0038720357738156
bs,1027.6918515538857,1.0043399357373555
σs,436.7033185378853,1.012865187374786
ws,550.3012809086505,1.0093094471486246
ps,880.5674381136372,1.0037063961549075
es,654.5365628211299,1.0031651837311455
σ,975.6883752976436,1.006522362016565
