label,ess,rhat
Overall,478.5334651685182,1.006255977398079
as,397.5813474097164,1.0062188775514516
bs,565.6595696662804,1.0059336023052086
σs,456.3071129082611,1.0075500871802738
ws,440.3728640448273,1.0075406712682013
ps,476.86602306607267,1.0053968329525205
es,457.3419100561491,1.0126444931776106
σ,1022.1972835411333,1.0004003749820782
