label,ess,rhat
Overall,948.0375895153843,1.004581028150347
as,718.925374931931,1.0044719073221835
bs,1259.7262571935887,1.0035340900694478
σs,469.0941615658268,1.0112861698229134
ws,592.396386926814,1.0061663861273649
ps,1047.8047960800354,1.0043524323620534
es,674.9905530028425,1.0017918282370752
σ,973.0001785000555,1.0021077300907815
