label,ess,rhat
Overall,446.90073165647595,1.0071628502164185
as,384.84573454757646,1.0082498439231184
bs,517.2867545033631,1.005148516893129
σs,398.58078237614643,1.012541419992638
ws,324.8182788379327,1.0112099433370376
ps,475.59191221744345,1.0058803125563418
es,274.704915042575,1.0165545519807608
σ,879.1051317803564,1.0013761369239853
