label,ess,rhat
Overall,887.7637524903494,1.0034617112246424
as,591.6875008672575,1.0036678994479395
bs,1252.6980039869125,1.002820924494939
σs,488.3873532242177,1.0059823825617975
ws,580.7509108044454,1.0067900104968157
ps,977.4246451015938,1.0027618898859758
es,576.9623660994594,1.0017959769135207
σ,889.7977801632537,1.0004450128368119
