param,value
Exponential mean,1.7789473684210526
Cauchy mean,2.389473684210526
