label,ess,rhat
Overall,647.4134574681531,1.005344811638527
as,568.3351357041095,1.0044058833759426
bs,769.8062475499919,1.0050942327366845
σs,491.48137152409083,1.009627037430466
ws,558.7544181799027,1.0064635353584472
ps,678.0305755712056,1.004816945808155
es,571.3675587482917,1.006482507169852
σ,1067.3686556875164,1.0033692475265092
