label,ess,rhat
Overall,536.391614384003,1.0051738365606446
as,441.3210838477235,1.0065095976472453
bs,643.4593674293574,1.0033914314100703
σs,493.20161335133196,1.0067817551909513
ws,462.32775874581506,1.0049010923771042
ps,557.739738015785,1.0052064786307513
es,434.8152173829766,1.005198510572365
σ,1073.2594616179756,1.0075487249169284
