label,ess,rhat
Overall,622.596188315104,1.0050311279816708
as,557.9364254113857,1.004240889332628
bs,740.425775276712,1.003828764339237
σs,431.1848217067004,1.0122044962309862
ws,529.478159721389,1.0093503494672056
ps,660.7117978585801,1.0031848457377743
es,540.4070895708007,1.0029253730460679
σ,913.3848807979062,1.0054153183677699
