label,ess,rhat
Overall,492.0982257032535,1.009701108500477
as,412.9142669175012,1.011372517113879
bs,577.9817451737613,1.006736246925817
σs,467.9798072381338,1.014357539161006
ws,411.0109791346144,1.0111901118572668
ps,522.7361111845668,1.009089508422253
es,373.3096476739303,1.0129974933846917
σ,906.1373180714261,1.0011419004843947
