label,ess,rhat
Overall,1087.6493331316888,1.0056825628563812
as,753.7814501697666,1.0078380068677484
bs,1490.9142597685955,1.0032853934012869
σs,685.1464798167776,1.007084570429999
ws,712.6284038728937,1.0046052514400463
ps,1180.1543117340557,1.0062355337998565
es,1226.4537246827826,0.9995578024412505
σ,870.0527282214263,1.0043172153958464
