label,ess,rhat
Overall,1038.0637072062004,1.0042809483243356
as,879.2818946980893,1.0055772094273272
bs,1242.084613000829,1.0033269571203347
σs,775.6769661444008,1.0022957829101895
ws,834.4895764343356,1.0038743427782837
ps,1078.296639821395,1.004634337790953
es,1233.9495459743948,1.0006667094445132
σ,1158.0008334028641,0.9994259982389729
