label,ess,rhat
Overall,958.0630930941336,1.0038242307363892
as,813.1185032215463,1.0027211980307014
bs,1148.52524794483,1.0052861070551404
σs,694.0612162210992,1.0017429377806228
ws,600.0210735205718,1.0039228780869738
ps,1055.575284117084,1.0038264374948753
es,743.2759545424299,1.0046557229453994
σ,1003.5564359786731,1.0008715537040092
