label,ess,rhat
Overall,1329.4318706634342,1.0050382940197824
as,901.7675254173962,1.0046314184779133
bs,1875.0568380672712,1.004550468505961
σs,645.2602621481999,1.0102275601427897
ws,676.3831396584093,1.0068061867359577
ps,1512.045825519907,1.0047406012604045
es,1039.2832790018585,0.9995761417465694
σ,980.8439929362025,1.0090371384222367
