label,ess,rhat
Overall,497.9695909047238,1.0070549126402673
as,388.18121814345096,1.0107994816902202
bs,610.4738582472037,1.003960413758764
σs,488.1923704123792,1.0047146600338495
ws,445.14970028799354,1.0089805752130665
ps,521.9068133179761,1.0059947520699664
es,353.4339911112556,1.0112388089625783
σ,798.511695147866,1.0031433439498898
