label,ess,rhat
Overall,508.09973191257006,1.0061776658540738
as,422.35389492508176,1.0075964321981958
bs,600.4280363361066,1.0036642390057235
σs,484.40284914279545,1.010118443669295
ws,417.99075390587785,1.007083204917255
ps,537.0961897567901,1.0056515278429852
es,421.8016650723725,1.0090962236392795
σ,1008.0956977235494,1.0031536698137984
