label,ess,rhat
Overall,688.2862843096892,1.005763223364405
as,628.8753704045863,1.006100804929117
bs,796.6260751501418,1.0043511294484864
σs,512.1423273424301,1.0096314678287495
ws,594.6745183351877,1.00794464539431
ps,718.4303332353552,1.0049054628016
es,662.0501877209966,1.004354262342699
σ,1080.3543971137767,1.0047058556818942
