label,ess,rhat
Overall,661.0097767104303,1.0056018487242477
as,588.0029532525554,1.0044312080522848
bs,800.9420137541834,1.0044656731275208
σs,420.07828780126863,1.0139063872915326
ws,538.3834398852533,1.0069850735016737
ps,712.762188069489,1.0053629851368873
es,604.8329168458501,1.003839481965954
σ,899.3168430061879,0.998738338183103
