cpu-bind=MASK - bp1-compute135, task  0  0 [3527796]: mask 0x180000001800 set
Running on host bp1-compute152
Running on host bp1-compute152
Time is Tue Aug 4 15:04:50 BST 2026
Time is Tue Aug 4 15:04:50 BST 2026
Directory is /user/home/em18564/bayesian/BC4/Bayes/wordType_experiments/models/Z_totallyPooled
Directory is /user/home/em18564/bayesian/BC4/Bayes/wordType_experiments/models/Z_totallyPooled
Slurm job ID is 18265742
Slurm job ID is 18265743
This job runs on the following machines:
This job runs on the following machines:
bp1-compute152
bp1-compute152
Running on host bp1-compute173
Time is Tue Aug 4 15:04:51 BST 2026
Directory is /user/home/em18564/bayesian/BC4/Bayes/wordType_experiments/models/Z_totallyPooled
Slurm job ID is 18265752
This job runs on the following machines:
bp1-compute173
Running on host bp1-compute173
Time is Tue Aug 4 15:04:51 BST 2026
Directory is /user/home/em18564/bayesian/BC4/Bayes/wordType_experiments/models/Z_totallyPooled
Slurm job ID is 18265751
This job runs on the following machines:
bp1-compute173
Running on host bp1-compute135
Time is Tue Aug 4 15:04:51 BST 2026
Directory is /user/home/em18564/bayesian/BC4/Bayes/wordType_experiments/models/Z_totallyPooled
Slurm job ID is 18265737
This job runs on the following machines:
bp1-compute135
Running on host bp1-compute171
Time is Tue Aug 4 15:04:51 BST 2026
Directory is /user/home/em18564/bayesian/BC4/Bayes/wordType_experiments/models/Z_totallyPooled
Slurm job ID is 18265750
This job runs on the following machines:
bp1-compute171
Running on host bp1-compute134
Time is Tue Aug 4 15:04:51 BST 2026
Directory is /user/home/em18564/bayesian/BC4/Bayes/wordType_experiments/models/Z_totallyPooled
Slurm job ID is 18265736
This job runs on the following machines:
bp1-compute134
┌ Warning: Runtime invalidation was disabled, but the CPU info is out-of-date.
│ Will continue with incorrect CPU name (from build time).
└ @ HostCPUFeatures ~/.julia/packages/HostCPUFeatures/ZTXz4/src/cpu_info.jl:71
┌ Warning: Runtime invalidation was disabled, but the CPU info is out-of-date.
│ Will continue with incorrect CPU feature flag: +avx512vnni.
└ @ HostCPUFeatures ~/.julia/packages/HostCPUFeatures/ZTXz4/src/cpu_info.jl:56
┌ Warning: Runtime invalidation was disabled, but the CPU info is out-of-date.
│ Will continue with incorrect CPU feature flag: -rtm.
└ @ HostCPUFeatures ~/.julia/packages/HostCPUFeatures/ZTXz4/src/cpu_info.jl:56
Sampling (4 threads)   0%|                              |  ETA: N/A
┌ Info: Found initial step size
└   ϵ = 0.0015625
┌ Info: Found initial step size
└   ϵ = 0.000390625
┌ Info: Found initial step size
└   ϵ = 0.00625
┌ Info: Found initial step size
└   ϵ = 0.00625
Sampling (4 threads)   0%|▏                             |  ETA: 1:45:58
Sampling (4 threads)   1%|▎                             |  ETA: 0:52:48
Sampling (4 threads)   2%|▌                             |  ETA: 0:35:01
Sampling (4 threads)   2%|▋                             |  ETA: 0:27:31
Sampling (4 threads)   2%|▊                             |  ETA: 0:21:54
Sampling (4 threads)   3%|▉                             |  ETA: 0:20:20
Sampling (4 threads)   4%|█                             |  ETA: 0:17:21
Sampling (4 threads)   4%|█▎                            |  ETA: 0:15:06
Sampling (4 threads)   4%|█▍                            |  ETA: 0:13:21
Sampling (4 threads)   5%|█▌                            |  ETA: 0:14:30
Sampling (4 threads)   6%|█▋                            |  ETA: 0:13:07
Sampling (4 threads)   6%|█▊                            |  ETA: 0:11:57
Sampling (4 threads)   6%|██                            |  ETA: 0:13:25
Sampling (4 threads)   7%|██▏                           |  ETA: 0:12:24
Sampling (4 threads)   8%|██▎                           |  ETA: 0:11:30
Sampling (4 threads)   8%|██▍                           |  ETA: 0:12:41
Sampling (4 threads)   8%|██▌                           |  ETA: 0:11:53
Sampling (4 threads)   9%|██▊                           |  ETA: 0:11:09
Sampling (4 threads)  10%|██▉                           |  ETA: 0:16:10
Sampling (4 threads)  10%|███                           |  ETA: 0:15:17
Sampling (4 threads)  10%|███▏                          |  ETA: 0:14:28
Sampling (4 threads)  11%|███▎                          |  ETA: 0:17:32
Sampling (4 threads)  12%|███▌                          |  ETA: 0:16:40
Sampling (4 threads)  12%|███▋                          |  ETA: 0:15:53
Sampling (4 threads)  12%|███▊                          |  ETA: 0:18:29
Sampling (4 threads)  13%|███▉                          |  ETA: 0:17:40
Sampling (4 threads)  14%|████                          |  ETA: 0:16:55
Sampling (4 threads)  14%|████▎                         |  ETA: 0:19:01
Sampling (4 threads)  14%|████▍                         |  ETA: 0:18:15
Sampling (4 threads)  15%|████▌                         |  ETA: 0:17:32
Sampling (4 threads)  16%|████▋                         |  ETA: 0:22:37
Sampling (4 threads)  16%|████▊                         |  ETA: 0:21:47
Sampling (4 threads)  16%|█████                         |  ETA: 0:21:00
Sampling (4 threads)  17%|█████▏                        |  ETA: 0:20:15
Sampling (4 threads)  18%|█████▎                        |  ETA: 0:20:15
Sampling (4 threads)  18%|█████▍                        |  ETA: 0:19:34
Sampling (4 threads)  18%|█████▌                        |  ETA: 0:20:04
Sampling (4 threads)  19%|█████▊                        |  ETA: 0:19:25
Sampling (4 threads)  20%|█████▉                        |  ETA: 0:19:26
Sampling (4 threads)  20%|██████                        |  ETA: 0:18:50
Sampling (4 threads)  20%|██████▏                       |  ETA: 0:22:35
Sampling (4 threads)  21%|██████▎                       |  ETA: 0:21:55
Sampling (4 threads)  22%|██████▌                       |  ETA: 0:21:16
Sampling (4 threads)  22%|██████▋                       |  ETA: 0:20:39
Sampling (4 threads)  22%|██████▊                       |  ETA: 0:23:16
Sampling (4 threads)  23%|██████▉                       |  ETA: 0:22:37
Sampling (4 threads)  24%|███████                       |  ETA: 0:22:00
Sampling (4 threads)  24%|███████▎                      |  ETA: 0:21:54
Sampling (4 threads)  24%|███████▍                      |  ETA: 0:21:18
Sampling (4 threads)  25%|███████▌                      |  ETA: 0:22:20
Sampling (4 threads)  26%|███████▋                      |  ETA: 0:21:45
Sampling (4 threads)  26%|███████▊                      |  ETA: 0:21:11
Sampling (4 threads)  26%|████████                      |  ETA: 0:20:39
Sampling (4 threads)  27%|████████▏                     |  ETA: 0:21:33
Sampling (4 threads)  28%|████████▎                     |  ETA: 0:21:01
Sampling (4 threads)  28%|████████▍                     |  ETA: 0:21:13
Sampling (4 threads)  28%|████████▌                     |  ETA: 0:20:42
Sampling (4 threads)  29%|████████▊                     |  ETA: 0:20:58
Sampling (4 threads)  30%|████████▉                     |  ETA: 0:20:28
Sampling (4 threads)  30%|█████████                     |  ETA: 0:21:39
Sampling (4 threads)  30%|█████████▏                    |  ETA: 0:21:09
Sampling (4 threads)  31%|█████████▎                    |  ETA: 0:20:39
Sampling (4 threads)  32%|█████████▌                    |  ETA: 0:21:31
Sampling (4 threads)  32%|█████████▋                    |  ETA: 0:21:01
Sampling (4 threads)  32%|█████████▊                    |  ETA: 0:20:33
Sampling (4 threads)  33%|█████████▉                    |  ETA: 0:22:40
Sampling (4 threads)  34%|██████████                    |  ETA: 0:22:09
Sampling (4 threads)  34%|██████████▎                   |  ETA: 0:21:40
Sampling (4 threads)  34%|██████████▍                   |  ETA: 0:23:25
Sampling (4 threads)  35%|██████████▌                   |  ETA: 0:22:55
Sampling (4 threads)  36%|██████████▋                   |  ETA: 0:25:29
Sampling (4 threads)  36%|██████████▊                   |  ETA: 0:24:56
Sampling (4 threads)  36%|███████████                   |  ETA: 0:24:24
Sampling (4 threads)  37%|███████████▏                  |  ETA: 0:25:15
Sampling (4 threads)  38%|███████████▎                  |  ETA: 0:24:43
Sampling (4 threads)  38%|███████████▍                  |  ETA: 0:26:50
Sampling (4 threads)  38%|███████████▌                  |  ETA: 0:26:16
Sampling (4 threads)  39%|███████████▊                  |  ETA: 0:25:43
Sampling (4 threads)  40%|███████████▉                  |  ETA: 0:28:13
Sampling (4 threads)  40%|████████████                  |  ETA: 0:27:38
Sampling (4 threads)  40%|████████████▏                 |  ETA: 0:27:04
Sampling (4 threads)  41%|████████████▎                 |  ETA: 0:28:34
Sampling (4 threads)  42%|████████████▌                 |  ETA: 0:27:59
Sampling (4 threads)  42%|████████████▋                 |  ETA: 0:27:25
Sampling (4 threads)  42%|████████████▊                 |  ETA: 0:29:39
Sampling (4 threads)  43%|████████████▉                 |  ETA: 0:29:03
Sampling (4 threads)  44%|█████████████                 |  ETA: 0:28:28
Sampling (4 threads)  44%|█████████████▎                |  ETA: 0:27:53
Sampling (4 threads)  44%|█████████████▍                |  ETA: 0:28:18
Sampling (4 threads)  45%|█████████████▌                |  ETA: 0:27:44
Sampling (4 threads)  46%|█████████████▋                |  ETA: 0:29:36
Sampling (4 threads)  46%|█████████████▊                |  ETA: 0:29:00
Sampling (4 threads)  46%|██████████████                |  ETA: 0:28:26
Sampling (4 threads)  47%|██████████████▏               |  ETA: 0:29:23
Sampling (4 threads)  48%|██████████████▎               |  ETA: 0:28:48
Sampling (4 threads)  48%|██████████████▍               |  ETA: 0:28:14
Sampling (4 threads)  48%|██████████████▌               |  ETA: 0:27:40
Sampling (4 threads)  49%|██████████████▊               |  ETA: 0:28:09
Sampling (4 threads)  50%|██████████████▉               |  ETA: 0:27:36
Sampling (4 threads)  50%|███████████████               |  ETA: 0:27:03
Sampling (4 threads)  50%|███████████████▏              |  ETA: 0:28:04
Sampling (4 threads)  51%|███████████████▎              |  ETA: 0:27:30
Sampling (4 threads)  52%|███████████████▌              |  ETA: 0:26:58
Sampling (4 threads)  52%|███████████████▋              |  ETA: 0:28:04
Sampling (4 threads)  52%|███████████████▊              |  ETA: 0:27:31
Sampling (4 threads)  53%|███████████████▉              |  ETA: 0:28:28
Sampling (4 threads)  54%|████████████████              |  ETA: 0:27:54
Sampling (4 threads)  54%|████████████████▎             |  ETA: 0:27:21
Sampling (4 threads)  55%|████████████████▍             |  ETA: 0:26:48
Sampling (4 threads)  55%|████████████████▌             |  ETA: 0:27:26
Sampling (4 threads)  56%|████████████████▋             |  ETA: 0:26:53
Sampling (4 threads)  56%|████████████████▊             |  ETA: 0:26:48
Sampling (4 threads)  56%|█████████████████             |  ETA: 0:26:16
Sampling (4 threads)  57%|█████████████████▏            |  ETA: 0:26:54
Sampling (4 threads)  57%|█████████████████▎            |  ETA: 0:26:21
Sampling (4 threads)  58%|█████████████████▍            |  ETA: 0:25:49
Sampling (4 threads)  58%|█████████████████▌            |  ETA: 0:26:16
Sampling (4 threads)  59%|█████████████████▊            |  ETA: 0:25:43
Sampling (4 threads)  60%|█████████████████▉            |  ETA: 0:25:12
Sampling (4 threads)  60%|██████████████████            |  ETA: 0:26:20
Sampling (4 threads)  60%|██████████████████▏           |  ETA: 0:25:48
Sampling (4 threads)  61%|██████████████████▎           |  ETA: 0:25:16
Sampling (4 threads)  62%|██████████████████▌           |  ETA: 0:24:44
Sampling (4 threads)  62%|██████████████████▋           |  ETA: 0:24:57
Sampling (4 threads)  62%|██████████████████▊           |  ETA: 0:24:26
Sampling (4 threads)  63%|██████████████████▉           |  ETA: 0:24:52
Sampling (4 threads)  64%|███████████████████           |  ETA: 0:24:20
Sampling (4 threads)  64%|███████████████████▎          |  ETA: 0:23:49
Sampling (4 threads)  64%|███████████████████▍          |  ETA: 0:24:09
Sampling (4 threads)  65%|███████████████████▌          |  ETA: 0:23:38
Sampling (4 threads)  66%|███████████████████▋          |  ETA: 0:23:07
Sampling (4 threads)  66%|███████████████████▊          |  ETA: 0:23:26
Sampling (4 threads)  66%|████████████████████          |  ETA: 0:22:55
Sampling (4 threads)  67%|████████████████████▏         |  ETA: 0:22:25
Sampling (4 threads)  68%|████████████████████▎         |  ETA: 0:21:54
Sampling (4 threads)  68%|████████████████████▍         |  ETA: 0:22:17
Sampling (4 threads)  68%|████████████████████▌         |  ETA: 0:21:46
Sampling (4 threads)  69%|████████████████████▊         |  ETA: 0:21:41
Sampling (4 threads)  70%|████████████████████▉         |  ETA: 0:21:11
Sampling (4 threads)  70%|█████████████████████         |  ETA: 0:20:42
Sampling (4 threads)  70%|█████████████████████▏        |  ETA: 0:20:45
Sampling (4 threads)  71%|█████████████████████▎        |  ETA: 0:20:15
Sampling (4 threads)  72%|█████████████████████▌        |  ETA: 0:19:46
Sampling (4 threads)  72%|█████████████████████▋        |  ETA: 0:19:55
Sampling (4 threads)  72%|█████████████████████▊        |  ETA: 0:19:25
Sampling (4 threads)  73%|█████████████████████▉        |  ETA: 0:18:56
Sampling (4 threads)  74%|██████████████████████        |  ETA: 0:18:46
Sampling (4 threads)  74%|██████████████████████▎       |  ETA: 0:18:17
Sampling (4 threads)  74%|██████████████████████▍       |  ETA: 0:18:09
Sampling (4 threads)  75%|██████████████████████▌       |  ETA: 0:17:40
Sampling (4 threads)  76%|██████████████████████▋       |  ETA: 0:17:12
Sampling (4 threads)  76%|██████████████████████▊       |  ETA: 0:17:05
Sampling (4 threads)  76%|███████████████████████       |  ETA: 0:16:37
Sampling (4 threads)  77%|███████████████████████▏      |  ETA: 0:16:30
Sampling (4 threads)  78%|███████████████████████▎      |  ETA: 0:16:03
Sampling (4 threads)  78%|███████████████████████▍      |  ETA: 0:16:07
Sampling (4 threads)  78%|███████████████████████▌      |  ETA: 0:15:39
Sampling (4 threads)  79%|███████████████████████▊      |  ETA: 0:15:11
Sampling (4 threads)  80%|███████████████████████▉      |  ETA: 0:15:01
Sampling (4 threads)  80%|████████████████████████      |  ETA: 0:14:33
Sampling (4 threads)  80%|████████████████████████▏     |  ETA: 0:14:35
Sampling (4 threads)  81%|████████████████████████▎     |  ETA: 0:14:07
Sampling (4 threads)  82%|████████████████████████▌     |  ETA: 0:13:40
Sampling (4 threads)  82%|████████████████████████▋     |  ETA: 0:13:13
Sampling (4 threads)  82%|████████████████████████▊     |  ETA: 0:13:14
Sampling (4 threads)  83%|████████████████████████▉     |  ETA: 0:12:47
Sampling (4 threads)  84%|█████████████████████████     |  ETA: 0:12:27
Sampling (4 threads)  84%|█████████████████████████▎    |  ETA: 0:12:00
Sampling (4 threads)  84%|█████████████████████████▍    |  ETA: 0:11:40
Sampling (4 threads)  85%|█████████████████████████▌    |  ETA: 0:11:14
Sampling (4 threads)  86%|█████████████████████████▋    |  ETA: 0:10:55
Sampling (4 threads)  86%|█████████████████████████▊    |  ETA: 0:10:32
Sampling (4 threads)  86%|██████████████████████████    |  ETA: 0:10:09
Sampling (4 threads)  87%|██████████████████████████▏   |  ETA: 0:09:44
Sampling (4 threads)  88%|██████████████████████████▎   |  ETA: 0:09:27
Sampling (4 threads)  88%|██████████████████████████▍   |  ETA: 0:09:04
Sampling (4 threads)  88%|██████████████████████████▌   |  ETA: 0:08:43
Sampling (4 threads)  89%|██████████████████████████▊   |  ETA: 0:08:22
Sampling (4 threads)  90%|██████████████████████████▉   |  ETA: 0:07:59
Sampling (4 threads)  90%|███████████████████████████   |  ETA: 0:07:36
Sampling (4 threads)  90%|███████████████████████████▏  |  ETA: 0:07:15
Sampling (4 threads)  91%|███████████████████████████▎  |  ETA: 0:06:51
Sampling (4 threads)  92%|███████████████████████████▌  |  ETA: 0:06:32
Sampling (4 threads)  92%|███████████████████████████▋  |  ETA: 0:06:15
Sampling (4 threads)  92%|███████████████████████████▊  |  ETA: 0:05:51
Sampling (4 threads)  93%|███████████████████████████▉  |  ETA: 0:05:27
Sampling (4 threads)  94%|████████████████████████████  |  ETA: 0:05:05
Sampling (4 threads)  94%|████████████████████████████▎ |  ETA: 0:04:44
Sampling (4 threads)  94%|████████████████████████████▍ |  ETA: 0:04:21
Sampling (4 threads)  95%|████████████████████████████▌ |  ETA: 0:03:57
Sampling (4 threads)  96%|████████████████████████████▋ |  ETA: 0:03:33
Sampling (4 threads)  96%|████████████████████████████▊ |  ETA: 0:03:11
Sampling (4 threads)  96%|█████████████████████████████ |  ETA: 0:02:47
Sampling (4 threads)  97%|█████████████████████████████▏|  ETA: 0:02:24
Sampling (4 threads)  98%|█████████████████████████████▎|  ETA: 0:02:00
Sampling (4 threads)  98%|█████████████████████████████▍|  ETA: 0:01:37
Sampling (4 threads)  98%|█████████████████████████████▌|  ETA: 0:01:13
Sampling (4 threads)  99%|█████████████████████████████▊|  ETA: 0:00:48
Sampling (4 threads) 100%|█████████████████████████████▉|  ETA: 0:00:25
Sampling (4 threads) 100%|██████████████████████████████| Time: 1:23:06
Sampling (4 threads) 100%|██████████████████████████████| Time: 1:23:07
┌ Warning: Runtime invalidation was disabled, but the CPU info is out-of-date.
│ Will continue with incorrect CPU name (from build time).
└ @ HostCPUFeatures ~/.julia/packages/HostCPUFeatures/ZTXz4/src/cpu_info.jl:71
┌ Warning: Runtime invalidation was disabled, but the CPU info is out-of-date.
│ Will continue with incorrect CPU feature flag: +avx512vnni.
└ @ HostCPUFeatures ~/.julia/packages/HostCPUFeatures/ZTXz4/src/cpu_info.jl:56
┌ Warning: Runtime invalidation was disabled, but the CPU info is out-of-date.
│ Will continue with incorrect CPU feature flag: -rtm.
└ @ HostCPUFeatures ~/.julia/packages/HostCPUFeatures/ZTXz4/src/cpu_info.jl:56
Sampling (4 threads)   0%|                              |  ETA: N/A
┌ Info: Found initial step size
└   ϵ = 0.000390625
┌ Info: Found initial step size
└   ϵ = 0.003125
┌ Info: Found initial step size
└   ϵ = 0.0015625
┌ Info: Found initial step size
└   ϵ = 0.0015625
Sampling (4 threads)   0%|▏                             |  ETA: 1:42:18
Sampling (4 threads)   1%|▎                             |  ETA: 0:50:57
Sampling (4 threads)   2%|▌                             |  ETA: 0:35:21
Sampling (4 threads)   2%|▋                             |  ETA: 0:26:23
Sampling (4 threads)   2%|▊                             |  ETA: 0:22:36
Sampling (4 threads)   3%|▉                             |  ETA: 0:18:44
Sampling (4 threads)   4%|█                             |  ETA: 0:15:59
Sampling (4 threads)   4%|█▎                            |  ETA: 0:15:27
Sampling (4 threads)   4%|█▍                            |  ETA: 0:13:40
Sampling (4 threads)   5%|█▌                            |  ETA: 0:12:14
Sampling (4 threads)   6%|█▋                            |  ETA: 0:13:27
Sampling (4 threads)   6%|█▊                            |  ETA: 0:12:16
Sampling (4 threads)   6%|██                            |  ETA: 0:11:15
Sampling (4 threads)   7%|██▏                           |  ETA: 0:17:02
Sampling (4 threads)   8%|██▎                           |  ETA: 0:15:49
Sampling (4 threads)   8%|██▍                           |  ETA: 0:14:44
Sampling (4 threads)   8%|██▌                           |  ETA: 0:13:48
Sampling (4 threads)   9%|██▊                           |  ETA: 0:18:57
Sampling (4 threads)  10%|██▉                           |  ETA: 0:17:52
Sampling (4 threads)  10%|███                           |  ETA: 0:16:52
Sampling (4 threads)  10%|███▏                          |  ETA: 0:19:32
Sampling (4 threads)  11%|███▎                          |  ETA: 0:18:33
Sampling (4 threads)  12%|███▌                          |  ETA: 0:20:02
Sampling (4 threads)  12%|███▋                          |  ETA: 0:19:05
Sampling (4 threads)  12%|███▊                          |  ETA: 0:18:13
Sampling (4 threads)  13%|███▉                          |  ETA: 0:17:25
Sampling (4 threads)  14%|████                          |  ETA: 0:20:53
Sampling (4 threads)  14%|████▎                         |  ETA: 0:20:02
Sampling (4 threads)  14%|████▍                         |  ETA: 0:19:13
Sampling (4 threads)  15%|████▌                         |  ETA: 0:21:02
Sampling (4 threads)  16%|████▋                         |  ETA: 0:20:14
Sampling (4 threads)  16%|████▊                         |  ETA: 0:19:29
Sampling (4 threads)  16%|█████                         |  ETA: 0:23:09
Sampling (4 threads)  17%|█████▏                        |  ETA: 0:22:20
Sampling (4 threads)  18%|█████▎                        |  ETA: 0:21:34
Sampling (4 threads)  18%|█████▍                        |  ETA: 0:24:53
Sampling (4 threads)  18%|█████▌                        |  ETA: 0:24:04
Sampling (4 threads)  19%|█████▊                        |  ETA: 0:23:17
Sampling (4 threads)  20%|█████▉                        |  ETA: 0:22:33
Sampling (4 threads)  20%|██████                        |  ETA: 0:23:09
Sampling (4 threads)  20%|██████▏                       |  ETA: 0:22:26
Sampling (4 threads)  21%|██████▎                       |  ETA: 0:24:54
Sampling (4 threads)  22%|██████▌                       |  ETA: 0:24:10
Sampling (4 threads)  22%|██████▋                       |  ETA: 0:23:28
Sampling (4 threads)  22%|██████▊                       |  ETA: 0:24:09
Sampling (4 threads)  23%|██████▉                       |  ETA: 0:23:28
Sampling (4 threads)  24%|███████                       |  ETA: 0:22:49
Sampling (4 threads)  24%|███████▎                      |  ETA: 0:22:59
Sampling (4 threads)  24%|███████▍                      |  ETA: 0:22:22
Sampling (4 threads)  25%|███████▌                      |  ETA: 0:23:05
Sampling (4 threads)  26%|███████▋                      |  ETA: 0:22:29
Sampling (4 threads)  26%|███████▊                      |  ETA: 0:23:32
Sampling (4 threads)  26%|████████                      |  ETA: 0:22:56
Sampling (4 threads)  27%|████████▏                     |  ETA: 0:25:01
Sampling (4 threads)  28%|████████▎                     |  ETA: 0:24:24
Sampling (4 threads)  28%|████████▍                     |  ETA: 0:23:48
Sampling (4 threads)  28%|████████▌                     |  ETA: 0:26:12
Sampling (4 threads)  29%|████████▊                     |  ETA: 0:25:34
Sampling (4 threads)  30%|████████▉                     |  ETA: 0:24:58
Sampling (4 threads)  30%|█████████                     |  ETA: 0:24:22
Sampling (4 threads)  30%|█████████▏                    |  ETA: 0:25:04
Sampling (4 threads)  31%|█████████▎                    |  ETA: 0:24:29
Sampling (4 threads)  32%|█████████▌                    |  ETA: 0:23:56
Sampling (4 threads)  32%|█████████▋                    |  ETA: 0:25:13
Sampling (4 threads)  32%|█████████▊                    |  ETA: 0:24:38
Sampling (4 threads)  33%|█████████▉                    |  ETA: 0:24:05
Sampling (4 threads)  34%|██████████                    |  ETA: 0:26:09
Sampling (4 threads)  34%|██████████▎                   |  ETA: 0:25:34
Sampling (4 threads)  34%|██████████▍                   |  ETA: 0:25:01
Sampling (4 threads)  35%|██████████▌                   |  ETA: 0:27:20
Sampling (4 threads)  36%|██████████▋                   |  ETA: 0:26:44
Sampling (4 threads)  36%|██████████▊                   |  ETA: 0:26:10
Sampling (4 threads)  36%|███████████                   |  ETA: 0:25:36
Sampling (4 threads)  37%|███████████▏                  |  ETA: 0:26:12
Sampling (4 threads)  38%|███████████▎                  |  ETA: 0:25:39
Sampling (4 threads)  38%|███████████▍                  |  ETA: 0:26:18
Sampling (4 threads)  38%|███████████▌                  |  ETA: 0:25:45
Sampling (4 threads)  39%|███████████▊                  |  ETA: 0:26:39
Sampling (4 threads)  40%|███████████▉                  |  ETA: 0:26:06
Sampling (4 threads)  40%|████████████                  |  ETA: 0:25:34
Sampling (4 threads)  40%|████████████▏                 |  ETA: 0:26:33
Sampling (4 threads)  41%|████████████▎                 |  ETA: 0:26:01
Sampling (4 threads)  42%|████████████▌                 |  ETA: 0:26:45
Sampling (4 threads)  42%|████████████▋                 |  ETA: 0:26:12
Sampling (4 threads)  42%|████████████▊                 |  ETA: 0:25:40
Sampling (4 threads)  43%|████████████▉                 |  ETA: 0:27:30
Sampling (4 threads)  44%|█████████████                 |  ETA: 0:26:57
Sampling (4 threads)  44%|█████████████▎                |  ETA: 0:26:25
Sampling (4 threads)  44%|█████████████▍                |  ETA: 0:27:20
Sampling (4 threads)  45%|█████████████▌                |  ETA: 0:26:47
Sampling (4 threads)  46%|█████████████▋                |  ETA: 0:26:15
Sampling (4 threads)  46%|█████████████▊                |  ETA: 0:27:50
Sampling (4 threads)  46%|██████████████                |  ETA: 0:27:16
Sampling (4 threads)  47%|██████████████▏               |  ETA: 0:26:44
Sampling (4 threads)  48%|██████████████▎               |  ETA: 0:28:15
Sampling (4 threads)  48%|██████████████▍               |  ETA: 0:27:41
Sampling (4 threads)  48%|██████████████▌               |  ETA: 0:27:08
Sampling (4 threads)  49%|██████████████▊               |  ETA: 0:26:36
Sampling (4 threads)  50%|██████████████▉               |  ETA: 0:27:30
Sampling (4 threads)  50%|███████████████               |  ETA: 0:26:58
Sampling (4 threads)  50%|███████████████▏              |  ETA: 0:27:36
Sampling (4 threads)  51%|███████████████▎              |  ETA: 0:27:03
Sampling (4 threads)  52%|███████████████▌              |  ETA: 0:26:31
Sampling (4 threads)  52%|███████████████▋              |  ETA: 0:27:07
Sampling (4 threads)  52%|███████████████▊              |  ETA: 0:26:34
Sampling (4 threads)  53%|███████████████▉              |  ETA: 0:26:03
Sampling (4 threads)  54%|████████████████              |  ETA: 0:27:11
Sampling (4 threads)  54%|████████████████▎             |  ETA: 0:26:39
Sampling (4 threads)  55%|████████████████▍             |  ETA: 0:26:07
Sampling (4 threads)  55%|████████████████▌             |  ETA: 0:26:55
Sampling (4 threads)  56%|████████████████▋             |  ETA: 0:26:23
Sampling (4 threads)  56%|████████████████▊             |  ETA: 0:25:51
Sampling (4 threads)  56%|█████████████████             |  ETA: 0:25:20
Sampling (4 threads)  57%|█████████████████▏            |  ETA: 0:26:42
Sampling (4 threads)  57%|█████████████████▎            |  ETA: 0:26:10
Sampling (4 threads)  58%|█████████████████▍            |  ETA: 0:25:38
Sampling (4 threads)  58%|█████████████████▌            |  ETA: 0:25:53
Sampling (4 threads)  59%|█████████████████▊            |  ETA: 0:25:21
Sampling (4 threads)  60%|█████████████████▉            |  ETA: 0:24:50
Sampling (4 threads)  60%|██████████████████            |  ETA: 0:25:00
Sampling (4 threads)  60%|██████████████████▏           |  ETA: 0:24:29
Sampling (4 threads)  61%|██████████████████▎           |  ETA: 0:23:58
Sampling (4 threads)  62%|██████████████████▌           |  ETA: 0:24:08
Sampling (4 threads)  62%|██████████████████▋           |  ETA: 0:23:38
Sampling (4 threads)  62%|██████████████████▊           |  ETA: 0:23:08
Sampling (4 threads)  63%|██████████████████▉           |  ETA: 0:23:16
Sampling (4 threads)  64%|███████████████████           |  ETA: 0:22:47
Sampling (4 threads)  64%|███████████████████▎          |  ETA: 0:22:18
Sampling (4 threads)  64%|███████████████████▍          |  ETA: 0:22:28
Sampling (4 threads)  65%|███████████████████▌          |  ETA: 0:21:59
Sampling (4 threads)  66%|███████████████████▋          |  ETA: 0:22:08
Sampling (4 threads)  66%|███████████████████▊          |  ETA: 0:21:39
Sampling (4 threads)  66%|████████████████████          |  ETA: 0:21:32
Sampling (4 threads)  67%|████████████████████▏         |  ETA: 0:21:03
Sampling (4 threads)  68%|████████████████████▎         |  ETA: 0:21:01
Sampling (4 threads)  68%|████████████████████▍         |  ETA: 0:20:33
Sampling (4 threads)  68%|████████████████████▌         |  ETA: 0:20:05
Sampling (4 threads)  69%|████████████████████▊         |  ETA: 0:20:00
Sampling (4 threads)  70%|████████████████████▉         |  ETA: 0:19:32
Sampling (4 threads)  70%|█████████████████████         |  ETA: 0:19:26
Sampling (4 threads)  70%|█████████████████████▏        |  ETA: 0:18:58
Sampling (4 threads)  71%|█████████████████████▎        |  ETA: 0:19:08
Sampling (4 threads)  72%|█████████████████████▌        |  ETA: 0:18:40
Sampling (4 threads)  72%|█████████████████████▋        |  ETA: 0:18:13
Sampling (4 threads)  72%|█████████████████████▊        |  ETA: 0:18:06
Sampling (4 threads)  73%|█████████████████████▉        |  ETA: 0:17:39
Sampling (4 threads)  74%|██████████████████████        |  ETA: 0:17:21
Sampling (4 threads)  74%|██████████████████████▎       |  ETA: 0:16:54
Sampling (4 threads)  74%|██████████████████████▍       |  ETA: 0:16:28
Sampling (4 threads)  75%|██████████████████████▌       |  ETA: 0:16:35
Sampling (4 threads)  76%|██████████████████████▋       |  ETA: 0:16:08
Sampling (4 threads)  76%|██████████████████████▊       |  ETA: 0:15:42
Sampling (4 threads)  76%|███████████████████████       |  ETA: 0:15:48
Sampling (4 threads)  77%|███████████████████████▏      |  ETA: 0:15:22
Sampling (4 threads)  78%|███████████████████████▎      |  ETA: 0:14:56
Sampling (4 threads)  78%|███████████████████████▍      |  ETA: 0:14:45
Sampling (4 threads)  78%|███████████████████████▌      |  ETA: 0:14:20
Sampling (4 threads)  79%|███████████████████████▊      |  ETA: 0:13:54
Sampling (4 threads)  80%|███████████████████████▉      |  ETA: 0:13:51
Sampling (4 threads)  80%|████████████████████████      |  ETA: 0:13:26
Sampling (4 threads)  80%|████████████████████████▏     |  ETA: 0:13:01
Sampling (4 threads)  81%|████████████████████████▎     |  ETA: 0:12:41
Sampling (4 threads)  82%|████████████████████████▌     |  ETA: 0:12:22
Sampling (4 threads)  82%|████████████████████████▋     |  ETA: 0:12:08
Sampling (4 threads)  82%|████████████████████████▊     |  ETA: 0:11:57
Sampling (4 threads)  83%|████████████████████████▉     |  ETA: 0:11:35
Sampling (4 threads)  84%|█████████████████████████     |  ETA: 0:11:26
Sampling (4 threads)  84%|█████████████████████████▎    |  ETA: 0:11:04
Sampling (4 threads)  84%|█████████████████████████▍    |  ETA: 0:10:46
Sampling (4 threads)  85%|█████████████████████████▌    |  ETA: 0:10:28
Sampling (4 threads)  86%|█████████████████████████▋    |  ETA: 0:10:09
Sampling (4 threads)  86%|█████████████████████████▊    |  ETA: 0:09:47
Sampling (4 threads)  86%|██████████████████████████    |  ETA: 0:09:26
Sampling (4 threads)  87%|██████████████████████████▏   |  ETA: 0:09:08
Sampling (4 threads)  88%|██████████████████████████▎   |  ETA: 0:08:48
Sampling (4 threads)  88%|██████████████████████████▍   |  ETA: 0:08:29
Sampling (4 threads)  88%|██████████████████████████▌   |  ETA: 0:08:07
Sampling (4 threads)  89%|██████████████████████████▊   |  ETA: 0:07:50
Sampling (4 threads)  90%|██████████████████████████▉   |  ETA: 0:07:29
Sampling (4 threads)  90%|███████████████████████████   |  ETA: 0:07:08
Sampling (4 threads)  90%|███████████████████████████▏  |  ETA: 0:06:48
Sampling (4 threads)  91%|███████████████████████████▎  |  ETA: 0:06:27
Sampling (4 threads)  92%|███████████████████████████▌  |  ETA: 0:06:06
Sampling (4 threads)  92%|███████████████████████████▋  |  ETA: 0:05:47
Sampling (4 threads)  92%|███████████████████████████▊  |  ETA: 0:05:25
Sampling (4 threads)  93%|███████████████████████████▉  |  ETA: 0:05:05
Sampling (4 threads)  94%|████████████████████████████  |  ETA: 0:04:44
Sampling (4 threads)  94%|████████████████████████████▎ |  ETA: 0:04:22
Sampling (4 threads)  94%|████████████████████████████▍ |  ETA: 0:04:01
Sampling (4 threads)  95%|████████████████████████████▌ |  ETA: 0:03:41
Sampling (4 threads)  96%|████████████████████████████▋ |  ETA: 0:03:21
Sampling (4 threads)  96%|████████████████████████████▊ |  ETA: 0:03:01
Sampling (4 threads)  96%|█████████████████████████████ |  ETA: 0:02:42
Sampling (4 threads)  97%|█████████████████████████████▏|  ETA: 0:02:21
Sampling (4 threads)  98%|█████████████████████████████▎|  ETA: 0:01:59
Sampling (4 threads)  98%|█████████████████████████████▍|  ETA: 0:01:37
Sampling (4 threads)  98%|█████████████████████████████▌|  ETA: 0:01:13
Sampling (4 threads)  99%|█████████████████████████████▊|  ETA: 0:00:49
Sampling (4 threads) 100%|█████████████████████████████▉|  ETA: 0:00:25
Sampling (4 threads) 100%|██████████████████████████████| Time: 1:24:55
Sampling (4 threads) 100%|██████████████████████████████| Time: 1:24:55
┌ Warning: Runtime invalidation was disabled, but the CPU info is out-of-date.
│ Will continue with incorrect CPU name (from build time).
└ @ HostCPUFeatures ~/.julia/packages/HostCPUFeatures/ZTXz4/src/cpu_info.jl:71
┌ Warning: Runtime invalidation was disabled, but the CPU info is out-of-date.
│ Will continue with incorrect CPU feature flag: +avx512vnni.
└ @ HostCPUFeatures ~/.julia/packages/HostCPUFeatures/ZTXz4/src/cpu_info.jl:56
┌ Warning: Runtime invalidation was disabled, but the CPU info is out-of-date.
│ Will continue with incorrect CPU feature flag: -rtm.
└ @ HostCPUFeatures ~/.julia/packages/HostCPUFeatures/ZTXz4/src/cpu_info.jl:56
Sampling (4 threads)   0%|                              |  ETA: N/A
┌ Info: Found initial step size
└   ϵ = 0.00625
┌ Info: Found initial step size
└   ϵ = 0.00625
┌ Info: Found initial step size
└   ϵ = 0.0015625
┌ Info: Found initial step size
└   ϵ = 0.00078125
Sampling (4 threads)   0%|▏                             |  ETA: 1:46:17
Sampling (4 threads)   1%|▎                             |  ETA: 0:52:57
Sampling (4 threads)   2%|▌                             |  ETA: 0:37:26
Sampling (4 threads)   2%|▋                             |  ETA: 0:27:56
Sampling (4 threads)   2%|▊                             |  ETA: 0:22:14
Sampling (4 threads)   3%|▉                             |  ETA: 0:18:26
Sampling (4 threads)   4%|█                             |  ETA: 0:16:33
Sampling (4 threads)   4%|█▎                            |  ETA: 0:14:24
Sampling (4 threads)   4%|█▍                            |  ETA: 0:13:37
Sampling (4 threads)   5%|█▌                            |  ETA: 0:12:11
Sampling (4 threads)   6%|█▋                            |  ETA: 0:11:01
Sampling (4 threads)   6%|█▊                            |  ETA: 0:11:37
Sampling (4 threads)   6%|██                            |  ETA: 0:10:40
Sampling (4 threads)   7%|██▏                           |  ETA: 0:09:51
Sampling (4 threads)   8%|██▎                           |  ETA: 0:12:57
Sampling (4 threads)   8%|██▍                           |  ETA: 0:12:05
Sampling (4 threads)   8%|██▌                           |  ETA: 0:11:18
Sampling (4 threads)   9%|██▊                           |  ETA: 0:15:38
Sampling (4 threads)  10%|██▉                           |  ETA: 0:14:44
Sampling (4 threads)  10%|███                           |  ETA: 0:21:07
Sampling (4 threads)  10%|███▏                          |  ETA: 0:20:00
Sampling (4 threads)  11%|███▎                          |  ETA: 0:18:59
Sampling (4 threads)  12%|███▌                          |  ETA: 0:19:49
Sampling (4 threads)  12%|███▋                          |  ETA: 0:18:53
Sampling (4 threads)  12%|███▊                          |  ETA: 0:18:01
Sampling (4 threads)  13%|███▉                          |  ETA: 0:20:10
Sampling (4 threads)  14%|████                          |  ETA: 0:19:18
Sampling (4 threads)  14%|████▎                         |  ETA: 0:22:58
Sampling (4 threads)  14%|████▍                         |  ETA: 0:22:03
Sampling (4 threads)  15%|████▌                         |  ETA: 0:21:11
Sampling (4 threads)  16%|████▋                         |  ETA: 0:20:23
Sampling (4 threads)  16%|████▊                         |  ETA: 0:22:10
Sampling (4 threads)  16%|█████                         |  ETA: 0:21:22
Sampling (4 threads)  17%|█████▏                        |  ETA: 0:20:37
Sampling (4 threads)  18%|█████▎                        |  ETA: 0:24:15
Sampling (4 threads)  18%|█████▍                        |  ETA: 0:23:26
Sampling (4 threads)  18%|█████▌                        |  ETA: 0:25:08
Sampling (4 threads)  19%|█████▊                        |  ETA: 0:24:19
Sampling (4 threads)  20%|█████▉                        |  ETA: 0:23:33
Sampling (4 threads)  20%|██████                        |  ETA: 0:24:11
Sampling (4 threads)  20%|██████▏                       |  ETA: 0:23:27
Sampling (4 threads)  21%|██████▎                       |  ETA: 0:24:56
Sampling (4 threads)  22%|██████▌                       |  ETA: 0:24:12
Sampling (4 threads)  22%|██████▋                       |  ETA: 0:23:30
Sampling (4 threads)  22%|██████▊                       |  ETA: 0:24:17
Sampling (4 threads)  23%|██████▉                       |  ETA: 0:23:36
Sampling (4 threads)  24%|███████                       |  ETA: 0:23:34
Sampling (4 threads)  24%|███████▎                      |  ETA: 0:22:56
Sampling (4 threads)  24%|███████▍                      |  ETA: 0:22:19
Sampling (4 threads)  25%|███████▌                      |  ETA: 0:22:37
Sampling (4 threads)  26%|███████▋                      |  ETA: 0:22:01
Sampling (4 threads)  26%|███████▊                      |  ETA: 0:21:27
Sampling (4 threads)  26%|████████                      |  ETA: 0:21:41
Sampling (4 threads)  27%|████████▏                     |  ETA: 0:21:08
Sampling (4 threads)  28%|████████▎                     |  ETA: 0:20:37
Sampling (4 threads)  28%|████████▍                     |  ETA: 0:21:56
Sampling (4 threads)  28%|████████▌                     |  ETA: 0:21:24
Sampling (4 threads)  29%|████████▊                     |  ETA: 0:20:53
Sampling (4 threads)  30%|████████▉                     |  ETA: 0:23:20
Sampling (4 threads)  30%|█████████                     |  ETA: 0:22:47
Sampling (4 threads)  30%|█████████▏                    |  ETA: 0:22:15
Sampling (4 threads)  31%|█████████▎                    |  ETA: 0:21:44
Sampling (4 threads)  32%|█████████▌                    |  ETA: 0:23:12
Sampling (4 threads)  32%|█████████▋                    |  ETA: 0:22:40
Sampling (4 threads)  32%|█████████▊                    |  ETA: 0:22:10
Sampling (4 threads)  33%|█████████▉                    |  ETA: 0:22:31
Sampling (4 threads)  34%|██████████                    |  ETA: 0:22:01
Sampling (4 threads)  34%|██████████▎                   |  ETA: 0:21:32
Sampling (4 threads)  34%|██████████▍                   |  ETA: 0:22:40
Sampling (4 threads)  35%|██████████▌                   |  ETA: 0:22:11
Sampling (4 threads)  36%|██████████▋                   |  ETA: 0:24:39
Sampling (4 threads)  36%|██████████▊                   |  ETA: 0:24:07
Sampling (4 threads)  36%|███████████                   |  ETA: 0:23:36
Sampling (4 threads)  37%|███████████▏                  |  ETA: 0:25:37
Sampling (4 threads)  38%|███████████▎                  |  ETA: 0:25:04
Sampling (4 threads)  38%|███████████▍                  |  ETA: 0:24:33
Sampling (4 threads)  38%|███████████▌                  |  ETA: 0:26:06
Sampling (4 threads)  39%|███████████▊                  |  ETA: 0:25:33
Sampling (4 threads)  40%|███████████▉                  |  ETA: 0:25:01
Sampling (4 threads)  40%|████████████                  |  ETA: 0:27:48
Sampling (4 threads)  40%|████████████▏                 |  ETA: 0:27:13
Sampling (4 threads)  41%|████████████▎                 |  ETA: 0:26:40
Sampling (4 threads)  42%|████████████▌                 |  ETA: 0:28:55
Sampling (4 threads)  42%|████████████▋                 |  ETA: 0:28:20
Sampling (4 threads)  42%|████████████▊                 |  ETA: 0:27:45
Sampling (4 threads)  43%|████████████▉                 |  ETA: 0:27:12
Sampling (4 threads)  44%|█████████████                 |  ETA: 0:28:59
Sampling (4 threads)  44%|█████████████▎                |  ETA: 0:28:24
Sampling (4 threads)  44%|█████████████▍                |  ETA: 0:28:58
Sampling (4 threads)  45%|█████████████▌                |  ETA: 0:28:23
Sampling (4 threads)  46%|█████████████▋                |  ETA: 0:28:56
Sampling (4 threads)  46%|█████████████▊                |  ETA: 0:28:22
Sampling (4 threads)  46%|██████████████                |  ETA: 0:30:13
Sampling (4 threads)  47%|██████████████▏               |  ETA: 0:29:37
Sampling (4 threads)  48%|██████████████▎               |  ETA: 0:29:02
Sampling (4 threads)  48%|██████████████▍               |  ETA: 0:28:27
Sampling (4 threads)  48%|██████████████▌               |  ETA: 0:30:07
Sampling (4 threads)  49%|██████████████▊               |  ETA: 0:29:31
Sampling (4 threads)  50%|██████████████▉               |  ETA: 0:28:56
Sampling (4 threads)  50%|███████████████               |  ETA: 0:30:21
Sampling (4 threads)  50%|███████████████▏              |  ETA: 0:29:45
Sampling (4 threads)  51%|███████████████▎              |  ETA: 0:29:10
Sampling (4 threads)  52%|███████████████▌              |  ETA: 0:30:00
Sampling (4 threads)  52%|███████████████▋              |  ETA: 0:29:25
Sampling (4 threads)  52%|███████████████▊              |  ETA: 0:29:24
Sampling (4 threads)  53%|███████████████▉              |  ETA: 0:28:49
Sampling (4 threads)  54%|████████████████              |  ETA: 0:28:15
Sampling (4 threads)  54%|████████████████▎             |  ETA: 0:29:02
Sampling (4 threads)  55%|████████████████▍             |  ETA: 0:28:27
Sampling (4 threads)  55%|████████████████▌             |  ETA: 0:28:45
Sampling (4 threads)  56%|████████████████▋             |  ETA: 0:28:10
Sampling (4 threads)  56%|████████████████▊             |  ETA: 0:28:22
Sampling (4 threads)  56%|█████████████████             |  ETA: 0:27:48
Sampling (4 threads)  57%|█████████████████▏            |  ETA: 0:27:57
Sampling (4 threads)  57%|█████████████████▎            |  ETA: 0:27:23
Sampling (4 threads)  58%|█████████████████▍            |  ETA: 0:26:49
Sampling (4 threads)  58%|█████████████████▌            |  ETA: 0:27:14
Sampling (4 threads)  59%|█████████████████▊            |  ETA: 0:26:41
Sampling (4 threads)  60%|█████████████████▉            |  ETA: 0:26:51
Sampling (4 threads)  60%|██████████████████            |  ETA: 0:26:18
Sampling (4 threads)  60%|██████████████████▏           |  ETA: 0:25:45
Sampling (4 threads)  61%|██████████████████▎           |  ETA: 0:26:15
Sampling (4 threads)  62%|██████████████████▌           |  ETA: 0:25:42
Sampling (4 threads)  62%|██████████████████▋           |  ETA: 0:26:16
Sampling (4 threads)  62%|██████████████████▊           |  ETA: 0:25:43
Sampling (4 threads)  63%|██████████████████▉           |  ETA: 0:25:10
Sampling (4 threads)  64%|███████████████████           |  ETA: 0:25:21
Sampling (4 threads)  64%|███████████████████▎          |  ETA: 0:24:49
Sampling (4 threads)  64%|███████████████████▍          |  ETA: 0:24:50
Sampling (4 threads)  65%|███████████████████▌          |  ETA: 0:24:18
Sampling (4 threads)  66%|███████████████████▋          |  ETA: 0:24:24
Sampling (4 threads)  66%|███████████████████▊          |  ETA: 0:23:52
Sampling (4 threads)  66%|████████████████████          |  ETA: 0:23:20
Sampling (4 threads)  67%|████████████████████▏         |  ETA: 0:22:49
Sampling (4 threads)  68%|████████████████████▎         |  ETA: 0:22:58
Sampling (4 threads)  68%|████████████████████▍         |  ETA: 0:22:27
Sampling (4 threads)  68%|████████████████████▌         |  ETA: 0:22:15
Sampling (4 threads)  69%|████████████████████▊         |  ETA: 0:21:44
Sampling (4 threads)  70%|████████████████████▉         |  ETA: 0:21:54
Sampling (4 threads)  70%|█████████████████████         |  ETA: 0:21:23
Sampling (4 threads)  70%|█████████████████████▏        |  ETA: 0:20:53
Sampling (4 threads)  71%|█████████████████████▎        |  ETA: 0:20:49
Sampling (4 threads)  72%|█████████████████████▌        |  ETA: 0:20:19
Sampling (4 threads)  72%|█████████████████████▋        |  ETA: 0:19:49
Sampling (4 threads)  72%|█████████████████████▊        |  ETA: 0:19:42
Sampling (4 threads)  73%|█████████████████████▉        |  ETA: 0:19:12
Sampling (4 threads)  74%|██████████████████████        |  ETA: 0:18:43
Sampling (4 threads)  74%|██████████████████████▎       |  ETA: 0:18:26
Sampling (4 threads)  74%|██████████████████████▍       |  ETA: 0:17:58
Sampling (4 threads)  75%|██████████████████████▌       |  ETA: 0:17:57
Sampling (4 threads)  76%|██████████████████████▋       |  ETA: 0:17:28
Sampling (4 threads)  76%|██████████████████████▊       |  ETA: 0:17:00
Sampling (4 threads)  76%|███████████████████████       |  ETA: 0:17:03
Sampling (4 threads)  77%|███████████████████████▏      |  ETA: 0:16:35
Sampling (4 threads)  78%|███████████████████████▎      |  ETA: 0:16:22
Sampling (4 threads)  78%|███████████████████████▍      |  ETA: 0:15:54
Sampling (4 threads)  78%|███████████████████████▌      |  ETA: 0:15:57
Sampling (4 threads)  79%|███████████████████████▊      |  ETA: 0:15:29
Sampling (4 threads)  80%|███████████████████████▉      |  ETA: 0:15:16
Sampling (4 threads)  80%|████████████████████████      |  ETA: 0:14:48
Sampling (4 threads)  80%|████████████████████████▏     |  ETA: 0:14:21
Sampling (4 threads)  81%|████████████████████████▎     |  ETA: 0:14:03
Sampling (4 threads)  82%|████████████████████████▌     |  ETA: 0:13:36
Sampling (4 threads)  82%|████████████████████████▋     |  ETA: 0:13:19
Sampling (4 threads)  82%|████████████████████████▊     |  ETA: 0:13:01
Sampling (4 threads)  83%|████████████████████████▉     |  ETA: 0:12:38
Sampling (4 threads)  84%|█████████████████████████     |  ETA: 0:12:21
Sampling (4 threads)  84%|█████████████████████████▎    |  ETA: 0:12:06
Sampling (4 threads)  84%|█████████████████████████▍    |  ETA: 0:11:46
Sampling (4 threads)  85%|█████████████████████████▌    |  ETA: 0:11:29
Sampling (4 threads)  86%|█████████████████████████▋    |  ETA: 0:11:07
Sampling (4 threads)  86%|█████████████████████████▊    |  ETA: 0:10:48
Sampling (4 threads)  86%|██████████████████████████    |  ETA: 0:10:31
Sampling (4 threads)  87%|██████████████████████████▏   |  ETA: 0:10:10
Sampling (4 threads)  88%|██████████████████████████▎   |  ETA: 0:09:48
Sampling (4 threads)  88%|██████████████████████████▍   |  ETA: 0:09:30
Sampling (4 threads)  88%|██████████████████████████▌   |  ETA: 0:09:12
Sampling (4 threads)  89%|██████████████████████████▊   |  ETA: 0:08:52
Sampling (4 threads)  90%|██████████████████████████▉   |  ETA: 0:08:32
Sampling (4 threads)  90%|███████████████████████████   |  ETA: 0:08:09
Sampling (4 threads)  90%|███████████████████████████▏  |  ETA: 0:07:48
Sampling (4 threads)  91%|███████████████████████████▎  |  ETA: 0:07:27
Sampling (4 threads)  92%|███████████████████████████▌  |  ETA: 0:07:08
Sampling (4 threads)  92%|███████████████████████████▋  |  ETA: 0:06:49
Sampling (4 threads)  92%|███████████████████████████▊  |  ETA: 0:06:23
Sampling (4 threads)  93%|███████████████████████████▉  |  ETA: 0:06:00
Sampling (4 threads)  94%|████████████████████████████  |  ETA: 0:05:35
Sampling (4 threads)  94%|████████████████████████████▎ |  ETA: 0:05:10
Sampling (4 threads)  94%|████████████████████████████▍ |  ETA: 0:04:47
Sampling (4 threads)  95%|████████████████████████████▌ |  ETA: 0:04:21
Sampling (4 threads)  96%|████████████████████████████▋ |  ETA: 0:03:55
Sampling (4 threads)  96%|████████████████████████████▊ |  ETA: 0:03:29
Sampling (4 threads)  96%|█████████████████████████████ |  ETA: 0:03:03
Sampling (4 threads)  97%|█████████████████████████████▏|  ETA: 0:02:37
Sampling (4 threads)  98%|█████████████████████████████▎|  ETA: 0:02:13
Sampling (4 threads)  98%|█████████████████████████████▍|  ETA: 0:01:49
Sampling (4 threads)  98%|█████████████████████████████▌|  ETA: 0:01:23
Sampling (4 threads)  99%|█████████████████████████████▊|  ETA: 0:00:56
Sampling (4 threads) 100%|█████████████████████████████▉|  ETA: 0:00:28
Sampling (4 threads) 100%|██████████████████████████████| Time: 1:35:17
Sampling (4 threads) 100%|██████████████████████████████| Time: 1:35:18
┌ Warning: Runtime invalidation was disabled, but the CPU info is out-of-date.
│ Will continue with incorrect CPU name (from build time).
└ @ HostCPUFeatures ~/.julia/packages/HostCPUFeatures/ZTXz4/src/cpu_info.jl:71
┌ Warning: Runtime invalidation was disabled, but the CPU info is out-of-date.
│ Will continue with incorrect CPU feature flag: +avx512vnni.
└ @ HostCPUFeatures ~/.julia/packages/HostCPUFeatures/ZTXz4/src/cpu_info.jl:56
┌ Warning: Runtime invalidation was disabled, but the CPU info is out-of-date.
│ Will continue with incorrect CPU feature flag: -rtm.
└ @ HostCPUFeatures ~/.julia/packages/HostCPUFeatures/ZTXz4/src/cpu_info.jl:56
Sampling (4 threads)   0%|                              |  ETA: N/A
┌ Info: Found initial step size
└   ϵ = 0.00625
┌ Info: Found initial step size
└   ϵ = 0.00078125
┌ Info: Found initial step size
└   ϵ = 0.00078125
┌ Info: Found initial step size
└   ϵ = 0.00078125
Sampling (4 threads)   0%|▏                             |  ETA: 1:48:37
Sampling (4 threads)   1%|▎                             |  ETA: 0:54:07
Sampling (4 threads)   2%|▌                             |  ETA: 0:39:20
Sampling (4 threads)   2%|▋                             |  ETA: 0:29:21
Sampling (4 threads)   2%|▊                             |  ETA: 0:23:22
Sampling (4 threads)   3%|▉                             |  ETA: 0:19:22
Sampling (4 threads)   4%|█                             |  ETA: 0:19:26
Sampling (4 threads)   4%|█▎                            |  ETA: 0:16:55
Sampling (4 threads)   4%|█▍                            |  ETA: 0:14:57
Sampling (4 threads)   5%|█▌                            |  ETA: 0:18:24
Sampling (4 threads)   6%|█▋                            |  ETA: 0:16:38
Sampling (4 threads)   6%|█▊                            |  ETA: 0:15:10
Sampling (4 threads)   6%|██                            |  ETA: 0:20:14
Sampling (4 threads)   7%|██▏                           |  ETA: 0:18:41
Sampling (4 threads)   8%|██▎                           |  ETA: 0:17:21
Sampling (4 threads)   8%|██▍                           |  ETA: 0:19:40
Sampling (4 threads)   8%|██▌                           |  ETA: 0:18:25
Sampling (4 threads)   9%|██▊                           |  ETA: 0:23:37
Sampling (4 threads)  10%|██▉                           |  ETA: 0:22:15
Sampling (4 threads)  10%|███                           |  ETA: 0:21:01
Sampling (4 threads)  10%|███▏                          |  ETA: 0:19:55
Sampling (4 threads)  11%|███▎                          |  ETA: 0:25:17
Sampling (4 threads)  12%|███▌                          |  ETA: 0:24:03
Sampling (4 threads)  12%|███▋                          |  ETA: 0:22:55
Sampling (4 threads)  12%|███▊                          |  ETA: 0:23:22
Sampling (4 threads)  13%|███▉                          |  ETA: 0:22:21
Sampling (4 threads)  14%|████                          |  ETA: 0:21:24
Sampling (4 threads)  14%|████▎                         |  ETA: 0:22:53
Sampling (4 threads)  14%|████▍                         |  ETA: 0:21:58
Sampling (4 threads)  15%|████▌                         |  ETA: 0:23:20
Sampling (4 threads)  16%|████▋                         |  ETA: 0:22:26
Sampling (4 threads)  16%|████▊                         |  ETA: 0:21:37
Sampling (4 threads)  16%|█████                         |  ETA: 0:20:50
Sampling (4 threads)  17%|█████▏                        |  ETA: 0:25:54
Sampling (4 threads)  18%|█████▎                        |  ETA: 0:25:01
Sampling (4 threads)  18%|█████▍                        |  ETA: 0:24:10
Sampling (4 threads)  18%|█████▌                        |  ETA: 0:26:47
Sampling (4 threads)  19%|█████▊                        |  ETA: 0:25:55
Sampling (4 threads)  20%|█████▉                        |  ETA: 0:25:06
Sampling (4 threads)  20%|██████                        |  ETA: 0:28:39
Sampling (4 threads)  20%|██████▏                       |  ETA: 0:27:46
Sampling (4 threads)  21%|██████▎                       |  ETA: 0:26:56
Sampling (4 threads)  22%|██████▌                       |  ETA: 0:26:09
Sampling (4 threads)  22%|██████▋                       |  ETA: 0:27:39
Sampling (4 threads)  22%|██████▊                       |  ETA: 0:26:52
Sampling (4 threads)  23%|██████▉                       |  ETA: 0:26:31
Sampling (4 threads)  24%|███████                       |  ETA: 0:25:47
Sampling (4 threads)  24%|███████▎                      |  ETA: 0:25:44
Sampling (4 threads)  24%|███████▍                      |  ETA: 0:25:02
Sampling (4 threads)  25%|███████▌                      |  ETA: 0:26:05
Sampling (4 threads)  26%|███████▋                      |  ETA: 0:25:24
Sampling (4 threads)  26%|███████▊                      |  ETA: 0:24:44
Sampling (4 threads)  26%|████████                      |  ETA: 0:24:07
Sampling (4 threads)  27%|████████▏                     |  ETA: 0:25:25
Sampling (4 threads)  28%|████████▎                     |  ETA: 0:24:47
Sampling (4 threads)  28%|████████▍                     |  ETA: 0:26:49
Sampling (4 threads)  28%|████████▌                     |  ETA: 0:26:10
Sampling (4 threads)  29%|████████▊                     |  ETA: 0:25:32
Sampling (4 threads)  30%|████████▉                     |  ETA: 0:26:46
Sampling (4 threads)  30%|█████████                     |  ETA: 0:26:08
Sampling (4 threads)  30%|█████████▏                    |  ETA: 0:25:32
Sampling (4 threads)  31%|█████████▎                    |  ETA: 0:25:38
Sampling (4 threads)  32%|█████████▌                    |  ETA: 0:25:03
Sampling (4 threads)  32%|█████████▋                    |  ETA: 0:27:11
Sampling (4 threads)  32%|█████████▊                    |  ETA: 0:26:34
Sampling (4 threads)  33%|█████████▉                    |  ETA: 0:28:59
Sampling (4 threads)  34%|██████████                    |  ETA: 0:28:21
Sampling (4 threads)  34%|██████████▎                   |  ETA: 0:27:43
Sampling (4 threads)  34%|██████████▍                   |  ETA: 0:30:15
Sampling (4 threads)  35%|██████████▌                   |  ETA: 0:29:35
Sampling (4 threads)  36%|██████████▋                   |  ETA: 0:28:57
Sampling (4 threads)  36%|██████████▊                   |  ETA: 0:28:20
Sampling (4 threads)  36%|███████████                   |  ETA: 0:31:11
Sampling (4 threads)  37%|███████████▏                  |  ETA: 0:30:31
Sampling (4 threads)  38%|███████████▎                  |  ETA: 0:31:49
Sampling (4 threads)  38%|███████████▍                  |  ETA: 0:31:09
Sampling (4 threads)  38%|███████████▌                  |  ETA: 0:30:30
Sampling (4 threads)  39%|███████████▊                  |  ETA: 0:33:18
Sampling (4 threads)  40%|███████████▉                  |  ETA: 0:32:36
Sampling (4 threads)  40%|████████████                  |  ETA: 0:34:19
Sampling (4 threads)  40%|████████████▏                 |  ETA: 0:33:36
Sampling (4 threads)  41%|████████████▎                 |  ETA: 0:32:55
Sampling (4 threads)  42%|████████████▌                 |  ETA: 0:36:00
Sampling (4 threads)  42%|████████████▋                 |  ETA: 0:35:16
Sampling (4 threads)  42%|████████████▊                 |  ETA: 0:34:33
Sampling (4 threads)  43%|████████████▉                 |  ETA: 0:35:38
Sampling (4 threads)  44%|█████████████                 |  ETA: 0:34:55
Sampling (4 threads)  44%|█████████████▎                |  ETA: 0:35:57
Sampling (4 threads)  44%|█████████████▍                |  ETA: 0:35:14
Sampling (4 threads)  45%|█████████████▌                |  ETA: 0:34:32
Sampling (4 threads)  46%|█████████████▋                |  ETA: 0:35:37
Sampling (4 threads)  46%|█████████████▊                |  ETA: 0:34:54
Sampling (4 threads)  46%|██████████████                |  ETA: 0:34:12
Sampling (4 threads)  47%|██████████████▏               |  ETA: 0:35:48
Sampling (4 threads)  48%|██████████████▎               |  ETA: 0:35:05
Sampling (4 threads)  48%|██████████████▍               |  ETA: 0:35:32
Sampling (4 threads)  48%|██████████████▌               |  ETA: 0:34:50
Sampling (4 threads)  49%|██████████████▊               |  ETA: 0:36:41
Sampling (4 threads)  50%|██████████████▉               |  ETA: 0:35:58
Sampling (4 threads)  50%|███████████████               |  ETA: 0:35:15
Sampling (4 threads)  50%|███████████████▏              |  ETA: 0:36:22
Sampling (4 threads)  51%|███████████████▎              |  ETA: 0:35:39
Sampling (4 threads)  52%|███████████████▌              |  ETA: 0:34:57
Sampling (4 threads)  52%|███████████████▋              |  ETA: 0:35:18
Sampling (4 threads)  52%|███████████████▊              |  ETA: 0:34:36
Sampling (4 threads)  53%|███████████████▉              |  ETA: 0:34:58
Sampling (4 threads)  54%|████████████████              |  ETA: 0:34:16
Sampling (4 threads)  54%|████████████████▎             |  ETA: 0:33:35
Sampling (4 threads)  55%|████████████████▍             |  ETA: 0:34:56
Sampling (4 threads)  55%|████████████████▌             |  ETA: 0:34:14
Sampling (4 threads)  56%|████████████████▋             |  ETA: 0:33:33
Sampling (4 threads)  56%|████████████████▊             |  ETA: 0:32:53
Sampling (4 threads)  56%|█████████████████             |  ETA: 0:33:56
Sampling (4 threads)  57%|█████████████████▏            |  ETA: 0:33:15
Sampling (4 threads)  57%|█████████████████▎            |  ETA: 0:32:34
Sampling (4 threads)  58%|█████████████████▍            |  ETA: 0:33:09
Sampling (4 threads)  58%|█████████████████▌            |  ETA: 0:32:28
Sampling (4 threads)  59%|█████████████████▊            |  ETA: 0:31:49
Sampling (4 threads)  60%|█████████████████▉            |  ETA: 0:32:03
Sampling (4 threads)  60%|██████████████████            |  ETA: 0:31:23
Sampling (4 threads)  60%|██████████████████▏           |  ETA: 0:31:23
Sampling (4 threads)  61%|██████████████████▎           |  ETA: 0:30:44
Sampling (4 threads)  62%|██████████████████▌           |  ETA: 0:31:34
Sampling (4 threads)  62%|██████████████████▋           |  ETA: 0:30:54
Sampling (4 threads)  62%|██████████████████▊           |  ETA: 0:30:15
Sampling (4 threads)  63%|██████████████████▉           |  ETA: 0:29:37
Sampling (4 threads)  64%|███████████████████           |  ETA: 0:30:23
Sampling (4 threads)  64%|███████████████████▎          |  ETA: 0:29:44
Sampling (4 threads)  64%|███████████████████▍          |  ETA: 0:29:05
Sampling (4 threads)  65%|███████████████████▌          |  ETA: 0:29:04
Sampling (4 threads)  66%|███████████████████▋          |  ETA: 0:28:26
Sampling (4 threads)  66%|███████████████████▊          |  ETA: 0:27:48
Sampling (4 threads)  66%|████████████████████          |  ETA: 0:28:07
Sampling (4 threads)  67%|████████████████████▏         |  ETA: 0:27:29
Sampling (4 threads)  68%|████████████████████▎         |  ETA: 0:26:52
Sampling (4 threads)  68%|████████████████████▍         |  ETA: 0:26:15
Sampling (4 threads)  68%|████████████████████▌         |  ETA: 0:26:31
Sampling (4 threads)  69%|████████████████████▊         |  ETA: 0:25:55
Sampling (4 threads)  70%|████████████████████▉         |  ETA: 0:25:19
Sampling (4 threads)  70%|█████████████████████         |  ETA: 0:25:45
Sampling (4 threads)  70%|█████████████████████▏        |  ETA: 0:25:08
Sampling (4 threads)  71%|█████████████████████▎        |  ETA: 0:24:32
Sampling (4 threads)  72%|█████████████████████▌        |  ETA: 0:23:57
Sampling (4 threads)  72%|█████████████████████▋        |  ETA: 0:24:14
Sampling (4 threads)  72%|█████████████████████▊        |  ETA: 0:23:39
Sampling (4 threads)  73%|█████████████████████▉        |  ETA: 0:23:03
Sampling (4 threads)  74%|██████████████████████        |  ETA: 0:23:32
Sampling (4 threads)  74%|██████████████████████▎       |  ETA: 0:22:56
Sampling (4 threads)  74%|██████████████████████▍       |  ETA: 0:22:21
Sampling (4 threads)  75%|██████████████████████▌       |  ETA: 0:22:25
Sampling (4 threads)  76%|██████████████████████▋       |  ETA: 0:21:49
Sampling (4 threads)  76%|██████████████████████▊       |  ETA: 0:21:14
Sampling (4 threads)  76%|███████████████████████       |  ETA: 0:20:55
Sampling (4 threads)  77%|███████████████████████▏      |  ETA: 0:20:20
Sampling (4 threads)  78%|███████████████████████▎      |  ETA: 0:20:16
Sampling (4 threads)  78%|███████████████████████▍      |  ETA: 0:19:41
Sampling (4 threads)  78%|███████████████████████▌      |  ETA: 0:19:07
Sampling (4 threads)  79%|███████████████████████▊      |  ETA: 0:18:50
Sampling (4 threads)  80%|███████████████████████▉      |  ETA: 0:18:16
Sampling (4 threads)  80%|████████████████████████      |  ETA: 0:17:43
Sampling (4 threads)  80%|████████████████████████▏     |  ETA: 0:17:53
Sampling (4 threads)  81%|████████████████████████▎     |  ETA: 0:17:20
Sampling (4 threads)  82%|████████████████████████▌     |  ETA: 0:16:46
Sampling (4 threads)  82%|████████████████████████▋     |  ETA: 0:16:27
Sampling (4 threads)  82%|████████████████████████▊     |  ETA: 0:15:56
Sampling (4 threads)  83%|████████████████████████▉     |  ETA: 0:15:37
Sampling (4 threads)  84%|█████████████████████████     |  ETA: 0:15:08
Sampling (4 threads)  84%|█████████████████████████▎    |  ETA: 0:14:53
Sampling (4 threads)  84%|█████████████████████████▍    |  ETA: 0:14:27
Sampling (4 threads)  85%|█████████████████████████▌    |  ETA: 0:13:55
Sampling (4 threads)  86%|█████████████████████████▋    |  ETA: 0:13:29
Sampling (4 threads)  86%|█████████████████████████▊    |  ETA: 0:13:06
Sampling (4 threads)  86%|██████████████████████████    |  ETA: 0:12:40
Sampling (4 threads)  87%|██████████████████████████▏   |  ETA: 0:12:20
Sampling (4 threads)  88%|██████████████████████████▎   |  ETA: 0:11:53
Sampling (4 threads)  88%|██████████████████████████▍   |  ETA: 0:11:25
Sampling (4 threads)  88%|██████████████████████████▌   |  ETA: 0:10:59
Sampling (4 threads)  89%|██████████████████████████▊   |  ETA: 0:10:31
Sampling (4 threads)  90%|██████████████████████████▉   |  ETA: 0:10:07
Sampling (4 threads)  90%|███████████████████████████   |  ETA: 0:09:38
Sampling (4 threads)  90%|███████████████████████████▏  |  ETA: 0:09:10
Sampling (4 threads)  91%|███████████████████████████▎  |  ETA: 0:08:42
Sampling (4 threads)  92%|███████████████████████████▌  |  ETA: 0:08:12
Sampling (4 threads)  92%|███████████████████████████▋  |  ETA: 0:07:44
Sampling (4 threads)  92%|███████████████████████████▊  |  ETA: 0:07:16
Sampling (4 threads)  93%|███████████████████████████▉  |  ETA: 0:06:46
Sampling (4 threads)  94%|████████████████████████████  |  ETA: 0:06:19
Sampling (4 threads)  94%|████████████████████████████▎ |  ETA: 0:05:50
Sampling (4 threads)  94%|████████████████████████████▍ |  ETA: 0:05:20
Sampling (4 threads)  95%|████████████████████████████▌ |  ETA: 0:04:54
Sampling (4 threads)  96%|████████████████████████████▋ |  ETA: 0:04:26
Sampling (4 threads)  96%|████████████████████████████▊ |  ETA: 0:03:57
Sampling (4 threads)  96%|█████████████████████████████ |  ETA: 0:03:28
Sampling (4 threads)  97%|█████████████████████████████▏|  ETA: 0:02:59
Sampling (4 threads)  98%|█████████████████████████████▎|  ETA: 0:02:29
Sampling (4 threads)  98%|█████████████████████████████▍|  ETA: 0:01:59
Sampling (4 threads)  98%|█████████████████████████████▌|  ETA: 0:01:30
Sampling (4 threads)  99%|█████████████████████████████▊|  ETA: 0:01:00
Sampling (4 threads) 100%|█████████████████████████████▉|  ETA: 0:00:30
Sampling (4 threads) 100%|██████████████████████████████| Time: 1:41:19
Sampling (4 threads) 100%|██████████████████████████████| Time: 1:41:19
┌ Warning: Runtime invalidation was disabled, but the CPU info is out-of-date.
│ Will continue with incorrect CPU name (from build time).
└ @ HostCPUFeatures ~/.julia/packages/HostCPUFeatures/ZTXz4/src/cpu_info.jl:71
┌ Warning: Runtime invalidation was disabled, but the CPU info is out-of-date.
│ Will continue with incorrect CPU feature flag: +avx512vnni.
└ @ HostCPUFeatures ~/.julia/packages/HostCPUFeatures/ZTXz4/src/cpu_info.jl:56
┌ Warning: Runtime invalidation was disabled, but the CPU info is out-of-date.
│ Will continue with incorrect CPU feature flag: -rtm.
└ @ HostCPUFeatures ~/.julia/packages/HostCPUFeatures/ZTXz4/src/cpu_info.jl:56
Sampling (4 threads)   0%|                              |  ETA: N/A
┌ Info: Found initial step size
└   ϵ = 0.0015625
┌ Info: Found initial step size
└   ϵ = 0.000390625
┌ Info: Found initial step size
└   ϵ = 0.00625
┌ Info: Found initial step size
└   ϵ = 0.000390625
Sampling (4 threads)   0%|▏                             |  ETA: 1:49:57
Sampling (4 threads)   1%|▎                             |  ETA: 0:54:46
Sampling (4 threads)   2%|▌                             |  ETA: 0:36:19
Sampling (4 threads)   2%|▋                             |  ETA: 0:29:49
Sampling (4 threads)   2%|▊                             |  ETA: 0:23:44
Sampling (4 threads)   3%|▉                             |  ETA: 0:19:40
Sampling (4 threads)   4%|█                             |  ETA: 0:18:33
Sampling (4 threads)   4%|█▎                            |  ETA: 0:16:09
Sampling (4 threads)   4%|█▍                            |  ETA: 0:14:16
Sampling (4 threads)   5%|█▌                            |  ETA: 0:12:47
Sampling (4 threads)   6%|█▋                            |  ETA: 0:13:09
Sampling (4 threads)   6%|█▊                            |  ETA: 0:12:00
Sampling (4 threads)   6%|██                            |  ETA: 0:11:01
Sampling (4 threads)   7%|██▏                           |  ETA: 0:12:13
Sampling (4 threads)   8%|██▎                           |  ETA: 0:11:20
Sampling (4 threads)   8%|██▍                           |  ETA: 0:10:34
Sampling (4 threads)   8%|██▌                           |  ETA: 0:13:09
Sampling (4 threads)   9%|██▊                           |  ETA: 0:12:21
Sampling (4 threads)  10%|██▉                           |  ETA: 0:11:38
Sampling (4 threads)  10%|███                           |  ETA: 0:14:23
Sampling (4 threads)  10%|███▏                          |  ETA: 0:13:37
Sampling (4 threads)  11%|███▎                          |  ETA: 0:12:56
Sampling (4 threads)  12%|███▌                          |  ETA: 0:16:04
Sampling (4 threads)  12%|███▋                          |  ETA: 0:15:19
Sampling (4 threads)  12%|███▊                          |  ETA: 0:18:07
Sampling (4 threads)  13%|███▉                          |  ETA: 0:17:20
Sampling (4 threads)  14%|████                          |  ETA: 0:16:35
Sampling (4 threads)  14%|████▎                         |  ETA: 0:21:10
Sampling (4 threads)  14%|████▍                         |  ETA: 0:20:19
Sampling (4 threads)  15%|████▌                         |  ETA: 0:24:24
Sampling (4 threads)  16%|████▋                         |  ETA: 0:23:29
Sampling (4 threads)  16%|████▊                         |  ETA: 0:22:37
Sampling (4 threads)  16%|█████                         |  ETA: 0:21:48
Sampling (4 threads)  17%|█████▏                        |  ETA: 0:25:46
Sampling (4 threads)  18%|█████▎                        |  ETA: 0:24:53
Sampling (4 threads)  18%|█████▍                        |  ETA: 0:24:02
Sampling (4 threads)  18%|█████▌                        |  ETA: 0:25:55
Sampling (4 threads)  19%|█████▊                        |  ETA: 0:25:05
Sampling (4 threads)  20%|█████▉                        |  ETA: 0:24:17
Sampling (4 threads)  20%|██████                        |  ETA: 0:23:32
Sampling (4 threads)  20%|██████▏                       |  ETA: 0:25:00
Sampling (4 threads)  21%|██████▎                       |  ETA: 0:24:15
Sampling (4 threads)  22%|██████▌                       |  ETA: 0:23:32
Sampling (4 threads)  22%|██████▋                       |  ETA: 0:23:51
Sampling (4 threads)  22%|██████▊                       |  ETA: 0:23:10
Sampling (4 threads)  23%|██████▉                       |  ETA: 0:22:31
Sampling (4 threads)  24%|███████                       |  ETA: 0:25:07
Sampling (4 threads)  24%|███████▎                      |  ETA: 0:24:26
Sampling (4 threads)  24%|███████▍                      |  ETA: 0:23:47
Sampling (4 threads)  25%|███████▌                      |  ETA: 0:24:09
Sampling (4 threads)  26%|███████▋                      |  ETA: 0:23:31
Sampling (4 threads)  26%|███████▊                      |  ETA: 0:24:27
Sampling (4 threads)  26%|████████                      |  ETA: 0:23:49
Sampling (4 threads)  27%|████████▏                     |  ETA: 0:25:39
Sampling (4 threads)  28%|████████▎                     |  ETA: 0:25:01
Sampling (4 threads)  28%|████████▍                     |  ETA: 0:24:24
Sampling (4 threads)  28%|████████▌                     |  ETA: 0:23:48
Sampling (4 threads)  29%|████████▊                     |  ETA: 0:25:12
Sampling (4 threads)  30%|████████▉                     |  ETA: 0:24:36
Sampling (4 threads)  30%|█████████                     |  ETA: 0:24:01
Sampling (4 threads)  30%|█████████▏                    |  ETA: 0:25:12
Sampling (4 threads)  31%|█████████▎                    |  ETA: 0:24:37
Sampling (4 threads)  32%|█████████▌                    |  ETA: 0:24:03
Sampling (4 threads)  32%|█████████▋                    |  ETA: 0:26:18
Sampling (4 threads)  32%|█████████▊                    |  ETA: 0:25:42
Sampling (4 threads)  33%|█████████▉                    |  ETA: 0:28:17
Sampling (4 threads)  34%|██████████                    |  ETA: 0:27:39
Sampling (4 threads)  34%|██████████▎                   |  ETA: 0:27:03
Sampling (4 threads)  34%|██████████▍                   |  ETA: 0:26:27
Sampling (4 threads)  35%|██████████▌                   |  ETA: 0:27:53
Sampling (4 threads)  36%|██████████▋                   |  ETA: 0:27:17
Sampling (4 threads)  36%|██████████▊                   |  ETA: 0:28:11
Sampling (4 threads)  36%|███████████                   |  ETA: 0:27:35
Sampling (4 threads)  37%|███████████▏                  |  ETA: 0:27:00
Sampling (4 threads)  38%|███████████▎                  |  ETA: 0:30:08
Sampling (4 threads)  38%|███████████▍                  |  ETA: 0:29:29
Sampling (4 threads)  38%|███████████▌                  |  ETA: 0:28:52
Sampling (4 threads)  39%|███████████▊                  |  ETA: 0:28:16
Sampling (4 threads)  40%|███████████▉                  |  ETA: 0:29:52
Sampling (4 threads)  40%|████████████                  |  ETA: 0:29:15
Sampling (4 threads)  40%|████████████▏                 |  ETA: 0:28:39
Sampling (4 threads)  41%|████████████▎                 |  ETA: 0:30:53
Sampling (4 threads)  42%|████████████▌                 |  ETA: 0:30:15
Sampling (4 threads)  42%|████████████▋                 |  ETA: 0:29:38
Sampling (4 threads)  42%|████████████▊                 |  ETA: 0:31:26
Sampling (4 threads)  43%|████████████▉                 |  ETA: 0:30:48
Sampling (4 threads)  44%|█████████████                 |  ETA: 0:30:11
Sampling (4 threads)  44%|█████████████▎                |  ETA: 0:31:02
Sampling (4 threads)  44%|█████████████▍                |  ETA: 0:30:24
Sampling (4 threads)  45%|█████████████▌                |  ETA: 0:32:20
Sampling (4 threads)  46%|█████████████▋                |  ETA: 0:31:41
Sampling (4 threads)  46%|█████████████▊                |  ETA: 0:31:03
Sampling (4 threads)  46%|██████████████                |  ETA: 0:31:50
Sampling (4 threads)  47%|██████████████▏               |  ETA: 0:31:12
Sampling (4 threads)  48%|██████████████▎               |  ETA: 0:30:35
Sampling (4 threads)  48%|██████████████▍               |  ETA: 0:32:08
Sampling (4 threads)  48%|██████████████▌               |  ETA: 0:31:30
Sampling (4 threads)  49%|██████████████▊               |  ETA: 0:30:52
Sampling (4 threads)  50%|██████████████▉               |  ETA: 0:32:09
Sampling (4 threads)  50%|███████████████               |  ETA: 0:31:31
Sampling (4 threads)  50%|███████████████▏              |  ETA: 0:30:53
Sampling (4 threads)  51%|███████████████▎              |  ETA: 0:31:40
Sampling (4 threads)  52%|███████████████▌              |  ETA: 0:31:02
Sampling (4 threads)  52%|███████████████▋              |  ETA: 0:32:11
Sampling (4 threads)  52%|███████████████▊              |  ETA: 0:31:32
Sampling (4 threads)  53%|███████████████▉              |  ETA: 0:30:55
Sampling (4 threads)  54%|████████████████              |  ETA: 0:31:05
Sampling (4 threads)  54%|████████████████▎             |  ETA: 0:30:28
Sampling (4 threads)  55%|████████████████▍             |  ETA: 0:31:03
Sampling (4 threads)  55%|████████████████▌             |  ETA: 0:30:26
Sampling (4 threads)  56%|████████████████▋             |  ETA: 0:29:49
Sampling (4 threads)  56%|████████████████▊             |  ETA: 0:30:22
Sampling (4 threads)  56%|█████████████████             |  ETA: 0:29:45
Sampling (4 threads)  57%|█████████████████▏            |  ETA: 0:29:09
Sampling (4 threads)  57%|█████████████████▎            |  ETA: 0:29:37
Sampling (4 threads)  58%|█████████████████▍            |  ETA: 0:29:01
Sampling (4 threads)  58%|█████████████████▌            |  ETA: 0:28:26
Sampling (4 threads)  59%|█████████████████▊            |  ETA: 0:28:38
Sampling (4 threads)  60%|█████████████████▉            |  ETA: 0:28:03
Sampling (4 threads)  60%|██████████████████            |  ETA: 0:27:58
Sampling (4 threads)  60%|██████████████████▏           |  ETA: 0:27:23
Sampling (4 threads)  61%|██████████████████▎           |  ETA: 0:27:45
Sampling (4 threads)  62%|██████████████████▌           |  ETA: 0:27:10
Sampling (4 threads)  62%|██████████████████▋           |  ETA: 0:26:36
Sampling (4 threads)  62%|██████████████████▊           |  ETA: 0:26:02
Sampling (4 threads)  63%|██████████████████▉           |  ETA: 0:26:33
Sampling (4 threads)  64%|███████████████████           |  ETA: 0:25:59
Sampling (4 threads)  64%|███████████████████▎          |  ETA: 0:25:26
Sampling (4 threads)  64%|███████████████████▍          |  ETA: 0:26:11
Sampling (4 threads)  65%|███████████████████▌          |  ETA: 0:25:37
Sampling (4 threads)  66%|███████████████████▋          |  ETA: 0:25:04
Sampling (4 threads)  66%|███████████████████▊          |  ETA: 0:25:30
Sampling (4 threads)  66%|████████████████████          |  ETA: 0:24:57
Sampling (4 threads)  67%|████████████████████▏         |  ETA: 0:24:23
Sampling (4 threads)  68%|████████████████████▎         |  ETA: 0:23:50
Sampling (4 threads)  68%|████████████████████▍         |  ETA: 0:23:40
Sampling (4 threads)  68%|████████████████████▌         |  ETA: 0:23:08
Sampling (4 threads)  69%|████████████████████▊         |  ETA: 0:23:21
Sampling (4 threads)  70%|████████████████████▉         |  ETA: 0:22:48
Sampling (4 threads)  70%|█████████████████████         |  ETA: 0:22:16
Sampling (4 threads)  70%|█████████████████████▏        |  ETA: 0:22:28
Sampling (4 threads)  71%|█████████████████████▎        |  ETA: 0:21:55
Sampling (4 threads)  72%|█████████████████████▌        |  ETA: 0:21:24
Sampling (4 threads)  72%|█████████████████████▋        |  ETA: 0:20:52
Sampling (4 threads)  72%|█████████████████████▊        |  ETA: 0:21:19
Sampling (4 threads)  73%|█████████████████████▉        |  ETA: 0:20:47
Sampling (4 threads)  74%|██████████████████████        |  ETA: 0:20:16
Sampling (4 threads)  74%|██████████████████████▎       |  ETA: 0:20:36
Sampling (4 threads)  74%|██████████████████████▍       |  ETA: 0:20:04
Sampling (4 threads)  75%|██████████████████████▌       |  ETA: 0:19:32
Sampling (4 threads)  76%|██████████████████████▋       |  ETA: 0:19:25
Sampling (4 threads)  76%|██████████████████████▊       |  ETA: 0:18:53
Sampling (4 threads)  76%|███████████████████████       |  ETA: 0:18:44
Sampling (4 threads)  77%|███████████████████████▏      |  ETA: 0:18:13
Sampling (4 threads)  78%|███████████████████████▎      |  ETA: 0:18:15
Sampling (4 threads)  78%|███████████████████████▍      |  ETA: 0:17:44
Sampling (4 threads)  78%|███████████████████████▌      |  ETA: 0:17:13
Sampling (4 threads)  79%|███████████████████████▊      |  ETA: 0:17:02
Sampling (4 threads)  80%|███████████████████████▉      |  ETA: 0:16:31
Sampling (4 threads)  80%|████████████████████████      |  ETA: 0:16:01
Sampling (4 threads)  80%|████████████████████████▏     |  ETA: 0:15:40
Sampling (4 threads)  81%|████████████████████████▎     |  ETA: 0:15:20
Sampling (4 threads)  82%|████████████████████████▌     |  ETA: 0:14:59
Sampling (4 threads)  82%|████████████████████████▋     |  ETA: 0:14:37
Sampling (4 threads)  82%|████████████████████████▊     |  ETA: 0:14:12
Sampling (4 threads)  83%|████████████████████████▉     |  ETA: 0:13:57
Sampling (4 threads)  84%|█████████████████████████     |  ETA: 0:13:35
Sampling (4 threads)  84%|█████████████████████████▎    |  ETA: 0:13:15
Sampling (4 threads)  84%|█████████████████████████▍    |  ETA: 0:12:55
Sampling (4 threads)  85%|█████████████████████████▌    |  ETA: 0:12:40
Sampling (4 threads)  86%|█████████████████████████▋    |  ETA: 0:12:18
Sampling (4 threads)  86%|█████████████████████████▊    |  ETA: 0:11:55
Sampling (4 threads)  86%|██████████████████████████    |  ETA: 0:11:33
Sampling (4 threads)  87%|██████████████████████████▏   |  ETA: 0:11:09
Sampling (4 threads)  88%|██████████████████████████▎   |  ETA: 0:10:52
Sampling (4 threads)  88%|██████████████████████████▍   |  ETA: 0:10:37
Sampling (4 threads)  88%|██████████████████████████▌   |  ETA: 0:10:11
Sampling (4 threads)  89%|██████████████████████████▊   |  ETA: 0:10:12
Sampling (4 threads)  90%|██████████████████████████▉   |  ETA: 0:09:51
Sampling (4 threads)  90%|███████████████████████████   |  ETA: 0:09:33
Sampling (4 threads)  90%|███████████████████████████▏  |  ETA: 0:09:06
Sampling (4 threads)  91%|███████████████████████████▎  |  ETA: 0:08:46
Sampling (4 threads)  92%|███████████████████████████▌  |  ETA: 0:08:17
Sampling (4 threads)  92%|███████████████████████████▋  |  ETA: 0:07:51
Sampling (4 threads)  92%|███████████████████████████▊  |  ETA: 0:07:23
Sampling (4 threads)  93%|███████████████████████████▉  |  ETA: 0:06:53
Sampling (4 threads)  94%|████████████████████████████  |  ETA: 0:06:24
Sampling (4 threads)  94%|████████████████████████████▎ |  ETA: 0:05:57
Sampling (4 threads)  94%|████████████████████████████▍ |  ETA: 0:05:27
Sampling (4 threads)  95%|████████████████████████████▌ |  ETA: 0:04:57
Sampling (4 threads)  96%|████████████████████████████▋ |  ETA: 0:04:29
Sampling (4 threads)  96%|████████████████████████████▊ |  ETA: 0:04:01
Sampling (4 threads)  96%|█████████████████████████████ |  ETA: 0:03:34
Sampling (4 threads)  97%|█████████████████████████████▏|  ETA: 0:03:06
Sampling (4 threads)  98%|█████████████████████████████▎|  ETA: 0:02:35
Sampling (4 threads)  98%|█████████████████████████████▍|  ETA: 0:02:05
Sampling (4 threads)  98%|█████████████████████████████▌|  ETA: 0:01:34
Sampling (4 threads)  99%|█████████████████████████████▊|  ETA: 0:01:04
Sampling (4 threads) 100%|█████████████████████████████▉|  ETA: 0:00:32
Sampling (4 threads) 100%|██████████████████████████████| Time: 1:47:25
Sampling (4 threads) 100%|██████████████████████████████| Time: 1:47:25
┌ Warning: Runtime invalidation was disabled, but the CPU info is out-of-date.
│ Will continue with incorrect CPU name (from build time).
└ @ HostCPUFeatures ~/.julia/packages/HostCPUFeatures/ZTXz4/src/cpu_info.jl:71
┌ Warning: Runtime invalidation was disabled, but the CPU info is out-of-date.
│ Will continue with incorrect CPU feature flag: +avx512vnni.
└ @ HostCPUFeatures ~/.julia/packages/HostCPUFeatures/ZTXz4/src/cpu_info.jl:56
┌ Warning: Runtime invalidation was disabled, but the CPU info is out-of-date.
│ Will continue with incorrect CPU feature flag: -rtm.
└ @ HostCPUFeatures ~/.julia/packages/HostCPUFeatures/ZTXz4/src/cpu_info.jl:56
Sampling (4 threads)   0%|                              |  ETA: N/A
┌ Info: Found initial step size
└   ϵ = 0.00078125
┌ Info: Found initial step size
└   ϵ = 0.0015625
┌ Info: Found initial step size
└   ϵ = 0.003125
┌ Info: Found initial step size
└   ϵ = 0.0015625
Sampling (4 threads)   0%|▏                             |  ETA: 2:06:26
Sampling (4 threads)   1%|▎                             |  ETA: 1:02:59
Sampling (4 threads)   2%|▌                             |  ETA: 0:41:46
Sampling (4 threads)   2%|▋                             |  ETA: 0:33:45
Sampling (4 threads)   2%|▊                             |  ETA: 0:26:52
Sampling (4 threads)   3%|▉                             |  ETA: 0:24:55
Sampling (4 threads)   4%|█                             |  ETA: 0:21:15
Sampling (4 threads)   4%|█▎                            |  ETA: 0:18:30
Sampling (4 threads)   4%|█▍                            |  ETA: 0:17:00
Sampling (4 threads)   5%|█▌                            |  ETA: 0:15:13
Sampling (4 threads)   6%|█▋                            |  ETA: 0:16:33
Sampling (4 threads)   6%|█▊                            |  ETA: 0:15:06
Sampling (4 threads)   6%|██                            |  ETA: 0:13:51
Sampling (4 threads)   7%|██▏                           |  ETA: 0:21:07
Sampling (4 threads)   8%|██▎                           |  ETA: 0:19:36
Sampling (4 threads)   8%|██▍                           |  ETA: 0:18:17
Sampling (4 threads)   8%|██▌                           |  ETA: 0:17:07
Sampling (4 threads)   9%|██▊                           |  ETA: 0:19:54
Sampling (4 threads)  10%|██▉                           |  ETA: 0:18:45
Sampling (4 threads)  10%|███                           |  ETA: 0:17:43
Sampling (4 threads)  10%|███▏                          |  ETA: 0:18:45
Sampling (4 threads)  11%|███▎                          |  ETA: 0:17:48
Sampling (4 threads)  12%|███▌                          |  ETA: 0:16:56
Sampling (4 threads)  12%|███▋                          |  ETA: 0:23:32
Sampling (4 threads)  12%|███▊                          |  ETA: 0:22:28
Sampling (4 threads)  13%|███▉                          |  ETA: 0:21:29
Sampling (4 threads)  14%|████                          |  ETA: 0:24:34
Sampling (4 threads)  14%|████▎                         |  ETA: 0:23:33
Sampling (4 threads)  14%|████▍                         |  ETA: 0:22:36
Sampling (4 threads)  15%|████▌                         |  ETA: 0:26:09
Sampling (4 threads)  16%|████▋                         |  ETA: 0:25:09
Sampling (4 threads)  16%|████▊                         |  ETA: 0:24:14
Sampling (4 threads)  16%|█████                         |  ETA: 0:27:14
Sampling (4 threads)  17%|█████▏                        |  ETA: 0:26:16
Sampling (4 threads)  18%|█████▎                        |  ETA: 0:25:22
Sampling (4 threads)  18%|█████▍                        |  ETA: 0:24:31
Sampling (4 threads)  18%|█████▌                        |  ETA: 0:25:24
Sampling (4 threads)  19%|█████▊                        |  ETA: 0:24:35
Sampling (4 threads)  20%|█████▉                        |  ETA: 0:25:53
Sampling (4 threads)  20%|██████                        |  ETA: 0:25:05
Sampling (4 threads)  20%|██████▏                       |  ETA: 0:26:36
Sampling (4 threads)  21%|██████▎                       |  ETA: 0:25:48
Sampling (4 threads)  22%|██████▌                       |  ETA: 0:25:03
Sampling (4 threads)  22%|██████▋                       |  ETA: 0:26:29
Sampling (4 threads)  22%|██████▊                       |  ETA: 0:25:44
Sampling (4 threads)  23%|██████▉                       |  ETA: 0:25:00
Sampling (4 threads)  24%|███████                       |  ETA: 0:26:45
Sampling (4 threads)  24%|███████▎                      |  ETA: 0:26:01
Sampling (4 threads)  24%|███████▍                      |  ETA: 0:25:19
Sampling (4 threads)  25%|███████▌                      |  ETA: 0:29:10
Sampling (4 threads)  26%|███████▋                      |  ETA: 0:28:24
Sampling (4 threads)  26%|███████▊                      |  ETA: 0:27:40
Sampling (4 threads)  26%|████████                      |  ETA: 0:30:40
Sampling (4 threads)  27%|████████▏                     |  ETA: 0:29:54
Sampling (4 threads)  28%|████████▎                     |  ETA: 0:29:09
Sampling (4 threads)  28%|████████▍                     |  ETA: 0:28:26
Sampling (4 threads)  28%|████████▌                     |  ETA: 0:29:17
Sampling (4 threads)  29%|████████▊                     |  ETA: 0:28:34
Sampling (4 threads)  30%|████████▉                     |  ETA: 0:29:14
Sampling (4 threads)  30%|█████████                     |  ETA: 0:28:33
Sampling (4 threads)  30%|█████████▏                    |  ETA: 0:27:53
Sampling (4 threads)  31%|█████████▎                    |  ETA: 0:27:14
Sampling (4 threads)  32%|█████████▌                    |  ETA: 0:29:01
Sampling (4 threads)  32%|█████████▋                    |  ETA: 0:28:21
Sampling (4 threads)  32%|█████████▊                    |  ETA: 0:27:43
Sampling (4 threads)  33%|█████████▉                    |  ETA: 0:28:56
Sampling (4 threads)  34%|██████████                    |  ETA: 0:28:18
Sampling (4 threads)  34%|██████████▎                   |  ETA: 0:30:22
Sampling (4 threads)  34%|██████████▍                   |  ETA: 0:29:42
Sampling (4 threads)  35%|██████████▌                   |  ETA: 0:29:03
Sampling (4 threads)  36%|██████████▋                   |  ETA: 0:31:33
Sampling (4 threads)  36%|██████████▊                   |  ETA: 0:30:52
Sampling (4 threads)  36%|███████████                   |  ETA: 0:30:12
Sampling (4 threads)  37%|███████████▏                  |  ETA: 0:29:34
Sampling (4 threads)  38%|███████████▎                  |  ETA: 0:32:16
Sampling (4 threads)  38%|███████████▍                  |  ETA: 0:31:35
Sampling (4 threads)  38%|███████████▌                  |  ETA: 0:30:56
Sampling (4 threads)  39%|███████████▊                  |  ETA: 0:33:06
Sampling (4 threads)  40%|███████████▉                  |  ETA: 0:32:25
Sampling (4 threads)  40%|████████████                  |  ETA: 0:31:45
Sampling (4 threads)  40%|████████████▏                 |  ETA: 0:32:52
Sampling (4 threads)  41%|████████████▎                 |  ETA: 0:32:11
Sampling (4 threads)  42%|████████████▌                 |  ETA: 0:33:59
Sampling (4 threads)  42%|████████████▋                 |  ETA: 0:33:18
Sampling (4 threads)  42%|████████████▊                 |  ETA: 0:32:37
Sampling (4 threads)  43%|████████████▉                 |  ETA: 0:33:29
Sampling (4 threads)  44%|█████████████                 |  ETA: 0:32:48
Sampling (4 threads)  44%|█████████████▎                |  ETA: 0:34:23
Sampling (4 threads)  44%|█████████████▍                |  ETA: 0:33:42
Sampling (4 threads)  45%|█████████████▌                |  ETA: 0:33:01
Sampling (4 threads)  46%|█████████████▋                |  ETA: 0:33:53
Sampling (4 threads)  46%|█████████████▊                |  ETA: 0:33:12
Sampling (4 threads)  46%|██████████████                |  ETA: 0:32:32
Sampling (4 threads)  47%|██████████████▏               |  ETA: 0:34:09
Sampling (4 threads)  48%|██████████████▎               |  ETA: 0:33:28
Sampling (4 threads)  48%|██████████████▍               |  ETA: 0:32:48
Sampling (4 threads)  48%|██████████████▌               |  ETA: 0:34:16
Sampling (4 threads)  49%|██████████████▊               |  ETA: 0:33:35
Sampling (4 threads)  50%|██████████████▉               |  ETA: 0:32:55
Sampling (4 threads)  50%|███████████████               |  ETA: 0:34:06
Sampling (4 threads)  50%|███████████████▏              |  ETA: 0:33:26
Sampling (4 threads)  51%|███████████████▎              |  ETA: 0:32:46
Sampling (4 threads)  52%|███████████████▌              |  ETA: 0:33:48
Sampling (4 threads)  52%|███████████████▋              |  ETA: 0:33:08
Sampling (4 threads)  52%|███████████████▊              |  ETA: 0:32:28
Sampling (4 threads)  53%|███████████████▉              |  ETA: 0:33:07
Sampling (4 threads)  54%|████████████████              |  ETA: 0:32:28
Sampling (4 threads)  54%|████████████████▎             |  ETA: 0:32:52
Sampling (4 threads)  55%|████████████████▍             |  ETA: 0:32:13
Sampling (4 threads)  55%|████████████████▌             |  ETA: 0:32:21
Sampling (4 threads)  56%|████████████████▋             |  ETA: 0:31:42
Sampling (4 threads)  56%|████████████████▊             |  ETA: 0:32:22
Sampling (4 threads)  56%|█████████████████             |  ETA: 0:31:43
Sampling (4 threads)  57%|█████████████████▏            |  ETA: 0:31:04
Sampling (4 threads)  57%|█████████████████▎            |  ETA: 0:31:35
Sampling (4 threads)  58%|█████████████████▍            |  ETA: 0:30:57
Sampling (4 threads)  58%|█████████████████▌            |  ETA: 0:30:19
Sampling (4 threads)  59%|█████████████████▊            |  ETA: 0:31:29
Sampling (4 threads)  60%|█████████████████▉            |  ETA: 0:30:50
Sampling (4 threads)  60%|██████████████████            |  ETA: 0:30:12
Sampling (4 threads)  60%|██████████████████▏           |  ETA: 0:29:35
Sampling (4 threads)  61%|██████████████████▎           |  ETA: 0:29:55
Sampling (4 threads)  62%|██████████████████▌           |  ETA: 0:29:17
Sampling (4 threads)  62%|██████████████████▋           |  ETA: 0:29:58
Sampling (4 threads)  62%|██████████████████▊           |  ETA: 0:29:20
Sampling (4 threads)  63%|██████████████████▉           |  ETA: 0:29:45
Sampling (4 threads)  64%|███████████████████           |  ETA: 0:29:07
Sampling (4 threads)  64%|███████████████████▎          |  ETA: 0:28:30
Sampling (4 threads)  64%|███████████████████▍          |  ETA: 0:29:05
Sampling (4 threads)  65%|███████████████████▌          |  ETA: 0:28:27
Sampling (4 threads)  66%|███████████████████▋          |  ETA: 0:27:50
Sampling (4 threads)  66%|███████████████████▊          |  ETA: 0:27:45
Sampling (4 threads)  66%|████████████████████          |  ETA: 0:27:08
Sampling (4 threads)  67%|████████████████████▏         |  ETA: 0:26:32
Sampling (4 threads)  68%|████████████████████▎         |  ETA: 0:26:53
Sampling (4 threads)  68%|████████████████████▍         |  ETA: 0:26:17
Sampling (4 threads)  68%|████████████████████▌         |  ETA: 0:25:41
Sampling (4 threads)  69%|████████████████████▊         |  ETA: 0:25:05
Sampling (4 threads)  70%|████████████████████▉         |  ETA: 0:25:39
Sampling (4 threads)  70%|█████████████████████         |  ETA: 0:25:03
Sampling (4 threads)  70%|█████████████████████▏        |  ETA: 0:24:28
Sampling (4 threads)  71%|█████████████████████▎        |  ETA: 0:24:21
Sampling (4 threads)  72%|█████████████████████▌        |  ETA: 0:23:45
Sampling (4 threads)  72%|█████████████████████▋        |  ETA: 0:23:36
Sampling (4 threads)  72%|█████████████████████▊        |  ETA: 0:23:01
Sampling (4 threads)  73%|█████████████████████▉        |  ETA: 0:22:27
Sampling (4 threads)  74%|██████████████████████        |  ETA: 0:22:20
Sampling (4 threads)  74%|██████████████████████▎       |  ETA: 0:21:46
Sampling (4 threads)  74%|██████████████████████▍       |  ETA: 0:21:44
Sampling (4 threads)  75%|██████████████████████▌       |  ETA: 0:21:10
Sampling (4 threads)  76%|██████████████████████▋       |  ETA: 0:21:02
Sampling (4 threads)  76%|██████████████████████▊       |  ETA: 0:20:28
Sampling (4 threads)  76%|███████████████████████       |  ETA: 0:19:55
Sampling (4 threads)  77%|███████████████████████▏      |  ETA: 0:20:16
Sampling (4 threads)  78%|███████████████████████▎      |  ETA: 0:19:42
Sampling (4 threads)  78%|███████████████████████▍      |  ETA: 0:19:08
Sampling (4 threads)  78%|███████████████████████▌      |  ETA: 0:19:05
Sampling (4 threads)  79%|███████████████████████▊      |  ETA: 0:18:31
Sampling (4 threads)  80%|███████████████████████▉      |  ETA: 0:18:26
Sampling (4 threads)  80%|████████████████████████      |  ETA: 0:17:52
Sampling (4 threads)  80%|████████████████████████▏     |  ETA: 0:17:19
Sampling (4 threads)  81%|████████████████████████▎     |  ETA: 0:16:46
Sampling (4 threads)  82%|████████████████████████▌     |  ETA: 0:16:46
Sampling (4 threads)  82%|████████████████████████▋     |  ETA: 0:16:13
Sampling (4 threads)  82%|████████████████████████▊     |  ETA: 0:15:40
Sampling (4 threads)  83%|████████████████████████▉     |  ETA: 0:15:29
Sampling (4 threads)  84%|█████████████████████████     |  ETA: 0:14:56
Sampling (4 threads)  84%|█████████████████████████▎    |  ETA: 0:14:24
Sampling (4 threads)  84%|█████████████████████████▍    |  ETA: 0:14:08
Sampling (4 threads)  85%|█████████████████████████▌    |  ETA: 0:13:35
Sampling (4 threads)  86%|█████████████████████████▋    |  ETA: 0:13:14
Sampling (4 threads)  86%|█████████████████████████▊    |  ETA: 0:12:42
Sampling (4 threads)  86%|██████████████████████████    |  ETA: 0:12:25
Sampling (4 threads)  87%|██████████████████████████▏   |  ETA: 0:11:54
Sampling (4 threads)  88%|██████████████████████████▎   |  ETA: 0:11:22
Sampling (4 threads)  88%|██████████████████████████▍   |  ETA: 0:11:07
Sampling (4 threads)  88%|██████████████████████████▌   |  ETA: 0:10:36
Sampling (4 threads)  89%|██████████████████████████▊   |  ETA: 0:10:05
Sampling (4 threads)  90%|██████████████████████████▉   |  ETA: 0:09:43
Sampling (4 threads)  90%|███████████████████████████   |  ETA: 0:09:12
Sampling (4 threads)  90%|███████████████████████████▏  |  ETA: 0:08:53
Sampling (4 threads)  91%|███████████████████████████▎  |  ETA: 0:08:22
Sampling (4 threads)  92%|███████████████████████████▌  |  ETA: 0:07:51
Sampling (4 threads)  92%|███████████████████████████▋  |  ETA: 0:07:27
Sampling (4 threads)  92%|███████████████████████████▊  |  ETA: 0:06:56
Sampling (4 threads)  93%|███████████████████████████▉  |  ETA: 0:06:27
Sampling (4 threads)  94%|████████████████████████████  |  ETA: 0:05:57
Sampling (4 threads)  94%|████████████████████████████▎ |  ETA: 0:05:31
Sampling (4 threads)  94%|████████████████████████████▍ |  ETA: 0:05:03
Sampling (4 threads)  95%|████████████████████████████▌ |  ETA: 0:04:36
Sampling (4 threads)  96%|████████████████████████████▋ |  ETA: 0:04:09
Sampling (4 threads)  96%|████████████████████████████▊ |  ETA: 0:03:42
Sampling (4 threads)  96%|█████████████████████████████ |  ETA: 0:03:15
Sampling (4 threads)  97%|█████████████████████████████▏|  ETA: 0:02:47
Sampling (4 threads)  98%|█████████████████████████████▎|  ETA: 0:02:19
Sampling (4 threads)  98%|█████████████████████████████▍|  ETA: 0:01:52
Sampling (4 threads)  98%|█████████████████████████████▌|  ETA: 0:01:24
Sampling (4 threads)  99%|█████████████████████████████▊|  ETA: 0:00:56
Sampling (4 threads) 100%|█████████████████████████████▉|  ETA: 0:00:28
Sampling (4 threads) 100%|██████████████████████████████| Time: 1:34:20
Sampling (4 threads) 100%|██████████████████████████████| Time: 1:34:20
ERROR: LoadError: UndefVarError: `attr` not defined
Stacktrace:
 [1] violin_grouped(data::DataFrame, wordTypes::Vector{String}, cols::Vector{RGB{Float64}})
   @ Main ~/bayesian/BC4/Bayes/wordType_experiments/plottingFuncs.jl:55
 [2] subplots(data::DataFrame, wordTypes::Vector{String}, cols::Vector{RGB{Float64}})
   @ Main ~/bayesian/BC4/Bayes/wordType_experiments/plottingFuncs.jl:118
 [3] plotGraphs(outputDir::String, wordTypes::Vector{String}, cols::Vector{RGB{Float64}}, noPCS::Int64)
   @ Main ~/bayesian/BC4/Bayes/wordType_experiments/plottingFuncs.jl:287
 [4] concludeAndPlot(m::Chains{Float64, AxisArray{Float64, 3, Array{Float64, 3}, Tuple{Axis{:iter, StepRange{Int64, Int64}}, Axis{:var, Vector{Symbol}}, Axis{:chain, UnitRange{Int64}}}}, Missing, @NamedTuple{parameters::Vector{Symbol}, internals::Vector{Symbol}}, @NamedTuple{varname_to_symbol::OrderedDict{AbstractPPL.VarName, Symbol}, start_time::Vector{Float64}, stop_time::Vector{Float64}, samplerstate::Vector{Nothing}}}, output_loc::String, pc::Int64, wordTypes::Vector{String}, cols::Vector{RGB{Float64}}, noPCS::Int64)
   @ Main ~/bayesian/BC4/Bayes/wordType_experiments/plottingFuncs.jl:21
 [5] runModel(model::DynamicPPL.Model{typeof(model_tp), (:participant, :word, :surprisal, :tags, :PCA, :ExpMean, :cauchyMean, :NUM_TYPES, :NUM_PARTICIPANTS), (), (), Tuple{Vector{Int64}, Vector{Float64}, Vector{Float64}, Vector{Int64}, Vector{Float64}, Float64, Float64, Int64, Int64}, Tuple{}, DynamicPPL.DefaultContext}, df_modified::DataFrame, dfPCA::DataFrame, pc::Int64, NUM_PARTICIPANTS::Int64, NUM_WORDS::Int64, TYPE_STRUCTURE::String, NUM_TYPES::Int64, wordTypes::Vector{String}, cols::Vector{RGB{Float64}}, isPlotting::Int64, analyseEssRhat::Int64, output_loc::String, expMean::Float64, cauchyMean::Float64, noPCS::Int64, noInChain::Int64)
   @ Main ~/bayesian/BC4/Bayes/wordType_experiments/model_master.jl:130
 [6] top-level scope
   @ ~/bayesian/BC4/Bayes/wordType_experiments/models/Z_totallyPooled/model.jl:12
in expression starting at /user/home/em18564/bayesian/BC4/Bayes/wordType_experiments/models/Z_totallyPooled/model.jl:12
┌ Warning: Runtime invalidation was disabled, but the CPU info is out-of-date.
│ Will continue with incorrect CPU name (from build time).
└ @ HostCPUFeatures ~/.julia/packages/HostCPUFeatures/ZTXz4/src/cpu_info.jl:71
┌ Warning: Runtime invalidation was disabled, but the CPU info is out-of-date.
│ Will continue with incorrect CPU feature flag: +avx512vnni.
└ @ HostCPUFeatures ~/.julia/packages/HostCPUFeatures/ZTXz4/src/cpu_info.jl:56
┌ Warning: Runtime invalidation was disabled, but the CPU info is out-of-date.
│ Will continue with incorrect CPU feature flag: -rtm.
└ @ HostCPUFeatures ~/.julia/packages/HostCPUFeatures/ZTXz4/src/cpu_info.jl:56
Sampling (4 threads)   0%|                              |  ETA: N/A
┌ Info: Found initial step size
└   ϵ = 0.003125
┌ Info: Found initial step size
└   ϵ = 0.00625
┌ Info: Found initial step size
└   ϵ = 0.00078125
┌ Info: Found initial step size
└   ϵ = 0.0015625
Sampling (4 threads)   0%|▏                             |  ETA: 2:14:23
Sampling (4 threads)   1%|▎                             |  ETA: 1:06:56
Sampling (4 threads)   2%|▌                             |  ETA: 0:44:24
Sampling (4 threads)   2%|▋                             |  ETA: 0:37:30
Sampling (4 threads)   2%|▊                             |  ETA: 0:29:51
Sampling (4 threads)   3%|▉                             |  ETA: 0:24:45
Sampling (4 threads)   4%|█                             |  ETA: 0:22:14
Sampling (4 threads)   4%|█▎                            |  ETA: 0:19:22
Sampling (4 threads)   4%|█▍                            |  ETA: 0:19:17
Sampling (4 threads)   5%|█▌                            |  ETA: 0:17:16
Sampling (4 threads)   6%|█▋                            |  ETA: 0:20:02
Sampling (4 threads)   6%|█▊                            |  ETA: 0:18:16
Sampling (4 threads)   6%|██                            |  ETA: 0:16:46
Sampling (4 threads)   7%|██▏                           |  ETA: 0:29:46
Sampling (4 threads)   8%|██▎                           |  ETA: 0:27:38
Sampling (4 threads)   8%|██▍                           |  ETA: 0:25:46
Sampling (4 threads)   8%|██▌                           |  ETA: 0:38:10
Sampling (4 threads)   9%|██▊                           |  ETA: 0:35:51
Sampling (4 threads)  10%|██▉                           |  ETA: 0:33:47
Sampling (4 threads)  10%|███                           |  ETA: 0:31:55
Sampling (4 threads)  10%|███▏                          |  ETA: 0:34:29
Sampling (4 threads)  11%|███▎                          |  ETA: 0:32:44
Sampling (4 threads)  12%|███▌                          |  ETA: 0:31:08
Sampling (4 threads)  12%|███▋                          |  ETA: 0:33:18
Sampling (4 threads)  12%|███▊                          |  ETA: 0:31:47
Sampling (4 threads)  13%|███▉                          |  ETA: 0:30:24
Sampling (4 threads)  14%|████                          |  ETA: 0:34:35
Sampling (4 threads)  14%|████▎                         |  ETA: 0:33:09
Sampling (4 threads)  14%|████▍                         |  ETA: 0:31:50
Sampling (4 threads)  15%|████▌                         |  ETA: 0:30:35
Sampling (4 threads)  16%|████▋                         |  ETA: 0:33:09
Sampling (4 threads)  16%|████▊                         |  ETA: 0:31:56
Sampling (4 threads)  16%|█████                         |  ETA: 0:37:15
Sampling (4 threads)  17%|█████▏                        |  ETA: 0:35:56
Sampling (4 threads)  18%|█████▎                        |  ETA: 0:34:42
Sampling (4 threads)  18%|█████▍                        |  ETA: 0:35:57
Sampling (4 threads)  18%|█████▌                        |  ETA: 0:34:45
Sampling (4 threads)  19%|█████▊                        |  ETA: 0:33:38
Sampling (4 threads)  20%|█████▉                        |  ETA: 0:33:24
Sampling (4 threads)  20%|██████                        |  ETA: 0:32:22
Sampling (4 threads)  20%|██████▏                       |  ETA: 0:35:31
Sampling (4 threads)  21%|██████▎                       |  ETA: 0:34:27
Sampling (4 threads)  22%|██████▌                       |  ETA: 0:33:27
Sampling (4 threads)  22%|██████▋                       |  ETA: 0:34:19
Sampling (4 threads)  22%|██████▊                       |  ETA: 0:33:20
Sampling (4 threads)  23%|██████▉                       |  ETA: 0:32:24
Sampling (4 threads)  24%|███████                       |  ETA: 0:32:36
Sampling (4 threads)  24%|███████▎                      |  ETA: 0:31:43
Sampling (4 threads)  24%|███████▍                      |  ETA: 0:30:52
Sampling (4 threads)  25%|███████▌                      |  ETA: 0:33:15
Sampling (4 threads)  26%|███████▋                      |  ETA: 0:32:22
Sampling (4 threads)  26%|███████▊                      |  ETA: 0:32:58
Sampling (4 threads)  26%|████████                      |  ETA: 0:32:08
Sampling (4 threads)  27%|████████▏                     |  ETA: 0:33:38
Sampling (4 threads)  28%|████████▎                     |  ETA: 0:32:48
Sampling (4 threads)  28%|████████▍                     |  ETA: 0:31:59
Sampling (4 threads)  28%|████████▌                     |  ETA: 0:33:21
Sampling (4 threads)  29%|████████▊                     |  ETA: 0:32:33
Sampling (4 threads)  30%|████████▉                     |  ETA: 0:33:05
Sampling (4 threads)  30%|█████████                     |  ETA: 0:32:18
Sampling (4 threads)  30%|█████████▏                    |  ETA: 0:33:34
Sampling (4 threads)  31%|█████████▎                    |  ETA: 0:32:48
Sampling (4 threads)  32%|█████████▌                    |  ETA: 0:32:02
Sampling (4 threads)  32%|█████████▋                    |  ETA: 0:32:57
Sampling (4 threads)  32%|█████████▊                    |  ETA: 0:32:12
Sampling (4 threads)  33%|█████████▉                    |  ETA: 0:34:54
Sampling (4 threads)  34%|██████████                    |  ETA: 0:34:08
Sampling (4 threads)  34%|██████████▎                   |  ETA: 0:33:22
Sampling (4 threads)  34%|██████████▍                   |  ETA: 0:35:45
Sampling (4 threads)  35%|██████████▌                   |  ETA: 0:34:58
Sampling (4 threads)  36%|██████████▋                   |  ETA: 0:34:12
Sampling (4 threads)  36%|██████████▊                   |  ETA: 0:33:28
Sampling (4 threads)  36%|███████████                   |  ETA: 0:34:50
Sampling (4 threads)  37%|███████████▏                  |  ETA: 0:34:05
Sampling (4 threads)  38%|███████████▎                  |  ETA: 0:37:24
Sampling (4 threads)  38%|███████████▍                  |  ETA: 0:36:36
Sampling (4 threads)  38%|███████████▌                  |  ETA: 0:35:50
Sampling (4 threads)  39%|███████████▊                  |  ETA: 0:37:10
Sampling (4 threads)  40%|███████████▉                  |  ETA: 0:36:24
Sampling (4 threads)  40%|████████████                  |  ETA: 0:37:30
Sampling (4 threads)  40%|████████████▏                 |  ETA: 0:36:43
Sampling (4 threads)  41%|████████████▎                 |  ETA: 0:39:08
Sampling (4 threads)  42%|████████████▌                 |  ETA: 0:38:20
Sampling (4 threads)  42%|████████████▋                 |  ETA: 0:37:33
Sampling (4 threads)  42%|████████████▊                 |  ETA: 0:36:48
Sampling (4 threads)  43%|████████████▉                 |  ETA: 0:40:07
Sampling (4 threads)  44%|█████████████                 |  ETA: 0:39:19
Sampling (4 threads)  44%|█████████████▎                |  ETA: 0:38:31
Sampling (4 threads)  44%|█████████████▍                |  ETA: 0:41:20
Sampling (4 threads)  45%|█████████████▌                |  ETA: 0:40:31
Sampling (4 threads)  46%|█████████████▋                |  ETA: 0:39:42
Sampling (4 threads)  46%|█████████████▊                |  ETA: 0:40:36
Sampling (4 threads)  46%|██████████████                |  ETA: 0:39:47
Sampling (4 threads)  47%|██████████████▏               |  ETA: 0:39:00
Sampling (4 threads)  48%|██████████████▎               |  ETA: 0:40:32
Sampling (4 threads)  48%|██████████████▍               |  ETA: 0:39:44
Sampling (4 threads)  48%|██████████████▌               |  ETA: 0:38:57
Sampling (4 threads)  49%|██████████████▊               |  ETA: 0:40:01
Sampling (4 threads)  50%|██████████████▉               |  ETA: 0:39:13
Sampling (4 threads)  50%|███████████████               |  ETA: 0:39:58
Sampling (4 threads)  50%|███████████████▏              |  ETA: 0:39:10
Sampling (4 threads)  51%|███████████████▎              |  ETA: 0:39:11
Sampling (4 threads)  52%|███████████████▌              |  ETA: 0:38:25
Sampling (4 threads)  52%|███████████████▋              |  ETA: 0:38:56
Sampling (4 threads)  52%|███████████████▊              |  ETA: 0:38:10
Sampling (4 threads)  53%|███████████████▉              |  ETA: 0:37:24
Sampling (4 threads)  54%|████████████████              |  ETA: 0:38:24
Sampling (4 threads)  54%|████████████████▎             |  ETA: 0:37:38
Sampling (4 threads)  55%|████████████████▍             |  ETA: 0:36:53
Sampling (4 threads)  55%|████████████████▌             |  ETA: 0:38:07
Sampling (4 threads)  56%|████████████████▋             |  ETA: 0:37:21
Sampling (4 threads)  56%|████████████████▊             |  ETA: 0:36:36
Sampling (4 threads)  56%|█████████████████             |  ETA: 0:35:52
Sampling (4 threads)  57%|█████████████████▏            |  ETA: 0:37:02
Sampling (4 threads)  57%|█████████████████▎            |  ETA: 0:36:18
Sampling (4 threads)  58%|█████████████████▍            |  ETA: 0:35:33
Sampling (4 threads)  58%|█████████████████▌            |  ETA: 0:36:11
Sampling (4 threads)  59%|█████████████████▊            |  ETA: 0:35:26
Sampling (4 threads)  60%|█████████████████▉            |  ETA: 0:34:43
Sampling (4 threads)  60%|██████████████████            |  ETA: 0:35:00
Sampling (4 threads)  60%|██████████████████▏           |  ETA: 0:34:16
Sampling (4 threads)  61%|██████████████████▎           |  ETA: 0:34:57
Sampling (4 threads)  62%|██████████████████▌           |  ETA: 0:34:13
Sampling (4 threads)  62%|██████████████████▋           |  ETA: 0:33:30
Sampling (4 threads)  62%|██████████████████▊           |  ETA: 0:33:32
Sampling (4 threads)  63%|██████████████████▉           |  ETA: 0:32:49
Sampling (4 threads)  64%|███████████████████           |  ETA: 0:33:04
Sampling (4 threads)  64%|███████████████████▎          |  ETA: 0:32:22
Sampling (4 threads)  64%|███████████████████▍          |  ETA: 0:33:01
Sampling (4 threads)  65%|███████████████████▌          |  ETA: 0:32:18
Sampling (4 threads)  66%|███████████████████▋          |  ETA: 0:31:36
Sampling (4 threads)  66%|███████████████████▊          |  ETA: 0:31:47
Sampling (4 threads)  66%|████████████████████          |  ETA: 0:31:05
Sampling (4 threads)  67%|████████████████████▏         |  ETA: 0:30:49
Sampling (4 threads)  68%|████████████████████▎         |  ETA: 0:30:07
Sampling (4 threads)  68%|████████████████████▍         |  ETA: 0:29:59
Sampling (4 threads)  68%|████████████████████▌         |  ETA: 0:29:18
Sampling (4 threads)  69%|████████████████████▊         |  ETA: 0:28:38
Sampling (4 threads)  70%|████████████████████▉         |  ETA: 0:28:44
Sampling (4 threads)  70%|█████████████████████         |  ETA: 0:28:04
Sampling (4 threads)  70%|█████████████████████▏        |  ETA: 0:27:24
Sampling (4 threads)  71%|█████████████████████▎        |  ETA: 0:27:55
Sampling (4 threads)  72%|█████████████████████▌        |  ETA: 0:27:15
Sampling (4 threads)  72%|█████████████████████▋        |  ETA: 0:26:35
Sampling (4 threads)  72%|█████████████████████▊        |  ETA: 0:26:22
Sampling (4 threads)  73%|█████████████████████▉        |  ETA: 0:25:42
Sampling (4 threads)  74%|██████████████████████        |  ETA: 0:25:56
Sampling (4 threads)  74%|██████████████████████▎       |  ETA: 0:25:17
Sampling (4 threads)  74%|██████████████████████▍       |  ETA: 0:24:38
Sampling (4 threads)  75%|██████████████████████▌       |  ETA: 0:24:23
Sampling (4 threads)  76%|██████████████████████▋       |  ETA: 0:23:44
Sampling (4 threads)  76%|██████████████████████▊       |  ETA: 0:23:48
Sampling (4 threads)  76%|███████████████████████       |  ETA: 0:23:09
Sampling (4 threads)  77%|███████████████████████▏      |  ETA: 0:22:30
Sampling (4 threads)  78%|███████████████████████▎      |  ETA: 0:21:52
Sampling (4 threads)  78%|███████████████████████▍      |  ETA: 0:21:57
Sampling (4 threads)  78%|███████████████████████▌      |  ETA: 0:21:19
Sampling (4 threads)  79%|███████████████████████▊      |  ETA: 0:20:41
Sampling (4 threads)  80%|███████████████████████▉      |  ETA: 0:20:42
Sampling (4 threads)  80%|████████████████████████      |  ETA: 0:20:04
Sampling (4 threads)  80%|████████████████████████▏     |  ETA: 0:19:27
Sampling (4 threads)  81%|████████████████████████▎     |  ETA: 0:19:00
Sampling (4 threads)  82%|████████████████████████▌     |  ETA: 0:18:23
Sampling (4 threads)  82%|████████████████████████▋     |  ETA: 0:18:09
Sampling (4 threads)  82%|████████████████████████▊     |  ETA: 0:17:32
Sampling (4 threads)  83%|████████████████████████▉     |  ETA: 0:17:29
Sampling (4 threads)  84%|█████████████████████████     |  ETA: 0:16:52
Sampling (4 threads)  84%|█████████████████████████▎    |  ETA: 0:16:15
Sampling (4 threads)  84%|█████████████████████████▍    |  ETA: 0:15:39
Sampling (4 threads)  85%|█████████████████████████▌    |  ETA: 0:15:20
Sampling (4 threads)  86%|█████████████████████████▋    |  ETA: 0:14:44
Sampling (4 threads)  86%|█████████████████████████▊    |  ETA: 0:14:16
Sampling (4 threads)  86%|██████████████████████████    |  ETA: 0:13:41
Sampling (4 threads)  87%|██████████████████████████▏   |  ETA: 0:13:26
Sampling (4 threads)  88%|██████████████████████████▎   |  ETA: 0:12:50
Sampling (4 threads)  88%|██████████████████████████▍   |  ETA: 0:12:15
Sampling (4 threads)  88%|██████████████████████████▌   |  ETA: 0:11:54
Sampling (4 threads)  89%|██████████████████████████▊   |  ETA: 0:11:19
Sampling (4 threads)  90%|██████████████████████████▉   |  ETA: 0:10:47
Sampling (4 threads)  90%|███████████████████████████   |  ETA: 0:10:20
Sampling (4 threads)  90%|███████████████████████████▏  |  ETA: 0:09:47
Sampling (4 threads)  91%|███████████████████████████▎  |  ETA: 0:09:17
Sampling (4 threads)  92%|███████████████████████████▌  |  ETA: 0:08:46
Sampling (4 threads)  92%|███████████████████████████▋  |  ETA: 0:08:17
Sampling (4 threads)  92%|███████████████████████████▊  |  ETA: 0:07:49
Sampling (4 threads)  93%|███████████████████████████▉  |  ETA: 0:07:18
Sampling (4 threads)  94%|████████████████████████████  |  ETA: 0:06:49
Sampling (4 threads)  94%|████████████████████████████▎ |  ETA: 0:06:19
Sampling (4 threads)  94%|████████████████████████████▍ |  ETA: 0:05:49
Sampling (4 threads)  95%|████████████████████████████▌ |  ETA: 0:05:17
Sampling (4 threads)  96%|████████████████████████████▋ |  ETA: 0:04:49
Sampling (4 threads)  96%|████████████████████████████▊ |  ETA: 0:04:20
Sampling (4 threads)  96%|█████████████████████████████ |  ETA: 0:03:48
Sampling (4 threads)  97%|█████████████████████████████▏|  ETA: 0:03:15
Sampling (4 threads)  98%|█████████████████████████████▎|  ETA: 0:02:44
Sampling (4 threads)  98%|█████████████████████████████▍|  ETA: 0:02:12
Sampling (4 threads)  98%|█████████████████████████████▌|  ETA: 0:01:39
Sampling (4 threads)  99%|█████████████████████████████▊|  ETA: 0:01:07
Sampling (4 threads) 100%|█████████████████████████████▉|  ETA: 0:00:34
Sampling (4 threads) 100%|██████████████████████████████| Time: 1:52:43
Sampling (4 threads) 100%|██████████████████████████████| Time: 1:52:43
┌ Warning: Runtime invalidation was disabled, but the CPU info is out-of-date.
│ Will continue with incorrect CPU name (from build time).
└ @ HostCPUFeatures ~/.julia/packages/HostCPUFeatures/ZTXz4/src/cpu_info.jl:71
┌ Warning: Runtime invalidation was disabled, but the CPU info is out-of-date.
│ Will continue with incorrect CPU feature flag: +avx512vnni.
└ @ HostCPUFeatures ~/.julia/packages/HostCPUFeatures/ZTXz4/src/cpu_info.jl:56
┌ Warning: Runtime invalidation was disabled, but the CPU info is out-of-date.
│ Will continue with incorrect CPU feature flag: -rtm.
└ @ HostCPUFeatures ~/.julia/packages/HostCPUFeatures/ZTXz4/src/cpu_info.jl:56
Sampling (4 threads)   0%|                              |  ETA: N/A
┌ Info: Found initial step size
└   ϵ = 0.00078125
┌ Info: Found initial step size
└   ϵ = 0.00625
┌ Info: Found initial step size
└   ϵ = 0.0015625
┌ Info: Found initial step size
└   ϵ = 0.003125
Sampling (4 threads)   0%|▏                             |  ETA: 2:08:01
Sampling (4 threads)   1%|▎                             |  ETA: 1:03:46
Sampling (4 threads)   2%|▌                             |  ETA: 0:44:26
Sampling (4 threads)   2%|▋                             |  ETA: 0:33:10
Sampling (4 threads)   2%|▊                             |  ETA: 0:28:17
Sampling (4 threads)   3%|▉                             |  ETA: 0:23:27
Sampling (4 threads)   4%|█                             |  ETA: 0:20:00
Sampling (4 threads)   4%|█▎                            |  ETA: 0:19:43
Sampling (4 threads)   4%|█▍                            |  ETA: 0:17:26
Sampling (4 threads)   5%|█▌                            |  ETA: 0:18:11
Sampling (4 threads)   6%|█▋                            |  ETA: 0:16:27
Sampling (4 threads)   6%|█▊                            |  ETA: 0:15:00
Sampling (4 threads)   6%|██                            |  ETA: 0:15:50
Sampling (4 threads)   7%|██▏                           |  ETA: 0:14:37
Sampling (4 threads)   8%|██▎                           |  ETA: 0:29:25
Sampling (4 threads)   8%|██▍                           |  ETA: 0:27:26
Sampling (4 threads)   8%|██▌                           |  ETA: 0:25:41
Sampling (4 threads)   9%|██▊                           |  ETA: 0:24:07
Sampling (4 threads)  10%|██▉                           |  ETA: 0:30:01
Sampling (4 threads)  10%|███                           |  ETA: 0:28:21
Sampling (4 threads)  10%|███▏                          |  ETA: 0:26:51
Sampling (4 threads)  11%|███▎                          |  ETA: 0:32:46
Sampling (4 threads)  12%|███▌                          |  ETA: 0:31:10
Sampling (4 threads)  12%|███▋                          |  ETA: 0:29:42
Sampling (4 threads)  12%|███▊                          |  ETA: 0:37:09
Sampling (4 threads)  13%|███▉                          |  ETA: 0:35:31
Sampling (4 threads)  14%|████                          |  ETA: 0:34:00
Sampling (4 threads)  14%|████▎                         |  ETA: 0:32:36
Sampling (4 threads)  14%|████▍                         |  ETA: 0:35:02
Sampling (4 threads)  15%|████▌                         |  ETA: 0:33:40
Sampling (4 threads)  16%|████▋                         |  ETA: 0:32:24
Sampling (4 threads)  16%|████▊                         |  ETA: 0:33:56
Sampling (4 threads)  16%|█████                         |  ETA: 0:32:43
Sampling (4 threads)  17%|█████▏                        |  ETA: 0:31:33
Sampling (4 threads)  18%|█████▎                        |  ETA: 0:34:05
Sampling (4 threads)  18%|█████▍                        |  ETA: 0:32:56
Sampling (4 threads)  18%|█████▌                        |  ETA: 0:31:51
Sampling (4 threads)  19%|█████▊                        |  ETA: 0:38:57
Sampling (4 threads)  20%|█████▉                        |  ETA: 0:37:43
Sampling (4 threads)  20%|██████                        |  ETA: 0:36:32
Sampling (4 threads)  20%|██████▏                       |  ETA: 0:35:25
Sampling (4 threads)  21%|██████▎                       |  ETA: 0:39:00
Sampling (4 threads)  22%|██████▌                       |  ETA: 0:37:52
Sampling (4 threads)  22%|██████▋                       |  ETA: 0:36:46
Sampling (4 threads)  22%|██████▊                       |  ETA: 0:36:46
Sampling (4 threads)  23%|██████▉                       |  ETA: 0:35:44
Sampling (4 threads)  24%|███████                       |  ETA: 0:39:10
Sampling (4 threads)  24%|███████▎                      |  ETA: 0:38:06
Sampling (4 threads)  24%|███████▍                      |  ETA: 0:39:59
Sampling (4 threads)  25%|███████▌                      |  ETA: 0:38:56
Sampling (4 threads)  26%|███████▋                      |  ETA: 0:37:55
Sampling (4 threads)  26%|███████▊                      |  ETA: 0:40:14
Sampling (4 threads)  26%|████████                      |  ETA: 0:39:13
Sampling (4 threads)  27%|████████▏                     |  ETA: 0:38:13
Sampling (4 threads)  28%|████████▎                     |  ETA: 0:40:33
Sampling (4 threads)  28%|████████▍                     |  ETA: 0:39:33
Sampling (4 threads)  28%|████████▌                     |  ETA: 0:38:35
Sampling (4 threads)  29%|████████▊                     |  ETA: 0:38:15
Sampling (4 threads)  30%|████████▉                     |  ETA: 0:37:20
Sampling (4 threads)  30%|█████████                     |  ETA: 0:38:20
Sampling (4 threads)  30%|█████████▏                    |  ETA: 0:37:26
Sampling (4 threads)  31%|█████████▎                    |  ETA: 0:40:37
Sampling (4 threads)  32%|█████████▌                    |  ETA: 0:39:41
Sampling (4 threads)  32%|█████████▋                    |  ETA: 0:38:47
Sampling (4 threads)  32%|█████████▊                    |  ETA: 0:41:07
Sampling (4 threads)  33%|█████████▉                    |  ETA: 0:40:12
Sampling (4 threads)  34%|██████████                    |  ETA: 0:40:52
Sampling (4 threads)  34%|██████████▎                   |  ETA: 0:39:58
Sampling (4 threads)  34%|██████████▍                   |  ETA: 0:39:05
Sampling (4 threads)  35%|██████████▌                   |  ETA: 0:42:29
Sampling (4 threads)  36%|██████████▋                   |  ETA: 0:41:34
Sampling (4 threads)  36%|██████████▊                   |  ETA: 0:40:40
Sampling (4 threads)  36%|███████████                   |  ETA: 0:42:15
Sampling (4 threads)  37%|███████████▏                  |  ETA: 0:41:21
Sampling (4 threads)  38%|███████████▎                  |  ETA: 0:44:47
Sampling (4 threads)  38%|███████████▍                  |  ETA: 0:43:51
Sampling (4 threads)  38%|███████████▌                  |  ETA: 0:42:56
Sampling (4 threads)  39%|███████████▊                  |  ETA: 0:46:41
Sampling (4 threads)  40%|███████████▉                  |  ETA: 0:45:43
Sampling (4 threads)  40%|████████████                  |  ETA: 0:44:46
Sampling (4 threads)  40%|████████████▏                 |  ETA: 0:47:42
Sampling (4 threads)  41%|████████████▎                 |  ETA: 0:46:43
Sampling (4 threads)  42%|████████████▌                 |  ETA: 0:45:46
Sampling (4 threads)  42%|████████████▋                 |  ETA: 0:46:54
Sampling (4 threads)  42%|████████████▊                 |  ETA: 0:45:57
Sampling (4 threads)  43%|████████████▉                 |  ETA: 0:47:05
Sampling (4 threads)  44%|█████████████                 |  ETA: 0:46:08
Sampling (4 threads)  44%|█████████████▎                |  ETA: 0:45:12
Sampling (4 threads)  44%|█████████████▍                |  ETA: 0:45:48
Sampling (4 threads)  45%|█████████████▌                |  ETA: 0:44:53
Sampling (4 threads)  46%|█████████████▋                |  ETA: 0:46:41
Sampling (4 threads)  46%|█████████████▊                |  ETA: 0:45:45
Sampling (4 threads)  46%|██████████████                |  ETA: 0:44:50
Sampling (4 threads)  47%|██████████████▏               |  ETA: 0:46:00
Sampling (4 threads)  48%|██████████████▎               |  ETA: 0:45:05
Sampling (4 threads)  48%|██████████████▍               |  ETA: 0:46:08
Sampling (4 threads)  48%|██████████████▌               |  ETA: 0:45:13
Sampling (4 threads)  49%|██████████████▊               |  ETA: 0:45:48
Sampling (4 threads)  50%|██████████████▉               |  ETA: 0:44:53
Sampling (4 threads)  50%|███████████████               |  ETA: 0:45:52
Sampling (4 threads)  50%|███████████████▏              |  ETA: 0:44:58
Sampling (4 threads)  51%|███████████████▎              |  ETA: 0:44:04
Sampling (4 threads)  52%|███████████████▌              |  ETA: 0:43:12
Sampling (4 threads)  52%|███████████████▋              |  ETA: 0:43:26
Sampling (4 threads)  52%|███████████████▊              |  ETA: 0:42:34
Sampling (4 threads)  53%|███████████████▉              |  ETA: 0:42:19
Sampling (4 threads)  54%|████████████████              |  ETA: 0:41:29
Sampling (4 threads)  54%|████████████████▎             |  ETA: 0:42:12
Sampling (4 threads)  55%|████████████████▍             |  ETA: 0:41:22
Sampling (4 threads)  55%|████████████████▌             |  ETA: 0:40:32
Sampling (4 threads)  56%|████████████████▋             |  ETA: 0:40:43
Sampling (4 threads)  56%|████████████████▊             |  ETA: 0:39:54
Sampling (4 threads)  56%|█████████████████             |  ETA: 0:39:51
Sampling (4 threads)  57%|█████████████████▏            |  ETA: 0:39:03
Sampling (4 threads)  57%|█████████████████▎            |  ETA: 0:40:18
Sampling (4 threads)  58%|█████████████████▍            |  ETA: 0:39:29
Sampling (4 threads)  58%|█████████████████▌            |  ETA: 0:38:41
Sampling (4 threads)  59%|█████████████████▊            |  ETA: 0:37:54
Sampling (4 threads)  60%|█████████████████▉            |  ETA: 0:38:12
Sampling (4 threads)  60%|██████████████████            |  ETA: 0:37:25
Sampling (4 threads)  60%|██████████████████▏           |  ETA: 0:38:45
Sampling (4 threads)  61%|██████████████████▎           |  ETA: 0:37:57
Sampling (4 threads)  62%|██████████████████▌           |  ETA: 0:37:09
Sampling (4 threads)  62%|██████████████████▋           |  ETA: 0:36:23
Sampling (4 threads)  62%|██████████████████▊           |  ETA: 0:36:56
Sampling (4 threads)  63%|██████████████████▉           |  ETA: 0:36:09
Sampling (4 threads)  64%|███████████████████           |  ETA: 0:35:23
Sampling (4 threads)  64%|███████████████████▎          |  ETA: 0:35:59
Sampling (4 threads)  64%|███████████████████▍          |  ETA: 0:35:12
Sampling (4 threads)  65%|███████████████████▌          |  ETA: 0:34:26
Sampling (4 threads)  66%|███████████████████▋          |  ETA: 0:34:15
Sampling (4 threads)  66%|███████████████████▊          |  ETA: 0:33:30
Sampling (4 threads)  66%|████████████████████          |  ETA: 0:32:45
Sampling (4 threads)  67%|████████████████████▏         |  ETA: 0:33:14
Sampling (4 threads)  68%|████████████████████▎         |  ETA: 0:32:29
Sampling (4 threads)  68%|████████████████████▍         |  ETA: 0:32:51
Sampling (4 threads)  68%|████████████████████▌         |  ETA: 0:32:06
Sampling (4 threads)  69%|████████████████████▊         |  ETA: 0:31:22
Sampling (4 threads)  70%|████████████████████▉         |  ETA: 0:31:42
Sampling (4 threads)  70%|█████████████████████         |  ETA: 0:30:57
Sampling (4 threads)  70%|█████████████████████▏        |  ETA: 0:30:14
Sampling (4 threads)  71%|█████████████████████▎        |  ETA: 0:30:22
Sampling (4 threads)  72%|█████████████████████▌        |  ETA: 0:29:38
Sampling (4 threads)  72%|█████████████████████▋        |  ETA: 0:29:36
Sampling (4 threads)  72%|█████████████████████▊        |  ETA: 0:28:52
Sampling (4 threads)  73%|█████████████████████▉        |  ETA: 0:28:09
Sampling (4 threads)  74%|██████████████████████        |  ETA: 0:28:31
Sampling (4 threads)  74%|██████████████████████▎       |  ETA: 0:27:48
Sampling (4 threads)  74%|██████████████████████▍       |  ETA: 0:27:04
Sampling (4 threads)  75%|██████████████████████▌       |  ETA: 0:26:44
Sampling (4 threads)  76%|██████████████████████▋       |  ETA: 0:26:01
Sampling (4 threads)  76%|██████████████████████▊       |  ETA: 0:26:05
Sampling (4 threads)  76%|███████████████████████       |  ETA: 0:25:23
Sampling (4 threads)  77%|███████████████████████▏      |  ETA: 0:24:41
Sampling (4 threads)  78%|███████████████████████▎      |  ETA: 0:24:24
Sampling (4 threads)  78%|███████████████████████▍      |  ETA: 0:23:43
Sampling (4 threads)  78%|███████████████████████▌      |  ETA: 0:23:31
Sampling (4 threads)  79%|███████████████████████▊      |  ETA: 0:22:50
Sampling (4 threads)  80%|███████████████████████▉      |  ETA: 0:22:09
Sampling (4 threads)  80%|████████████████████████      |  ETA: 0:22:15
Sampling (4 threads)  80%|████████████████████████▏     |  ETA: 0:21:34
Sampling (4 threads)  81%|████████████████████████▎     |  ETA: 0:20:53
Sampling (4 threads)  82%|████████████████████████▌     |  ETA: 0:20:47
Sampling (4 threads)  82%|████████████████████████▋     |  ETA: 0:20:06
Sampling (4 threads)  82%|████████████████████████▊     |  ETA: 0:19:25
Sampling (4 threads)  83%|████████████████████████▉     |  ETA: 0:18:59
Sampling (4 threads)  84%|█████████████████████████     |  ETA: 0:18:19
Sampling (4 threads)  84%|█████████████████████████▎    |  ETA: 0:17:40
Sampling (4 threads)  84%|█████████████████████████▍    |  ETA: 0:17:14
Sampling (4 threads)  85%|█████████████████████████▌    |  ETA: 0:16:35
Sampling (4 threads)  86%|█████████████████████████▋    |  ETA: 0:16:10
Sampling (4 threads)  86%|█████████████████████████▊    |  ETA: 0:15:31
Sampling (4 threads)  86%|██████████████████████████    |  ETA: 0:14:53
Sampling (4 threads)  87%|██████████████████████████▏   |  ETA: 0:14:16
Sampling (4 threads)  88%|██████████████████████████▎   |  ETA: 0:13:56
Sampling (4 threads)  88%|██████████████████████████▍   |  ETA: 0:13:23
Sampling (4 threads)  88%|██████████████████████████▌   |  ETA: 0:12:49
Sampling (4 threads)  89%|██████████████████████████▊   |  ETA: 0:12:19
Sampling (4 threads)  90%|██████████████████████████▉   |  ETA: 0:11:46
Sampling (4 threads)  90%|███████████████████████████   |  ETA: 0:11:13
Sampling (4 threads)  90%|███████████████████████████▏  |  ETA: 0:10:36
Sampling (4 threads)  91%|███████████████████████████▎  |  ETA: 0:10:10
Sampling (4 threads)  92%|███████████████████████████▌  |  ETA: 0:09:35
Sampling (4 threads)  92%|███████████████████████████▋  |  ETA: 0:09:05
Sampling (4 threads)  92%|███████████████████████████▊  |  ETA: 0:08:33
Sampling (4 threads)  93%|███████████████████████████▉  |  ETA: 0:07:58
Sampling (4 threads)  94%|████████████████████████████  |  ETA: 0:07:27
Sampling (4 threads)  94%|████████████████████████████▎ |  ETA: 0:06:53
Sampling (4 threads)  94%|████████████████████████████▍ |  ETA: 0:06:19
Sampling (4 threads)  95%|████████████████████████████▌ |  ETA: 0:05:48
Sampling (4 threads)  96%|████████████████████████████▋ |  ETA: 0:05:16
Sampling (4 threads)  96%|████████████████████████████▊ |  ETA: 0:04:41
Sampling (4 threads)  96%|█████████████████████████████ |  ETA: 0:04:07
Sampling (4 threads)  97%|█████████████████████████████▏|  ETA: 0:03:33
Sampling (4 threads)  98%|█████████████████████████████▎|  ETA: 0:02:58
Sampling (4 threads)  98%|█████████████████████████████▍|  ETA: 0:02:24
Sampling (4 threads)  98%|█████████████████████████████▌|  ETA: 0:01:48
Sampling (4 threads)  99%|█████████████████████████████▊|  ETA: 0:01:12
Sampling (4 threads) 100%|█████████████████████████████▉|  ETA: 0:00:37
Sampling (4 threads) 100%|██████████████████████████████| Time: 2:05:08
Sampling (4 threads) 100%|██████████████████████████████| Time: 2:05:08
┌ Warning: Runtime invalidation was disabled, but the CPU info is out-of-date.
│ Will continue with incorrect CPU name (from build time).
└ @ HostCPUFeatures ~/.julia/packages/HostCPUFeatures/ZTXz4/src/cpu_info.jl:71
┌ Warning: Runtime invalidation was disabled, but the CPU info is out-of-date.
│ Will continue with incorrect CPU feature flag: +avx512vnni.
└ @ HostCPUFeatures ~/.julia/packages/HostCPUFeatures/ZTXz4/src/cpu_info.jl:56
┌ Warning: Runtime invalidation was disabled, but the CPU info is out-of-date.
│ Will continue with incorrect CPU feature flag: -rtm.
└ @ HostCPUFeatures ~/.julia/packages/HostCPUFeatures/ZTXz4/src/cpu_info.jl:56
Sampling (4 threads)   0%|                              |  ETA: N/A
┌ Info: Found initial step size
└   ϵ = 0.00625
┌ Info: Found initial step size
└   ϵ = 0.00078125
┌ Info: Found initial step size
└   ϵ = 0.00078125
┌ Info: Found initial step size
└   ϵ = 0.003125
Sampling (4 threads)   0%|▏                             |  ETA: 1:52:03
Sampling (4 threads)   1%|▎                             |  ETA: 0:55:50
Sampling (4 threads)   2%|▌                             |  ETA: 0:38:58
Sampling (4 threads)   2%|▋                             |  ETA: 0:29:05
Sampling (4 threads)   2%|▊                             |  ETA: 0:24:26
Sampling (4 threads)   3%|▉                             |  ETA: 0:20:15
Sampling (4 threads)   4%|█                             |  ETA: 0:20:16
Sampling (4 threads)   4%|█▎                            |  ETA: 0:17:38
Sampling (4 threads)   4%|█▍                            |  ETA: 0:15:36
Sampling (4 threads)   5%|█▌                            |  ETA: 0:13:58
Sampling (4 threads)   6%|█▋                            |  ETA: 0:15:35
Sampling (4 threads)   6%|█▊                            |  ETA: 0:14:12
Sampling (4 threads)   6%|██                            |  ETA: 0:21:23
Sampling (4 threads)   7%|██▏                           |  ETA: 0:19:45
Sampling (4 threads)   8%|██▎                           |  ETA: 0:18:20
Sampling (4 threads)   8%|██▍                           |  ETA: 0:23:39
Sampling (4 threads)   8%|██▌                           |  ETA: 0:22:09
Sampling (4 threads)   9%|██▊                           |  ETA: 0:26:16
Sampling (4 threads)  10%|██▉                           |  ETA: 0:24:45
Sampling (4 threads)  10%|███                           |  ETA: 0:23:23
Sampling (4 threads)  10%|███▏                          |  ETA: 0:25:22
Sampling (4 threads)  11%|███▎                          |  ETA: 0:24:04
Sampling (4 threads)  12%|███▌                          |  ETA: 0:31:05
Sampling (4 threads)  12%|███▋                          |  ETA: 0:29:37
Sampling (4 threads)  12%|███▊                          |  ETA: 0:28:16
Sampling (4 threads)  13%|███▉                          |  ETA: 0:33:17
Sampling (4 threads)  14%|████                          |  ETA: 0:31:52
Sampling (4 threads)  14%|████▎                         |  ETA: 0:30:33
Sampling (4 threads)  14%|████▍                         |  ETA: 0:34:14
Sampling (4 threads)  15%|████▌                         |  ETA: 0:32:54
Sampling (4 threads)  16%|████▋                         |  ETA: 0:34:35
Sampling (4 threads)  16%|████▊                         |  ETA: 0:33:18
Sampling (4 threads)  16%|█████                         |  ETA: 0:32:06
Sampling (4 threads)  17%|█████▏                        |  ETA: 0:35:10
Sampling (4 threads)  18%|█████▎                        |  ETA: 0:33:58
Sampling (4 threads)  18%|█████▍                        |  ETA: 0:32:49
Sampling (4 threads)  18%|█████▌                        |  ETA: 0:32:42
Sampling (4 threads)  19%|█████▊                        |  ETA: 0:31:38
Sampling (4 threads)  20%|█████▉                        |  ETA: 0:37:19
Sampling (4 threads)  20%|██████                        |  ETA: 0:36:10
Sampling (4 threads)  20%|██████▏                       |  ETA: 0:35:04
Sampling (4 threads)  21%|██████▎                       |  ETA: 0:34:01
Sampling (4 threads)  22%|██████▌                       |  ETA: 0:38:49
Sampling (4 threads)  22%|██████▋                       |  ETA: 0:37:41
Sampling (4 threads)  22%|██████▊                       |  ETA: 0:36:37
Sampling (4 threads)  23%|██████▉                       |  ETA: 0:36:49
Sampling (4 threads)  24%|███████                       |  ETA: 0:35:48
Sampling (4 threads)  24%|███████▎                      |  ETA: 0:34:49
Sampling (4 threads)  24%|███████▍                      |  ETA: 0:35:07
Sampling (4 threads)  25%|███████▌                      |  ETA: 0:34:11
Sampling (4 threads)  26%|███████▋                      |  ETA: 0:36:01
Sampling (4 threads)  26%|███████▊                      |  ETA: 0:35:05
Sampling (4 threads)  26%|████████                      |  ETA: 0:34:12
Sampling (4 threads)  27%|████████▏                     |  ETA: 0:33:20
Sampling (4 threads)  28%|████████▎                     |  ETA: 0:36:27
Sampling (4 threads)  28%|████████▍                     |  ETA: 0:35:33
Sampling (4 threads)  28%|████████▌                     |  ETA: 0:34:41
Sampling (4 threads)  29%|████████▊                     |  ETA: 0:38:19
Sampling (4 threads)  30%|████████▉                     |  ETA: 0:37:24
Sampling (4 threads)  30%|█████████                     |  ETA: 0:36:31
Sampling (4 threads)  30%|█████████▏                    |  ETA: 0:39:58
Sampling (4 threads)  31%|█████████▎                    |  ETA: 0:39:02
Sampling (4 threads)  32%|█████████▌                    |  ETA: 0:38:09
Sampling (4 threads)  32%|█████████▋                    |  ETA: 0:37:16
Sampling (4 threads)  32%|█████████▊                    |  ETA: 0:38:53
Sampling (4 threads)  33%|█████████▉                    |  ETA: 0:38:01
Sampling (4 threads)  34%|██████████                    |  ETA: 0:39:46
Sampling (4 threads)  34%|██████████▎                   |  ETA: 0:38:53
Sampling (4 threads)  34%|██████████▍                   |  ETA: 0:38:02
Sampling (4 threads)  35%|██████████▌                   |  ETA: 0:41:49
Sampling (4 threads)  36%|██████████▋                   |  ETA: 0:40:54
Sampling (4 threads)  36%|██████████▊                   |  ETA: 0:40:01
Sampling (4 threads)  36%|███████████                   |  ETA: 0:43:11
Sampling (4 threads)  37%|███████████▏                  |  ETA: 0:42:16
Sampling (4 threads)  38%|███████████▎                  |  ETA: 0:41:22
Sampling (4 threads)  38%|███████████▍                  |  ETA: 0:44:59
Sampling (4 threads)  38%|███████████▌                  |  ETA: 0:44:02
Sampling (4 threads)  39%|███████████▊                  |  ETA: 0:44:54
Sampling (4 threads)  40%|███████████▉                  |  ETA: 0:43:58
Sampling (4 threads)  40%|████████████                  |  ETA: 0:47:06
Sampling (4 threads)  40%|████████████▏                 |  ETA: 0:46:08
Sampling (4 threads)  41%|████████████▎                 |  ETA: 0:45:11
Sampling (4 threads)  42%|████████████▌                 |  ETA: 0:46:48
Sampling (4 threads)  42%|████████████▋                 |  ETA: 0:45:51
Sampling (4 threads)  42%|████████████▊                 |  ETA: 0:47:56
Sampling (4 threads)  43%|████████████▉                 |  ETA: 0:46:58
Sampling (4 threads)  44%|█████████████                 |  ETA: 0:46:01
Sampling (4 threads)  44%|█████████████▎                |  ETA: 0:45:06
Sampling (4 threads)  44%|█████████████▍                |  ETA: 0:46:00
Sampling (4 threads)  45%|█████████████▌                |  ETA: 0:45:04
Sampling (4 threads)  46%|█████████████▋                |  ETA: 0:47:31
Sampling (4 threads)  46%|█████████████▊                |  ETA: 0:46:34
Sampling (4 threads)  46%|██████████████                |  ETA: 0:45:38
Sampling (4 threads)  47%|██████████████▏               |  ETA: 0:44:44
Sampling (4 threads)  48%|██████████████▎               |  ETA: 0:46:09
Sampling (4 threads)  48%|██████████████▍               |  ETA: 0:45:14
Sampling (4 threads)  48%|██████████████▌               |  ETA: 0:44:20
Sampling (4 threads)  49%|██████████████▊               |  ETA: 0:45:29
Sampling (4 threads)  50%|██████████████▉               |  ETA: 0:44:35
Sampling (4 threads)  50%|███████████████               |  ETA: 0:45:04
Sampling (4 threads)  50%|███████████████▏              |  ETA: 0:44:10
Sampling (4 threads)  51%|███████████████▎              |  ETA: 0:45:10
Sampling (4 threads)  52%|███████████████▌              |  ETA: 0:44:17
Sampling (4 threads)  52%|███████████████▋              |  ETA: 0:44:11
Sampling (4 threads)  52%|███████████████▊              |  ETA: 0:43:18
Sampling (4 threads)  53%|███████████████▉              |  ETA: 0:45:06
Sampling (4 threads)  54%|████████████████              |  ETA: 0:44:12
Sampling (4 threads)  54%|████████████████▎             |  ETA: 0:43:19
Sampling (4 threads)  55%|████████████████▍             |  ETA: 0:42:28
Sampling (4 threads)  55%|████████████████▌             |  ETA: 0:43:39
Sampling (4 threads)  56%|████████████████▋             |  ETA: 0:42:47
Sampling (4 threads)  56%|████████████████▊             |  ETA: 0:44:04
Sampling (4 threads)  56%|█████████████████             |  ETA: 0:43:11
Sampling (4 threads)  57%|█████████████████▏            |  ETA: 0:42:19
Sampling (4 threads)  57%|█████████████████▎            |  ETA: 0:41:28
Sampling (4 threads)  58%|█████████████████▍            |  ETA: 0:42:13
Sampling (4 threads)  58%|█████████████████▌            |  ETA: 0:41:21
Sampling (4 threads)  59%|█████████████████▊            |  ETA: 0:41:56
Sampling (4 threads)  60%|█████████████████▉            |  ETA: 0:41:04
Sampling (4 threads)  60%|██████████████████            |  ETA: 0:40:13
Sampling (4 threads)  60%|██████████████████▏           |  ETA: 0:40:19
Sampling (4 threads)  61%|██████████████████▎           |  ETA: 0:39:29
Sampling (4 threads)  62%|██████████████████▌           |  ETA: 0:39:45
Sampling (4 threads)  62%|██████████████████▋           |  ETA: 0:38:55
Sampling (4 threads)  62%|██████████████████▊           |  ETA: 0:38:06
Sampling (4 threads)  63%|██████████████████▉           |  ETA: 0:39:15
Sampling (4 threads)  64%|███████████████████           |  ETA: 0:38:25
Sampling (4 threads)  64%|███████████████████▎          |  ETA: 0:37:35
Sampling (4 threads)  64%|███████████████████▍          |  ETA: 0:37:38
Sampling (4 threads)  65%|███████████████████▌          |  ETA: 0:36:49
Sampling (4 threads)  66%|███████████████████▋          |  ETA: 0:37:03
Sampling (4 threads)  66%|███████████████████▊          |  ETA: 0:36:14
Sampling (4 threads)  66%|████████████████████          |  ETA: 0:35:26
Sampling (4 threads)  67%|████████████████████▏         |  ETA: 0:36:02
Sampling (4 threads)  68%|████████████████████▎         |  ETA: 0:35:13
Sampling (4 threads)  68%|████████████████████▍         |  ETA: 0:34:25
Sampling (4 threads)  68%|████████████████████▌         |  ETA: 0:34:52
Sampling (4 threads)  69%|████████████████████▊         |  ETA: 0:34:04
Sampling (4 threads)  70%|████████████████████▉         |  ETA: 0:33:17
Sampling (4 threads)  70%|█████████████████████         |  ETA: 0:32:30
Sampling (4 threads)  70%|█████████████████████▏        |  ETA: 0:32:56
Sampling (4 threads)  71%|█████████████████████▎        |  ETA: 0:32:08
Sampling (4 threads)  72%|█████████████████████▌        |  ETA: 0:31:45
Sampling (4 threads)  72%|█████████████████████▋        |  ETA: 0:30:58
Sampling (4 threads)  72%|█████████████████████▊        |  ETA: 0:30:38
Sampling (4 threads)  73%|█████████████████████▉        |  ETA: 0:29:53
Sampling (4 threads)  74%|██████████████████████        |  ETA: 0:29:07
Sampling (4 threads)  74%|██████████████████████▎       |  ETA: 0:29:20
Sampling (4 threads)  74%|██████████████████████▍       |  ETA: 0:28:34
Sampling (4 threads)  75%|██████████████████████▌       |  ETA: 0:27:50
Sampling (4 threads)  76%|██████████████████████▋       |  ETA: 0:27:43
Sampling (4 threads)  76%|██████████████████████▊       |  ETA: 0:26:58
Sampling (4 threads)  76%|███████████████████████       |  ETA: 0:26:14
Sampling (4 threads)  77%|███████████████████████▏      |  ETA: 0:26:18
Sampling (4 threads)  78%|███████████████████████▎      |  ETA: 0:25:34
Sampling (4 threads)  78%|███████████████████████▍      |  ETA: 0:24:50
Sampling (4 threads)  78%|███████████████████████▌      |  ETA: 0:24:07
Sampling (4 threads)  79%|███████████████████████▊      |  ETA: 0:23:52
Sampling (4 threads)  80%|███████████████████████▉      |  ETA: 0:23:09
Sampling (4 threads)  80%|████████████████████████      |  ETA: 0:23:01
Sampling (4 threads)  80%|████████████████████████▏     |  ETA: 0:22:18
Sampling (4 threads)  81%|████████████████████████▎     |  ETA: 0:21:36
Sampling (4 threads)  82%|████████████████████████▌     |  ETA: 0:21:28
Sampling (4 threads)  82%|████████████████████████▋     |  ETA: 0:20:46
Sampling (4 threads)  82%|████████████████████████▊     |  ETA: 0:20:04
Sampling (4 threads)  83%|████████████████████████▉     |  ETA: 0:19:23
Sampling (4 threads)  84%|█████████████████████████     |  ETA: 0:19:10
Sampling (4 threads)  84%|█████████████████████████▎    |  ETA: 0:18:28
Sampling (4 threads)  84%|█████████████████████████▍    |  ETA: 0:17:47
Sampling (4 threads)  85%|█████████████████████████▌    |  ETA: 0:17:24
Sampling (4 threads)  86%|█████████████████████████▋    |  ETA: 0:16:43
Sampling (4 threads)  86%|█████████████████████████▊    |  ETA: 0:16:03
Sampling (4 threads)  86%|██████████████████████████    |  ETA: 0:15:33
Sampling (4 threads)  87%|██████████████████████████▏   |  ETA: 0:15:02
Sampling (4 threads)  88%|██████████████████████████▎   |  ETA: 0:14:23
Sampling (4 threads)  88%|██████████████████████████▍   |  ETA: 0:13:53
Sampling (4 threads)  88%|██████████████████████████▌   |  ETA: 0:13:21
Sampling (4 threads)  89%|██████████████████████████▊   |  ETA: 0:12:50
Sampling (4 threads)  90%|██████████████████████████▉   |  ETA: 0:12:17
Sampling (4 threads)  90%|███████████████████████████   |  ETA: 0:11:43
Sampling (4 threads)  90%|███████████████████████████▏  |  ETA: 0:11:09
Sampling (4 threads)  91%|███████████████████████████▎  |  ETA: 0:10:41
Sampling (4 threads)  92%|███████████████████████████▌  |  ETA: 0:10:05
Sampling (4 threads)  92%|███████████████████████████▋  |  ETA: 0:09:31
Sampling (4 threads)  92%|███████████████████████████▊  |  ETA: 0:08:56
Sampling (4 threads)  93%|███████████████████████████▉  |  ETA: 0:08:24
Sampling (4 threads)  94%|████████████████████████████  |  ETA: 0:07:47
Sampling (4 threads)  94%|████████████████████████████▎ |  ETA: 0:07:13
Sampling (4 threads)  94%|████████████████████████████▍ |  ETA: 0:06:41
Sampling (4 threads)  95%|████████████████████████████▌ |  ETA: 0:06:04
Sampling (4 threads)  96%|████████████████████████████▋ |  ETA: 0:05:30
Sampling (4 threads)  96%|████████████████████████████▊ |  ETA: 0:04:54
Sampling (4 threads)  96%|█████████████████████████████ |  ETA: 0:04:18
Sampling (4 threads)  97%|█████████████████████████████▏|  ETA: 0:03:41
Sampling (4 threads)  98%|█████████████████████████████▎|  ETA: 0:03:05
Sampling (4 threads)  98%|█████████████████████████████▍|  ETA: 0:02:28
Sampling (4 threads)  98%|█████████████████████████████▌|  ETA: 0:01:51
Sampling (4 threads)  99%|█████████████████████████████▊|  ETA: 0:01:14
Sampling (4 threads) 100%|█████████████████████████████▉|  ETA: 0:00:37
Sampling (4 threads) 100%|██████████████████████████████| Time: 2:05:23
Sampling (4 threads) 100%|██████████████████████████████| Time: 2:05:23
┌ Warning: Runtime invalidation was disabled, but the CPU info is out-of-date.
│ Will continue with incorrect CPU name (from build time).
└ @ HostCPUFeatures ~/.julia/packages/HostCPUFeatures/ZTXz4/src/cpu_info.jl:71
┌ Warning: Runtime invalidation was disabled, but the CPU info is out-of-date.
│ Will continue with incorrect CPU feature flag: +avx512vnni.
└ @ HostCPUFeatures ~/.julia/packages/HostCPUFeatures/ZTXz4/src/cpu_info.jl:56
┌ Warning: Runtime invalidation was disabled, but the CPU info is out-of-date.
│ Will continue with incorrect CPU feature flag: -rtm.
└ @ HostCPUFeatures ~/.julia/packages/HostCPUFeatures/ZTXz4/src/cpu_info.jl:56
Sampling (4 threads)   0%|                              |  ETA: N/A
┌ Info: Found initial step size
└   ϵ = 0.000390625
┌ Info: Found initial step size
└   ϵ = 0.00625
┌ Info: Found initial step size
└   ϵ = 0.00078125
┌ Info: Found initial step size
└   ϵ = 0.00078125
Sampling (4 threads)   0%|▏                             |  ETA: 2:12:54
Sampling (4 threads)   1%|▎                             |  ETA: 1:06:12
Sampling (4 threads)   2%|▌                             |  ETA: 0:43:55
Sampling (4 threads)   2%|▋                             |  ETA: 0:34:52
Sampling (4 threads)   2%|▊                             |  ETA: 0:27:45
Sampling (4 threads)   3%|▉                             |  ETA: 0:24:32
Sampling (4 threads)   4%|█                             |  ETA: 0:20:55
Sampling (4 threads)   4%|█▎                            |  ETA: 0:18:12
Sampling (4 threads)   4%|█▍                            |  ETA: 0:19:27
Sampling (4 threads)   5%|█▌                            |  ETA: 0:17:25
Sampling (4 threads)   6%|█▋                            |  ETA: 0:15:45
Sampling (4 threads)   6%|█▊                            |  ETA: 0:17:26
Sampling (4 threads)   6%|██                            |  ETA: 0:16:01
Sampling (4 threads)   7%|██▏                           |  ETA: 0:14:47
Sampling (4 threads)   8%|██▎                           |  ETA: 0:17:07
Sampling (4 threads)   8%|██▍                           |  ETA: 0:15:58
Sampling (4 threads)   8%|██▌                           |  ETA: 0:14:56
Sampling (4 threads)   9%|██▊                           |  ETA: 0:20:23
Sampling (4 threads)  10%|██▉                           |  ETA: 0:19:12
Sampling (4 threads)  10%|███                           |  ETA: 0:25:21
Sampling (4 threads)  10%|███▏                          |  ETA: 0:24:01
Sampling (4 threads)  11%|███▎                          |  ETA: 0:22:48
Sampling (4 threads)  12%|███▌                          |  ETA: 0:26:09
Sampling (4 threads)  12%|███▋                          |  ETA: 0:24:55
Sampling (4 threads)  12%|███▊                          |  ETA: 0:23:47
Sampling (4 threads)  13%|███▉                          |  ETA: 0:26:36
Sampling (4 threads)  14%|████                          |  ETA: 0:25:28
Sampling (4 threads)  14%|████▎                         |  ETA: 0:29:09
Sampling (4 threads)  14%|████▍                         |  ETA: 0:27:59
Sampling (4 threads)  15%|████▌                         |  ETA: 0:26:53
Sampling (4 threads)  16%|████▋                         |  ETA: 0:28:53
Sampling (4 threads)  16%|████▊                         |  ETA: 0:27:49
Sampling (4 threads)  16%|█████                         |  ETA: 0:30:03
Sampling (4 threads)  17%|█████▏                        |  ETA: 0:28:59
Sampling (4 threads)  18%|█████▎                        |  ETA: 0:32:03
Sampling (4 threads)  18%|█████▍                        |  ETA: 0:30:58
Sampling (4 threads)  18%|█████▌                        |  ETA: 0:37:32
Sampling (4 threads)  19%|█████▊                        |  ETA: 0:36:19
Sampling (4 threads)  20%|█████▉                        |  ETA: 0:35:10
Sampling (4 threads)  20%|██████                        |  ETA: 0:34:05
Sampling (4 threads)  20%|██████▏                       |  ETA: 0:37:34
Sampling (4 threads)  21%|██████▎                       |  ETA: 0:36:27
Sampling (4 threads)  22%|██████▌                       |  ETA: 0:38:18
Sampling (4 threads)  22%|██████▋                       |  ETA: 0:37:11
Sampling (4 threads)  22%|██████▊                       |  ETA: 0:38:08
Sampling (4 threads)  23%|██████▉                       |  ETA: 0:37:04
Sampling (4 threads)  24%|███████                       |  ETA: 0:36:02
Sampling (4 threads)  24%|███████▎                      |  ETA: 0:36:38
Sampling (4 threads)  24%|███████▍                      |  ETA: 0:35:39
Sampling (4 threads)  25%|███████▌                      |  ETA: 0:34:42
Sampling (4 threads)  26%|███████▋                      |  ETA: 0:37:25
Sampling (4 threads)  26%|███████▊                      |  ETA: 0:36:27
Sampling (4 threads)  26%|████████                      |  ETA: 0:35:32
Sampling (4 threads)  27%|████████▏                     |  ETA: 0:38:12
Sampling (4 threads)  28%|████████▎                     |  ETA: 0:37:15
Sampling (4 threads)  28%|████████▍                     |  ETA: 0:36:20
Sampling (4 threads)  28%|████████▌                     |  ETA: 0:35:27
Sampling (4 threads)  29%|████████▊                     |  ETA: 0:36:58
Sampling (4 threads)  30%|████████▉                     |  ETA: 0:36:05
Sampling (4 threads)  30%|█████████                     |  ETA: 0:35:14
Sampling (4 threads)  30%|█████████▏                    |  ETA: 0:37:01
Sampling (4 threads)  31%|█████████▎                    |  ETA: 0:36:09
Sampling (4 threads)  32%|█████████▌                    |  ETA: 0:35:19
Sampling (4 threads)  32%|█████████▋                    |  ETA: 0:38:12
Sampling (4 threads)  32%|█████████▊                    |  ETA: 0:37:21
Sampling (4 threads)  33%|█████████▉                    |  ETA: 0:36:30
Sampling (4 threads)  34%|██████████                    |  ETA: 0:38:05
Sampling (4 threads)  34%|██████████▎                   |  ETA: 0:37:15
Sampling (4 threads)  34%|██████████▍                   |  ETA: 0:39:23
Sampling (4 threads)  35%|██████████▌                   |  ETA: 0:38:31
Sampling (4 threads)  36%|██████████▋                   |  ETA: 0:37:41
Sampling (4 threads)  36%|██████████▊                   |  ETA: 0:41:59
Sampling (4 threads)  36%|███████████                   |  ETA: 0:41:05
Sampling (4 threads)  37%|███████████▏                  |  ETA: 0:40:13
Sampling (4 threads)  38%|███████████▎                  |  ETA: 0:42:43
Sampling (4 threads)  38%|███████████▍                  |  ETA: 0:41:49
Sampling (4 threads)  38%|███████████▌                  |  ETA: 0:40:56
Sampling (4 threads)  39%|███████████▊                  |  ETA: 0:42:33
Sampling (4 threads)  40%|███████████▉                  |  ETA: 0:41:40
Sampling (4 threads)  40%|████████████                  |  ETA: 0:40:49
Sampling (4 threads)  40%|████████████▏                 |  ETA: 0:42:47
Sampling (4 threads)  41%|████████████▎                 |  ETA: 0:41:54
Sampling (4 threads)  42%|████████████▌                 |  ETA: 0:44:22
Sampling (4 threads)  42%|████████████▋                 |  ETA: 0:43:28
Sampling (4 threads)  42%|████████████▊                 |  ETA: 0:42:35
Sampling (4 threads)  43%|████████████▉                 |  ETA: 0:44:37
Sampling (4 threads)  44%|█████████████                 |  ETA: 0:43:43
Sampling (4 threads)  44%|█████████████▎                |  ETA: 0:42:50
Sampling (4 threads)  44%|█████████████▍                |  ETA: 0:41:59
Sampling (4 threads)  45%|█████████████▌                |  ETA: 0:45:17
Sampling (4 threads)  46%|█████████████▋                |  ETA: 0:44:22
Sampling (4 threads)  46%|█████████████▊                |  ETA: 0:43:29
Sampling (4 threads)  46%|██████████████                |  ETA: 0:44:56
Sampling (4 threads)  47%|██████████████▏               |  ETA: 0:44:02
Sampling (4 threads)  48%|██████████████▎               |  ETA: 0:43:10
Sampling (4 threads)  48%|██████████████▍               |  ETA: 0:44:58
Sampling (4 threads)  48%|██████████████▌               |  ETA: 0:44:05
Sampling (4 threads)  49%|██████████████▊               |  ETA: 0:45:26
Sampling (4 threads)  50%|██████████████▉               |  ETA: 0:44:32
Sampling (4 threads)  50%|███████████████               |  ETA: 0:43:39
Sampling (4 threads)  50%|███████████████▏              |  ETA: 0:44:48
Sampling (4 threads)  51%|███████████████▎              |  ETA: 0:43:54
Sampling (4 threads)  52%|███████████████▌              |  ETA: 0:43:02
Sampling (4 threads)  52%|███████████████▋              |  ETA: 0:44:09
Sampling (4 threads)  52%|███████████████▊              |  ETA: 0:43:16
Sampling (4 threads)  53%|███████████████▉              |  ETA: 0:42:24
Sampling (4 threads)  54%|████████████████              |  ETA: 0:42:46
Sampling (4 threads)  54%|████████████████▎             |  ETA: 0:41:55
Sampling (4 threads)  55%|████████████████▍             |  ETA: 0:43:28
Sampling (4 threads)  55%|████████████████▌             |  ETA: 0:42:36
Sampling (4 threads)  56%|████████████████▋             |  ETA: 0:41:45
Sampling (4 threads)  56%|████████████████▊             |  ETA: 0:43:46
Sampling (4 threads)  56%|█████████████████             |  ETA: 0:42:53
Sampling (4 threads)  57%|█████████████████▏            |  ETA: 0:42:01
Sampling (4 threads)  57%|█████████████████▎            |  ETA: 0:41:10
Sampling (4 threads)  58%|█████████████████▍            |  ETA: 0:42:36
Sampling (4 threads)  58%|█████████████████▌            |  ETA: 0:41:44
Sampling (4 threads)  59%|█████████████████▊            |  ETA: 0:40:53
Sampling (4 threads)  60%|█████████████████▉            |  ETA: 0:41:48
Sampling (4 threads)  60%|██████████████████            |  ETA: 0:40:57
Sampling (4 threads)  60%|██████████████████▏           |  ETA: 0:40:06
Sampling (4 threads)  61%|██████████████████▎           |  ETA: 0:39:16
Sampling (4 threads)  62%|██████████████████▌           |  ETA: 0:40:07
Sampling (4 threads)  62%|██████████████████▋           |  ETA: 0:39:17
Sampling (4 threads)  62%|██████████████████▊           |  ETA: 0:39:33
Sampling (4 threads)  63%|██████████████████▉           |  ETA: 0:38:43
Sampling (4 threads)  64%|███████████████████           |  ETA: 0:37:53
Sampling (4 threads)  64%|███████████████████▎          |  ETA: 0:38:18
Sampling (4 threads)  64%|███████████████████▍          |  ETA: 0:37:28
Sampling (4 threads)  65%|███████████████████▌          |  ETA: 0:36:40
Sampling (4 threads)  66%|███████████████████▋          |  ETA: 0:36:54
Sampling (4 threads)  66%|███████████████████▊          |  ETA: 0:36:06
Sampling (4 threads)  66%|████████████████████          |  ETA: 0:35:18
Sampling (4 threads)  67%|████████████████████▏         |  ETA: 0:35:06
Sampling (4 threads)  68%|████████████████████▎         |  ETA: 0:34:19
Sampling (4 threads)  68%|████████████████████▍         |  ETA: 0:34:21
Sampling (4 threads)  68%|████████████████████▌         |  ETA: 0:33:34
Sampling (4 threads)  69%|████████████████████▊         |  ETA: 0:33:40
Sampling (4 threads)  70%|████████████████████▉         |  ETA: 0:32:53
Sampling (4 threads)  70%|█████████████████████         |  ETA: 0:33:13
Sampling (4 threads)  70%|█████████████████████▏        |  ETA: 0:32:26
Sampling (4 threads)  71%|█████████████████████▎        |  ETA: 0:31:40
Sampling (4 threads)  72%|█████████████████████▌        |  ETA: 0:32:07
Sampling (4 threads)  72%|█████████████████████▋        |  ETA: 0:31:20
Sampling (4 threads)  72%|█████████████████████▊        |  ETA: 0:30:34
Sampling (4 threads)  73%|█████████████████████▉        |  ETA: 0:29:48
Sampling (4 threads)  74%|██████████████████████        |  ETA: 0:29:31
Sampling (4 threads)  74%|██████████████████████▎       |  ETA: 0:28:46
Sampling (4 threads)  74%|██████████████████████▍       |  ETA: 0:28:59
Sampling (4 threads)  75%|██████████████████████▌       |  ETA: 0:28:13
Sampling (4 threads)  76%|██████████████████████▋       |  ETA: 0:27:28
Sampling (4 threads)  76%|██████████████████████▊       |  ETA: 0:27:27
Sampling (4 threads)  76%|███████████████████████       |  ETA: 0:26:42
Sampling (4 threads)  77%|███████████████████████▏      |  ETA: 0:25:58
Sampling (4 threads)  78%|███████████████████████▎      |  ETA: 0:25:53
Sampling (4 threads)  78%|███████████████████████▍      |  ETA: 0:25:09
Sampling (4 threads)  78%|███████████████████████▌      |  ETA: 0:24:25
Sampling (4 threads)  79%|███████████████████████▊      |  ETA: 0:24:00
Sampling (4 threads)  80%|███████████████████████▉      |  ETA: 0:23:17
Sampling (4 threads)  80%|████████████████████████      |  ETA: 0:22:47
Sampling (4 threads)  80%|████████████████████████▏     |  ETA: 0:22:05
Sampling (4 threads)  81%|████████████████████████▎     |  ETA: 0:22:10
Sampling (4 threads)  82%|████████████████████████▌     |  ETA: 0:21:27
Sampling (4 threads)  82%|████████████████████████▋     |  ETA: 0:20:45
Sampling (4 threads)  82%|████████████████████████▊     |  ETA: 0:20:18
Sampling (4 threads)  83%|████████████████████████▉     |  ETA: 0:19:36
Sampling (4 threads)  84%|█████████████████████████     |  ETA: 0:18:54
Sampling (4 threads)  84%|█████████████████████████▎    |  ETA: 0:18:31
Sampling (4 threads)  84%|█████████████████████████▍    |  ETA: 0:17:54
Sampling (4 threads)  85%|█████████████████████████▌    |  ETA: 0:17:31
Sampling (4 threads)  86%|█████████████████████████▋    |  ETA: 0:17:06
Sampling (4 threads)  86%|█████████████████████████▊    |  ETA: 0:16:33
Sampling (4 threads)  86%|██████████████████████████    |  ETA: 0:15:57
Sampling (4 threads)  87%|██████████████████████████▏   |  ETA: 0:15:21
Sampling (4 threads)  88%|██████████████████████████▎   |  ETA: 0:14:51
Sampling (4 threads)  88%|██████████████████████████▍   |  ETA: 0:14:14
Sampling (4 threads)  88%|██████████████████████████▌   |  ETA: 0:13:41
Sampling (4 threads)  89%|██████████████████████████▊   |  ETA: 0:13:07
Sampling (4 threads)  90%|██████████████████████████▉   |  ETA: 0:12:35
Sampling (4 threads)  90%|███████████████████████████   |  ETA: 0:12:02
Sampling (4 threads)  90%|███████████████████████████▏  |  ETA: 0:11:25
Sampling (4 threads)  91%|███████████████████████████▎  |  ETA: 0:10:48
Sampling (4 threads)  92%|███████████████████████████▌  |  ETA: 0:10:15
Sampling (4 threads)  92%|███████████████████████████▋  |  ETA: 0:09:40
Sampling (4 threads)  92%|███████████████████████████▊  |  ETA: 0:09:03
Sampling (4 threads)  93%|███████████████████████████▉  |  ETA: 0:08:27
Sampling (4 threads)  94%|████████████████████████████  |  ETA: 0:07:55
Sampling (4 threads)  94%|████████████████████████████▎ |  ETA: 0:07:18
Sampling (4 threads)  94%|████████████████████████████▍ |  ETA: 0:06:43
Sampling (4 threads)  95%|████████████████████████████▌ |  ETA: 0:06:06
Sampling (4 threads)  96%|████████████████████████████▋ |  ETA: 0:05:29
Sampling (4 threads)  96%|████████████████████████████▊ |  ETA: 0:04:54
Sampling (4 threads)  96%|█████████████████████████████ |  ETA: 0:04:16
Sampling (4 threads)  97%|█████████████████████████████▏|  ETA: 0:03:41
Sampling (4 threads)  98%|█████████████████████████████▎|  ETA: 0:03:04
Sampling (4 threads)  98%|█████████████████████████████▍|  ETA: 0:02:29
Sampling (4 threads)  98%|█████████████████████████████▌|  ETA: 0:01:52
Sampling (4 threads)  99%|█████████████████████████████▊|  ETA: 0:01:15
Sampling (4 threads) 100%|█████████████████████████████▉|  ETA: 0:00:38
Sampling (4 threads) 100%|██████████████████████████████| Time: 2:08:15
Sampling (4 threads) 100%|██████████████████████████████| Time: 2:08:15
┌ Warning: Runtime invalidation was disabled, but the CPU info is out-of-date.
│ Will continue with incorrect CPU name (from build time).
└ @ HostCPUFeatures ~/.julia/packages/HostCPUFeatures/ZTXz4/src/cpu_info.jl:71
┌ Warning: Runtime invalidation was disabled, but the CPU info is out-of-date.
│ Will continue with incorrect CPU feature flag: +avx512vnni.
└ @ HostCPUFeatures ~/.julia/packages/HostCPUFeatures/ZTXz4/src/cpu_info.jl:56
┌ Warning: Runtime invalidation was disabled, but the CPU info is out-of-date.
│ Will continue with incorrect CPU feature flag: -rtm.
└ @ HostCPUFeatures ~/.julia/packages/HostCPUFeatures/ZTXz4/src/cpu_info.jl:56
Sampling (4 threads)   0%|                              |  ETA: N/A
┌ Info: Found initial step size
└   ϵ = 0.00625
┌ Info: Found initial step size
└   ϵ = 0.003125
┌ Info: Found initial step size
└   ϵ = 0.00078125
┌ Info: Found initial step size
└   ϵ = 0.00625
Sampling (4 threads)   0%|▏                             |  ETA: 2:09:27
Sampling (4 threads)   1%|▎                             |  ETA: 1:04:29
Sampling (4 threads)   2%|▌                             |  ETA: 0:42:46
Sampling (4 threads)   2%|▋                             |  ETA: 0:33:34
Sampling (4 threads)   2%|▊                             |  ETA: 0:26:43
Sampling (4 threads)   3%|▉                             |  ETA: 0:22:09
Sampling (4 threads)   4%|█                             |  ETA: 0:19:56
Sampling (4 threads)   4%|█▎                            |  ETA: 0:17:21
Sampling (4 threads)   4%|█▍                            |  ETA: 0:15:20
Sampling (4 threads)   5%|█▌                            |  ETA: 0:15:24
Sampling (4 threads)   6%|█▋                            |  ETA: 0:13:55
Sampling (4 threads)   6%|█▊                            |  ETA: 0:12:42
Sampling (4 threads)   6%|██                            |  ETA: 0:13:59
Sampling (4 threads)   7%|██▏                           |  ETA: 0:12:55
Sampling (4 threads)   8%|██▎                           |  ETA: 0:11:59
Sampling (4 threads)   8%|██▍                           |  ETA: 0:13:11
Sampling (4 threads)   8%|██▌                           |  ETA: 0:12:20
Sampling (4 threads)   9%|██▊                           |  ETA: 0:21:08
Sampling (4 threads)  10%|██▉                           |  ETA: 0:19:55
Sampling (4 threads)  10%|███                           |  ETA: 0:18:49
Sampling (4 threads)  10%|███▏                          |  ETA: 0:22:51
Sampling (4 threads)  11%|███▎                          |  ETA: 0:21:42
Sampling (4 threads)  12%|███▌                          |  ETA: 0:20:38
Sampling (4 threads)  12%|███▋                          |  ETA: 0:33:06
Sampling (4 threads)  12%|███▊                          |  ETA: 0:31:36
Sampling (4 threads)  13%|███▉                          |  ETA: 0:30:13
Sampling (4 threads)  14%|████                          |  ETA: 0:28:56
Sampling (4 threads)  14%|████▎                         |  ETA: 0:33:37
Sampling (4 threads)  14%|████▍                         |  ETA: 0:32:16
Sampling (4 threads)  15%|████▌                         |  ETA: 0:34:59
Sampling (4 threads)  16%|████▋                         |  ETA: 0:33:39
Sampling (4 threads)  16%|████▊                         |  ETA: 0:32:25
Sampling (4 threads)  16%|█████                         |  ETA: 0:37:22
Sampling (4 threads)  17%|█████▏                        |  ETA: 0:36:03
Sampling (4 threads)  18%|█████▎                        |  ETA: 0:34:49
Sampling (4 threads)  18%|█████▍                        |  ETA: 0:34:56
Sampling (4 threads)  18%|█████▌                        |  ETA: 0:33:47
Sampling (4 threads)  19%|█████▊                        |  ETA: 0:37:41
Sampling (4 threads)  20%|█████▉                        |  ETA: 0:36:30
Sampling (4 threads)  20%|██████                        |  ETA: 0:35:22
Sampling (4 threads)  20%|██████▏                       |  ETA: 0:37:45
Sampling (4 threads)  21%|██████▎                       |  ETA: 0:36:37
Sampling (4 threads)  22%|██████▌                       |  ETA: 0:37:17
Sampling (4 threads)  22%|██████▋                       |  ETA: 0:36:12
Sampling (4 threads)  22%|██████▊                       |  ETA: 0:36:22
Sampling (4 threads)  23%|██████▉                       |  ETA: 0:35:21
Sampling (4 threads)  24%|███████                       |  ETA: 0:34:22
Sampling (4 threads)  24%|███████▎                      |  ETA: 0:34:29
Sampling (4 threads)  24%|███████▍                      |  ETA: 0:33:33
Sampling (4 threads)  25%|███████▌                      |  ETA: 0:36:02
Sampling (4 threads)  26%|███████▋                      |  ETA: 0:35:06
Sampling (4 threads)  26%|███████▊                      |  ETA: 0:37:38
Sampling (4 threads)  26%|████████                      |  ETA: 0:36:41
Sampling (4 threads)  27%|████████▏                     |  ETA: 0:35:45
Sampling (4 threads)  28%|████████▎                     |  ETA: 0:34:52
Sampling (4 threads)  28%|████████▍                     |  ETA: 0:35:27
Sampling (4 threads)  28%|████████▌                     |  ETA: 0:34:35
Sampling (4 threads)  29%|████████▊                     |  ETA: 0:37:28
Sampling (4 threads)  30%|████████▉                     |  ETA: 0:36:34
Sampling (4 threads)  30%|█████████                     |  ETA: 0:35:43
Sampling (4 threads)  30%|█████████▏                    |  ETA: 0:34:52
Sampling (4 threads)  31%|█████████▎                    |  ETA: 0:37:37
Sampling (4 threads)  32%|█████████▌                    |  ETA: 0:36:45
Sampling (4 threads)  32%|█████████▋                    |  ETA: 0:35:55
Sampling (4 threads)  32%|█████████▊                    |  ETA: 0:39:32
Sampling (4 threads)  33%|█████████▉                    |  ETA: 0:38:39
Sampling (4 threads)  34%|██████████                    |  ETA: 0:37:47
Sampling (4 threads)  34%|██████████▎                   |  ETA: 0:36:57
Sampling (4 threads)  34%|██████████▍                   |  ETA: 0:39:24
Sampling (4 threads)  35%|██████████▌                   |  ETA: 0:38:33
Sampling (4 threads)  36%|██████████▋                   |  ETA: 0:40:06
Sampling (4 threads)  36%|██████████▊                   |  ETA: 0:39:14
Sampling (4 threads)  36%|███████████                   |  ETA: 0:38:23
Sampling (4 threads)  37%|███████████▏                  |  ETA: 0:41:30
Sampling (4 threads)  38%|███████████▎                  |  ETA: 0:40:37
Sampling (4 threads)  38%|███████████▍                  |  ETA: 0:39:46
Sampling (4 threads)  38%|███████████▌                  |  ETA: 0:41:23
Sampling (4 threads)  39%|███████████▊                  |  ETA: 0:40:31
Sampling (4 threads)  40%|███████████▉                  |  ETA: 0:42:06
Sampling (4 threads)  40%|████████████                  |  ETA: 0:41:13
Sampling (4 threads)  40%|████████████▏                 |  ETA: 0:40:23
Sampling (4 threads)  41%|████████████▎                 |  ETA: 0:40:59
Sampling (4 threads)  42%|████████████▌                 |  ETA: 0:40:09
Sampling (4 threads)  42%|████████████▋                 |  ETA: 0:41:38
Sampling (4 threads)  42%|████████████▊                 |  ETA: 0:40:48
Sampling (4 threads)  43%|████████████▉                 |  ETA: 0:42:32
Sampling (4 threads)  44%|█████████████                 |  ETA: 0:41:41
Sampling (4 threads)  44%|█████████████▎                |  ETA: 0:40:50
Sampling (4 threads)  44%|█████████████▍                |  ETA: 0:41:41
Sampling (4 threads)  45%|█████████████▌                |  ETA: 0:40:51
Sampling (4 threads)  46%|█████████████▋                |  ETA: 0:43:17
Sampling (4 threads)  46%|█████████████▊                |  ETA: 0:42:25
Sampling (4 threads)  46%|██████████████                |  ETA: 0:41:35
Sampling (4 threads)  47%|██████████████▏               |  ETA: 0:43:15
Sampling (4 threads)  48%|██████████████▎               |  ETA: 0:42:24
Sampling (4 threads)  48%|██████████████▍               |  ETA: 0:41:33
Sampling (4 threads)  48%|██████████████▌               |  ETA: 0:43:43
Sampling (4 threads)  49%|██████████████▊               |  ETA: 0:42:51
Sampling (4 threads)  50%|██████████████▉               |  ETA: 0:42:00
Sampling (4 threads)  50%|███████████████               |  ETA: 0:44:10
Sampling (4 threads)  50%|███████████████▏              |  ETA: 0:43:18
Sampling (4 threads)  51%|███████████████▎              |  ETA: 0:42:26
Sampling (4 threads)  52%|███████████████▌              |  ETA: 0:43:44
Sampling (4 threads)  52%|███████████████▋              |  ETA: 0:42:52
Sampling (4 threads)  52%|███████████████▊              |  ETA: 0:44:52
Sampling (4 threads)  53%|███████████████▉              |  ETA: 0:43:58
Sampling (4 threads)  54%|████████████████              |  ETA: 0:43:06
Sampling (4 threads)  54%|████████████████▎             |  ETA: 0:44:44
Sampling (4 threads)  55%|████████████████▍             |  ETA: 0:43:51
Sampling (4 threads)  55%|████████████████▌             |  ETA: 0:42:58
Sampling (4 threads)  56%|████████████████▋             |  ETA: 0:42:07
Sampling (4 threads)  56%|████████████████▊             |  ETA: 0:42:59
Sampling (4 threads)  56%|█████████████████             |  ETA: 0:42:08
Sampling (4 threads)  57%|█████████████████▏            |  ETA: 0:41:17
Sampling (4 threads)  57%|█████████████████▎            |  ETA: 0:42:45
Sampling (4 threads)  58%|█████████████████▍            |  ETA: 0:41:53
Sampling (4 threads)  58%|█████████████████▌            |  ETA: 0:41:02
Sampling (4 threads)  59%|█████████████████▊            |  ETA: 0:42:23
Sampling (4 threads)  60%|█████████████████▉            |  ETA: 0:41:31
Sampling (4 threads)  60%|██████████████████            |  ETA: 0:40:40
Sampling (4 threads)  60%|██████████████████▏           |  ETA: 0:41:03
Sampling (4 threads)  61%|██████████████████▎           |  ETA: 0:40:12
Sampling (4 threads)  62%|██████████████████▌           |  ETA: 0:39:58
Sampling (4 threads)  62%|██████████████████▋           |  ETA: 0:39:08
Sampling (4 threads)  62%|██████████████████▊           |  ETA: 0:39:31
Sampling (4 threads)  63%|██████████████████▉           |  ETA: 0:38:41
Sampling (4 threads)  64%|███████████████████           |  ETA: 0:37:52
Sampling (4 threads)  64%|███████████████████▎          |  ETA: 0:37:48
Sampling (4 threads)  64%|███████████████████▍          |  ETA: 0:36:59
Sampling (4 threads)  65%|███████████████████▌          |  ETA: 0:37:17
Sampling (4 threads)  66%|███████████████████▋          |  ETA: 0:36:28
Sampling (4 threads)  66%|███████████████████▊          |  ETA: 0:36:31
Sampling (4 threads)  66%|████████████████████          |  ETA: 0:35:42
Sampling (4 threads)  67%|████████████████████▏         |  ETA: 0:35:43
Sampling (4 threads)  68%|████████████████████▎         |  ETA: 0:34:55
Sampling (4 threads)  68%|████████████████████▍         |  ETA: 0:34:51
Sampling (4 threads)  68%|████████████████████▌         |  ETA: 0:34:04
Sampling (4 threads)  69%|████████████████████▊         |  ETA: 0:33:55
Sampling (4 threads)  70%|████████████████████▉         |  ETA: 0:33:08
Sampling (4 threads)  70%|█████████████████████         |  ETA: 0:32:21
Sampling (4 threads)  70%|█████████████████████▏        |  ETA: 0:32:21
Sampling (4 threads)  71%|█████████████████████▎        |  ETA: 0:31:35
Sampling (4 threads)  72%|█████████████████████▌        |  ETA: 0:30:49
Sampling (4 threads)  72%|█████████████████████▋        |  ETA: 0:30:42
Sampling (4 threads)  72%|█████████████████████▊        |  ETA: 0:29:57
Sampling (4 threads)  73%|█████████████████████▉        |  ETA: 0:29:49
Sampling (4 threads)  74%|██████████████████████        |  ETA: 0:29:04
Sampling (4 threads)  74%|██████████████████████▎       |  ETA: 0:28:51
Sampling (4 threads)  74%|██████████████████████▍       |  ETA: 0:28:06
Sampling (4 threads)  75%|██████████████████████▌       |  ETA: 0:27:22
Sampling (4 threads)  76%|██████████████████████▋       |  ETA: 0:27:29
Sampling (4 threads)  76%|██████████████████████▊       |  ETA: 0:26:45
Sampling (4 threads)  76%|███████████████████████       |  ETA: 0:26:01
Sampling (4 threads)  77%|███████████████████████▏      |  ETA: 0:25:54
Sampling (4 threads)  78%|███████████████████████▎      |  ETA: 0:25:11
Sampling (4 threads)  78%|███████████████████████▍      |  ETA: 0:24:28
Sampling (4 threads)  78%|███████████████████████▌      |  ETA: 0:24:23
Sampling (4 threads)  79%|███████████████████████▊      |  ETA: 0:23:40
Sampling (4 threads)  80%|███████████████████████▉      |  ETA: 0:22:57
Sampling (4 threads)  80%|████████████████████████      |  ETA: 0:22:50
Sampling (4 threads)  80%|████████████████████████▏     |  ETA: 0:22:07
Sampling (4 threads)  81%|████████████████████████▎     |  ETA: 0:22:15
Sampling (4 threads)  82%|████████████████████████▌     |  ETA: 0:21:32
Sampling (4 threads)  82%|████████████████████████▋     |  ETA: 0:20:50
Sampling (4 threads)  82%|████████████████████████▊     |  ETA: 0:20:08
Sampling (4 threads)  83%|████████████████████████▉     |  ETA: 0:19:47
Sampling (4 threads)  84%|█████████████████████████     |  ETA: 0:19:06
Sampling (4 threads)  84%|█████████████████████████▎    |  ETA: 0:18:50
Sampling (4 threads)  84%|█████████████████████████▍    |  ETA: 0:18:08
Sampling (4 threads)  85%|█████████████████████████▌    |  ETA: 0:17:26
Sampling (4 threads)  86%|█████████████████████████▋    |  ETA: 0:16:46
Sampling (4 threads)  86%|█████████████████████████▊    |  ETA: 0:16:23
Sampling (4 threads)  86%|██████████████████████████    |  ETA: 0:15:43
Sampling (4 threads)  87%|██████████████████████████▏   |  ETA: 0:15:15
Sampling (4 threads)  88%|██████████████████████████▎   |  ETA: 0:14:34
Sampling (4 threads)  88%|██████████████████████████▍   |  ETA: 0:13:57
Sampling (4 threads)  88%|██████████████████████████▌   |  ETA: 0:13:23
Sampling (4 threads)  89%|██████████████████████████▊   |  ETA: 0:12:50
Sampling (4 threads)  90%|██████████████████████████▉   |  ETA: 0:12:14
Sampling (4 threads)  90%|███████████████████████████   |  ETA: 0:11:39
Sampling (4 threads)  90%|███████████████████████████▏  |  ETA: 0:11:05
Sampling (4 threads)  91%|███████████████████████████▎  |  ETA: 0:10:32
Sampling (4 threads)  92%|███████████████████████████▌  |  ETA: 0:10:07
Sampling (4 threads)  92%|███████████████████████████▋  |  ETA: 0:09:31
Sampling (4 threads)  92%|███████████████████████████▊  |  ETA: 0:08:59
Sampling (4 threads)  93%|███████████████████████████▉  |  ETA: 0:08:26
Sampling (4 threads)  94%|████████████████████████████  |  ETA: 0:07:54
Sampling (4 threads)  94%|████████████████████████████▎ |  ETA: 0:07:18
Sampling (4 threads)  94%|████████████████████████████▍ |  ETA: 0:06:46
Sampling (4 threads)  95%|████████████████████████████▌ |  ETA: 0:06:11
Sampling (4 threads)  96%|████████████████████████████▋ |  ETA: 0:05:36
Sampling (4 threads)  96%|████████████████████████████▊ |  ETA: 0:04:59
Sampling (4 threads)  96%|█████████████████████████████ |  ETA: 0:04:23
Sampling (4 threads)  97%|█████████████████████████████▏|  ETA: 0:03:48
Sampling (4 threads)  98%|█████████████████████████████▎|  ETA: 0:03:13
Sampling (4 threads)  98%|█████████████████████████████▍|  ETA: 0:02:37
Sampling (4 threads)  98%|█████████████████████████████▌|  ETA: 0:01:58
Sampling (4 threads)  99%|█████████████████████████████▊|  ETA: 0:01:20
Sampling (4 threads) 100%|█████████████████████████████▉|  ETA: 0:00:41
Sampling (4 threads) 100%|██████████████████████████████| Time: 2:16:32
Sampling (4 threads) 100%|██████████████████████████████| Time: 2:16:32
┌ Warning: Runtime invalidation was disabled, but the CPU info is out-of-date.
│ Will continue with incorrect CPU name (from build time).
└ @ HostCPUFeatures ~/.julia/packages/HostCPUFeatures/ZTXz4/src/cpu_info.jl:71
┌ Warning: Runtime invalidation was disabled, but the CPU info is out-of-date.
│ Will continue with incorrect CPU feature flag: +avx512vnni.
└ @ HostCPUFeatures ~/.julia/packages/HostCPUFeatures/ZTXz4/src/cpu_info.jl:56
┌ Warning: Runtime invalidation was disabled, but the CPU info is out-of-date.
│ Will continue with incorrect CPU feature flag: -rtm.
└ @ HostCPUFeatures ~/.julia/packages/HostCPUFeatures/ZTXz4/src/cpu_info.jl:56
Sampling (4 threads)   0%|                              |  ETA: N/A
┌ Info: Found initial step size
└   ϵ = 0.000390625
┌ Info: Found initial step size
└   ϵ = 0.00078125
┌ Info: Found initial step size
└   ϵ = 0.00078125
┌ Info: Found initial step size
└   ϵ = 0.003125
Sampling (4 threads)   0%|▏                             |  ETA: 1:57:13
Sampling (4 threads)   1%|▎                             |  ETA: 0:58:23
Sampling (4 threads)   2%|▌                             |  ETA: 0:38:44
Sampling (4 threads)   2%|▋                             |  ETA: 0:32:32
Sampling (4 threads)   2%|▊                             |  ETA: 0:25:54
Sampling (4 threads)   3%|▉                             |  ETA: 0:21:28
Sampling (4 threads)   4%|█                             |  ETA: 0:22:57
Sampling (4 threads)   4%|█▎                            |  ETA: 0:19:58
Sampling (4 threads)   4%|█▍                            |  ETA: 0:21:14
Sampling (4 threads)   5%|█▌                            |  ETA: 0:19:01
Sampling (4 threads)   6%|█▋                            |  ETA: 0:17:11
Sampling (4 threads)   6%|█▊                            |  ETA: 0:22:49
Sampling (4 threads)   6%|██                            |  ETA: 0:20:57
Sampling (4 threads)   7%|██▏                           |  ETA: 0:19:21
Sampling (4 threads)   8%|██▎                           |  ETA: 0:21:55
Sampling (4 threads)   8%|██▍                           |  ETA: 0:20:26
Sampling (4 threads)   8%|██▌                           |  ETA: 0:34:27
Sampling (4 threads)   9%|██▊                           |  ETA: 0:32:22
Sampling (4 threads)  10%|██▉                           |  ETA: 0:30:29
Sampling (4 threads)  10%|███                           |  ETA: 0:28:48
Sampling (4 threads)  10%|███▏                          |  ETA: 0:32:27
Sampling (4 threads)  11%|███▎                          |  ETA: 0:30:48
Sampling (4 threads)  12%|███▌                          |  ETA: 0:37:11
Sampling (4 threads)  12%|███▋                          |  ETA: 0:35:26
Sampling (4 threads)  12%|███▊                          |  ETA: 0:33:50
Sampling (4 threads)  13%|███▉                          |  ETA: 0:40:00
Sampling (4 threads)  14%|████                          |  ETA: 0:38:17
Sampling (4 threads)  14%|████▎                         |  ETA: 0:36:42
Sampling (4 threads)  14%|████▍                         |  ETA: 0:35:14
Sampling (4 threads)  15%|████▌                         |  ETA: 0:37:50
Sampling (4 threads)  16%|████▋                         |  ETA: 0:36:23
Sampling (4 threads)  16%|████▊                         |  ETA: 0:35:03
Sampling (4 threads)  16%|█████                         |  ETA: 0:39:29
Sampling (4 threads)  17%|█████▏                        |  ETA: 0:38:06
Sampling (4 threads)  18%|█████▎                        |  ETA: 0:36:47
Sampling (4 threads)  18%|█████▍                        |  ETA: 0:41:28
Sampling (4 threads)  18%|█████▌                        |  ETA: 0:40:06
Sampling (4 threads)  19%|█████▊                        |  ETA: 0:38:48
Sampling (4 threads)  20%|█████▉                        |  ETA: 0:41:09
Sampling (4 threads)  20%|██████                        |  ETA: 0:39:53
Sampling (4 threads)  20%|██████▏                       |  ETA: 0:40:07
Sampling (4 threads)  21%|██████▎                       |  ETA: 0:38:55
Sampling (4 threads)  22%|██████▌                       |  ETA: 0:37:46
Sampling (4 threads)  22%|██████▋                       |  ETA: 0:39:07
Sampling (4 threads)  22%|██████▊                       |  ETA: 0:38:00
Sampling (4 threads)  23%|██████▉                       |  ETA: 0:38:03
Sampling (4 threads)  24%|███████                       |  ETA: 0:37:00
Sampling (4 threads)  24%|███████▎                      |  ETA: 0:35:59
Sampling (4 threads)  24%|███████▍                      |  ETA: 0:36:53
Sampling (4 threads)  25%|███████▌                      |  ETA: 0:35:54
Sampling (4 threads)  26%|███████▋                      |  ETA: 0:36:58
Sampling (4 threads)  26%|███████▊                      |  ETA: 0:36:01
Sampling (4 threads)  26%|████████                      |  ETA: 0:35:05
Sampling (4 threads)  27%|████████▏                     |  ETA: 0:35:22
Sampling (4 threads)  28%|████████▎                     |  ETA: 0:34:29
Sampling (4 threads)  28%|████████▍                     |  ETA: 0:35:02
Sampling (4 threads)  28%|████████▌                     |  ETA: 0:34:11
Sampling (4 threads)  29%|████████▊                     |  ETA: 0:35:05
Sampling (4 threads)  30%|████████▉                     |  ETA: 0:34:15
Sampling (4 threads)  30%|█████████                     |  ETA: 0:34:16
Sampling (4 threads)  30%|█████████▏                    |  ETA: 0:33:28
Sampling (4 threads)  31%|█████████▎                    |  ETA: 0:34:16
Sampling (4 threads)  32%|█████████▌                    |  ETA: 0:33:29
Sampling (4 threads)  32%|█████████▋                    |  ETA: 0:35:06
Sampling (4 threads)  32%|█████████▊                    |  ETA: 0:34:18
Sampling (4 threads)  33%|█████████▉                    |  ETA: 0:33:32
Sampling (4 threads)  34%|██████████                    |  ETA: 0:36:18
Sampling (4 threads)  34%|██████████▎                   |  ETA: 0:35:30
Sampling (4 threads)  34%|██████████▍                   |  ETA: 0:39:36
Sampling (4 threads)  35%|██████████▌                   |  ETA: 0:38:44
Sampling (4 threads)  36%|██████████▋                   |  ETA: 0:37:54
Sampling (4 threads)  36%|██████████▊                   |  ETA: 0:40:55
Sampling (4 threads)  36%|███████████                   |  ETA: 0:40:02
Sampling (4 threads)  37%|███████████▏                  |  ETA: 0:39:11
Sampling (4 threads)  38%|███████████▎                  |  ETA: 0:38:21
Sampling (4 threads)  38%|███████████▍                  |  ETA: 0:41:48
Sampling (4 threads)  38%|███████████▌                  |  ETA: 0:40:56
Sampling (4 threads)  39%|███████████▊                  |  ETA: 0:42:43
Sampling (4 threads)  40%|███████████▉                  |  ETA: 0:41:50
Sampling (4 threads)  40%|████████████                  |  ETA: 0:40:58
Sampling (4 threads)  40%|████████████▏                 |  ETA: 0:43:18
Sampling (4 threads)  41%|████████████▎                 |  ETA: 0:42:25
Sampling (4 threads)  42%|████████████▌                 |  ETA: 0:41:33
Sampling (4 threads)  42%|████████████▋                 |  ETA: 0:43:59
Sampling (4 threads)  42%|████████████▊                 |  ETA: 0:43:05
Sampling (4 threads)  43%|████████████▉                 |  ETA: 0:42:13
Sampling (4 threads)  44%|█████████████                 |  ETA: 0:43:42
Sampling (4 threads)  44%|█████████████▎                |  ETA: 0:42:49
Sampling (4 threads)  44%|█████████████▍                |  ETA: 0:44:03
Sampling (4 threads)  45%|█████████████▌                |  ETA: 0:43:10
Sampling (4 threads)  46%|█████████████▋                |  ETA: 0:42:18
Sampling (4 threads)  46%|█████████████▊                |  ETA: 0:43:07
Sampling (4 threads)  46%|██████████████                |  ETA: 0:42:15
Sampling (4 threads)  47%|██████████████▏               |  ETA: 0:43:32
Sampling (4 threads)  48%|██████████████▎               |  ETA: 0:42:40
Sampling (4 threads)  48%|██████████████▍               |  ETA: 0:42:39
Sampling (4 threads)  48%|██████████████▌               |  ETA: 0:41:49
Sampling (4 threads)  49%|██████████████▊               |  ETA: 0:42:33
Sampling (4 threads)  50%|██████████████▉               |  ETA: 0:41:43
Sampling (4 threads)  50%|███████████████               |  ETA: 0:42:04
Sampling (4 threads)  50%|███████████████▏              |  ETA: 0:41:14
Sampling (4 threads)  51%|███████████████▎              |  ETA: 0:42:23
Sampling (4 threads)  52%|███████████████▌              |  ETA: 0:41:32
Sampling (4 threads)  52%|███████████████▋              |  ETA: 0:40:43
Sampling (4 threads)  52%|███████████████▊              |  ETA: 0:39:54
Sampling (4 threads)  53%|███████████████▉              |  ETA: 0:42:02
Sampling (4 threads)  54%|████████████████              |  ETA: 0:41:12
Sampling (4 threads)  54%|████████████████▎             |  ETA: 0:40:23
Sampling (4 threads)  55%|████████████████▍             |  ETA: 0:41:18
Sampling (4 threads)  55%|████████████████▌             |  ETA: 0:40:29
Sampling (4 threads)  56%|████████████████▋             |  ETA: 0:39:40
Sampling (4 threads)  56%|████████████████▊             |  ETA: 0:39:48
Sampling (4 threads)  56%|█████████████████             |  ETA: 0:39:00
Sampling (4 threads)  57%|█████████████████▏            |  ETA: 0:39:22
Sampling (4 threads)  57%|█████████████████▎            |  ETA: 0:38:34
Sampling (4 threads)  58%|█████████████████▍            |  ETA: 0:39:56
Sampling (4 threads)  58%|█████████████████▌            |  ETA: 0:39:07
Sampling (4 threads)  59%|█████████████████▊            |  ETA: 0:39:17
Sampling (4 threads)  60%|█████████████████▉            |  ETA: 0:38:29
Sampling (4 threads)  60%|██████████████████            |  ETA: 0:39:09
Sampling (4 threads)  60%|██████████████████▏           |  ETA: 0:38:21
Sampling (4 threads)  61%|██████████████████▎           |  ETA: 0:37:33
Sampling (4 threads)  62%|██████████████████▌           |  ETA: 0:36:46
Sampling (4 threads)  62%|██████████████████▋           |  ETA: 0:37:13
Sampling (4 threads)  62%|██████████████████▊           |  ETA: 0:36:26
Sampling (4 threads)  63%|██████████████████▉           |  ETA: 0:35:40
Sampling (4 threads)  64%|███████████████████           |  ETA: 0:35:51
Sampling (4 threads)  64%|███████████████████▎          |  ETA: 0:35:05
Sampling (4 threads)  64%|███████████████████▍          |  ETA: 0:34:19
Sampling (4 threads)  65%|███████████████████▌          |  ETA: 0:34:54
Sampling (4 threads)  66%|███████████████████▋          |  ETA: 0:34:09
Sampling (4 threads)  66%|███████████████████▊          |  ETA: 0:33:24
Sampling (4 threads)  66%|████████████████████          |  ETA: 0:33:31
Sampling (4 threads)  67%|████████████████████▏         |  ETA: 0:32:47
Sampling (4 threads)  68%|████████████████████▎         |  ETA: 0:32:02
Sampling (4 threads)  68%|████████████████████▍         |  ETA: 0:32:17
Sampling (4 threads)  68%|████████████████████▌         |  ETA: 0:31:33
Sampling (4 threads)  69%|████████████████████▊         |  ETA: 0:30:49
Sampling (4 threads)  70%|████████████████████▉         |  ETA: 0:31:31
Sampling (4 threads)  70%|█████████████████████         |  ETA: 0:30:46
Sampling (4 threads)  70%|█████████████████████▏        |  ETA: 0:30:03
Sampling (4 threads)  71%|█████████████████████▎        |  ETA: 0:30:19
Sampling (4 threads)  72%|█████████████████████▌        |  ETA: 0:29:35
Sampling (4 threads)  72%|█████████████████████▋        |  ETA: 0:29:31
Sampling (4 threads)  72%|█████████████████████▊        |  ETA: 0:28:48
Sampling (4 threads)  73%|█████████████████████▉        |  ETA: 0:28:48
Sampling (4 threads)  74%|██████████████████████        |  ETA: 0:28:05
Sampling (4 threads)  74%|██████████████████████▎       |  ETA: 0:27:22
Sampling (4 threads)  74%|██████████████████████▍       |  ETA: 0:27:02
Sampling (4 threads)  75%|██████████████████████▌       |  ETA: 0:26:20
Sampling (4 threads)  76%|██████████████████████▋       |  ETA: 0:26:22
Sampling (4 threads)  76%|██████████████████████▊       |  ETA: 0:25:40
Sampling (4 threads)  76%|███████████████████████       |  ETA: 0:24:58
Sampling (4 threads)  77%|███████████████████████▏      |  ETA: 0:24:54
Sampling (4 threads)  78%|███████████████████████▎      |  ETA: 0:24:12
Sampling (4 threads)  78%|███████████████████████▍      |  ETA: 0:24:18
Sampling (4 threads)  78%|███████████████████████▌      |  ETA: 0:23:36
Sampling (4 threads)  79%|███████████████████████▊      |  ETA: 0:22:54
Sampling (4 threads)  80%|███████████████████████▉      |  ETA: 0:22:36
Sampling (4 threads)  80%|████████████████████████      |  ETA: 0:21:54
Sampling (4 threads)  80%|████████████████████████▏     |  ETA: 0:21:55
Sampling (4 threads)  81%|████████████████████████▎     |  ETA: 0:21:13
Sampling (4 threads)  82%|████████████████████████▌     |  ETA: 0:20:32
Sampling (4 threads)  82%|████████████████████████▋     |  ETA: 0:20:31
Sampling (4 threads)  82%|████████████████████████▊     |  ETA: 0:19:50
Sampling (4 threads)  83%|████████████████████████▉     |  ETA: 0:19:09
Sampling (4 threads)  84%|█████████████████████████     |  ETA: 0:18:28
Sampling (4 threads)  84%|█████████████████████████▎    |  ETA: 0:18:16
Sampling (4 threads)  84%|█████████████████████████▍    |  ETA: 0:17:36
Sampling (4 threads)  85%|█████████████████████████▌    |  ETA: 0:16:56
Sampling (4 threads)  86%|█████████████████████████▋    |  ETA: 0:16:45
Sampling (4 threads)  86%|█████████████████████████▊    |  ETA: 0:16:05
Sampling (4 threads)  86%|██████████████████████████    |  ETA: 0:15:25
Sampling (4 threads)  87%|██████████████████████████▏   |  ETA: 0:15:07
Sampling (4 threads)  88%|██████████████████████████▎   |  ETA: 0:14:27
Sampling (4 threads)  88%|██████████████████████████▍   |  ETA: 0:13:47
Sampling (4 threads)  88%|██████████████████████████▌   |  ETA: 0:13:09
Sampling (4 threads)  89%|██████████████████████████▊   |  ETA: 0:12:45
Sampling (4 threads)  90%|██████████████████████████▉   |  ETA: 0:12:06
Sampling (4 threads)  90%|███████████████████████████   |  ETA: 0:11:42
Sampling (4 threads)  90%|███████████████████████████▏  |  ETA: 0:11:03
Sampling (4 threads)  91%|███████████████████████████▎  |  ETA: 0:10:25
Sampling (4 threads)  92%|███████████████████████████▌  |  ETA: 0:09:58
Sampling (4 threads)  92%|███████████████████████████▋  |  ETA: 0:09:19
Sampling (4 threads)  92%|███████████████████████████▊  |  ETA: 0:08:42
Sampling (4 threads)  93%|███████████████████████████▉  |  ETA: 0:08:13
Sampling (4 threads)  94%|████████████████████████████  |  ETA: 0:07:36
Sampling (4 threads)  94%|████████████████████████████▎ |  ETA: 0:06:58
Sampling (4 threads)  94%|████████████████████████████▍ |  ETA: 0:06:31
Sampling (4 threads)  95%|████████████████████████████▌ |  ETA: 0:05:53
Sampling (4 threads)  96%|████████████████████████████▋ |  ETA: 0:05:16
Sampling (4 threads)  96%|████████████████████████████▊ |  ETA: 0:04:43
Sampling (4 threads)  96%|█████████████████████████████ |  ETA: 0:04:09
Sampling (4 threads)  97%|█████████████████████████████▏|  ETA: 0:03:36
Sampling (4 threads)  98%|█████████████████████████████▎|  ETA: 0:03:00
Sampling (4 threads)  98%|█████████████████████████████▍|  ETA: 0:02:26
Sampling (4 threads)  98%|█████████████████████████████▌|  ETA: 0:01:50
Sampling (4 threads)  99%|█████████████████████████████▊|  ETA: 0:01:13
Sampling (4 threads) 100%|█████████████████████████████▉|  ETA: 0:00:37
Sampling (4 threads) 100%|██████████████████████████████| Time: 2:05:51
Sampling (4 threads) 100%|██████████████████████████████| Time: 2:05:51
ERROR: LoadError: UndefVarError: `attr` not defined
Stacktrace:
 [1] violin_grouped(data::DataFrame, wordTypes::Vector{String}, cols::Vector{RGB{Float64}})
   @ Main ~/bayesian/BC4/Bayes/wordType_experiments/plottingFuncs.jl:55
 [2] subplots(data::DataFrame, wordTypes::Vector{String}, cols::Vector{RGB{Float64}})
   @ Main ~/bayesian/BC4/Bayes/wordType_experiments/plottingFuncs.jl:118
 [3] plotGraphs(outputDir::String, wordTypes::Vector{String}, cols::Vector{RGB{Float64}}, noPCS::Int64)
   @ Main ~/bayesian/BC4/Bayes/wordType_experiments/plottingFuncs.jl:287
 [4] concludeAndPlot(m::Chains{Float64, AxisArray{Float64, 3, Array{Float64, 3}, Tuple{Axis{:iter, StepRange{Int64, Int64}}, Axis{:var, Vector{Symbol}}, Axis{:chain, UnitRange{Int64}}}}, Missing, @NamedTuple{parameters::Vector{Symbol}, internals::Vector{Symbol}}, @NamedTuple{varname_to_symbol::OrderedDict{AbstractPPL.VarName, Symbol}, start_time::Vector{Float64}, stop_time::Vector{Float64}, samplerstate::Vector{Nothing}}}, output_loc::String, pc::Int64, wordTypes::Vector{String}, cols::Vector{RGB{Float64}}, noPCS::Int64)
   @ Main ~/bayesian/BC4/Bayes/wordType_experiments/plottingFuncs.jl:21
 [5] runModel(model::DynamicPPL.Model{typeof(model_tp), (:participant, :word, :surprisal, :tags, :PCA, :ExpMean, :cauchyMean, :NUM_TYPES, :NUM_PARTICIPANTS), (), (), Tuple{Vector{Int64}, Vector{Float64}, Vector{Float64}, Vector{Int64}, Vector{Float64}, Float64, Float64, Int64, Int64}, Tuple{}, DynamicPPL.DefaultContext}, df_modified::DataFrame, dfPCA::DataFrame, pc::Int64, NUM_PARTICIPANTS::Int64, NUM_WORDS::Int64, TYPE_STRUCTURE::String, NUM_TYPES::Int64, wordTypes::Vector{String}, cols::Vector{RGB{Float64}}, isPlotting::Int64, analyseEssRhat::Int64, output_loc::String, expMean::Float64, cauchyMean::Float64, noPCS::Int64, noInChain::Int64)
   @ Main ~/bayesian/BC4/Bayes/wordType_experiments/model_master.jl:130
 [6] top-level scope
   @ ~/bayesian/BC4/Bayes/wordType_experiments/models/Z_totallyPooled/model.jl:12
in expression starting at /user/home/em18564/bayesian/BC4/Bayes/wordType_experiments/models/Z_totallyPooled/model.jl:12
┌ Warning: Runtime invalidation was disabled, but the CPU info is out-of-date.
│ Will continue with incorrect CPU name (from build time).
└ @ HostCPUFeatures ~/.julia/packages/HostCPUFeatures/ZTXz4/src/cpu_info.jl:71
┌ Warning: Runtime invalidation was disabled, but the CPU info is out-of-date.
│ Will continue with incorrect CPU feature flag: +avx512vnni.
└ @ HostCPUFeatures ~/.julia/packages/HostCPUFeatures/ZTXz4/src/cpu_info.jl:56
┌ Warning: Runtime invalidation was disabled, but the CPU info is out-of-date.
│ Will continue with incorrect CPU feature flag: -rtm.
└ @ HostCPUFeatures ~/.julia/packages/HostCPUFeatures/ZTXz4/src/cpu_info.jl:56
Sampling (4 threads)   0%|                              |  ETA: N/A
┌ Info: Found initial step size
└   ϵ = 0.0015625
┌ Info: Found initial step size
└   ϵ = 0.0015625
┌ Info: Found initial step size
└   ϵ = 0.003125
┌ Info: Found initial step size
└   ϵ = 0.00078125
Sampling (4 threads)   0%|▏                             |  ETA: 4:49:01
Sampling (4 threads)   1%|▎                             |  ETA: 2:23:52
Sampling (4 threads)   2%|▌                             |  ETA: 1:35:25
Sampling (4 threads)   2%|▋                             |  ETA: 4:42:55
Sampling (4 threads)   2%|▊                             |  ETA: 3:45:11
Sampling (4 threads)   3%|▉                             |  ETA: 3:06:41
Sampling (4 threads)   4%|█                             |  ETA: 2:39:11
Sampling (4 threads)   4%|█▎                            |  ETA: 2:54:47
Sampling (4 threads)   4%|█▍                            |  ETA: 2:34:34
Sampling (4 threads)   5%|█▌                            |  ETA: 3:04:23
Sampling (4 threads)   6%|█▋                            |  ETA: 2:46:45
Sampling (4 threads)   6%|█▊                            |  ETA: 2:32:02
Sampling (4 threads)   6%|██                            |  ETA: 3:19:00
Sampling (4 threads)   7%|██▏                           |  ETA: 3:03:48
Sampling (4 threads)   8%|██▎                           |  ETA: 3:49:30
Sampling (4 threads)   8%|██▍                           |  ETA: 3:33:59
Sampling (4 threads)   8%|██▌                           |  ETA: 3:20:18
Sampling (4 threads)   9%|██▊                           |  ETA: 3:08:09
Sampling (4 threads)  10%|██▉                           |  ETA: 3:40:00
Sampling (4 threads)  10%|███                           |  ETA: 3:27:50
Sampling (4 threads)  10%|███▏                          |  ETA: 3:26:35
Sampling (4 threads)  11%|███▎                          |  ETA: 3:16:05
Sampling (4 threads)  12%|███▌                          |  ETA: 3:06:31
Sampling (4 threads)  12%|███▋                          |  ETA: 3:12:21
Sampling (4 threads)  12%|███▊                          |  ETA: 3:03:36
Sampling (4 threads)  13%|███▉                          |  ETA: 3:13:48
Sampling (4 threads)  14%|████                          |  ETA: 3:05:33
Sampling (4 threads)  14%|████▎                         |  ETA: 3:06:19
Sampling (4 threads)  14%|████▍                         |  ETA: 2:58:50
Sampling (4 threads)  15%|████▌                         |  ETA: 2:51:52
Sampling (4 threads)  16%|████▋                         |  ETA: 2:58:21
Sampling (4 threads)  16%|████▊                         |  ETA: 2:51:45
Sampling (4 threads)  16%|█████                         |  ETA: 2:54:05
Sampling (4 threads)  17%|█████▏                        |  ETA: 2:47:58
Sampling (4 threads)  18%|█████▎                        |  ETA: 2:55:07
Sampling (4 threads)  18%|█████▍                        |  ETA: 2:49:13
Sampling (4 threads)  18%|█████▌                        |  ETA: 2:43:38
Sampling (4 threads)  19%|█████▊                        |  ETA: 2:51:32
Sampling (4 threads)  20%|█████▉                        |  ETA: 2:46:06
Sampling (4 threads)  20%|██████                        |  ETA: 2:40:57
Sampling (4 threads)  20%|██████▏                       |  ETA: 2:48:18
Sampling (4 threads)  21%|██████▎                       |  ETA: 2:43:16
Sampling (4 threads)  22%|██████▌                       |  ETA: 2:38:28
Sampling (4 threads)  22%|██████▋                       |  ETA: 2:43:57
Sampling (4 threads)  22%|██████▊                       |  ETA: 2:39:16
Sampling (4 threads)  23%|██████▉                       |  ETA: 2:34:48
Sampling (4 threads)  24%|███████                       |  ETA: 2:37:49
Sampling (4 threads)  24%|███████▎                      |  ETA: 2:33:31
Sampling (4 threads)  24%|███████▍                      |  ETA: 2:40:15
Sampling (4 threads)  25%|███████▌                      |  ETA: 2:36:00
Sampling (4 threads)  26%|███████▋                      |  ETA: 2:31:56
Sampling (4 threads)  26%|███████▊                      |  ETA: 2:37:21
Sampling (4 threads)  26%|████████                      |  ETA: 2:33:20
Sampling (4 threads)  27%|████████▏                     |  ETA: 2:34:25
Sampling (4 threads)  28%|████████▎                     |  ETA: 2:30:34
Sampling (4 threads)  28%|████████▍                     |  ETA: 2:32:12
Sampling (4 threads)  28%|████████▌                     |  ETA: 2:28:29
Sampling (4 threads)  29%|████████▊                     |  ETA: 2:29:32
Sampling (4 threads)  30%|████████▉                     |  ETA: 2:25:58
Sampling (4 threads)  30%|█████████                     |  ETA: 2:28:40
Sampling (4 threads)  30%|█████████▏                    |  ETA: 2:25:11
Sampling (4 threads)  31%|█████████▎                    |  ETA: 2:21:49
Sampling (4 threads)  32%|█████████▌                    |  ETA: 2:21:56
Sampling (4 threads)  32%|█████████▋                    |  ETA: 2:18:42
Sampling (4 threads)  32%|█████████▊                    |  ETA: 2:20:02
Sampling (4 threads)  33%|█████████▉                    |  ETA: 2:16:54
Sampling (4 threads)  34%|██████████                    |  ETA: 2:16:41
Sampling (4 threads)  34%|██████████▎                   |  ETA: 2:13:40
Sampling (4 threads)  34%|██████████▍                   |  ETA: 2:14:23
Sampling (4 threads)  35%|██████████▌                   |  ETA: 2:11:27
Sampling (4 threads)  36%|██████████▋                   |  ETA: 2:11:42
Sampling (4 threads)  36%|██████████▊                   |  ETA: 2:08:51
Sampling (4 threads)  36%|███████████                   |  ETA: 2:09:46
Sampling (4 threads)  37%|███████████▏                  |  ETA: 2:07:01
Sampling (4 threads)  38%|███████████▎                  |  ETA: 2:06:39
Sampling (4 threads)  38%|███████████▍                  |  ETA: 2:03:59
Sampling (4 threads)  38%|███████████▌                  |  ETA: 2:01:23
Sampling (4 threads)  39%|███████████▊                  |  ETA: 2:01:33
Sampling (4 threads)  40%|███████████▉                  |  ETA: 1:59:02
Sampling (4 threads)  40%|████████████                  |  ETA: 1:58:00
Sampling (4 threads)  40%|████████████▏                 |  ETA: 1:55:34
Sampling (4 threads)  41%|████████████▎                 |  ETA: 1:55:53
Sampling (4 threads)  42%|████████████▌                 |  ETA: 1:53:31
Sampling (4 threads)  42%|████████████▋                 |  ETA: 1:51:12
Sampling (4 threads)  42%|████████████▊                 |  ETA: 1:51:47
Sampling (4 threads)  43%|████████████▉                 |  ETA: 1:49:31
Sampling (4 threads)  44%|█████████████                 |  ETA: 1:47:19
Sampling (4 threads)  44%|█████████████▎                |  ETA: 1:47:45
Sampling (4 threads)  44%|█████████████▍                |  ETA: 1:45:35
Sampling (4 threads)  45%|█████████████▌                |  ETA: 1:45:06
Sampling (4 threads)  46%|█████████████▋                |  ETA: 1:43:00
Sampling (4 threads)  46%|█████████████▊                |  ETA: 1:42:59
Sampling (4 threads)  46%|██████████████                |  ETA: 1:40:56
Sampling (4 threads)  47%|██████████████▏               |  ETA: 1:38:55
Sampling (4 threads)  48%|██████████████▎               |  ETA: 1:39:06
Sampling (4 threads)  48%|██████████████▍               |  ETA: 1:37:08
Sampling (4 threads)  48%|██████████████▌               |  ETA: 1:36:37
Sampling (4 threads)  49%|██████████████▊               |  ETA: 1:34:42
Sampling (4 threads)  50%|██████████████▉               |  ETA: 1:33:47
Sampling (4 threads)  50%|███████████████               |  ETA: 1:31:56
Sampling (4 threads)  50%|███████████████▏              |  ETA: 1:30:58
Sampling (4 threads)  51%|███████████████▎              |  ETA: 1:29:10
Sampling (4 threads)  52%|███████████████▌              |  ETA: 1:28:31
Sampling (4 threads)  52%|███████████████▋              |  ETA: 1:26:46
Sampling (4 threads)  52%|███████████████▊              |  ETA: 1:26:13
Sampling (4 threads)  53%|███████████████▉              |  ETA: 1:24:31
Sampling (4 threads)  54%|████████████████              |  ETA: 1:22:50
Sampling (4 threads)  54%|████████████████▎             |  ETA: 1:22:40
Sampling (4 threads)  55%|████████████████▍             |  ETA: 1:21:01
Sampling (4 threads)  55%|████████████████▌             |  ETA: 1:20:23
Sampling (4 threads)  56%|████████████████▋             |  ETA: 1:18:46
Sampling (4 threads)  56%|████████████████▊             |  ETA: 1:17:12
Sampling (4 threads)  56%|█████████████████             |  ETA: 1:16:26
Sampling (4 threads)  57%|█████████████████▏            |  ETA: 1:14:53
Sampling (4 threads)  57%|█████████████████▎            |  ETA: 1:14:13
Sampling (4 threads)  58%|█████████████████▍            |  ETA: 1:12:42
Sampling (4 threads)  58%|█████████████████▌            |  ETA: 1:11:54
Sampling (4 threads)  59%|█████████████████▊            |  ETA: 1:10:26
Sampling (4 threads)  60%|█████████████████▉            |  ETA: 1:09:28
Sampling (4 threads)  60%|██████████████████            |  ETA: 1:08:03
Sampling (4 threads)  60%|██████████████████▏           |  ETA: 1:07:32
Sampling (4 threads)  61%|██████████████████▎           |  ETA: 1:06:08
Sampling (4 threads)  62%|██████████████████▌           |  ETA: 1:05:25
Sampling (4 threads)  62%|██████████████████▋           |  ETA: 1:04:03
Sampling (4 threads)  62%|██████████████████▊           |  ETA: 1:02:42
Sampling (4 threads)  63%|██████████████████▉           |  ETA: 1:02:07
Sampling (4 threads)  64%|███████████████████           |  ETA: 1:00:48
Sampling (4 threads)  64%|███████████████████▎          |  ETA: 0:59:34
Sampling (4 threads)  64%|███████████████████▍          |  ETA: 0:58:38
Sampling (4 threads)  65%|███████████████████▌          |  ETA: 0:57:50
Sampling (4 threads)  66%|███████████████████▋          |  ETA: 0:57:01
Sampling (4 threads)  66%|███████████████████▊          |  ETA: 0:56:07
Sampling (4 threads)  66%|████████████████████          |  ETA: 0:55:18
Sampling (4 threads)  67%|████████████████████▏         |  ETA: 0:54:21
Sampling (4 threads)  68%|████████████████████▎         |  ETA: 0:53:44
Sampling (4 threads)  68%|████████████████████▍         |  ETA: 0:52:49
Sampling (4 threads)  68%|████████████████████▌         |  ETA: 0:51:55
Sampling (4 threads)  69%|████████████████████▊         |  ETA: 0:51:01
Sampling (4 threads)  70%|████████████████████▉         |  ETA: 0:50:32
Sampling (4 threads)  70%|█████████████████████         |  ETA: 0:49:24
Sampling (4 threads)  70%|█████████████████████▏        |  ETA: 0:48:45
Sampling (4 threads)  71%|█████████████████████▎        |  ETA: 0:47:54
Sampling (4 threads)  72%|█████████████████████▌        |  ETA: 0:46:57
Sampling (4 threads)  72%|█████████████████████▋        |  ETA: 0:45:57
Sampling (4 threads)  72%|█████████████████████▊        |  ETA: 0:45:16
Sampling (4 threads)  73%|█████████████████████▉        |  ETA: 0:44:30
Sampling (4 threads)  74%|██████████████████████        |  ETA: 0:43:37
Sampling (4 threads)  74%|██████████████████████▎       |  ETA: 0:42:41
Sampling (4 threads)  74%|██████████████████████▍       |  ETA: 0:41:57
Sampling (4 threads)  75%|██████████████████████▌       |  ETA: 0:41:04
Sampling (4 threads)  76%|██████████████████████▋       |  ETA: 0:40:15
Sampling (4 threads)  76%|██████████████████████▊       |  ETA: 0:39:24
Sampling (4 threads)  76%|███████████████████████       |  ETA: 0:38:25
Sampling (4 threads)  77%|███████████████████████▏      |  ETA: 0:37:28
Sampling (4 threads)  78%|███████████████████████▎      |  ETA: 0:36:39
Sampling (4 threads)  78%|███████████████████████▍      |  ETA: 0:35:52
Sampling (4 threads)  78%|███████████████████████▌      |  ETA: 0:34:58
Sampling (4 threads)  79%|███████████████████████▊      |  ETA: 0:34:11
Sampling (4 threads)  80%|███████████████████████▉      |  ETA: 0:33:21
Sampling (4 threads)  80%|████████████████████████      |  ETA: 0:32:34
Sampling (4 threads)  80%|████████████████████████▏     |  ETA: 0:31:40
Sampling (4 threads)  81%|████████████████████████▎     |  ETA: 0:30:42
Sampling (4 threads)  82%|████████████████████████▌     |  ETA: 0:29:54
Sampling (4 threads)  82%|████████████████████████▋     |  ETA: 0:28:58
Sampling (4 threads)  82%|████████████████████████▊     |  ETA: 0:28:06
Sampling (4 threads)  83%|████████████████████████▉     |  ETA: 0:27:15
Sampling (4 threads)  84%|█████████████████████████     |  ETA: 0:26:26
Sampling (4 threads)  84%|█████████████████████████▎    |  ETA: 0:25:37
Sampling (4 threads)  84%|█████████████████████████▍    |  ETA: 0:24:48
Sampling (4 threads)  85%|█████████████████████████▌    |  ETA: 0:24:01
Sampling (4 threads)  86%|█████████████████████████▋    |  ETA: 0:23:24
Sampling (4 threads)  86%|█████████████████████████▊    |  ETA: 0:22:33
Sampling (4 threads)  86%|██████████████████████████    |  ETA: 0:21:43
Sampling (4 threads)  87%|██████████████████████████▏   |  ETA: 0:20:56
Sampling (4 threads)  88%|██████████████████████████▎   |  ETA: 0:20:07
Sampling (4 threads)  88%|██████████████████████████▍   |  ETA: 0:19:16
Sampling (4 threads)  88%|██████████████████████████▌   |  ETA: 0:18:28
Sampling (4 threads)  89%|██████████████████████████▊   |  ETA: 0:17:41
Sampling (4 threads)  90%|██████████████████████████▉   |  ETA: 0:16:54
Sampling (4 threads)  90%|███████████████████████████   |  ETA: 0:16:05
Sampling (4 threads)  90%|███████████████████████████▏  |  ETA: 0:15:14
Sampling (4 threads)  91%|███████████████████████████▎  |  ETA: 0:14:29
Sampling (4 threads)  92%|███████████████████████████▌  |  ETA: 0:13:38
Sampling (4 threads)  92%|███████████████████████████▋  |  ETA: 0:12:56
Sampling (4 threads)  92%|███████████████████████████▊  |  ETA: 0:12:07
Sampling (4 threads)  93%|███████████████████████████▉  |  ETA: 0:11:18
Sampling (4 threads)  94%|████████████████████████████  |  ETA: 0:10:30
Sampling (4 threads)  94%|████████████████████████████▎ |  ETA: 0:09:41
Sampling (4 threads)  94%|████████████████████████████▍ |  ETA: 0:08:59
Sampling (4 threads)  95%|████████████████████████████▌ |  ETA: 0:08:23
Sampling (4 threads)  96%|████████████████████████████▋ |  ETA: 0:07:42
Sampling (4 threads)  96%|████████████████████████████▊ |  ETA: 0:06:59
Sampling (4 threads)  96%|█████████████████████████████ |  ETA: 0:06:18
Sampling (4 threads)  97%|█████████████████████████████▏|  ETA: 0:05:29
Sampling (4 threads)  98%|█████████████████████████████▎|  ETA: 0:04:38
Sampling (4 threads)  98%|█████████████████████████████▍|  ETA: 0:03:45
Sampling (4 threads)  98%|█████████████████████████████▌|  ETA: 0:02:50
Sampling (4 threads)  99%|█████████████████████████████▊|  ETA: 0:01:54
Sampling (4 threads) 100%|█████████████████████████████▉|  ETA: 0:00:58
Sampling (4 threads) 100%|██████████████████████████████| Time: 3:14:26
Sampling (4 threads) 100%|██████████████████████████████| Time: 3:14:27
┌ Warning: Runtime invalidation was disabled, but the CPU info is out-of-date.
│ Will continue with incorrect CPU name (from build time).
└ @ HostCPUFeatures ~/.julia/packages/HostCPUFeatures/ZTXz4/src/cpu_info.jl:71
┌ Warning: Runtime invalidation was disabled, but the CPU info is out-of-date.
│ Will continue with incorrect CPU feature flag: +avx512vnni.
└ @ HostCPUFeatures ~/.julia/packages/HostCPUFeatures/ZTXz4/src/cpu_info.jl:56
┌ Warning: Runtime invalidation was disabled, but the CPU info is out-of-date.
│ Will continue with incorrect CPU feature flag: -rtm.
└ @ HostCPUFeatures ~/.julia/packages/HostCPUFeatures/ZTXz4/src/cpu_info.jl:56
Sampling (4 threads)   0%|                              |  ETA: N/A
┌ Info: Found initial step size
└   ϵ = 0.0125
┌ Info: Found initial step size
└   ϵ = 0.00625
┌ Info: Found initial step size
└   ϵ = 0.00625
┌ Info: Found initial step size
└   ϵ = 0.000390625
Sampling (4 threads)   0%|▏                             |  ETA: 6:52:26
Sampling (4 threads)   1%|▎                             |  ETA: 3:25:16
Sampling (4 threads)   2%|▌                             |  ETA: 2:16:09
Sampling (4 threads)   2%|▋                             |  ETA: 3:34:30
Sampling (4 threads)   2%|▊                             |  ETA: 2:50:43
Sampling (4 threads)   3%|▉                             |  ETA: 2:21:32
Sampling (4 threads)   4%|█                             |  ETA: 3:47:28
Sampling (4 threads)   4%|█▎                            |  ETA: 3:18:00
Sampling (4 threads)   4%|█▍                            |  ETA: 2:55:05
Sampling (4 threads)   5%|█▌                            |  ETA: 4:02:01
Sampling (4 threads)   6%|█▋                            |  ETA: 3:38:51
Sampling (4 threads)   6%|█▊                            |  ETA: 3:19:33
Sampling (4 threads)   6%|██                            |  ETA: 3:57:53
Sampling (4 threads)   7%|██▏                           |  ETA: 3:39:42
Sampling (4 threads)   8%|██▎                           |  ETA: 3:23:57
Sampling (4 threads)   8%|██▍                           |  ETA: 3:50:23
Sampling (4 threads)   8%|██▌                           |  ETA: 3:35:40
Sampling (4 threads)   9%|██▊                           |  ETA: 3:37:39
Sampling (4 threads)  10%|██▉                           |  ETA: 3:25:04
Sampling (4 threads)  10%|███                           |  ETA: 3:39:48
Sampling (4 threads)  10%|███▏                          |  ETA: 3:28:11
Sampling (4 threads)  11%|███▎                          |  ETA: 3:58:06
Sampling (4 threads)  12%|███▌                          |  ETA: 3:46:28
Sampling (4 threads)  12%|███▋                          |  ETA: 3:35:48
Sampling (4 threads)  12%|███▊                          |  ETA: 3:25:59
Sampling (4 threads)  13%|███▉                          |  ETA: 3:43:49
Sampling (4 threads)  14%|████                          |  ETA: 3:34:18
Sampling (4 threads)  14%|████▎                         |  ETA: 3:25:27
Sampling (4 threads)  14%|████▍                         |  ETA: 3:32:36
Sampling (4 threads)  15%|████▌                         |  ETA: 3:24:19
Sampling (4 threads)  16%|████▋                         |  ETA: 3:16:34
Sampling (4 threads)  16%|████▊                         |  ETA: 3:20:43
Sampling (4 threads)  16%|█████                         |  ETA: 3:13:28
Sampling (4 threads)  17%|█████▏                        |  ETA: 3:17:47
Sampling (4 threads)  18%|█████▎                        |  ETA: 3:10:59
Sampling (4 threads)  18%|█████▍                        |  ETA: 3:04:33
Sampling (4 threads)  18%|█████▌                        |  ETA: 3:08:45
Sampling (4 threads)  19%|█████▊                        |  ETA: 3:02:39
Sampling (4 threads)  20%|█████▉                        |  ETA: 3:12:58
Sampling (4 threads)  20%|██████                        |  ETA: 3:06:58
Sampling (4 threads)  20%|██████▏                       |  ETA: 3:01:16
Sampling (4 threads)  21%|██████▎                       |  ETA: 2:55:50
Sampling (4 threads)  22%|██████▌                       |  ETA: 3:05:20
Sampling (4 threads)  22%|██████▋                       |  ETA: 2:59:58
Sampling (4 threads)  22%|██████▊                       |  ETA: 3:04:27
Sampling (4 threads)  23%|██████▉                       |  ETA: 2:59:17
Sampling (4 threads)  24%|███████                       |  ETA: 3:06:09
Sampling (4 threads)  24%|███████▎                      |  ETA: 3:01:05
Sampling (4 threads)  24%|███████▍                      |  ETA: 2:56:13
Sampling (4 threads)  25%|███████▌                      |  ETA: 2:59:47
Sampling (4 threads)  26%|███████▋                      |  ETA: 2:55:05
Sampling (4 threads)  26%|███████▊                      |  ETA: 2:58:45
Sampling (4 threads)  26%|████████                      |  ETA: 2:54:11
Sampling (4 threads)  27%|████████▏                     |  ETA: 2:49:48
Sampling (4 threads)  28%|████████▎                     |  ETA: 3:00:29
Sampling (4 threads)  28%|████████▍                     |  ETA: 2:56:02
Sampling (4 threads)  28%|████████▌                     |  ETA: 2:51:45
Sampling (4 threads)  29%|████████▊                     |  ETA: 2:53:50
Sampling (4 threads)  30%|████████▉                     |  ETA: 2:49:41
Sampling (4 threads)  30%|█████████                     |  ETA: 2:50:49
Sampling (4 threads)  30%|█████████▏                    |  ETA: 2:46:49
Sampling (4 threads)  31%|█████████▎                    |  ETA: 2:49:25
Sampling (4 threads)  32%|█████████▌                    |  ETA: 2:45:31
Sampling (4 threads)  32%|█████████▋                    |  ETA: 2:45:06
Sampling (4 threads)  32%|█████████▊                    |  ETA: 2:41:22
Sampling (4 threads)  33%|█████████▉                    |  ETA: 2:42:40
Sampling (4 threads)  34%|██████████                    |  ETA: 2:39:03
Sampling (4 threads)  34%|██████████▎                   |  ETA: 2:37:54
Sampling (4 threads)  34%|██████████▍                   |  ETA: 2:34:26
Sampling (4 threads)  35%|██████████▌                   |  ETA: 2:35:30
Sampling (4 threads)  36%|██████████▋                   |  ETA: 2:32:08
Sampling (4 threads)  36%|██████████▊                   |  ETA: 2:28:51
Sampling (4 threads)  36%|███████████                   |  ETA: 2:29:44
Sampling (4 threads)  37%|███████████▏                  |  ETA: 2:26:33
Sampling (4 threads)  38%|███████████▎                  |  ETA: 2:25:41
Sampling (4 threads)  38%|███████████▍                  |  ETA: 2:22:37
Sampling (4 threads)  38%|███████████▌                  |  ETA: 2:19:38
Sampling (4 threads)  39%|███████████▊                  |  ETA: 2:20:45
Sampling (4 threads)  40%|███████████▉                  |  ETA: 2:17:50
Sampling (4 threads)  40%|████████████                  |  ETA: 2:14:59
Sampling (4 threads)  40%|████████████▏                 |  ETA: 2:12:13
Sampling (4 threads)  41%|████████████▎                 |  ETA: 2:12:15
Sampling (4 threads)  42%|████████████▌                 |  ETA: 2:09:33
Sampling (4 threads)  42%|████████████▋                 |  ETA: 2:09:16
Sampling (4 threads)  42%|████████████▊                 |  ETA: 2:06:39
Sampling (4 threads)  43%|████████████▉                 |  ETA: 2:04:05
Sampling (4 threads)  44%|█████████████                 |  ETA: 2:03:02
Sampling (4 threads)  44%|█████████████▎                |  ETA: 2:00:34
Sampling (4 threads)  44%|█████████████▍                |  ETA: 2:01:22
Sampling (4 threads)  45%|█████████████▌                |  ETA: 1:58:57
Sampling (4 threads)  46%|█████████████▋                |  ETA: 1:56:34
Sampling (4 threads)  46%|█████████████▊                |  ETA: 1:54:15
Sampling (4 threads)  46%|██████████████                |  ETA: 1:54:27
Sampling (4 threads)  47%|██████████████▏               |  ETA: 1:52:10
Sampling (4 threads)  48%|██████████████▎               |  ETA: 1:52:00
Sampling (4 threads)  48%|██████████████▍               |  ETA: 1:49:47
Sampling (4 threads)  48%|██████████████▌               |  ETA: 1:49:08
Sampling (4 threads)  49%|██████████████▊               |  ETA: 1:46:58
Sampling (4 threads)  50%|██████████████▉               |  ETA: 1:47:46
Sampling (4 threads)  50%|███████████████               |  ETA: 1:45:38
Sampling (4 threads)  50%|███████████████▏              |  ETA: 1:43:33
Sampling (4 threads)  51%|███████████████▎              |  ETA: 1:42:28
Sampling (4 threads)  52%|███████████████▌              |  ETA: 1:40:27
Sampling (4 threads)  52%|███████████████▋              |  ETA: 1:40:32
Sampling (4 threads)  52%|███████████████▊              |  ETA: 1:38:32
Sampling (4 threads)  53%|███████████████▉              |  ETA: 1:36:35
Sampling (4 threads)  54%|████████████████              |  ETA: 1:34:40
Sampling (4 threads)  54%|████████████████▎             |  ETA: 1:33:59
Sampling (4 threads)  55%|████████████████▍             |  ETA: 1:32:06
Sampling (4 threads)  55%|████████████████▌             |  ETA: 1:31:48
Sampling (4 threads)  56%|████████████████▋             |  ETA: 1:29:58
Sampling (4 threads)  56%|████████████████▊             |  ETA: 1:30:50
Sampling (4 threads)  56%|█████████████████             |  ETA: 1:29:00
Sampling (4 threads)  57%|█████████████████▏            |  ETA: 1:27:13
Sampling (4 threads)  57%|█████████████████▎            |  ETA: 1:25:27
Sampling (4 threads)  58%|█████████████████▍            |  ETA: 1:25:14
Sampling (4 threads)  58%|█████████████████▌            |  ETA: 1:23:30
Sampling (4 threads)  59%|█████████████████▊            |  ETA: 1:22:54
Sampling (4 threads)  60%|█████████████████▉            |  ETA: 1:21:12
Sampling (4 threads)  60%|██████████████████            |  ETA: 1:21:24
Sampling (4 threads)  60%|██████████████████▏           |  ETA: 1:19:43
Sampling (4 threads)  61%|██████████████████▎           |  ETA: 1:18:04
Sampling (4 threads)  62%|██████████████████▌           |  ETA: 1:18:27
Sampling (4 threads)  62%|██████████████████▋           |  ETA: 1:16:49
Sampling (4 threads)  62%|██████████████████▊           |  ETA: 1:15:12
Sampling (4 threads)  63%|██████████████████▉           |  ETA: 1:13:36
Sampling (4 threads)  64%|███████████████████           |  ETA: 1:13:36
Sampling (4 threads)  64%|███████████████████▎          |  ETA: 1:12:02
Sampling (4 threads)  64%|███████████████████▍          |  ETA: 1:10:29
Sampling (4 threads)  65%|███████████████████▌          |  ETA: 1:10:23
Sampling (4 threads)  66%|███████████████████▋          |  ETA: 1:08:51
Sampling (4 threads)  66%|███████████████████▊          |  ETA: 1:07:20
Sampling (4 threads)  66%|████████████████████          |  ETA: 1:06:54
Sampling (4 threads)  67%|████████████████████▏         |  ETA: 1:05:25
Sampling (4 threads)  68%|████████████████████▎         |  ETA: 1:03:57
Sampling (4 threads)  68%|████████████████████▍         |  ETA: 1:03:19
Sampling (4 threads)  68%|████████████████████▌         |  ETA: 1:01:52
Sampling (4 threads)  69%|████████████████████▊         |  ETA: 1:01:47
Sampling (4 threads)  70%|████████████████████▉         |  ETA: 1:00:21
Sampling (4 threads)  70%|█████████████████████         |  ETA: 0:58:56
Sampling (4 threads)  70%|█████████████████████▏        |  ETA: 0:57:32
Sampling (4 threads)  71%|█████████████████████▎        |  ETA: 0:56:53
Sampling (4 threads)  72%|█████████████████████▌        |  ETA: 0:56:15
Sampling (4 threads)  72%|█████████████████████▋        |  ETA: 0:55:02
Sampling (4 threads)  72%|█████████████████████▊        |  ETA: 0:54:33
Sampling (4 threads)  73%|█████████████████████▉        |  ETA: 0:53:16
Sampling (4 threads)  74%|██████████████████████        |  ETA: 0:52:37
Sampling (4 threads)  74%|██████████████████████▎       |  ETA: 0:51:47
Sampling (4 threads)  74%|██████████████████████▍       |  ETA: 0:50:46
Sampling (4 threads)  75%|██████████████████████▌       |  ETA: 0:49:53
Sampling (4 threads)  76%|██████████████████████▋       |  ETA: 0:48:55
Sampling (4 threads)  76%|██████████████████████▊       |  ETA: 0:48:13
Sampling (4 threads)  76%|███████████████████████       |  ETA: 0:47:18
Sampling (4 threads)  77%|███████████████████████▏      |  ETA: 0:46:27
Sampling (4 threads)  78%|███████████████████████▎      |  ETA: 0:45:25
Sampling (4 threads)  78%|███████████████████████▍      |  ETA: 0:44:20
Sampling (4 threads)  78%|███████████████████████▌      |  ETA: 0:43:25
Sampling (4 threads)  79%|███████████████████████▊      |  ETA: 0:42:41
Sampling (4 threads)  80%|███████████████████████▉      |  ETA: 0:41:39
Sampling (4 threads)  80%|████████████████████████      |  ETA: 0:40:44
Sampling (4 threads)  80%|████████████████████████▏     |  ETA: 0:39:50
Sampling (4 threads)  81%|████████████████████████▎     |  ETA: 0:38:41
Sampling (4 threads)  82%|████████████████████████▌     |  ETA: 0:37:57
Sampling (4 threads)  82%|████████████████████████▋     |  ETA: 0:37:04
Sampling (4 threads)  82%|████████████████████████▊     |  ETA: 0:35:54
Sampling (4 threads)  83%|████████████████████████▉     |  ETA: 0:35:08
Sampling (4 threads)  84%|█████████████████████████     |  ETA: 0:34:04
Sampling (4 threads)  84%|█████████████████████████▎    |  ETA: 0:33:07
Sampling (4 threads)  84%|█████████████████████████▍    |  ETA: 0:32:17
Sampling (4 threads)  85%|█████████████████████████▌    |  ETA: 0:31:13
Sampling (4 threads)  86%|█████████████████████████▋    |  ETA: 0:30:22
Sampling (4 threads)  86%|█████████████████████████▊    |  ETA: 0:29:17
Sampling (4 threads)  86%|██████████████████████████    |  ETA: 0:28:20
Sampling (4 threads)  87%|██████████████████████████▏   |  ETA: 0:27:14
Sampling (4 threads)  88%|██████████████████████████▎   |  ETA: 0:26:22
Sampling (4 threads)  88%|██████████████████████████▍   |  ETA: 0:25:23
Sampling (4 threads)  88%|██████████████████████████▌   |  ETA: 0:24:18
Sampling (4 threads)  89%|██████████████████████████▊   |  ETA: 0:23:18
Sampling (4 threads)  90%|██████████████████████████▉   |  ETA: 0:22:20
Sampling (4 threads)  90%|███████████████████████████   |  ETA: 0:21:17
Sampling (4 threads)  90%|███████████████████████████▏  |  ETA: 0:20:12
Sampling (4 threads)  91%|███████████████████████████▎  |  ETA: 0:19:09
Sampling (4 threads)  92%|███████████████████████████▌  |  ETA: 0:18:03
Sampling (4 threads)  92%|███████████████████████████▋  |  ETA: 0:17:00
Sampling (4 threads)  92%|███████████████████████████▊  |  ETA: 0:16:00
Sampling (4 threads)  93%|███████████████████████████▉  |  ETA: 0:14:53
Sampling (4 threads)  94%|████████████████████████████  |  ETA: 0:13:53
Sampling (4 threads)  94%|████████████████████████████▎ |  ETA: 0:12:50
Sampling (4 threads)  94%|████████████████████████████▍ |  ETA: 0:11:46
Sampling (4 threads)  95%|████████████████████████████▌ |  ETA: 0:10:42
Sampling (4 threads)  96%|████████████████████████████▋ |  ETA: 0:09:40
Sampling (4 threads)  96%|████████████████████████████▊ |  ETA: 0:08:35
Sampling (4 threads)  96%|█████████████████████████████ |  ETA: 0:07:31
Sampling (4 threads)  97%|█████████████████████████████▏|  ETA: 0:06:28
Sampling (4 threads)  98%|█████████████████████████████▎|  ETA: 0:05:24
Sampling (4 threads)  98%|█████████████████████████████▍|  ETA: 0:04:19
Sampling (4 threads)  98%|█████████████████████████████▌|  ETA: 0:03:15
Sampling (4 threads)  99%|█████████████████████████████▊|  ETA: 0:02:11
Sampling (4 threads) 100%|█████████████████████████████▉|  ETA: 0:01:06
Sampling (4 threads) 100%|██████████████████████████████| Time: 3:40:29
Sampling (4 threads) 100%|██████████████████████████████| Time: 3:40:30
┌ Warning: Runtime invalidation was disabled, but the CPU info is out-of-date.
│ Will continue with incorrect CPU name (from build time).
└ @ HostCPUFeatures ~/.julia/packages/HostCPUFeatures/ZTXz4/src/cpu_info.jl:71
┌ Warning: Runtime invalidation was disabled, but the CPU info is out-of-date.
│ Will continue with incorrect CPU feature flag: +avx512vnni.
└ @ HostCPUFeatures ~/.julia/packages/HostCPUFeatures/ZTXz4/src/cpu_info.jl:56
┌ Warning: Runtime invalidation was disabled, but the CPU info is out-of-date.
│ Will continue with incorrect CPU feature flag: -rtm.
└ @ HostCPUFeatures ~/.julia/packages/HostCPUFeatures/ZTXz4/src/cpu_info.jl:56
Sampling (4 threads)   0%|                              |  ETA: N/A
┌ Info: Found initial step size
└   ϵ = 0.0015625
┌ Info: Found initial step size
└   ϵ = 0.00078125
┌ Info: Found initial step size
└   ϵ = 0.00625
┌ Info: Found initial step size
└   ϵ = 0.0015625
Sampling (4 threads)   0%|▏                             |  ETA: 3:22:52
Sampling (4 threads)   1%|▎                             |  ETA: 1:41:01
Sampling (4 threads)   2%|▌                             |  ETA: 3:05:09
Sampling (4 threads)   2%|▋                             |  ETA: 2:18:09
Sampling (4 threads)   2%|▊                             |  ETA: 2:39:03
Sampling (4 threads)   3%|▉                             |  ETA: 2:11:51
Sampling (4 threads)   4%|█                             |  ETA: 3:02:45
Sampling (4 threads)   4%|█▎                            |  ETA: 2:39:04
Sampling (4 threads)   4%|█▍                            |  ETA: 2:20:40
Sampling (4 threads)   5%|█▌                            |  ETA: 2:05:56
Sampling (4 threads)   6%|█▋                            |  ETA: 2:44:32
Sampling (4 threads)   6%|█▊                            |  ETA: 2:30:01
Sampling (4 threads)   6%|██                            |  ETA: 2:17:44
Sampling (4 threads)   7%|██▏                           |  ETA: 3:02:03
Sampling (4 threads)   8%|██▎                           |  ETA: 2:49:00
Sampling (4 threads)   8%|██▍                           |  ETA: 2:37:35
Sampling (4 threads)   8%|██▌                           |  ETA: 3:14:54
Sampling (4 threads)   9%|██▊                           |  ETA: 3:03:04
Sampling (4 threads)  10%|██▉                           |  ETA: 3:40:47
Sampling (4 threads)  10%|███                           |  ETA: 3:28:35
Sampling (4 threads)  10%|███▏                          |  ETA: 3:17:33
Sampling (4 threads)  11%|███▎                          |  ETA: 3:43:17
Sampling (4 threads)  12%|███▌                          |  ETA: 3:32:23
Sampling (4 threads)  12%|███▋                          |  ETA: 3:22:23
Sampling (4 threads)  12%|███▊                          |  ETA: 3:36:46
Sampling (4 threads)  13%|███▉                          |  ETA: 3:27:14
Sampling (4 threads)  14%|████                          |  ETA: 3:18:25
Sampling (4 threads)  14%|████▎                         |  ETA: 3:33:47
Sampling (4 threads)  14%|████▍                         |  ETA: 3:25:13
Sampling (4 threads)  15%|████▌                         |  ETA: 3:17:13
Sampling (4 threads)  16%|████▋                         |  ETA: 3:24:52
Sampling (4 threads)  16%|████▊                         |  ETA: 3:17:18
Sampling (4 threads)  16%|█████                         |  ETA: 3:10:10
Sampling (4 threads)  17%|█████▏                        |  ETA: 3:10:26
Sampling (4 threads)  18%|█████▎                        |  ETA: 3:03:53
Sampling (4 threads)  18%|█████▍                        |  ETA: 2:57:41
Sampling (4 threads)  18%|█████▌                        |  ETA: 3:01:52
Sampling (4 threads)  19%|█████▊                        |  ETA: 2:56:00
Sampling (4 threads)  20%|█████▉                        |  ETA: 2:57:06
Sampling (4 threads)  20%|██████                        |  ETA: 2:51:36
Sampling (4 threads)  20%|██████▏                       |  ETA: 2:56:20
Sampling (4 threads)  21%|██████▎                       |  ETA: 2:51:03
Sampling (4 threads)  22%|██████▌                       |  ETA: 2:46:01
Sampling (4 threads)  22%|██████▋                       |  ETA: 2:49:27
Sampling (4 threads)  22%|██████▊                       |  ETA: 2:44:38
Sampling (4 threads)  23%|██████▉                       |  ETA: 2:40:01
Sampling (4 threads)  24%|███████                       |  ETA: 2:35:35
Sampling (4 threads)  24%|███████▎                      |  ETA: 2:36:22
Sampling (4 threads)  24%|███████▍                      |  ETA: 2:32:10
Sampling (4 threads)  25%|███████▌                      |  ETA: 2:33:26
Sampling (4 threads)  26%|███████▋                      |  ETA: 2:29:25
Sampling (4 threads)  26%|███████▊                      |  ETA: 2:30:35
Sampling (4 threads)  26%|████████                      |  ETA: 2:26:45
Sampling (4 threads)  27%|████████▏                     |  ETA: 2:23:03
Sampling (4 threads)  28%|████████▎                     |  ETA: 2:23:47
Sampling (4 threads)  28%|████████▍                     |  ETA: 2:20:15
Sampling (4 threads)  28%|████████▌                     |  ETA: 2:23:25
Sampling (4 threads)  29%|████████▊                     |  ETA: 2:19:57
Sampling (4 threads)  30%|████████▉                     |  ETA: 2:16:37
Sampling (4 threads)  30%|█████████                     |  ETA: 2:18:11
Sampling (4 threads)  30%|█████████▏                    |  ETA: 2:14:57
Sampling (4 threads)  31%|█████████▎                    |  ETA: 2:11:49
Sampling (4 threads)  32%|█████████▌                    |  ETA: 2:12:42
Sampling (4 threads)  32%|█████████▋                    |  ETA: 2:09:40
Sampling (4 threads)  32%|█████████▊                    |  ETA: 2:09:41
Sampling (4 threads)  33%|█████████▉                    |  ETA: 2:06:47
Sampling (4 threads)  34%|██████████                    |  ETA: 2:08:08
Sampling (4 threads)  34%|██████████▎                   |  ETA: 2:05:18
Sampling (4 threads)  34%|██████████▍                   |  ETA: 2:02:33
Sampling (4 threads)  35%|██████████▌                   |  ETA: 2:01:45
Sampling (4 threads)  36%|██████████▋                   |  ETA: 1:59:07
Sampling (4 threads)  36%|██████████▊                   |  ETA: 1:58:46
Sampling (4 threads)  36%|███████████                   |  ETA: 1:56:14
Sampling (4 threads)  37%|███████████▏                  |  ETA: 1:57:46
Sampling (4 threads)  38%|███████████▎                  |  ETA: 1:55:16
Sampling (4 threads)  38%|███████████▍                  |  ETA: 1:55:38
Sampling (4 threads)  38%|███████████▌                  |  ETA: 1:53:12
Sampling (4 threads)  39%|███████████▊                  |  ETA: 1:50:51
Sampling (4 threads)  40%|███████████▉                  |  ETA: 1:50:31
Sampling (4 threads)  40%|████████████                  |  ETA: 1:48:14
Sampling (4 threads)  40%|████████████▏                 |  ETA: 1:48:05
Sampling (4 threads)  41%|████████████▎                 |  ETA: 1:45:52
Sampling (4 threads)  42%|████████████▌                 |  ETA: 1:47:01
Sampling (4 threads)  42%|████████████▋                 |  ETA: 1:44:50
Sampling (4 threads)  42%|████████████▊                 |  ETA: 1:42:43
Sampling (4 threads)  43%|████████████▉                 |  ETA: 1:43:20
Sampling (4 threads)  44%|█████████████                 |  ETA: 1:41:15
Sampling (4 threads)  44%|█████████████▎                |  ETA: 1:39:13
Sampling (4 threads)  44%|█████████████▍                |  ETA: 1:37:13
Sampling (4 threads)  45%|█████████████▌                |  ETA: 1:38:29
Sampling (4 threads)  46%|█████████████▋                |  ETA: 1:36:31
Sampling (4 threads)  46%|█████████████▊                |  ETA: 1:36:25
Sampling (4 threads)  46%|██████████████                |  ETA: 1:34:30
Sampling (4 threads)  47%|██████████████▏               |  ETA: 1:32:37
Sampling (4 threads)  48%|██████████████▎               |  ETA: 1:32:20
Sampling (4 threads)  48%|██████████████▍               |  ETA: 1:30:30
Sampling (4 threads)  48%|██████████████▌               |  ETA: 1:31:08
Sampling (4 threads)  49%|██████████████▊               |  ETA: 1:29:19
Sampling (4 threads)  50%|██████████████▉               |  ETA: 1:27:33
Sampling (4 threads)  50%|███████████████               |  ETA: 1:28:47
Sampling (4 threads)  50%|███████████████▏              |  ETA: 1:27:02
Sampling (4 threads)  51%|███████████████▎              |  ETA: 1:25:18
Sampling (4 threads)  52%|███████████████▌              |  ETA: 1:25:15
Sampling (4 threads)  52%|███████████████▋              |  ETA: 1:23:34
Sampling (4 threads)  52%|███████████████▊              |  ETA: 1:21:54
Sampling (4 threads)  53%|███████████████▉              |  ETA: 1:22:48
Sampling (4 threads)  54%|████████████████              |  ETA: 1:21:09
Sampling (4 threads)  54%|████████████████▎             |  ETA: 1:19:32
Sampling (4 threads)  55%|████████████████▍             |  ETA: 1:19:30
Sampling (4 threads)  55%|████████████████▌             |  ETA: 1:17:54
Sampling (4 threads)  56%|████████████████▋             |  ETA: 1:16:21
Sampling (4 threads)  56%|████████████████▊             |  ETA: 1:17:02
Sampling (4 threads)  56%|█████████████████             |  ETA: 1:15:29
Sampling (4 threads)  57%|█████████████████▏            |  ETA: 1:13:57
Sampling (4 threads)  57%|█████████████████▎            |  ETA: 1:14:22
Sampling (4 threads)  58%|█████████████████▍            |  ETA: 1:12:52
Sampling (4 threads)  58%|█████████████████▌            |  ETA: 1:11:23
Sampling (4 threads)  59%|█████████████████▊            |  ETA: 1:09:55
Sampling (4 threads)  60%|█████████████████▉            |  ETA: 1:10:33
Sampling (4 threads)  60%|██████████████████            |  ETA: 1:09:06
Sampling (4 threads)  60%|██████████████████▏           |  ETA: 1:07:40
Sampling (4 threads)  61%|██████████████████▎           |  ETA: 1:07:22
Sampling (4 threads)  62%|██████████████████▌           |  ETA: 1:05:58
Sampling (4 threads)  62%|██████████████████▋           |  ETA: 1:05:53
Sampling (4 threads)  62%|██████████████████▊           |  ETA: 1:04:29
Sampling (4 threads)  63%|██████████████████▉           |  ETA: 1:03:08
Sampling (4 threads)  64%|███████████████████           |  ETA: 1:03:32
Sampling (4 threads)  64%|███████████████████▎          |  ETA: 1:02:10
Sampling (4 threads)  64%|███████████████████▍          |  ETA: 1:00:50
Sampling (4 threads)  65%|███████████████████▌          |  ETA: 0:59:31
Sampling (4 threads)  66%|███████████████████▋          |  ETA: 0:59:11
Sampling (4 threads)  66%|███████████████████▊          |  ETA: 0:57:53
Sampling (4 threads)  66%|████████████████████          |  ETA: 0:57:51
Sampling (4 threads)  67%|████████████████████▏         |  ETA: 0:56:33
Sampling (4 threads)  68%|████████████████████▎         |  ETA: 0:55:17
Sampling (4 threads)  68%|████████████████████▍         |  ETA: 0:54:02
Sampling (4 threads)  68%|████████████████████▌         |  ETA: 0:54:10
Sampling (4 threads)  69%|████████████████████▊         |  ETA: 0:52:56
Sampling (4 threads)  70%|████████████████████▉         |  ETA: 0:51:42
Sampling (4 threads)  70%|█████████████████████         |  ETA: 0:51:53
Sampling (4 threads)  70%|█████████████████████▏        |  ETA: 0:50:40
Sampling (4 threads)  71%|█████████████████████▎        |  ETA: 0:49:27
Sampling (4 threads)  72%|█████████████████████▌        |  ETA: 0:48:16
Sampling (4 threads)  72%|█████████████████████▋        |  ETA: 0:47:48
Sampling (4 threads)  72%|█████████████████████▊        |  ETA: 0:46:38
Sampling (4 threads)  73%|█████████████████████▉        |  ETA: 0:45:59
Sampling (4 threads)  74%|██████████████████████        |  ETA: 0:44:49
Sampling (4 threads)  74%|██████████████████████▎       |  ETA: 0:43:41
Sampling (4 threads)  74%|██████████████████████▍       |  ETA: 0:43:29
Sampling (4 threads)  75%|██████████████████████▌       |  ETA: 0:42:20
Sampling (4 threads)  76%|██████████████████████▋       |  ETA: 0:41:13
Sampling (4 threads)  76%|██████████████████████▊       |  ETA: 0:41:04
Sampling (4 threads)  76%|███████████████████████       |  ETA: 0:39:57
Sampling (4 threads)  77%|███████████████████████▏      |  ETA: 0:38:51
Sampling (4 threads)  78%|███████████████████████▎      |  ETA: 0:37:54
Sampling (4 threads)  78%|███████████████████████▍      |  ETA: 0:37:12
Sampling (4 threads)  78%|███████████████████████▌      |  ETA: 0:36:25
Sampling (4 threads)  79%|███████████████████████▊      |  ETA: 0:35:28
Sampling (4 threads)  80%|███████████████████████▉      |  ETA: 0:34:37
Sampling (4 threads)  80%|████████████████████████      |  ETA: 0:33:50
Sampling (4 threads)  80%|████████████████████████▏     |  ETA: 0:32:56
Sampling (4 threads)  81%|████████████████████████▎     |  ETA: 0:32:21
Sampling (4 threads)  82%|████████████████████████▌     |  ETA: 0:31:41
Sampling (4 threads)  82%|████████████████████████▋     |  ETA: 0:30:58
Sampling (4 threads)  82%|████████████████████████▊     |  ETA: 0:30:19
Sampling (4 threads)  83%|████████████████████████▉     |  ETA: 0:29:32
Sampling (4 threads)  84%|█████████████████████████     |  ETA: 0:29:01
Sampling (4 threads)  84%|█████████████████████████▎    |  ETA: 0:28:14
Sampling (4 threads)  84%|█████████████████████████▍    |  ETA: 0:27:28
Sampling (4 threads)  85%|█████████████████████████▌    |  ETA: 0:26:48
Sampling (4 threads)  86%|█████████████████████████▋    |  ETA: 0:26:03
Sampling (4 threads)  86%|█████████████████████████▊    |  ETA: 0:25:18
Sampling (4 threads)  86%|██████████████████████████    |  ETA: 0:24:33
Sampling (4 threads)  87%|██████████████████████████▏   |  ETA: 0:23:52
Sampling (4 threads)  88%|██████████████████████████▎   |  ETA: 0:23:00
Sampling (4 threads)  88%|██████████████████████████▍   |  ETA: 0:22:08
Sampling (4 threads)  88%|██████████████████████████▌   |  ETA: 0:21:18
Sampling (4 threads)  89%|██████████████████████████▊   |  ETA: 0:20:33
Sampling (4 threads)  90%|██████████████████████████▉   |  ETA: 0:19:42
Sampling (4 threads)  90%|███████████████████████████   |  ETA: 0:18:47
Sampling (4 threads)  90%|███████████████████████████▏  |  ETA: 0:17:54
Sampling (4 threads)  91%|███████████████████████████▎  |  ETA: 0:17:00
Sampling (4 threads)  92%|███████████████████████████▌  |  ETA: 0:16:06
Sampling (4 threads)  92%|███████████████████████████▋  |  ETA: 0:15:15
Sampling (4 threads)  92%|███████████████████████████▊  |  ETA: 0:14:19
Sampling (4 threads)  93%|███████████████████████████▉  |  ETA: 0:13:28
Sampling (4 threads)  94%|████████████████████████████  |  ETA: 0:12:35
Sampling (4 threads)  94%|████████████████████████████▎ |  ETA: 0:11:42
Sampling (4 threads)  94%|████████████████████████████▍ |  ETA: 0:10:59
Sampling (4 threads)  95%|████████████████████████████▌ |  ETA: 0:10:09
Sampling (4 threads)  96%|████████████████████████████▋ |  ETA: 0:09:16
Sampling (4 threads)  96%|████████████████████████████▊ |  ETA: 0:08:20
Sampling (4 threads)  96%|█████████████████████████████ |  ETA: 0:07:23
Sampling (4 threads)  97%|█████████████████████████████▏|  ETA: 0:06:24
Sampling (4 threads)  98%|█████████████████████████████▎|  ETA: 0:05:24
Sampling (4 threads)  98%|█████████████████████████████▍|  ETA: 0:04:23
Sampling (4 threads)  98%|█████████████████████████████▌|  ETA: 0:03:18
Sampling (4 threads)  99%|█████████████████████████████▊|  ETA: 0:02:14
Sampling (4 threads) 100%|█████████████████████████████▉|  ETA: 0:01:08
Sampling (4 threads) 100%|██████████████████████████████| Time: 3:47:25
Sampling (4 threads) 100%|██████████████████████████████| Time: 3:47:26
┌ Warning: Runtime invalidation was disabled, but the CPU info is out-of-date.
│ Will continue with incorrect CPU name (from build time).
└ @ HostCPUFeatures ~/.julia/packages/HostCPUFeatures/ZTXz4/src/cpu_info.jl:71
┌ Warning: Runtime invalidation was disabled, but the CPU info is out-of-date.
│ Will continue with incorrect CPU feature flag: +avx512vnni.
└ @ HostCPUFeatures ~/.julia/packages/HostCPUFeatures/ZTXz4/src/cpu_info.jl:56
┌ Warning: Runtime invalidation was disabled, but the CPU info is out-of-date.
│ Will continue with incorrect CPU feature flag: -rtm.
└ @ HostCPUFeatures ~/.julia/packages/HostCPUFeatures/ZTXz4/src/cpu_info.jl:56
Sampling (4 threads)   0%|                              |  ETA: N/A
┌ Info: Found initial step size
└   ϵ = 0.000390625
┌ Info: Found initial step size
└   ϵ = 0.00625
┌ Info: Found initial step size
└   ϵ = 0.00078125
┌ Info: Found initial step size
└   ϵ = 0.00625
Sampling (4 threads)   0%|▏                             |  ETA: 3:40:20
Sampling (4 threads)   1%|▎                             |  ETA: 1:49:41
Sampling (4 threads)   2%|▌                             |  ETA: 1:12:45
Sampling (4 threads)   2%|▋                             |  ETA: 2:19:25
Sampling (4 threads)   2%|▊                             |  ETA: 1:50:58
Sampling (4 threads)   3%|▉                             |  ETA: 3:27:12
Sampling (4 threads)   4%|█                             |  ETA: 2:56:41
Sampling (4 threads)   4%|█▎                            |  ETA: 2:33:48
Sampling (4 threads)   4%|█▍                            |  ETA: 3:58:06
Sampling (4 threads)   5%|█▌                            |  ETA: 3:33:10
Sampling (4 threads)   6%|█▋                            |  ETA: 3:12:46
Sampling (4 threads)   6%|█▊                            |  ETA: 4:02:42
Sampling (4 threads)   6%|██                            |  ETA: 3:42:51
Sampling (4 threads)   7%|██▏                           |  ETA: 3:25:49
Sampling (4 threads)   8%|██▎                           |  ETA: 3:47:23
Sampling (4 threads)   8%|██▍                           |  ETA: 3:32:01
Sampling (4 threads)   8%|██▌                           |  ETA: 3:48:19
Sampling (4 threads)   9%|██▊                           |  ETA: 3:34:28
Sampling (4 threads)  10%|██▉                           |  ETA: 4:04:10
Sampling (4 threads)  10%|███                           |  ETA: 3:50:41
Sampling (4 threads)  10%|███▏                          |  ETA: 3:38:28
Sampling (4 threads)  11%|███▎                          |  ETA: 4:00:12
Sampling (4 threads)  12%|███▌                          |  ETA: 3:48:27
Sampling (4 threads)  12%|███▋                          |  ETA: 3:37:42
Sampling (4 threads)  12%|███▊                          |  ETA: 3:59:40
Sampling (4 threads)  13%|███▉                          |  ETA: 3:49:08
Sampling (4 threads)  14%|████                          |  ETA: 3:39:23
Sampling (4 threads)  14%|████▎                         |  ETA: 3:30:20
Sampling (4 threads)  14%|████▍                         |  ETA: 3:40:30
Sampling (4 threads)  15%|████▌                         |  ETA: 3:31:54
Sampling (4 threads)  16%|████▋                         |  ETA: 3:23:52
Sampling (4 threads)  16%|████▊                         |  ETA: 3:38:52
Sampling (4 threads)  16%|█████                         |  ETA: 3:30:58
Sampling (4 threads)  17%|█████▏                        |  ETA: 3:23:32
Sampling (4 threads)  18%|█████▎                        |  ETA: 3:39:08
Sampling (4 threads)  18%|█████▍                        |  ETA: 3:31:45
Sampling (4 threads)  18%|█████▌                        |  ETA: 3:24:46
Sampling (4 threads)  19%|█████▊                        |  ETA: 3:31:07
Sampling (4 threads)  20%|█████▉                        |  ETA: 3:24:26
Sampling (4 threads)  20%|██████                        |  ETA: 3:18:05
Sampling (4 threads)  20%|██████▏                       |  ETA: 3:26:35
Sampling (4 threads)  21%|██████▎                       |  ETA: 3:20:24
Sampling (4 threads)  22%|██████▌                       |  ETA: 3:30:17
Sampling (4 threads)  22%|██████▋                       |  ETA: 3:24:12
Sampling (4 threads)  22%|██████▊                       |  ETA: 3:18:23
Sampling (4 threads)  23%|██████▉                       |  ETA: 3:12:49
Sampling (4 threads)  24%|███████                       |  ETA: 3:17:30
Sampling (4 threads)  24%|███████▎                      |  ETA: 3:12:07
Sampling (4 threads)  24%|███████▍                      |  ETA: 3:21:30
Sampling (4 threads)  25%|███████▌                      |  ETA: 3:16:10
Sampling (4 threads)  26%|███████▋                      |  ETA: 3:11:02
Sampling (4 threads)  26%|███████▊                      |  ETA: 3:12:52
Sampling (4 threads)  26%|████████                      |  ETA: 3:07:57
Sampling (4 threads)  27%|████████▏                     |  ETA: 3:13:30
Sampling (4 threads)  28%|████████▎                     |  ETA: 3:08:41
Sampling (4 threads)  28%|████████▍                     |  ETA: 3:17:27
Sampling (4 threads)  28%|████████▌                     |  ETA: 3:12:39
Sampling (4 threads)  29%|████████▊                     |  ETA: 3:08:00
Sampling (4 threads)  30%|████████▉                     |  ETA: 3:03:31
Sampling (4 threads)  30%|█████████                     |  ETA: 3:05:35
Sampling (4 threads)  30%|█████████▏                    |  ETA: 3:01:14
Sampling (4 threads)  31%|█████████▎                    |  ETA: 3:03:25
Sampling (4 threads)  32%|█████████▌                    |  ETA: 2:59:12
Sampling (4 threads)  32%|█████████▋                    |  ETA: 3:03:42
Sampling (4 threads)  32%|█████████▊                    |  ETA: 2:59:33
Sampling (4 threads)  33%|█████████▉                    |  ETA: 2:55:31
Sampling (4 threads)  34%|██████████                    |  ETA: 3:02:34
Sampling (4 threads)  34%|██████████▎                   |  ETA: 2:58:31
Sampling (4 threads)  34%|██████████▍                   |  ETA: 2:54:36
Sampling (4 threads)  35%|██████████▌                   |  ETA: 2:56:32
Sampling (4 threads)  36%|██████████▋                   |  ETA: 2:52:42
Sampling (4 threads)  36%|██████████▊                   |  ETA: 2:48:59
Sampling (4 threads)  36%|███████████                   |  ETA: 2:49:13
Sampling (4 threads)  37%|███████████▏                  |  ETA: 2:45:37
Sampling (4 threads)  38%|███████████▎                  |  ETA: 2:45:43
Sampling (4 threads)  38%|███████████▍                  |  ETA: 2:42:13
Sampling (4 threads)  38%|███████████▌                  |  ETA: 2:41:08
Sampling (4 threads)  39%|███████████▊                  |  ETA: 2:37:47
Sampling (4 threads)  40%|███████████▉                  |  ETA: 2:37:36
Sampling (4 threads)  40%|████████████                  |  ETA: 2:34:21
Sampling (4 threads)  40%|████████████▏                 |  ETA: 2:31:10
Sampling (4 threads)  41%|████████████▎                 |  ETA: 2:29:30
Sampling (4 threads)  42%|████████████▌                 |  ETA: 2:26:27
Sampling (4 threads)  42%|████████████▋                 |  ETA: 2:27:25
Sampling (4 threads)  42%|████████████▊                 |  ETA: 2:24:25
Sampling (4 threads)  43%|████████████▉                 |  ETA: 2:23:04
Sampling (4 threads)  44%|█████████████                 |  ETA: 2:20:11
Sampling (4 threads)  44%|█████████████▎                |  ETA: 2:19:13
Sampling (4 threads)  44%|█████████████▍                |  ETA: 2:16:26
Sampling (4 threads)  45%|█████████████▌                |  ETA: 2:16:19
Sampling (4 threads)  46%|█████████████▋                |  ETA: 2:13:36
Sampling (4 threads)  46%|█████████████▊                |  ETA: 2:10:56
Sampling (4 threads)  46%|██████████████                |  ETA: 2:11:43
Sampling (4 threads)  47%|██████████████▏               |  ETA: 2:09:05
Sampling (4 threads)  48%|██████████████▎               |  ETA: 2:06:32
Sampling (4 threads)  48%|██████████████▍               |  ETA: 2:07:07
Sampling (4 threads)  48%|██████████████▌               |  ETA: 2:04:36
Sampling (4 threads)  49%|██████████████▊               |  ETA: 2:02:08
Sampling (4 threads)  50%|██████████████▉               |  ETA: 2:02:54
Sampling (4 threads)  50%|███████████████               |  ETA: 2:00:28
Sampling (4 threads)  50%|███████████████▏              |  ETA: 1:58:05
Sampling (4 threads)  51%|███████████████▎              |  ETA: 1:58:00
Sampling (4 threads)  52%|███████████████▌              |  ETA: 1:55:40
Sampling (4 threads)  52%|███████████████▋              |  ETA: 1:55:05
Sampling (4 threads)  52%|███████████████▊              |  ETA: 1:52:48
Sampling (4 threads)  53%|███████████████▉              |  ETA: 1:50:34
Sampling (4 threads)  54%|████████████████              |  ETA: 1:48:22
Sampling (4 threads)  54%|████████████████▎             |  ETA: 1:48:41
Sampling (4 threads)  55%|████████████████▍             |  ETA: 1:46:31
Sampling (4 threads)  55%|████████████████▌             |  ETA: 1:44:23
Sampling (4 threads)  56%|████████████████▋             |  ETA: 1:45:11
Sampling (4 threads)  56%|████████████████▊             |  ETA: 1:43:05
Sampling (4 threads)  56%|█████████████████             |  ETA: 1:41:00
Sampling (4 threads)  57%|█████████████████▏            |  ETA: 1:40:37
Sampling (4 threads)  57%|█████████████████▎            |  ETA: 1:38:35
Sampling (4 threads)  58%|█████████████████▍            |  ETA: 1:37:46
Sampling (4 threads)  58%|█████████████████▌            |  ETA: 1:35:47
Sampling (4 threads)  59%|█████████████████▊            |  ETA: 1:33:49
Sampling (4 threads)  60%|█████████████████▉            |  ETA: 1:33:25
Sampling (4 threads)  60%|██████████████████            |  ETA: 1:31:30
Sampling (4 threads)  60%|██████████████████▏           |  ETA: 1:30:51
Sampling (4 threads)  61%|██████████████████▎           |  ETA: 1:28:58
Sampling (4 threads)  62%|██████████████████▌           |  ETA: 1:28:38
Sampling (4 threads)  62%|██████████████████▋           |  ETA: 1:26:46
Sampling (4 threads)  62%|██████████████████▊           |  ETA: 1:24:57
Sampling (4 threads)  63%|██████████████████▉           |  ETA: 1:24:23
Sampling (4 threads)  64%|███████████████████           |  ETA: 1:22:35
Sampling (4 threads)  64%|███████████████████▎          |  ETA: 1:21:50
Sampling (4 threads)  64%|███████████████████▍          |  ETA: 1:20:04
Sampling (4 threads)  65%|███████████████████▌          |  ETA: 1:19:19
Sampling (4 threads)  66%|███████████████████▋          |  ETA: 1:17:35
Sampling (4 threads)  66%|███████████████████▊          |  ETA: 1:15:53
Sampling (4 threads)  66%|████████████████████          |  ETA: 1:15:41
Sampling (4 threads)  67%|████████████████████▏         |  ETA: 1:14:00
Sampling (4 threads)  68%|████████████████████▎         |  ETA: 1:12:20
Sampling (4 threads)  68%|████████████████████▍         |  ETA: 1:11:59
Sampling (4 threads)  68%|████████████████████▌         |  ETA: 1:10:20
Sampling (4 threads)  69%|████████████████████▊         |  ETA: 1:08:43
Sampling (4 threads)  70%|████████████████████▉         |  ETA: 1:08:44
Sampling (4 threads)  70%|█████████████████████         |  ETA: 1:07:07
Sampling (4 threads)  70%|█████████████████████▏        |  ETA: 1:05:32
Sampling (4 threads)  71%|█████████████████████▎        |  ETA: 1:05:05
Sampling (4 threads)  72%|█████████████████████▌        |  ETA: 1:03:31
Sampling (4 threads)  72%|█████████████████████▋        |  ETA: 1:01:58
Sampling (4 threads)  72%|█████████████████████▊        |  ETA: 1:00:26
Sampling (4 threads)  73%|█████████████████████▉        |  ETA: 1:00:36
Sampling (4 threads)  74%|██████████████████████        |  ETA: 0:59:05
Sampling (4 threads)  74%|██████████████████████▎       |  ETA: 0:57:34
Sampling (4 threads)  74%|██████████████████████▍       |  ETA: 0:56:31
Sampling (4 threads)  75%|██████████████████████▌       |  ETA: 0:55:34
Sampling (4 threads)  76%|██████████████████████▋       |  ETA: 0:54:27
Sampling (4 threads)  76%|██████████████████████▊       |  ETA: 0:53:30
Sampling (4 threads)  76%|███████████████████████       |  ETA: 0:52:25
Sampling (4 threads)  77%|███████████████████████▏      |  ETA: 0:51:33
Sampling (4 threads)  78%|███████████████████████▎      |  ETA: 0:50:21
Sampling (4 threads)  78%|███████████████████████▍      |  ETA: 0:49:06
Sampling (4 threads)  78%|███████████████████████▌      |  ETA: 0:48:27
Sampling (4 threads)  79%|███████████████████████▊      |  ETA: 0:47:17
Sampling (4 threads)  80%|███████████████████████▉      |  ETA: 0:46:33
Sampling (4 threads)  80%|████████████████████████      |  ETA: 0:45:32
Sampling (4 threads)  80%|████████████████████████▏     |  ETA: 0:44:32
Sampling (4 threads)  81%|████████████████████████▎     |  ETA: 0:43:24
Sampling (4 threads)  82%|████████████████████████▌     |  ETA: 0:42:18
Sampling (4 threads)  82%|████████████████████████▋     |  ETA: 0:41:19
Sampling (4 threads)  82%|████████████████████████▊     |  ETA: 0:40:00
Sampling (4 threads)  83%|████████████████████████▉     |  ETA: 0:39:04
Sampling (4 threads)  84%|█████████████████████████     |  ETA: 0:37:44
Sampling (4 threads)  84%|█████████████████████████▎    |  ETA: 0:36:44
Sampling (4 threads)  84%|█████████████████████████▍    |  ETA: 0:35:37
Sampling (4 threads)  85%|█████████████████████████▌    |  ETA: 0:34:41
Sampling (4 threads)  86%|█████████████████████████▋    |  ETA: 0:33:45
Sampling (4 threads)  86%|█████████████████████████▊    |  ETA: 0:32:30
Sampling (4 threads)  86%|██████████████████████████    |  ETA: 0:31:26
Sampling (4 threads)  87%|██████████████████████████▏   |  ETA: 0:30:21
Sampling (4 threads)  88%|██████████████████████████▎   |  ETA: 0:29:16
Sampling (4 threads)  88%|██████████████████████████▍   |  ETA: 0:28:08
Sampling (4 threads)  88%|██████████████████████████▌   |  ETA: 0:26:54
Sampling (4 threads)  89%|██████████████████████████▊   |  ETA: 0:25:48
Sampling (4 threads)  90%|██████████████████████████▉   |  ETA: 0:24:43
Sampling (4 threads)  90%|███████████████████████████   |  ETA: 0:23:37
Sampling (4 threads)  90%|███████████████████████████▏  |  ETA: 0:22:29
Sampling (4 threads)  91%|███████████████████████████▎  |  ETA: 0:21:20
Sampling (4 threads)  92%|███████████████████████████▌  |  ETA: 0:20:10
Sampling (4 threads)  92%|███████████████████████████▋  |  ETA: 0:19:01
Sampling (4 threads)  92%|███████████████████████████▊  |  ETA: 0:17:48
Sampling (4 threads)  93%|███████████████████████████▉  |  ETA: 0:16:39
Sampling (4 threads)  94%|████████████████████████████  |  ETA: 0:15:27
Sampling (4 threads)  94%|████████████████████████████▎ |  ETA: 0:14:18
Sampling (4 threads)  94%|████████████████████████████▍ |  ETA: 0:13:12
Sampling (4 threads)  95%|████████████████████████████▌ |  ETA: 0:12:00
Sampling (4 threads)  96%|████████████████████████████▋ |  ETA: 0:10:54
Sampling (4 threads)  96%|████████████████████████████▊ |  ETA: 0:09:40
Sampling (4 threads)  96%|█████████████████████████████ |  ETA: 0:08:36
Sampling (4 threads)  97%|█████████████████████████████▏|  ETA: 0:07:31
Sampling (4 threads)  98%|█████████████████████████████▎|  ETA: 0:06:24
Sampling (4 threads)  98%|█████████████████████████████▍|  ETA: 0:05:13
Sampling (4 threads)  98%|█████████████████████████████▌|  ETA: 0:03:56
Sampling (4 threads)  99%|█████████████████████████████▊|  ETA: 0:02:39
Sampling (4 threads) 100%|█████████████████████████████▉|  ETA: 0:01:21
Sampling (4 threads) 100%|██████████████████████████████| Time: 4:34:41
Sampling (4 threads) 100%|██████████████████████████████| Time: 4:34:42
┌ Warning: Runtime invalidation was disabled, but the CPU info is out-of-date.
│ Will continue with incorrect CPU name (from build time).
└ @ HostCPUFeatures ~/.julia/packages/HostCPUFeatures/ZTXz4/src/cpu_info.jl:71
┌ Warning: Runtime invalidation was disabled, but the CPU info is out-of-date.
│ Will continue with incorrect CPU feature flag: +avx512vnni.
└ @ HostCPUFeatures ~/.julia/packages/HostCPUFeatures/ZTXz4/src/cpu_info.jl:56
┌ Warning: Runtime invalidation was disabled, but the CPU info is out-of-date.
│ Will continue with incorrect CPU feature flag: -rtm.
└ @ HostCPUFeatures ~/.julia/packages/HostCPUFeatures/ZTXz4/src/cpu_info.jl:56
Sampling (4 threads)   0%|                              |  ETA: N/A
┌ Info: Found initial step size
└   ϵ = 0.00078125
┌ Info: Found initial step size
└   ϵ = 0.00078125
┌ Info: Found initial step size
└   ϵ = 0.0015625
┌ Info: Found initial step size
└   ϵ = 0.000390625
Sampling (4 threads)   0%|▏                             |  ETA: 6:14:08
Sampling (4 threads)   1%|▎                             |  ETA: 3:06:13
Sampling (4 threads)   2%|▌                             |  ETA: 2:03:31
Sampling (4 threads)   2%|▋                             |  ETA: 3:56:05
Sampling (4 threads)   2%|▊                             |  ETA: 3:07:54
Sampling (4 threads)   3%|▉                             |  ETA: 2:35:47
Sampling (4 threads)   4%|█                             |  ETA: 3:37:01
Sampling (4 threads)   4%|█▎                            |  ETA: 3:08:54
Sampling (4 threads)   4%|█▍                            |  ETA: 2:47:02
Sampling (4 threads)   5%|█▌                            |  ETA: 3:39:08
Sampling (4 threads)   6%|█▋                            |  ETA: 3:18:10
Sampling (4 threads)   6%|█▊                            |  ETA: 3:00:41
Sampling (4 threads)   6%|██                            |  ETA: 2:45:54
Sampling (4 threads)   7%|██▏                           |  ETA: 3:41:39
Sampling (4 threads)   8%|██▎                           |  ETA: 3:25:45
Sampling (4 threads)   8%|██▍                           |  ETA: 3:49:06
Sampling (4 threads)   8%|██▌                           |  ETA: 3:34:27
Sampling (4 threads)   9%|██▊                           |  ETA: 3:53:00
Sampling (4 threads)  10%|██▉                           |  ETA: 3:39:32
Sampling (4 threads)  10%|███                           |  ETA: 3:39:51
Sampling (4 threads)  10%|███▏                          |  ETA: 3:28:13
Sampling (4 threads)  11%|███▎                          |  ETA: 3:17:39
Sampling (4 threads)  12%|███▌                          |  ETA: 3:21:07
Sampling (4 threads)  12%|███▋                          |  ETA: 3:11:38
Sampling (4 threads)  12%|███▊                          |  ETA: 3:20:43
Sampling (4 threads)  13%|███▉                          |  ETA: 3:11:54
Sampling (4 threads)  14%|████                          |  ETA: 3:22:34
Sampling (4 threads)  14%|████▎                         |  ETA: 3:14:13
Sampling (4 threads)  14%|████▍                         |  ETA: 3:15:58
Sampling (4 threads)  15%|████▌                         |  ETA: 3:08:20
Sampling (4 threads)  16%|████▋                         |  ETA: 3:09:28
Sampling (4 threads)  16%|████▊                         |  ETA: 3:02:28
Sampling (4 threads)  16%|█████                         |  ETA: 3:10:40
Sampling (4 threads)  17%|█████▏                        |  ETA: 3:03:57
Sampling (4 threads)  18%|█████▎                        |  ETA: 2:57:37
Sampling (4 threads)  18%|█████▍                        |  ETA: 3:04:46
Sampling (4 threads)  18%|█████▌                        |  ETA: 2:58:41
Sampling (4 threads)  19%|█████▊                        |  ETA: 2:52:55
Sampling (4 threads)  20%|█████▉                        |  ETA: 2:59:52
Sampling (4 threads)  20%|██████                        |  ETA: 2:54:17
Sampling (4 threads)  20%|██████▏                       |  ETA: 2:48:58
Sampling (4 threads)  21%|██████▎                       |  ETA: 2:54:39
Sampling (4 threads)  22%|██████▌                       |  ETA: 2:49:31
Sampling (4 threads)  22%|██████▋                       |  ETA: 2:51:21
Sampling (4 threads)  22%|██████▊                       |  ETA: 2:46:28
Sampling (4 threads)  23%|██████▉                       |  ETA: 2:41:48
Sampling (4 threads)  24%|███████                       |  ETA: 2:41:22
Sampling (4 threads)  24%|███████▎                      |  ETA: 2:36:58
Sampling (4 threads)  24%|███████▍                      |  ETA: 2:44:46
Sampling (4 threads)  25%|███████▌                      |  ETA: 2:40:24
Sampling (4 threads)  26%|███████▋                      |  ETA: 2:36:12
Sampling (4 threads)  26%|███████▊                      |  ETA: 2:41:44
Sampling (4 threads)  26%|████████                      |  ETA: 2:37:37
Sampling (4 threads)  27%|████████▏                     |  ETA: 2:33:38
Sampling (4 threads)  28%|████████▎                     |  ETA: 2:35:50
Sampling (4 threads)  28%|████████▍                     |  ETA: 2:32:00
Sampling (4 threads)  28%|████████▌                     |  ETA: 2:35:45
Sampling (4 threads)  29%|████████▊                     |  ETA: 2:32:00
Sampling (4 threads)  30%|████████▉                     |  ETA: 2:28:22
Sampling (4 threads)  30%|█████████                     |  ETA: 2:32:47
Sampling (4 threads)  30%|█████████▏                    |  ETA: 2:29:13
Sampling (4 threads)  31%|█████████▎                    |  ETA: 2:25:45
Sampling (4 threads)  32%|█████████▌                    |  ETA: 2:29:22
Sampling (4 threads)  32%|█████████▋                    |  ETA: 2:25:58
Sampling (4 threads)  32%|█████████▊                    |  ETA: 2:22:39
Sampling (4 threads)  33%|█████████▉                    |  ETA: 2:25:28
Sampling (4 threads)  34%|██████████                    |  ETA: 2:22:13
Sampling (4 threads)  34%|██████████▎                   |  ETA: 2:19:05
Sampling (4 threads)  34%|██████████▍                   |  ETA: 2:16:01
Sampling (4 threads)  35%|██████████▌                   |  ETA: 2:19:38
Sampling (4 threads)  36%|██████████▋                   |  ETA: 2:16:36
Sampling (4 threads)  36%|██████████▊                   |  ETA: 2:13:40
Sampling (4 threads)  36%|███████████                   |  ETA: 2:15:45
Sampling (4 threads)  37%|███████████▏                  |  ETA: 2:12:52
Sampling (4 threads)  38%|███████████▎                  |  ETA: 2:10:03
Sampling (4 threads)  38%|███████████▍                  |  ETA: 2:10:25
Sampling (4 threads)  38%|███████████▌                  |  ETA: 2:07:41
Sampling (4 threads)  39%|███████████▊                  |  ETA: 2:05:01
Sampling (4 threads)  40%|███████████▉                  |  ETA: 2:05:35
Sampling (4 threads)  40%|████████████                  |  ETA: 2:02:59
Sampling (4 threads)  40%|████████████▏                 |  ETA: 2:03:50
Sampling (4 threads)  41%|████████████▎                 |  ETA: 2:01:18
Sampling (4 threads)  42%|████████████▌                 |  ETA: 2:00:16
Sampling (4 threads)  42%|████████████▋                 |  ETA: 1:57:49
Sampling (4 threads)  42%|████████████▊                 |  ETA: 1:55:25
Sampling (4 threads)  43%|████████████▉                 |  ETA: 1:57:26
Sampling (4 threads)  44%|█████████████                 |  ETA: 1:55:04
Sampling (4 threads)  44%|█████████████▎                |  ETA: 1:52:45
Sampling (4 threads)  44%|█████████████▍                |  ETA: 1:53:07
Sampling (4 threads)  45%|█████████████▌                |  ETA: 1:50:51
Sampling (4 threads)  46%|█████████████▋                |  ETA: 1:48:38
Sampling (4 threads)  46%|█████████████▊                |  ETA: 1:49:17
Sampling (4 threads)  46%|██████████████                |  ETA: 1:47:07
Sampling (4 threads)  47%|██████████████▏               |  ETA: 1:44:59
Sampling (4 threads)  48%|██████████████▎               |  ETA: 1:46:06
Sampling (4 threads)  48%|██████████████▍               |  ETA: 1:44:00
Sampling (4 threads)  48%|██████████████▌               |  ETA: 1:44:30
Sampling (4 threads)  49%|██████████████▊               |  ETA: 1:42:26
Sampling (4 threads)  50%|██████████████▉               |  ETA: 1:40:24
Sampling (4 threads)  50%|███████████████               |  ETA: 1:40:36
Sampling (4 threads)  50%|███████████████▏              |  ETA: 1:38:36
Sampling (4 threads)  51%|███████████████▎              |  ETA: 1:38:36
Sampling (4 threads)  52%|███████████████▌              |  ETA: 1:36:39
Sampling (4 threads)  52%|███████████████▋              |  ETA: 1:34:44
Sampling (4 threads)  52%|███████████████▊              |  ETA: 1:34:31
Sampling (4 threads)  53%|███████████████▉              |  ETA: 1:32:38
Sampling (4 threads)  54%|████████████████              |  ETA: 1:32:31
Sampling (4 threads)  54%|████████████████▎             |  ETA: 1:30:40
Sampling (4 threads)  55%|████████████████▍             |  ETA: 1:28:52
Sampling (4 threads)  55%|████████████████▌             |  ETA: 1:28:56
Sampling (4 threads)  56%|████████████████▋             |  ETA: 1:27:09
Sampling (4 threads)  56%|████████████████▊             |  ETA: 1:25:24
Sampling (4 threads)  56%|█████████████████             |  ETA: 1:27:04
Sampling (4 threads)  57%|█████████████████▏            |  ETA: 1:25:19
Sampling (4 threads)  57%|█████████████████▎            |  ETA: 1:23:35
Sampling (4 threads)  58%|█████████████████▍            |  ETA: 1:24:00
Sampling (4 threads)  58%|█████████████████▌            |  ETA: 1:22:17
Sampling (4 threads)  59%|█████████████████▊            |  ETA: 1:20:36
Sampling (4 threads)  60%|█████████████████▉            |  ETA: 1:18:57
Sampling (4 threads)  60%|██████████████████            |  ETA: 1:19:57
Sampling (4 threads)  60%|██████████████████▏           |  ETA: 1:18:18
Sampling (4 threads)  61%|██████████████████▎           |  ETA: 1:16:40
Sampling (4 threads)  62%|██████████████████▌           |  ETA: 1:16:41
Sampling (4 threads)  62%|██████████████████▋           |  ETA: 1:15:04
Sampling (4 threads)  62%|██████████████████▊           |  ETA: 1:13:29
Sampling (4 threads)  63%|██████████████████▉           |  ETA: 1:13:13
Sampling (4 threads)  64%|███████████████████           |  ETA: 1:11:39
Sampling (4 threads)  64%|███████████████████▎          |  ETA: 1:11:21
Sampling (4 threads)  64%|███████████████████▍          |  ETA: 1:09:49
Sampling (4 threads)  65%|███████████████████▌          |  ETA: 1:08:19
Sampling (4 threads)  66%|███████████████████▋          |  ETA: 1:08:00
Sampling (4 threads)  66%|███████████████████▊          |  ETA: 1:06:31
Sampling (4 threads)  66%|████████████████████          |  ETA: 1:05:02
Sampling (4 threads)  67%|████████████████████▏         |  ETA: 1:04:17
Sampling (4 threads)  68%|████████████████████▎         |  ETA: 1:02:50
Sampling (4 threads)  68%|████████████████████▍         |  ETA: 1:02:33
Sampling (4 threads)  68%|████████████████████▌         |  ETA: 1:01:08
Sampling (4 threads)  69%|████████████████████▊         |  ETA: 0:59:43
Sampling (4 threads)  70%|████████████████████▉         |  ETA: 0:59:14
Sampling (4 threads)  70%|█████████████████████         |  ETA: 0:57:51
Sampling (4 threads)  70%|█████████████████████▏        |  ETA: 0:57:36
Sampling (4 threads)  71%|█████████████████████▎        |  ETA: 0:56:13
Sampling (4 threads)  72%|█████████████████████▌        |  ETA: 0:54:52
Sampling (4 threads)  72%|█████████████████████▋        |  ETA: 0:53:32
Sampling (4 threads)  72%|█████████████████████▊        |  ETA: 0:53:20
Sampling (4 threads)  73%|█████████████████████▉        |  ETA: 0:52:00
Sampling (4 threads)  74%|██████████████████████        |  ETA: 0:50:45
Sampling (4 threads)  74%|██████████████████████▎       |  ETA: 0:49:39
Sampling (4 threads)  74%|██████████████████████▍       |  ETA: 0:48:38
Sampling (4 threads)  75%|██████████████████████▌       |  ETA: 0:48:02
Sampling (4 threads)  76%|██████████████████████▋       |  ETA: 0:47:04
Sampling (4 threads)  76%|██████████████████████▊       |  ETA: 0:46:12
Sampling (4 threads)  76%|███████████████████████       |  ETA: 0:45:13
Sampling (4 threads)  77%|███████████████████████▏      |  ETA: 0:44:27
Sampling (4 threads)  78%|███████████████████████▎      |  ETA: 0:43:27
Sampling (4 threads)  78%|███████████████████████▍      |  ETA: 0:42:26
Sampling (4 threads)  78%|███████████████████████▌      |  ETA: 0:41:37
Sampling (4 threads)  79%|███████████████████████▊      |  ETA: 0:40:46
Sampling (4 threads)  80%|███████████████████████▉      |  ETA: 0:39:43
Sampling (4 threads)  80%|████████████████████████      |  ETA: 0:38:49
Sampling (4 threads)  80%|████████████████████████▏     |  ETA: 0:37:45
Sampling (4 threads)  81%|████████████████████████▎     |  ETA: 0:36:57
Sampling (4 threads)  82%|████████████████████████▌     |  ETA: 0:36:02
Sampling (4 threads)  82%|████████████████████████▋     |  ETA: 0:35:02
Sampling (4 threads)  82%|████████████████████████▊     |  ETA: 0:34:13
Sampling (4 threads)  83%|████████████████████████▉     |  ETA: 0:33:09
Sampling (4 threads)  84%|█████████████████████████     |  ETA: 0:32:30
Sampling (4 threads)  84%|█████████████████████████▎    |  ETA: 0:31:21
Sampling (4 threads)  84%|█████████████████████████▍    |  ETA: 0:30:23
Sampling (4 threads)  85%|█████████████████████████▌    |  ETA: 0:29:27
Sampling (4 threads)  86%|█████████████████████████▋    |  ETA: 0:28:32
Sampling (4 threads)  86%|█████████████████████████▊    |  ETA: 0:27:37
Sampling (4 threads)  86%|██████████████████████████    |  ETA: 0:26:46
Sampling (4 threads)  87%|██████████████████████████▏   |  ETA: 0:25:55
Sampling (4 threads)  88%|██████████████████████████▎   |  ETA: 0:24:56
Sampling (4 threads)  88%|██████████████████████████▍   |  ETA: 0:24:12
Sampling (4 threads)  88%|██████████████████████████▌   |  ETA: 0:23:23
Sampling (4 threads)  89%|██████████████████████████▊   |  ETA: 0:22:25
Sampling (4 threads)  90%|██████████████████████████▉   |  ETA: 0:21:33
Sampling (4 threads)  90%|███████████████████████████   |  ETA: 0:20:45
Sampling (4 threads)  90%|███████████████████████████▏  |  ETA: 0:19:53
Sampling (4 threads)  91%|███████████████████████████▎  |  ETA: 0:19:19
Sampling (4 threads)  92%|███████████████████████████▌  |  ETA: 0:18:49
Sampling (4 threads)  92%|███████████████████████████▋  |  ETA: 0:17:55
Sampling (4 threads)  92%|███████████████████████████▊  |  ETA: 0:17:05
Sampling (4 threads)  93%|███████████████████████████▉  |  ETA: 0:16:14
Sampling (4 threads)  94%|████████████████████████████  |  ETA: 0:15:27
Sampling (4 threads)  94%|████████████████████████████▎ |  ETA: 0:14:30
Sampling (4 threads)  94%|████████████████████████████▍ |  ETA: 0:13:28
Sampling (4 threads)  95%|████████████████████████████▌ |  ETA: 0:12:23
Sampling (4 threads)  96%|████████████████████████████▋ |  ETA: 0:11:19
Sampling (4 threads)  96%|████████████████████████████▊ |  ETA: 0:10:12
Sampling (4 threads)  96%|█████████████████████████████ |  ETA: 0:09:05
Sampling (4 threads)  97%|█████████████████████████████▏|  ETA: 0:07:53
Sampling (4 threads)  98%|█████████████████████████████▎|  ETA: 0:06:39
Sampling (4 threads)  98%|█████████████████████████████▍|  ETA: 0:05:24
Sampling (4 threads)  98%|█████████████████████████████▌|  ETA: 0:04:06
Sampling (4 threads)  99%|█████████████████████████████▊|  ETA: 0:02:48
Sampling (4 threads) 100%|█████████████████████████████▉|  ETA: 0:01:25
Sampling (4 threads) 100%|██████████████████████████████| Time: 4:46:24
Sampling (4 threads) 100%|██████████████████████████████| Time: 4:46:25
┌ Warning: Runtime invalidation was disabled, but the CPU info is out-of-date.
│ Will continue with incorrect CPU name (from build time).
└ @ HostCPUFeatures ~/.julia/packages/HostCPUFeatures/ZTXz4/src/cpu_info.jl:71
┌ Warning: Runtime invalidation was disabled, but the CPU info is out-of-date.
│ Will continue with incorrect CPU feature flag: +avx512vnni.
└ @ HostCPUFeatures ~/.julia/packages/HostCPUFeatures/ZTXz4/src/cpu_info.jl:56
┌ Warning: Runtime invalidation was disabled, but the CPU info is out-of-date.
│ Will continue with incorrect CPU feature flag: -rtm.
└ @ HostCPUFeatures ~/.julia/packages/HostCPUFeatures/ZTXz4/src/cpu_info.jl:56
Sampling (4 threads)   0%|                              |  ETA: N/A
┌ Info: Found initial step size
└   ϵ = 0.00078125
┌ Info: Found initial step size
└   ϵ = 0.00078125
┌ Info: Found initial step size
└   ϵ = 0.0015625
┌ Info: Found initial step size
└   ϵ = 0.00625
Sampling (4 threads)   0%|▏                             |  ETA: 3:10:36
Sampling (4 threads)   1%|▎                             |  ETA: 1:34:55
Sampling (4 threads)   2%|▌                             |  ETA: 3:07:26
Sampling (4 threads)   2%|▋                             |  ETA: 2:19:51
Sampling (4 threads)   2%|▊                             |  ETA: 3:15:22
Sampling (4 threads)   3%|▉                             |  ETA: 2:41:58
Sampling (4 threads)   4%|█                             |  ETA: 2:18:07
Sampling (4 threads)   4%|█▎                            |  ETA: 3:09:51
Sampling (4 threads)   4%|█▍                            |  ETA: 2:47:53
Sampling (4 threads)   5%|█▌                            |  ETA: 2:30:18
Sampling (4 threads)   6%|█▋                            |  ETA: 3:19:39
Sampling (4 threads)   6%|█▊                            |  ETA: 3:02:02
Sampling (4 threads)   6%|██                            |  ETA: 2:47:09
Sampling (4 threads)   7%|██▏                           |  ETA: 3:37:28
Sampling (4 threads)   8%|██▎                           |  ETA: 3:21:53
Sampling (4 threads)   8%|██▍                           |  ETA: 3:08:14
Sampling (4 threads)   8%|██▌                           |  ETA: 3:27:42
Sampling (4 threads)   9%|██▊                           |  ETA: 3:15:06
Sampling (4 threads)  10%|██▉                           |  ETA: 3:03:49
Sampling (4 threads)  10%|███                           |  ETA: 2:53:39
Sampling (4 threads)  10%|███▏                          |  ETA: 3:19:10
Sampling (4 threads)  11%|███▎                          |  ETA: 3:09:03
Sampling (4 threads)  12%|███▌                          |  ETA: 2:59:49
Sampling (4 threads)  12%|███▋                          |  ETA: 3:48:46
Sampling (4 threads)  12%|███▊                          |  ETA: 3:38:22
Sampling (4 threads)  13%|███▉                          |  ETA: 3:28:46
Sampling (4 threads)  14%|████                          |  ETA: 3:40:04
Sampling (4 threads)  14%|████▎                         |  ETA: 3:30:58
Sampling (4 threads)  14%|████▍                         |  ETA: 3:35:09
Sampling (4 threads)  15%|████▌                         |  ETA: 3:26:45
Sampling (4 threads)  16%|████▋                         |  ETA: 3:46:45
Sampling (4 threads)  16%|████▊                         |  ETA: 3:38:22
Sampling (4 threads)  16%|█████                         |  ETA: 3:30:30
Sampling (4 threads)  17%|█████▏                        |  ETA: 3:55:52
Sampling (4 threads)  18%|█████▎                        |  ETA: 3:47:44
Sampling (4 threads)  18%|█████▍                        |  ETA: 3:40:04
Sampling (4 threads)  18%|█████▌                        |  ETA: 3:46:27
Sampling (4 threads)  19%|█████▊                        |  ETA: 3:39:09
Sampling (4 threads)  20%|█████▉                        |  ETA: 3:32:12
Sampling (4 threads)  20%|██████                        |  ETA: 3:42:19
Sampling (4 threads)  20%|██████▏                       |  ETA: 3:35:32
Sampling (4 threads)  21%|██████▎                       |  ETA: 3:29:05
Sampling (4 threads)  22%|██████▌                       |  ETA: 3:22:55
Sampling (4 threads)  22%|██████▋                       |  ETA: 3:27:25
Sampling (4 threads)  22%|██████▊                       |  ETA: 3:21:31
Sampling (4 threads)  23%|██████▉                       |  ETA: 3:26:52
Sampling (4 threads)  24%|███████                       |  ETA: 3:21:09
Sampling (4 threads)  24%|███████▎                      |  ETA: 3:15:41
Sampling (4 threads)  24%|███████▍                      |  ETA: 3:18:55
Sampling (4 threads)  25%|███████▌                      |  ETA: 3:13:39
Sampling (4 threads)  26%|███████▋                      |  ETA: 3:08:35
Sampling (4 threads)  26%|███████▊                      |  ETA: 3:16:36
Sampling (4 threads)  26%|████████                      |  ETA: 3:11:35
Sampling (4 threads)  27%|████████▏                     |  ETA: 3:06:45
Sampling (4 threads)  28%|████████▎                     |  ETA: 3:09:26
Sampling (4 threads)  28%|████████▍                     |  ETA: 3:04:46
Sampling (4 threads)  28%|████████▌                     |  ETA: 3:00:16
Sampling (4 threads)  29%|████████▊                     |  ETA: 2:55:55
Sampling (4 threads)  30%|████████▉                     |  ETA: 3:01:17
Sampling (4 threads)  30%|█████████                     |  ETA: 2:57:00
Sampling (4 threads)  30%|█████████▏                    |  ETA: 3:02:31
Sampling (4 threads)  31%|█████████▎                    |  ETA: 2:58:17
Sampling (4 threads)  32%|█████████▌                    |  ETA: 2:54:10
Sampling (4 threads)  32%|█████████▋                    |  ETA: 2:57:02
Sampling (4 threads)  32%|█████████▊                    |  ETA: 2:53:02
Sampling (4 threads)  33%|█████████▉                    |  ETA: 2:56:39
Sampling (4 threads)  34%|██████████                    |  ETA: 2:52:43
Sampling (4 threads)  34%|██████████▎                   |  ETA: 3:01:33
Sampling (4 threads)  34%|██████████▍                   |  ETA: 2:57:34
Sampling (4 threads)  35%|██████████▌                   |  ETA: 2:53:41
Sampling (4 threads)  36%|██████████▋                   |  ETA: 2:58:44
Sampling (4 threads)  36%|██████████▊                   |  ETA: 2:54:53
Sampling (4 threads)  36%|███████████                   |  ETA: 2:53:42
Sampling (4 threads)  37%|███████████▏                  |  ETA: 2:50:00
Sampling (4 threads)  38%|███████████▎                  |  ETA: 2:51:44
Sampling (4 threads)  38%|███████████▍                  |  ETA: 2:48:07
Sampling (4 threads)  38%|███████████▌                  |  ETA: 2:44:36
Sampling (4 threads)  39%|███████████▊                  |  ETA: 2:47:05
Sampling (4 threads)  40%|███████████▉                  |  ETA: 2:43:37
Sampling (4 threads)  40%|████████████                  |  ETA: 2:40:14
Sampling (4 threads)  40%|████████████▏                 |  ETA: 2:41:00
Sampling (4 threads)  41%|████████████▎                 |  ETA: 2:37:42
Sampling (4 threads)  42%|████████████▌                 |  ETA: 2:38:48
Sampling (4 threads)  42%|████████████▋                 |  ETA: 2:35:34
Sampling (4 threads)  42%|████████████▊                 |  ETA: 2:32:25
Sampling (4 threads)  43%|████████████▉                 |  ETA: 2:34:58
Sampling (4 threads)  44%|█████████████                 |  ETA: 2:31:50
Sampling (4 threads)  44%|█████████████▎                |  ETA: 2:33:43
Sampling (4 threads)  44%|█████████████▍                |  ETA: 2:30:38
Sampling (4 threads)  45%|█████████████▌                |  ETA: 2:27:37
Sampling (4 threads)  46%|█████████████▋                |  ETA: 2:29:05
Sampling (4 threads)  46%|█████████████▊                |  ETA: 2:26:06
Sampling (4 threads)  46%|██████████████                |  ETA: 2:26:53
Sampling (4 threads)  47%|██████████████▏               |  ETA: 2:23:58
Sampling (4 threads)  48%|██████████████▎               |  ETA: 2:26:07
Sampling (4 threads)  48%|██████████████▍               |  ETA: 2:23:13
Sampling (4 threads)  48%|██████████████▌               |  ETA: 2:20:22
Sampling (4 threads)  49%|██████████████▊               |  ETA: 2:20:56
Sampling (4 threads)  50%|██████████████▉               |  ETA: 2:18:09
Sampling (4 threads)  50%|███████████████               |  ETA: 2:15:25
Sampling (4 threads)  50%|███████████████▏              |  ETA: 2:15:58
Sampling (4 threads)  51%|███████████████▎              |  ETA: 2:13:17
Sampling (4 threads)  52%|███████████████▌              |  ETA: 2:13:24
Sampling (4 threads)  52%|███████████████▋              |  ETA: 2:10:46
Sampling (4 threads)  52%|███████████████▊              |  ETA: 2:08:10
Sampling (4 threads)  53%|███████████████▉              |  ETA: 2:08:22
Sampling (4 threads)  54%|████████████████              |  ETA: 2:05:49
Sampling (4 threads)  54%|████████████████▎             |  ETA: 2:06:08
Sampling (4 threads)  55%|████████████████▍             |  ETA: 2:03:37
Sampling (4 threads)  55%|████████████████▌             |  ETA: 2:03:25
Sampling (4 threads)  56%|████████████████▋             |  ETA: 2:00:57
Sampling (4 threads)  56%|████████████████▊             |  ETA: 2:00:20
Sampling (4 threads)  56%|█████████████████             |  ETA: 1:57:55
Sampling (4 threads)  57%|█████████████████▏            |  ETA: 1:55:32
Sampling (4 threads)  57%|█████████████████▎            |  ETA: 1:54:44
Sampling (4 threads)  58%|█████████████████▍            |  ETA: 1:52:24
Sampling (4 threads)  58%|█████████████████▌            |  ETA: 1:52:38
Sampling (4 threads)  59%|█████████████████▊            |  ETA: 1:50:20
Sampling (4 threads)  60%|█████████████████▉            |  ETA: 1:49:22
Sampling (4 threads)  60%|██████████████████            |  ETA: 1:47:07
Sampling (4 threads)  60%|██████████████████▏           |  ETA: 1:47:14
Sampling (4 threads)  61%|██████████████████▎           |  ETA: 1:45:01
Sampling (4 threads)  62%|██████████████████▌           |  ETA: 1:42:49
Sampling (4 threads)  62%|██████████████████▋           |  ETA: 1:42:23
Sampling (4 threads)  62%|██████████████████▊           |  ETA: 1:40:14
Sampling (4 threads)  63%|██████████████████▉           |  ETA: 1:39:25
Sampling (4 threads)  64%|███████████████████           |  ETA: 1:37:18
Sampling (4 threads)  64%|███████████████████▎          |  ETA: 1:37:18
Sampling (4 threads)  64%|███████████████████▍          |  ETA: 1:35:13
Sampling (4 threads)  65%|███████████████████▌          |  ETA: 1:33:09
Sampling (4 threads)  66%|███████████████████▋          |  ETA: 1:32:23
Sampling (4 threads)  66%|███████████████████▊          |  ETA: 1:30:22
Sampling (4 threads)  66%|████████████████████          |  ETA: 1:29:54
Sampling (4 threads)  67%|████████████████████▏         |  ETA: 1:27:54
Sampling (4 threads)  68%|████████████████████▎         |  ETA: 1:25:56
Sampling (4 threads)  68%|████████████████████▍         |  ETA: 1:24:57
Sampling (4 threads)  68%|████████████████████▌         |  ETA: 1:23:01
Sampling (4 threads)  69%|████████████████████▊         |  ETA: 1:22:43
Sampling (4 threads)  70%|████████████████████▉         |  ETA: 1:20:48
Sampling (4 threads)  70%|█████████████████████         |  ETA: 1:18:55
Sampling (4 threads)  70%|█████████████████████▏        |  ETA: 1:18:09
Sampling (4 threads)  71%|█████████████████████▎        |  ETA: 1:16:17
Sampling (4 threads)  72%|█████████████████████▌        |  ETA: 1:16:30
Sampling (4 threads)  72%|█████████████████████▋        |  ETA: 1:14:38
Sampling (4 threads)  72%|█████████████████████▊        |  ETA: 1:12:48
Sampling (4 threads)  73%|█████████████████████▉        |  ETA: 1:10:59
Sampling (4 threads)  74%|██████████████████████        |  ETA: 1:10:24
Sampling (4 threads)  74%|██████████████████████▎       |  ETA: 1:08:36
Sampling (4 threads)  74%|██████████████████████▍       |  ETA: 1:08:00
Sampling (4 threads)  75%|██████████████████████▌       |  ETA: 1:06:13
Sampling (4 threads)  76%|██████████████████████▋       |  ETA: 1:04:28
Sampling (4 threads)  76%|██████████████████████▊       |  ETA: 1:03:28
Sampling (4 threads)  76%|███████████████████████       |  ETA: 1:01:45
Sampling (4 threads)  77%|███████████████████████▏      |  ETA: 1:01:04
Sampling (4 threads)  78%|███████████████████████▎      |  ETA: 0:59:21
Sampling (4 threads)  78%|███████████████████████▍      |  ETA: 0:59:06
Sampling (4 threads)  78%|███████████████████████▌      |  ETA: 0:57:23
Sampling (4 threads)  79%|███████████████████████▊      |  ETA: 0:55:42
Sampling (4 threads)  80%|███████████████████████▉      |  ETA: 0:54:02
Sampling (4 threads)  80%|████████████████████████      |  ETA: 0:53:19
Sampling (4 threads)  80%|████████████████████████▏     |  ETA: 0:51:39
Sampling (4 threads)  81%|████████████████████████▎     |  ETA: 0:50:36
Sampling (4 threads)  82%|████████████████████████▌     |  ETA: 0:48:58
Sampling (4 threads)  82%|████████████████████████▋     |  ETA: 0:48:15
Sampling (4 threads)  82%|████████████████████████▊     |  ETA: 0:46:38
Sampling (4 threads)  83%|████████████████████████▉     |  ETA: 0:45:02
Sampling (4 threads)  84%|█████████████████████████     |  ETA: 0:44:35
Sampling (4 threads)  84%|█████████████████████████▎    |  ETA: 0:42:59
Sampling (4 threads)  84%|█████████████████████████▍    |  ETA: 0:41:24
Sampling (4 threads)  85%|█████████████████████████▌    |  ETA: 0:40:01
Sampling (4 threads)  86%|█████████████████████████▋    |  ETA: 0:38:47
Sampling (4 threads)  86%|█████████████████████████▊    |  ETA: 0:37:24
Sampling (4 threads)  86%|██████████████████████████    |  ETA: 0:36:08
Sampling (4 threads)  87%|██████████████████████████▏   |  ETA: 0:34:51
Sampling (4 threads)  88%|██████████████████████████▎   |  ETA: 0:33:31
Sampling (4 threads)  88%|██████████████████████████▍   |  ETA: 0:32:15
Sampling (4 threads)  88%|██████████████████████████▌   |  ETA: 0:30:45
Sampling (4 threads)  89%|██████████████████████████▊   |  ETA: 0:29:31
Sampling (4 threads)  90%|██████████████████████████▉   |  ETA: 0:28:14
Sampling (4 threads)  90%|███████████████████████████   |  ETA: 0:27:04
Sampling (4 threads)  90%|███████████████████████████▏  |  ETA: 0:25:47
Sampling (4 threads)  91%|███████████████████████████▎  |  ETA: 0:24:25
Sampling (4 threads)  92%|███████████████████████████▌  |  ETA: 0:23:03
Sampling (4 threads)  92%|███████████████████████████▋  |  ETA: 0:21:50
Sampling (4 threads)  92%|███████████████████████████▊  |  ETA: 0:20:30
Sampling (4 threads)  93%|███████████████████████████▉  |  ETA: 0:19:07
Sampling (4 threads)  94%|████████████████████████████  |  ETA: 0:17:49
Sampling (4 threads)  94%|████████████████████████████▎ |  ETA: 0:16:36
Sampling (4 threads)  94%|████████████████████████████▍ |  ETA: 0:15:17
Sampling (4 threads)  95%|████████████████████████████▌ |  ETA: 0:13:53
Sampling (4 threads)  96%|████████████████████████████▋ |  ETA: 0:12:39
Sampling (4 threads)  96%|████████████████████████████▊ |  ETA: 0:11:21
Sampling (4 threads)  96%|█████████████████████████████ |  ETA: 0:10:02
Sampling (4 threads)  97%|█████████████████████████████▏|  ETA: 0:08:39
Sampling (4 threads)  98%|█████████████████████████████▎|  ETA: 0:07:17
Sampling (4 threads)  98%|█████████████████████████████▍|  ETA: 0:05:53
Sampling (4 threads)  98%|█████████████████████████████▌|  ETA: 0:04:27
Sampling (4 threads)  99%|█████████████████████████████▊|  ETA: 0:02:59
Sampling (4 threads) 100%|█████████████████████████████▉|  ETA: 0:01:30
Sampling (4 threads) 100%|██████████████████████████████| Time: 5:03:19
Sampling (4 threads) 100%|██████████████████████████████| Time: 5:03:20
┌ Warning: Runtime invalidation was disabled, but the CPU info is out-of-date.
│ Will continue with incorrect CPU name (from build time).
└ @ HostCPUFeatures ~/.julia/packages/HostCPUFeatures/ZTXz4/src/cpu_info.jl:71
┌ Warning: Runtime invalidation was disabled, but the CPU info is out-of-date.
│ Will continue with incorrect CPU feature flag: +avx512vnni.
└ @ HostCPUFeatures ~/.julia/packages/HostCPUFeatures/ZTXz4/src/cpu_info.jl:56
┌ Warning: Runtime invalidation was disabled, but the CPU info is out-of-date.
│ Will continue with incorrect CPU feature flag: -rtm.
└ @ HostCPUFeatures ~/.julia/packages/HostCPUFeatures/ZTXz4/src/cpu_info.jl:56
Sampling (4 threads)   0%|                              |  ETA: N/A
┌ Info: Found initial step size
└   ϵ = 0.000390625
┌ Info: Found initial step size
└   ϵ = 0.00625
┌ Info: Found initial step size
└   ϵ = 0.0015625
┌ Info: Found initial step size
└   ϵ = 0.003125
Sampling (4 threads)   0%|▏                             |  ETA: 2:57:16
Sampling (4 threads)   1%|▎                             |  ETA: 1:28:17
Sampling (4 threads)   2%|▌                             |  ETA: 2:48:41
Sampling (4 threads)   2%|▋                             |  ETA: 2:05:52
Sampling (4 threads)   2%|▊                             |  ETA: 4:08:43
Sampling (4 threads)   3%|▉                             |  ETA: 3:26:12
Sampling (4 threads)   4%|█                             |  ETA: 2:55:50
Sampling (4 threads)   4%|█▎                            |  ETA: 3:43:12
Sampling (4 threads)   4%|█▍                            |  ETA: 3:17:22
Sampling (4 threads)   5%|█▌                            |  ETA: 2:56:42
Sampling (4 threads)   6%|█▋                            |  ETA: 3:21:56
Sampling (4 threads)   6%|█▊                            |  ETA: 3:04:08
Sampling (4 threads)   6%|██                            |  ETA: 3:41:59
Sampling (4 threads)   7%|██▏                           |  ETA: 3:25:02
Sampling (4 threads)   8%|██▎                           |  ETA: 3:51:19
Sampling (4 threads)   8%|██▍                           |  ETA: 3:35:42
Sampling (4 threads)   8%|██▌                           |  ETA: 5:02:52
Sampling (4 threads)   9%|██▊                           |  ETA: 4:44:29
Sampling (4 threads)  10%|██▉                           |  ETA: 4:28:02
Sampling (4 threads)  10%|███                           |  ETA: 4:13:13
Sampling (4 threads)  10%|███▏                          |  ETA: 4:51:54
Sampling (4 threads)  11%|███▎                          |  ETA: 4:37:04
Sampling (4 threads)  12%|███▌                          |  ETA: 4:23:32
Sampling (4 threads)  12%|███▋                          |  ETA: 4:45:31
Sampling (4 threads)  12%|███▊                          |  ETA: 4:32:32
Sampling (4 threads)  13%|███▉                          |  ETA: 4:36:20
Sampling (4 threads)  14%|████                          |  ETA: 4:24:34
Sampling (4 threads)  14%|████▎                         |  ETA: 4:44:33
Sampling (4 threads)  14%|████▍                         |  ETA: 4:33:09
Sampling (4 threads)  15%|████▌                         |  ETA: 4:22:30
Sampling (4 threads)  16%|████▋                         |  ETA: 5:07:12
Sampling (4 threads)  16%|████▊                         |  ETA: 4:55:50
Sampling (4 threads)  16%|█████                         |  ETA: 4:45:10
Sampling (4 threads)  17%|█████▏                        |  ETA: 5:06:09
Sampling (4 threads)  18%|█████▎                        |  ETA: 4:55:37
Sampling (4 threads)  18%|█████▍                        |  ETA: 4:45:40
Sampling (4 threads)  18%|█████▌                        |  ETA: 4:36:15
Sampling (4 threads)  19%|█████▊                        |  ETA: 4:52:11
Sampling (4 threads)  20%|█████▉                        |  ETA: 4:42:56
Sampling (4 threads)  20%|██████                        |  ETA: 4:34:09
Sampling (4 threads)  20%|██████▏                       |  ETA: 4:49:56
Sampling (4 threads)  21%|██████▎                       |  ETA: 4:41:15
Sampling (4 threads)  22%|██████▌                       |  ETA: 4:32:59
Sampling (4 threads)  22%|██████▋                       |  ETA: 4:40:40
Sampling (4 threads)  22%|██████▊                       |  ETA: 4:32:40
Sampling (4 threads)  23%|██████▉                       |  ETA: 4:35:17
Sampling (4 threads)  24%|███████                       |  ETA: 4:27:41
Sampling (4 threads)  24%|███████▎                      |  ETA: 4:20:24
Sampling (4 threads)  24%|███████▍                      |  ETA: 4:19:42
Sampling (4 threads)  25%|███████▌                      |  ETA: 4:12:49
Sampling (4 threads)  26%|███████▋                      |  ETA: 4:12:52
Sampling (4 threads)  26%|███████▊                      |  ETA: 4:06:20
Sampling (4 threads)  26%|████████                      |  ETA: 4:07:23
Sampling (4 threads)  27%|████████▏                     |  ETA: 4:01:09
Sampling (4 threads)  28%|████████▎                     |  ETA: 4:07:05
Sampling (4 threads)  28%|████████▍                     |  ETA: 4:01:00
Sampling (4 threads)  28%|████████▌                     |  ETA: 3:55:08
Sampling (4 threads)  29%|████████▊                     |  ETA: 4:04:23
Sampling (4 threads)  30%|████████▉                     |  ETA: 3:58:33
Sampling (4 threads)  30%|█████████                     |  ETA: 3:52:54
Sampling (4 threads)  30%|█████████▏                    |  ETA: 3:47:27
Sampling (4 threads)  31%|█████████▎                    |  ETA: 3:57:03
Sampling (4 threads)  32%|█████████▌                    |  ETA: 3:51:36
Sampling (4 threads)  32%|█████████▋                    |  ETA: 3:46:19
Sampling (4 threads)  32%|█████████▊                    |  ETA: 3:56:49
Sampling (4 threads)  33%|█████████▉                    |  ETA: 3:51:30
Sampling (4 threads)  34%|██████████                    |  ETA: 3:46:20
Sampling (4 threads)  34%|██████████▎                   |  ETA: 3:50:14
Sampling (4 threads)  34%|██████████▍                   |  ETA: 3:45:11
Sampling (4 threads)  35%|██████████▌                   |  ETA: 3:40:16
Sampling (4 threads)  36%|██████████▋                   |  ETA: 3:42:47
Sampling (4 threads)  36%|██████████▊                   |  ETA: 3:37:59
Sampling (4 threads)  36%|███████████                   |  ETA: 3:42:18
Sampling (4 threads)  37%|███████████▏                  |  ETA: 3:37:34
Sampling (4 threads)  38%|███████████▎                  |  ETA: 3:32:58
Sampling (4 threads)  38%|███████████▍                  |  ETA: 3:28:29
Sampling (4 threads)  38%|███████████▌                  |  ETA: 3:30:05
Sampling (4 threads)  39%|███████████▊                  |  ETA: 3:25:43
Sampling (4 threads)  40%|███████████▉                  |  ETA: 3:21:26
Sampling (4 threads)  40%|████████████                  |  ETA: 3:22:50
Sampling (4 threads)  40%|████████████▏                 |  ETA: 3:18:40
Sampling (4 threads)  41%|████████████▎                 |  ETA: 3:14:36
Sampling (4 threads)  42%|████████████▌                 |  ETA: 3:17:35
Sampling (4 threads)  42%|████████████▋                 |  ETA: 3:13:34
Sampling (4 threads)  42%|████████████▊                 |  ETA: 3:09:39
Sampling (4 threads)  43%|████████████▉                 |  ETA: 3:09:36
Sampling (4 threads)  44%|█████████████                 |  ETA: 3:05:47
Sampling (4 threads)  44%|█████████████▎                |  ETA: 3:06:16
Sampling (4 threads)  44%|█████████████▍                |  ETA: 3:02:32
Sampling (4 threads)  45%|█████████████▌                |  ETA: 3:01:17
Sampling (4 threads)  46%|█████████████▋                |  ETA: 2:57:40
Sampling (4 threads)  46%|█████████████▊                |  ETA: 2:54:07
Sampling (4 threads)  46%|██████████████                |  ETA: 2:53:26
Sampling (4 threads)  47%|██████████████▏               |  ETA: 2:49:59
Sampling (4 threads)  48%|██████████████▎               |  ETA: 2:50:49
Sampling (4 threads)  48%|██████████████▍               |  ETA: 2:47:26
Sampling (4 threads)  48%|██████████████▌               |  ETA: 2:44:06
Sampling (4 threads)  49%|██████████████▊               |  ETA: 2:44:49
Sampling (4 threads)  50%|██████████████▉               |  ETA: 2:41:33
Sampling (4 threads)  50%|███████████████               |  ETA: 2:38:21
Sampling (4 threads)  50%|███████████████▏              |  ETA: 2:38:38
Sampling (4 threads)  51%|███████████████▎              |  ETA: 2:35:29
Sampling (4 threads)  52%|███████████████▌              |  ETA: 2:38:04
Sampling (4 threads)  52%|███████████████▋              |  ETA: 2:34:56
Sampling (4 threads)  52%|███████████████▊              |  ETA: 2:31:51
Sampling (4 threads)  53%|███████████████▉              |  ETA: 2:31:51
Sampling (4 threads)  54%|████████████████              |  ETA: 2:28:50
Sampling (4 threads)  54%|████████████████▎             |  ETA: 2:25:52
Sampling (4 threads)  55%|████████████████▍             |  ETA: 2:22:58
Sampling (4 threads)  55%|████████████████▌             |  ETA: 2:23:59
Sampling (4 threads)  56%|████████████████▋             |  ETA: 2:21:06
Sampling (4 threads)  56%|████████████████▊             |  ETA: 2:18:16
Sampling (4 threads)  56%|█████████████████             |  ETA: 2:18:27
Sampling (4 threads)  57%|█████████████████▏            |  ETA: 2:15:40
Sampling (4 threads)  57%|█████████████████▎            |  ETA: 2:15:26
Sampling (4 threads)  58%|█████████████████▍            |  ETA: 2:12:42
Sampling (4 threads)  58%|█████████████████▌            |  ETA: 2:10:00
Sampling (4 threads)  59%|█████████████████▊            |  ETA: 2:10:04
Sampling (4 threads)  60%|█████████████████▉            |  ETA: 2:07:24
Sampling (4 threads)  60%|██████████████████            |  ETA: 2:04:47
Sampling (4 threads)  60%|██████████████████▏           |  ETA: 2:05:22
Sampling (4 threads)  61%|██████████████████▎           |  ETA: 2:02:46
Sampling (4 threads)  62%|██████████████████▌           |  ETA: 2:00:12
Sampling (4 threads)  62%|██████████████████▋           |  ETA: 1:59:28
Sampling (4 threads)  62%|██████████████████▊           |  ETA: 1:56:57
Sampling (4 threads)  63%|██████████████████▉           |  ETA: 1:56:40
Sampling (4 threads)  64%|███████████████████           |  ETA: 1:54:11
Sampling (4 threads)  64%|███████████████████▎          |  ETA: 1:54:13
Sampling (4 threads)  64%|███████████████████▍          |  ETA: 1:51:45
Sampling (4 threads)  65%|███████████████████▌          |  ETA: 1:49:20
Sampling (4 threads)  66%|███████████████████▋          |  ETA: 1:46:57
Sampling (4 threads)  66%|███████████████████▊          |  ETA: 1:46:43
Sampling (4 threads)  66%|████████████████████          |  ETA: 1:44:21
Sampling (4 threads)  67%|████████████████████▏         |  ETA: 1:43:40
Sampling (4 threads)  68%|████████████████████▎         |  ETA: 1:41:20
Sampling (4 threads)  68%|████████████████████▍         |  ETA: 1:39:03
Sampling (4 threads)  68%|████████████████████▌         |  ETA: 1:39:03
Sampling (4 threads)  69%|████████████████████▊         |  ETA: 1:36:46
Sampling (4 threads)  70%|████████████████████▉         |  ETA: 1:34:31
Sampling (4 threads)  70%|█████████████████████         |  ETA: 1:33:41
Sampling (4 threads)  70%|█████████████████████▏        |  ETA: 1:31:28
Sampling (4 threads)  71%|█████████████████████▎        |  ETA: 1:29:17
Sampling (4 threads)  72%|█████████████████████▌        |  ETA: 1:29:19
Sampling (4 threads)  72%|█████████████████████▋        |  ETA: 1:27:09
Sampling (4 threads)  72%|█████████████████████▊        |  ETA: 1:25:18
Sampling (4 threads)  73%|█████████████████████▉        |  ETA: 1:24:15
Sampling (4 threads)  74%|██████████████████████        |  ETA: 1:22:42
Sampling (4 threads)  74%|██████████████████████▎       |  ETA: 1:21:05
Sampling (4 threads)  74%|██████████████████████▍       |  ETA: 1:20:00
Sampling (4 threads)  75%|██████████████████████▌       |  ETA: 1:19:15
Sampling (4 threads)  76%|██████████████████████▋       |  ETA: 1:17:35
Sampling (4 threads)  76%|██████████████████████▊       |  ETA: 1:16:19
Sampling (4 threads)  76%|███████████████████████       |  ETA: 1:14:35
Sampling (4 threads)  77%|███████████████████████▏      |  ETA: 1:13:18
Sampling (4 threads)  78%|███████████████████████▎      |  ETA: 1:11:41
Sampling (4 threads)  78%|███████████████████████▍      |  ETA: 1:10:35
Sampling (4 threads)  78%|███████████████████████▌      |  ETA: 1:09:26
Sampling (4 threads)  79%|███████████████████████▊      |  ETA: 1:07:30
Sampling (4 threads)  80%|███████████████████████▉      |  ETA: 1:05:59
Sampling (4 threads)  80%|████████████████████████      |  ETA: 1:04:29
Sampling (4 threads)  80%|████████████████████████▏     |  ETA: 1:03:21
Sampling (4 threads)  81%|████████████████████████▎     |  ETA: 1:01:54
Sampling (4 threads)  82%|████████████████████████▌     |  ETA: 1:00:06
Sampling (4 threads)  82%|████████████████████████▋     |  ETA: 0:59:01
Sampling (4 threads)  82%|████████████████████████▊     |  ETA: 0:57:11
Sampling (4 threads)  83%|████████████████████████▉     |  ETA: 0:55:51
Sampling (4 threads)  84%|█████████████████████████     |  ETA: 0:54:19
Sampling (4 threads)  84%|█████████████████████████▎    |  ETA: 0:52:42
Sampling (4 threads)  84%|█████████████████████████▍    |  ETA: 0:50:57
Sampling (4 threads)  85%|█████████████████████████▌    |  ETA: 0:49:18
Sampling (4 threads)  86%|█████████████████████████▋    |  ETA: 0:47:39
Sampling (4 threads)  86%|█████████████████████████▊    |  ETA: 0:45:52
Sampling (4 threads)  86%|██████████████████████████    |  ETA: 0:44:13
Sampling (4 threads)  87%|██████████████████████████▏   |  ETA: 0:42:24
Sampling (4 threads)  88%|██████████████████████████▎   |  ETA: 0:40:50
Sampling (4 threads)  88%|██████████████████████████▍   |  ETA: 0:39:17
Sampling (4 threads)  88%|██████████████████████████▌   |  ETA: 0:37:35
Sampling (4 threads)  89%|██████████████████████████▊   |  ETA: 0:36:01
Sampling (4 threads)  90%|██████████████████████████▉   |  ETA: 0:34:27
Sampling (4 threads)  90%|███████████████████████████   |  ETA: 0:32:52
Sampling (4 threads)  90%|███████████████████████████▏  |  ETA: 0:31:08
Sampling (4 threads)  91%|███████████████████████████▎  |  ETA: 0:29:27
Sampling (4 threads)  92%|███████████████████████████▌  |  ETA: 0:27:48
Sampling (4 threads)  92%|███████████████████████████▋  |  ETA: 0:26:12
Sampling (4 threads)  92%|███████████████████████████▊  |  ETA: 0:24:32
Sampling (4 threads)  93%|███████████████████████████▉  |  ETA: 0:22:52
Sampling (4 threads)  94%|████████████████████████████  |  ETA: 0:21:12
Sampling (4 threads)  94%|████████████████████████████▎ |  ETA: 0:19:32
Sampling (4 threads)  94%|████████████████████████████▍ |  ETA: 0:17:57
Sampling (4 threads)  95%|████████████████████████████▌ |  ETA: 0:16:22
Sampling (4 threads)  96%|████████████████████████████▋ |  ETA: 0:14:44
Sampling (4 threads)  96%|████████████████████████████▊ |  ETA: 0:13:05
Sampling (4 threads)  96%|█████████████████████████████ |  ETA: 0:11:30
Sampling (4 threads)  97%|█████████████████████████████▏|  ETA: 0:09:50
Sampling (4 threads)  98%|█████████████████████████████▎|  ETA: 0:08:12
Sampling (4 threads)  98%|█████████████████████████████▍|  ETA: 0:06:34
Sampling (4 threads)  98%|█████████████████████████████▌|  ETA: 0:04:55
Sampling (4 threads)  99%|█████████████████████████████▊|  ETA: 0:03:18
Sampling (4 threads) 100%|█████████████████████████████▉|  ETA: 0:01:40
Sampling (4 threads) 100%|██████████████████████████████| Time: 5:37:42
Sampling (4 threads) 100%|██████████████████████████████| Time: 5:37:43
┌ Warning: Runtime invalidation was disabled, but the CPU info is out-of-date.
│ Will continue with incorrect CPU name (from build time).
└ @ HostCPUFeatures ~/.julia/packages/HostCPUFeatures/ZTXz4/src/cpu_info.jl:71
┌ Warning: Runtime invalidation was disabled, but the CPU info is out-of-date.
│ Will continue with incorrect CPU feature flag: +avx512vnni.
└ @ HostCPUFeatures ~/.julia/packages/HostCPUFeatures/ZTXz4/src/cpu_info.jl:56
┌ Warning: Runtime invalidation was disabled, but the CPU info is out-of-date.
│ Will continue with incorrect CPU feature flag: -rtm.
└ @ HostCPUFeatures ~/.julia/packages/HostCPUFeatures/ZTXz4/src/cpu_info.jl:56
Sampling (4 threads)   0%|                              |  ETA: N/A
┌ Info: Found initial step size
└   ϵ = 0.003125
┌ Info: Found initial step size
└   ϵ = 0.000390625
┌ Info: Found initial step size
└   ϵ = 0.003125
┌ Info: Found initial step size
└   ϵ = 0.003125
Sampling (4 threads)   0%|▏                             |  ETA: 7:53:01
Sampling (4 threads)   1%|▎                             |  ETA: 3:55:26
Sampling (4 threads)   2%|▌                             |  ETA: 2:36:10
Sampling (4 threads)   2%|▋                             |  ETA: 4:28:13
Sampling (4 threads)   2%|▊                             |  ETA: 3:33:29
Sampling (4 threads)   3%|▉                             |  ETA: 5:39:08
Sampling (4 threads)   4%|█                             |  ETA: 4:49:11
Sampling (4 threads)   4%|█▎                            |  ETA: 4:11:44
Sampling (4 threads)   4%|█▍                            |  ETA: 3:42:36
Sampling (4 threads)   5%|█▌                            |  ETA: 4:45:28
Sampling (4 threads)   6%|█▋                            |  ETA: 4:18:09
Sampling (4 threads)   6%|█▊                            |  ETA: 3:55:23
Sampling (4 threads)   6%|██                            |  ETA: 4:42:49
Sampling (4 threads)   7%|██▏                           |  ETA: 4:21:13
Sampling (4 threads)   8%|██▎                           |  ETA: 4:02:29
Sampling (4 threads)   8%|██▍                           |  ETA: 4:55:12
Sampling (4 threads)   8%|██▌                           |  ETA: 4:36:20
Sampling (4 threads)   9%|██▊                           |  ETA: 5:26:40
Sampling (4 threads)  10%|██▉                           |  ETA: 5:07:46
Sampling (4 threads)  10%|███                           |  ETA: 5:45:01
Sampling (4 threads)  10%|███▏                          |  ETA: 5:26:46
Sampling (4 threads)  11%|███▎                          |  ETA: 5:10:10
Sampling (4 threads)  12%|███▌                          |  ETA: 5:43:09
Sampling (4 threads)  12%|███▋                          |  ETA: 5:26:59
Sampling (4 threads)  12%|███▊                          |  ETA: 5:12:07
Sampling (4 threads)  13%|███▉                          |  ETA: 5:19:12
Sampling (4 threads)  14%|████                          |  ETA: 5:05:36
Sampling (4 threads)  14%|████▎                         |  ETA: 4:52:59
Sampling (4 threads)  14%|████▍                         |  ETA: 5:09:19
Sampling (4 threads)  15%|████▌                         |  ETA: 4:57:15
Sampling (4 threads)  16%|████▋                         |  ETA: 4:45:58
Sampling (4 threads)  16%|████▊                         |  ETA: 4:55:57
Sampling (4 threads)  16%|█████                         |  ETA: 4:45:17
Sampling (4 threads)  17%|█████▏                        |  ETA: 4:35:14
Sampling (4 threads)  18%|█████▎                        |  ETA: 4:38:10
Sampling (4 threads)  18%|█████▍                        |  ETA: 4:28:48
Sampling (4 threads)  18%|█████▌                        |  ETA: 4:41:24
Sampling (4 threads)  19%|█████▊                        |  ETA: 4:32:18
Sampling (4 threads)  20%|█████▉                        |  ETA: 4:23:41
Sampling (4 threads)  20%|██████                        |  ETA: 4:27:35
Sampling (4 threads)  20%|██████▏                       |  ETA: 4:19:26
Sampling (4 threads)  21%|██████▎                       |  ETA: 4:25:11
Sampling (4 threads)  22%|██████▌                       |  ETA: 4:17:23
Sampling (4 threads)  22%|██████▋                       |  ETA: 4:09:56
Sampling (4 threads)  22%|██████▊                       |  ETA: 4:14:22
Sampling (4 threads)  23%|██████▉                       |  ETA: 4:07:14
Sampling (4 threads)  24%|███████                       |  ETA: 4:00:24
Sampling (4 threads)  24%|███████▎                      |  ETA: 4:07:21
Sampling (4 threads)  24%|███████▍                      |  ETA: 4:00:43
Sampling (4 threads)  25%|███████▌                      |  ETA: 4:03:17
Sampling (4 threads)  26%|███████▋                      |  ETA: 3:56:55
Sampling (4 threads)  26%|███████▊                      |  ETA: 3:50:48
Sampling (4 threads)  26%|████████                      |  ETA: 3:51:33
Sampling (4 threads)  27%|████████▏                     |  ETA: 3:45:43
Sampling (4 threads)  28%|████████▎                     |  ETA: 3:50:45
Sampling (4 threads)  28%|████████▍                     |  ETA: 3:45:04
Sampling (4 threads)  28%|████████▌                     |  ETA: 3:39:35
Sampling (4 threads)  29%|████████▊                     |  ETA: 3:51:46
Sampling (4 threads)  30%|████████▉                     |  ETA: 3:46:14
Sampling (4 threads)  30%|█████████                     |  ETA: 3:40:53
Sampling (4 threads)  30%|█████████▏                    |  ETA: 3:44:14
Sampling (4 threads)  31%|█████████▎                    |  ETA: 3:39:02
Sampling (4 threads)  32%|█████████▌                    |  ETA: 3:44:02
Sampling (4 threads)  32%|█████████▋                    |  ETA: 3:38:55
Sampling (4 threads)  32%|█████████▊                    |  ETA: 3:33:58
Sampling (4 threads)  33%|█████████▉                    |  ETA: 3:39:37
Sampling (4 threads)  34%|██████████                    |  ETA: 3:34:44
Sampling (4 threads)  34%|██████████▎                   |  ETA: 3:45:40
Sampling (4 threads)  34%|██████████▍                   |  ETA: 3:40:43
Sampling (4 threads)  35%|██████████▌                   |  ETA: 3:35:54
Sampling (4 threads)  36%|██████████▋                   |  ETA: 3:31:13
Sampling (4 threads)  36%|██████████▊                   |  ETA: 3:40:12
Sampling (4 threads)  36%|███████████                   |  ETA: 3:35:29
Sampling (4 threads)  37%|███████████▏                  |  ETA: 3:40:01
Sampling (4 threads)  38%|███████████▎                  |  ETA: 3:35:22
Sampling (4 threads)  38%|███████████▍                  |  ETA: 3:30:50
Sampling (4 threads)  38%|███████████▌                  |  ETA: 3:26:25
Sampling (4 threads)  39%|███████████▊                  |  ETA: 3:31:29
Sampling (4 threads)  40%|███████████▉                  |  ETA: 3:27:05
Sampling (4 threads)  40%|████████████                  |  ETA: 3:22:48
Sampling (4 threads)  40%|████████████▏                 |  ETA: 3:25:24
Sampling (4 threads)  41%|████████████▎                 |  ETA: 3:21:12
Sampling (4 threads)  42%|████████████▌                 |  ETA: 3:17:05
Sampling (4 threads)  42%|████████████▋                 |  ETA: 3:13:05
Sampling (4 threads)  42%|████████████▊                 |  ETA: 3:16:13
Sampling (4 threads)  43%|████████████▉                 |  ETA: 3:12:15
Sampling (4 threads)  44%|█████████████                 |  ETA: 3:08:22
Sampling (4 threads)  44%|█████████████▎                |  ETA: 3:09:28
Sampling (4 threads)  44%|█████████████▍                |  ETA: 3:05:40
Sampling (4 threads)  45%|█████████████▌                |  ETA: 3:05:37
Sampling (4 threads)  46%|█████████████▋                |  ETA: 3:01:54
Sampling (4 threads)  46%|█████████████▊                |  ETA: 3:03:48
Sampling (4 threads)  46%|██████████████                |  ETA: 3:00:08
Sampling (4 threads)  47%|██████████████▏               |  ETA: 2:56:33
Sampling (4 threads)  48%|██████████████▎               |  ETA: 2:59:03
Sampling (4 threads)  48%|██████████████▍               |  ETA: 2:55:30
Sampling (4 threads)  48%|██████████████▌               |  ETA: 2:52:02
Sampling (4 threads)  49%|██████████████▊               |  ETA: 2:48:37
Sampling (4 threads)  50%|██████████████▉               |  ETA: 2:52:56
Sampling (4 threads)  50%|███████████████               |  ETA: 2:49:30
Sampling (4 threads)  50%|███████████████▏              |  ETA: 2:46:09
Sampling (4 threads)  51%|███████████████▎              |  ETA: 2:49:47
Sampling (4 threads)  52%|███████████████▌              |  ETA: 2:46:25
Sampling (4 threads)  52%|███████████████▋              |  ETA: 2:43:07
Sampling (4 threads)  52%|███████████████▊              |  ETA: 2:39:53
Sampling (4 threads)  53%|███████████████▉              |  ETA: 2:42:23
Sampling (4 threads)  54%|████████████████              |  ETA: 2:39:10
Sampling (4 threads)  54%|████████████████▎             |  ETA: 2:39:10
Sampling (4 threads)  55%|████████████████▍             |  ETA: 2:35:59
Sampling (4 threads)  55%|████████████████▌             |  ETA: 2:32:52
Sampling (4 threads)  56%|████████████████▋             |  ETA: 2:29:49
Sampling (4 threads)  56%|████████████████▊             |  ETA: 2:30:10
Sampling (4 threads)  56%|█████████████████             |  ETA: 2:27:09
Sampling (4 threads)  57%|█████████████████▏            |  ETA: 2:24:11
Sampling (4 threads)  57%|█████████████████▎            |  ETA: 2:27:28
Sampling (4 threads)  58%|█████████████████▍            |  ETA: 2:24:29
Sampling (4 threads)  58%|█████████████████▌            |  ETA: 2:21:32
Sampling (4 threads)  59%|█████████████████▊            |  ETA: 2:22:35
Sampling (4 threads)  60%|█████████████████▉            |  ETA: 2:19:39
Sampling (4 threads)  60%|██████████████████            |  ETA: 2:16:47
Sampling (4 threads)  60%|██████████████████▏           |  ETA: 2:13:57
Sampling (4 threads)  61%|██████████████████▎           |  ETA: 2:15:42
Sampling (4 threads)  62%|██████████████████▌           |  ETA: 2:12:52
Sampling (4 threads)  62%|██████████████████▋           |  ETA: 2:10:05
Sampling (4 threads)  62%|██████████████████▊           |  ETA: 2:11:30
Sampling (4 threads)  63%|██████████████████▉           |  ETA: 2:08:43
Sampling (4 threads)  64%|███████████████████           |  ETA: 2:05:59
Sampling (4 threads)  64%|███████████████████▎          |  ETA: 2:03:17
Sampling (4 threads)  64%|███████████████████▍          |  ETA: 2:02:47
Sampling (4 threads)  65%|███████████████████▌          |  ETA: 2:00:08
Sampling (4 threads)  66%|███████████████████▋          |  ETA: 1:59:26
Sampling (4 threads)  66%|███████████████████▊          |  ETA: 1:56:49
Sampling (4 threads)  66%|████████████████████          |  ETA: 1:56:45
Sampling (4 threads)  67%|████████████████████▏         |  ETA: 1:54:09
Sampling (4 threads)  68%|████████████████████▎         |  ETA: 1:51:35
Sampling (4 threads)  68%|████████████████████▍         |  ETA: 1:51:18
Sampling (4 threads)  68%|████████████████████▌         |  ETA: 1:48:46
Sampling (4 threads)  69%|████████████████████▊         |  ETA: 1:46:16
Sampling (4 threads)  70%|████████████████████▉         |  ETA: 1:46:45
Sampling (4 threads)  70%|█████████████████████         |  ETA: 1:44:15
Sampling (4 threads)  70%|█████████████████████▏        |  ETA: 1:41:48
Sampling (4 threads)  71%|█████████████████████▎        |  ETA: 1:39:22
Sampling (4 threads)  72%|█████████████████████▌        |  ETA: 1:38:45
Sampling (4 threads)  72%|█████████████████████▋        |  ETA: 1:36:20
Sampling (4 threads)  72%|█████████████████████▊        |  ETA: 1:33:58
Sampling (4 threads)  73%|█████████████████████▉        |  ETA: 1:33:10
Sampling (4 threads)  74%|██████████████████████        |  ETA: 1:30:49
Sampling (4 threads)  74%|██████████████████████▎       |  ETA: 1:29:31
Sampling (4 threads)  74%|██████████████████████▍       |  ETA: 1:27:13
Sampling (4 threads)  75%|██████████████████████▌       |  ETA: 1:24:56
Sampling (4 threads)  76%|██████████████████████▋       |  ETA: 1:23:56
Sampling (4 threads)  76%|██████████████████████▊       |  ETA: 1:21:41
Sampling (4 threads)  76%|███████████████████████       |  ETA: 1:19:27
Sampling (4 threads)  77%|███████████████████████▏      |  ETA: 1:18:26
Sampling (4 threads)  78%|███████████████████████▎      |  ETA: 1:16:14
Sampling (4 threads)  78%|███████████████████████▍      |  ETA: 1:14:04
Sampling (4 threads)  78%|███████████████████████▌      |  ETA: 1:12:18
Sampling (4 threads)  79%|███████████████████████▊      |  ETA: 1:10:56
Sampling (4 threads)  80%|███████████████████████▉      |  ETA: 1:09:21
Sampling (4 threads)  80%|████████████████████████      |  ETA: 1:07:44
Sampling (4 threads)  80%|████████████████████████▏     |  ETA: 1:05:57
Sampling (4 threads)  81%|████████████████████████▎     |  ETA: 1:04:11
Sampling (4 threads)  82%|████████████████████████▌     |  ETA: 1:02:25
Sampling (4 threads)  82%|████████████████████████▋     |  ETA: 1:00:39
Sampling (4 threads)  82%|████████████████████████▊     |  ETA: 0:58:58
Sampling (4 threads)  83%|████████████████████████▉     |  ETA: 0:57:54
Sampling (4 threads)  84%|█████████████████████████     |  ETA: 0:56:35
Sampling (4 threads)  84%|█████████████████████████▎    |  ETA: 0:55:22
Sampling (4 threads)  84%|█████████████████████████▍    |  ETA: 0:53:56
Sampling (4 threads)  85%|█████████████████████████▌    |  ETA: 0:52:30
Sampling (4 threads)  86%|█████████████████████████▋    |  ETA: 0:50:46
Sampling (4 threads)  86%|█████████████████████████▊    |  ETA: 0:49:21
Sampling (4 threads)  86%|██████████████████████████    |  ETA: 0:47:51
Sampling (4 threads)  87%|██████████████████████████▏   |  ETA: 0:46:26
Sampling (4 threads)  88%|██████████████████████████▎   |  ETA: 0:44:54
Sampling (4 threads)  88%|██████████████████████████▍   |  ETA: 0:43:10
Sampling (4 threads)  88%|██████████████████████████▌   |  ETA: 0:41:32
Sampling (4 threads)  89%|██████████████████████████▊   |  ETA: 0:39:51
Sampling (4 threads)  90%|██████████████████████████▉   |  ETA: 0:38:18
Sampling (4 threads)  90%|███████████████████████████   |  ETA: 0:36:44
Sampling (4 threads)  90%|███████████████████████████▏  |  ETA: 0:34:58
Sampling (4 threads)  91%|███████████████████████████▎  |  ETA: 0:33:15
Sampling (4 threads)  92%|███████████████████████████▌  |  ETA: 0:31:29
Sampling (4 threads)  92%|███████████████████████████▋  |  ETA: 0:29:44
Sampling (4 threads)  92%|███████████████████████████▊  |  ETA: 0:28:10
Sampling (4 threads)  93%|███████████████████████████▉  |  ETA: 0:26:23
Sampling (4 threads)  94%|████████████████████████████  |  ETA: 0:24:42
Sampling (4 threads)  94%|████████████████████████████▎ |  ETA: 0:22:57
Sampling (4 threads)  94%|████████████████████████████▍ |  ETA: 0:21:05
Sampling (4 threads)  95%|████████████████████████████▌ |  ETA: 0:19:14
Sampling (4 threads)  96%|████████████████████████████▋ |  ETA: 0:17:23
Sampling (4 threads)  96%|████████████████████████████▊ |  ETA: 0:15:29
Sampling (4 threads)  96%|█████████████████████████████ |  ETA: 0:13:37
Sampling (4 threads)  97%|█████████████████████████████▏|  ETA: 0:11:45
Sampling (4 threads)  98%|█████████████████████████████▎|  ETA: 0:09:50
Sampling (4 threads)  98%|█████████████████████████████▍|  ETA: 0:07:54
Sampling (4 threads)  98%|█████████████████████████████▌|  ETA: 0:05:58
Sampling (4 threads)  99%|█████████████████████████████▊|  ETA: 0:04:03
Sampling (4 threads) 100%|█████████████████████████████▉|  ETA: 0:02:02
Sampling (4 threads) 100%|██████████████████████████████| Time: 6:52:23
Sampling (4 threads) 100%|██████████████████████████████| Time: 6:52:24
┌ Warning: Runtime invalidation was disabled, but the CPU info is out-of-date.
│ Will continue with incorrect CPU name (from build time).
└ @ HostCPUFeatures ~/.julia/packages/HostCPUFeatures/ZTXz4/src/cpu_info.jl:71
┌ Warning: Runtime invalidation was disabled, but the CPU info is out-of-date.
│ Will continue with incorrect CPU feature flag: +avx512vnni.
└ @ HostCPUFeatures ~/.julia/packages/HostCPUFeatures/ZTXz4/src/cpu_info.jl:56
┌ Warning: Runtime invalidation was disabled, but the CPU info is out-of-date.
│ Will continue with incorrect CPU feature flag: -rtm.
└ @ HostCPUFeatures ~/.julia/packages/HostCPUFeatures/ZTXz4/src/cpu_info.jl:56
Sampling (4 threads)   0%|                              |  ETA: N/A
┌ Info: Found initial step size
└   ϵ = 0.00078125
┌ Info: Found initial step size
└   ϵ = 0.003125
┌ Info: Found initial step size
└   ϵ = 0.00078125
┌ Info: Found initial step size
└   ϵ = 0.0015625
Sampling (4 threads)   0%|▏                             |  ETA: 5:38:50
Sampling (4 threads)   1%|▎                             |  ETA: 2:48:38
Sampling (4 threads)   2%|▌                             |  ETA: 1:51:51
Sampling (4 threads)   2%|▋                             |  ETA: 3:48:48
Sampling (4 threads)   2%|▊                             |  ETA: 3:02:06
Sampling (4 threads)   3%|▉                             |  ETA: 2:30:59
Sampling (4 threads)   4%|█                             |  ETA: 2:08:45
Sampling (4 threads)   4%|█▎                            |  ETA: 2:45:16
Sampling (4 threads)   4%|█▍                            |  ETA: 2:26:08
Sampling (4 threads)   5%|█▌                            |  ETA: 2:10:50
Sampling (4 threads)   6%|█▋                            |  ETA: 2:54:51
Sampling (4 threads)   6%|█▊                            |  ETA: 2:39:26
Sampling (4 threads)   6%|██                            |  ETA: 3:11:46
Sampling (4 threads)   7%|██▏                           |  ETA: 2:57:07
Sampling (4 threads)   8%|██▎                           |  ETA: 2:44:25
Sampling (4 threads)   8%|██▍                           |  ETA: 2:33:18
Sampling (4 threads)   8%|██▌                           |  ETA: 2:50:43
Sampling (4 threads)   9%|██▊                           |  ETA: 2:40:21
Sampling (4 threads)  10%|██▉                           |  ETA: 2:46:29
Sampling (4 threads)  10%|███                           |  ETA: 2:37:17
Sampling (4 threads)  10%|███▏                          |  ETA: 2:45:13
Sampling (4 threads)  11%|███▎                          |  ETA: 2:36:49
Sampling (4 threads)  12%|███▌                          |  ETA: 2:47:00
Sampling (4 threads)  12%|███▋                          |  ETA: 2:39:09
Sampling (4 threads)  12%|███▊                          |  ETA: 2:50:59
Sampling (4 threads)  13%|███▉                          |  ETA: 2:43:29
Sampling (4 threads)  14%|████                          |  ETA: 2:55:40
Sampling (4 threads)  14%|████▎                         |  ETA: 2:48:24
Sampling (4 threads)  14%|████▍                         |  ETA: 2:54:20
Sampling (4 threads)  15%|████▌                         |  ETA: 2:47:32
Sampling (4 threads)  16%|████▋                         |  ETA: 2:59:00
Sampling (4 threads)  16%|████▊                         |  ETA: 2:52:23
Sampling (4 threads)  16%|█████                         |  ETA: 2:46:10
Sampling (4 threads)  17%|█████▏                        |  ETA: 2:58:45
Sampling (4 threads)  18%|█████▎                        |  ETA: 2:52:36
Sampling (4 threads)  18%|█████▍                        |  ETA: 2:46:47
Sampling (4 threads)  18%|█████▌                        |  ETA: 2:41:17
Sampling (4 threads)  19%|█████▊                        |  ETA: 2:49:15
Sampling (4 threads)  20%|█████▉                        |  ETA: 2:43:53
Sampling (4 threads)  20%|██████                        |  ETA: 2:38:48
Sampling (4 threads)  20%|██████▏                       |  ETA: 2:43:09
Sampling (4 threads)  21%|██████▎                       |  ETA: 2:38:16
Sampling (4 threads)  22%|██████▌                       |  ETA: 2:48:35
Sampling (4 threads)  22%|██████▋                       |  ETA: 2:43:42
Sampling (4 threads)  22%|██████▊                       |  ETA: 2:39:02
Sampling (4 threads)  23%|██████▉                       |  ETA: 2:45:55
Sampling (4 threads)  24%|███████                       |  ETA: 2:41:20
Sampling (4 threads)  24%|███████▎                      |  ETA: 2:36:57
Sampling (4 threads)  24%|███████▍                      |  ETA: 2:32:44
Sampling (4 threads)  25%|███████▌                      |  ETA: 2:43:42
Sampling (4 threads)  26%|███████▋                      |  ETA: 2:39:25
Sampling (4 threads)  26%|███████▊                      |  ETA: 2:35:18
Sampling (4 threads)  26%|████████                      |  ETA: 2:50:17
Sampling (4 threads)  27%|████████▏                     |  ETA: 2:46:00
Sampling (4 threads)  28%|████████▎                     |  ETA: 2:41:52
Sampling (4 threads)  28%|████████▍                     |  ETA: 2:45:47
Sampling (4 threads)  28%|████████▌                     |  ETA: 2:41:45
Sampling (4 threads)  29%|████████▊                     |  ETA: 2:42:42
Sampling (4 threads)  30%|████████▉                     |  ETA: 2:38:49
Sampling (4 threads)  30%|█████████                     |  ETA: 2:50:10
Sampling (4 threads)  30%|█████████▏                    |  ETA: 2:46:11
Sampling (4 threads)  31%|█████████▎                    |  ETA: 2:42:19
Sampling (4 threads)  32%|█████████▌                    |  ETA: 2:38:35
Sampling (4 threads)  32%|█████████▋                    |  ETA: 2:44:09
Sampling (4 threads)  32%|█████████▊                    |  ETA: 2:40:26
Sampling (4 threads)  33%|█████████▉                    |  ETA: 2:43:16
Sampling (4 threads)  34%|██████████                    |  ETA: 2:39:38
Sampling (4 threads)  34%|██████████▎                   |  ETA: 2:36:06
Sampling (4 threads)  34%|██████████▍                   |  ETA: 2:41:00
Sampling (4 threads)  35%|██████████▌                   |  ETA: 2:37:29
Sampling (4 threads)  36%|██████████▋                   |  ETA: 2:34:04
Sampling (4 threads)  36%|██████████▊                   |  ETA: 2:30:45
Sampling (4 threads)  36%|███████████                   |  ETA: 2:30:59
Sampling (4 threads)  37%|███████████▏                  |  ETA: 2:27:46
Sampling (4 threads)  38%|███████████▎                  |  ETA: 2:30:35
Sampling (4 threads)  38%|███████████▍                  |  ETA: 2:27:24
Sampling (4 threads)  38%|███████████▌                  |  ETA: 2:24:19
Sampling (4 threads)  39%|███████████▊                  |  ETA: 2:25:01
Sampling (4 threads)  40%|███████████▉                  |  ETA: 2:22:01
Sampling (4 threads)  40%|████████████                  |  ETA: 2:19:05
Sampling (4 threads)  40%|████████████▏                 |  ETA: 2:19:33
Sampling (4 threads)  41%|████████████▎                 |  ETA: 2:16:41
Sampling (4 threads)  42%|████████████▌                 |  ETA: 2:15:34
Sampling (4 threads)  42%|████████████▋                 |  ETA: 2:12:48
Sampling (4 threads)  42%|████████████▊                 |  ETA: 2:13:22
Sampling (4 threads)  43%|████████████▉                 |  ETA: 2:10:40
Sampling (4 threads)  44%|█████████████                 |  ETA: 2:10:30
Sampling (4 threads)  44%|█████████████▎                |  ETA: 2:07:52
Sampling (4 threads)  44%|█████████████▍                |  ETA: 2:05:18
Sampling (4 threads)  45%|█████████████▌                |  ETA: 2:04:58
Sampling (4 threads)  46%|█████████████▋                |  ETA: 2:02:28
Sampling (4 threads)  46%|█████████████▊                |  ETA: 2:02:31
Sampling (4 threads)  46%|██████████████                |  ETA: 2:00:05
Sampling (4 threads)  47%|██████████████▏               |  ETA: 1:57:42
Sampling (4 threads)  48%|██████████████▎               |  ETA: 1:57:12
Sampling (4 threads)  48%|██████████████▍               |  ETA: 1:54:52
Sampling (4 threads)  48%|██████████████▌               |  ETA: 1:55:19
Sampling (4 threads)  49%|██████████████▊               |  ETA: 1:53:02
Sampling (4 threads)  50%|██████████████▉               |  ETA: 1:50:48
Sampling (4 threads)  50%|███████████████               |  ETA: 1:51:45
Sampling (4 threads)  50%|███████████████▏              |  ETA: 1:49:32
Sampling (4 threads)  51%|███████████████▎              |  ETA: 1:47:22
Sampling (4 threads)  52%|███████████████▌              |  ETA: 1:48:20
Sampling (4 threads)  52%|███████████████▋              |  ETA: 1:46:11
Sampling (4 threads)  52%|███████████████▊              |  ETA: 1:44:05
Sampling (4 threads)  53%|███████████████▉              |  ETA: 1:42:01
Sampling (4 threads)  54%|████████████████              |  ETA: 1:42:58
Sampling (4 threads)  54%|████████████████▎             |  ETA: 1:40:55
Sampling (4 threads)  55%|████████████████▍             |  ETA: 1:41:58
Sampling (4 threads)  55%|████████████████▌             |  ETA: 1:39:55
Sampling (4 threads)  56%|████████████████▋             |  ETA: 1:37:55
Sampling (4 threads)  56%|████████████████▊             |  ETA: 1:35:57
Sampling (4 threads)  56%|█████████████████             |  ETA: 1:35:34
Sampling (4 threads)  57%|█████████████████▏            |  ETA: 1:33:39
Sampling (4 threads)  57%|█████████████████▎            |  ETA: 1:35:29
Sampling (4 threads)  58%|█████████████████▍            |  ETA: 1:33:33
Sampling (4 threads)  58%|█████████████████▌            |  ETA: 1:31:39
Sampling (4 threads)  59%|█████████████████▊            |  ETA: 1:29:47
Sampling (4 threads)  60%|█████████████████▉            |  ETA: 1:29:49
Sampling (4 threads)  60%|██████████████████            |  ETA: 1:27:58
Sampling (4 threads)  60%|██████████████████▏           |  ETA: 1:26:09
Sampling (4 threads)  61%|██████████████████▎           |  ETA: 1:26:46
Sampling (4 threads)  62%|██████████████████▌           |  ETA: 1:24:58
Sampling (4 threads)  62%|██████████████████▋           |  ETA: 1:23:11
Sampling (4 threads)  62%|██████████████████▊           |  ETA: 1:23:36
Sampling (4 threads)  63%|██████████████████▉           |  ETA: 1:21:50
Sampling (4 threads)  64%|███████████████████           |  ETA: 1:20:05
Sampling (4 threads)  64%|███████████████████▎          |  ETA: 1:18:23
Sampling (4 threads)  64%|███████████████████▍          |  ETA: 1:18:34
Sampling (4 threads)  65%|███████████████████▌          |  ETA: 1:16:52
Sampling (4 threads)  66%|███████████████████▋          |  ETA: 1:15:12
Sampling (4 threads)  66%|███████████████████▊          |  ETA: 1:15:31
Sampling (4 threads)  66%|████████████████████          |  ETA: 1:13:51
Sampling (4 threads)  67%|████████████████████▏         |  ETA: 1:12:12
Sampling (4 threads)  68%|████████████████████▎         |  ETA: 1:10:35
Sampling (4 threads)  68%|████████████████████▍         |  ETA: 1:10:37
Sampling (4 threads)  68%|████████████████████▌         |  ETA: 1:09:01
Sampling (4 threads)  69%|████████████████████▊         |  ETA: 1:07:25
Sampling (4 threads)  70%|████████████████████▉         |  ETA: 1:07:58
Sampling (4 threads)  70%|█████████████████████         |  ETA: 1:06:22
Sampling (4 threads)  70%|█████████████████████▏        |  ETA: 1:04:48
Sampling (4 threads)  71%|█████████████████████▎        |  ETA: 1:05:11
Sampling (4 threads)  72%|█████████████████████▌        |  ETA: 1:03:36
Sampling (4 threads)  72%|█████████████████████▋        |  ETA: 1:02:03
Sampling (4 threads)  72%|█████████████████████▊        |  ETA: 1:00:32
Sampling (4 threads)  73%|█████████████████████▉        |  ETA: 1:01:10
Sampling (4 threads)  74%|██████████████████████        |  ETA: 0:59:38
Sampling (4 threads)  74%|██████████████████████▎       |  ETA: 0:58:07
Sampling (4 threads)  74%|██████████████████████▍       |  ETA: 0:57:21
Sampling (4 threads)  75%|██████████████████████▌       |  ETA: 0:56:04
Sampling (4 threads)  76%|██████████████████████▋       |  ETA: 0:54:53
Sampling (4 threads)  76%|██████████████████████▊       |  ETA: 0:54:08
Sampling (4 threads)  76%|███████████████████████       |  ETA: 0:52:56
Sampling (4 threads)  77%|███████████████████████▏      |  ETA: 0:52:06
Sampling (4 threads)  78%|███████████████████████▎      |  ETA: 0:51:17
Sampling (4 threads)  78%|███████████████████████▍      |  ETA: 0:50:02
Sampling (4 threads)  78%|███████████████████████▌      |  ETA: 0:49:09
Sampling (4 threads)  79%|███████████████████████▊      |  ETA: 0:48:05
Sampling (4 threads)  80%|███████████████████████▉      |  ETA: 0:47:12
Sampling (4 threads)  80%|████████████████████████      |  ETA: 0:45:54
Sampling (4 threads)  80%|████████████████████████▏     |  ETA: 0:44:51
Sampling (4 threads)  81%|████████████████████████▎     |  ETA: 0:43:51
Sampling (4 threads)  82%|████████████████████████▌     |  ETA: 0:42:52
Sampling (4 threads)  82%|████████████████████████▋     |  ETA: 0:41:53
Sampling (4 threads)  82%|████████████████████████▊     |  ETA: 0:40:52
Sampling (4 threads)  83%|████████████████████████▉     |  ETA: 0:39:41
Sampling (4 threads)  84%|█████████████████████████     |  ETA: 0:38:51
Sampling (4 threads)  84%|█████████████████████████▎    |  ETA: 0:37:47
Sampling (4 threads)  84%|█████████████████████████▍    |  ETA: 0:36:35
Sampling (4 threads)  85%|█████████████████████████▌    |  ETA: 0:35:44
Sampling (4 threads)  86%|█████████████████████████▋    |  ETA: 0:34:35
Sampling (4 threads)  86%|█████████████████████████▊    |  ETA: 0:33:29
Sampling (4 threads)  86%|██████████████████████████    |  ETA: 0:32:20
Sampling (4 threads)  87%|██████████████████████████▏   |  ETA: 0:31:12
Sampling (4 threads)  88%|██████████████████████████▎   |  ETA: 0:30:06
Sampling (4 threads)  88%|██████████████████████████▍   |  ETA: 0:28:58
Sampling (4 threads)  88%|██████████████████████████▌   |  ETA: 0:27:54
Sampling (4 threads)  89%|██████████████████████████▊   |  ETA: 0:26:41
Sampling (4 threads)  90%|██████████████████████████▉   |  ETA: 0:25:30
Sampling (4 threads)  90%|███████████████████████████   |  ETA: 0:24:17
Sampling (4 threads)  90%|███████████████████████████▏  |  ETA: 0:23:05
Sampling (4 threads)  91%|███████████████████████████▎  |  ETA: 0:21:55
Sampling (4 threads)  92%|███████████████████████████▌  |  ETA: 0:20:48
Sampling (4 threads)  92%|███████████████████████████▋  |  ETA: 0:19:40
Sampling (4 threads)  92%|███████████████████████████▊  |  ETA: 0:18:33
Sampling (4 threads)  93%|███████████████████████████▉  |  ETA: 0:17:23
Sampling (4 threads)  94%|████████████████████████████  |  ETA: 0:16:14
Sampling (4 threads)  94%|████████████████████████████▎ |  ETA: 0:15:11
Sampling (4 threads)  94%|████████████████████████████▍ |  ETA: 0:14:07
Sampling (4 threads)  95%|████████████████████████████▌ |  ETA: 0:12:57
Sampling (4 threads)  96%|████████████████████████████▋ |  ETA: 0:11:59
Sampling (4 threads)  96%|████████████████████████████▊ |  ETA: 0:10:51
Sampling (4 threads)  96%|█████████████████████████████ |  ETA: 0:09:35
Sampling (4 threads)  97%|█████████████████████████████▏|  ETA: 0:08:24
Sampling (4 threads)  98%|█████████████████████████████▎|  ETA: 0:07:07
Sampling (4 threads)  98%|█████████████████████████████▍|  ETA: 0:05:47
Sampling (4 threads)  98%|█████████████████████████████▌|  ETA: 0:04:24
Sampling (4 threads)  99%|█████████████████████████████▊|  ETA: 0:03:01
Sampling (4 threads) 100%|█████████████████████████████▉|  ETA: 0:01:32
Sampling (4 threads) 100%|██████████████████████████████| Time: 5:11:00
Sampling (4 threads) 100%|██████████████████████████████| Time: 5:11:01
ERROR: LoadError: ArgumentError: column name :ab_w[1, 1] not found in the data frame
Stacktrace:
 [1] lookupname
   @ ~/.julia/packages/DataFrames/b4w9K/src/other/index.jl:431 [inlined]
 [2] getindex
   @ ~/.julia/packages/DataFrames/b4w9K/src/other/index.jl:440 [inlined]
 [3] getindex
   @ ~/.julia/packages/DataFrames/b4w9K/src/other/index.jl:441 [inlined]
 [4] getindex(df::DataFrame, ::Colon, col_ind::String)
   @ DataFrames ~/.julia/packages/DataFrames/b4w9K/src/dataframe/dataframe.jl:543
 [5] plotGraphs(outputDir::String, wordTypes::Vector{String}, cols::Vector{RGB{Float64}}, noPCS::Int64)
   @ Main ~/bayesian/BC4/Bayes/wordType_experiments/plottingFuncs.jl:246
 [6] concludeAndPlot(m::Chains{Float64, AxisArray{Float64, 3, Array{Float64, 3}, Tuple{Axis{:iter, StepRange{Int64, Int64}}, Axis{:var, Vector{Symbol}}, Axis{:chain, UnitRange{Int64}}}}, Missing, @NamedTuple{parameters::Vector{Symbol}, internals::Vector{Symbol}}, @NamedTuple{varname_to_symbol::OrderedDict{AbstractPPL.VarName, Symbol}, start_time::Vector{Float64}, stop_time::Vector{Float64}, samplerstate::Vector{Nothing}}}, output_loc::String, pc::Int64, wordTypes::Vector{String}, cols::Vector{RGB{Float64}}, noPCS::Int64)
   @ Main ~/bayesian/BC4/Bayes/wordType_experiments/plottingFuncs.jl:21
 [7] runModel(model::DynamicPPL.Model{typeof(model_tp), (:participant, :word, :surprisal, :tags, :PCA, :ExpMean, :cauchyMean, :NUM_TYPES, :NUM_PARTICIPANTS), (), (), Tuple{Vector{Int64}, Vector{Float64}, Vector{Float64}, Vector{Int64}, Vector{Float64}, Float64, Float64, Int64, Int64}, Tuple{}, DynamicPPL.DefaultContext}, df_modified::DataFrame, dfPCA::DataFrame, pc::Int64, NUM_PARTICIPANTS::Int64, NUM_WORDS::Int64, TYPE_STRUCTURE::String, NUM_TYPES::Int64, wordTypes::Vector{String}, cols::Vector{RGB{Float64}}, isPlotting::Int64, analyseEssRhat::Int64, output_loc::String, expMean::Float64, cauchyMean::Float64, noPCS::Int64, noInChain::Int64)
   @ Main ~/bayesian/BC4/Bayes/wordType_experiments/model_master.jl:130
 [8] top-level scope
   @ ~/bayesian/BC4/Bayes/wordType_experiments/models/Z_totallyPooled/model.jl:12
in expression starting at /user/home/em18564/bayesian/BC4/Bayes/wordType_experiments/models/Z_totallyPooled/model.jl:12

caused by: DimensionMismatch: tried to assign 4000-element array to 1×1×1×1000 destination
Stacktrace:
  [1] throw_setindex_mismatch(X::Vector{Float64}, I::NTuple{4, Int64})
    @ Base ./indices.jl:193
  [2] setindex_shape_check
    @ ./indices.jl:219 [inlined]
  [3] macro expansion
    @ ./multidimensional.jl:953 [inlined]
  [4] _unsafe_setindex!(::IndexLinear, ::Array{Float64, 4}, ::Vector{Float64}, ::Int64, ::Int64, ::Int64, ::Base.Slice{Base.OneTo{Int64}})
    @ Base ./multidimensional.jl:967
  [5] _setindex!
    @ ./multidimensional.jl:944 [inlined]
  [6] setindex!
    @ ./abstractarray.jl:1396 [inlined]
  [7] plotGraphs(outputDir::String, wordTypes::Vector{String}, cols::Vector{RGB{Float64}}, noPCS::Int64)
    @ Main ~/bayesian/BC4/Bayes/wordType_experiments/plottingFuncs.jl:237
  [8] concludeAndPlot(m::Chains{Float64, AxisArray{Float64, 3, Array{Float64, 3}, Tuple{Axis{:iter, StepRange{Int64, Int64}}, Axis{:var, Vector{Symbol}}, Axis{:chain, UnitRange{Int64}}}}, Missing, @NamedTuple{parameters::Vector{Symbol}, internals::Vector{Symbol}}, @NamedTuple{varname_to_symbol::OrderedDict{AbstractPPL.VarName, Symbol}, start_time::Vector{Float64}, stop_time::Vector{Float64}, samplerstate::Vector{Nothing}}}, output_loc::String, pc::Int64, wordTypes::Vector{String}, cols::Vector{RGB{Float64}}, noPCS::Int64)
    @ Main ~/bayesian/BC4/Bayes/wordType_experiments/plottingFuncs.jl:21
  [9] runModel(model::DynamicPPL.Model{typeof(model_tp), (:participant, :word, :surprisal, :tags, :PCA, :ExpMean, :cauchyMean, :NUM_TYPES, :NUM_PARTICIPANTS), (), (), Tuple{Vector{Int64}, Vector{Float64}, Vector{Float64}, Vector{Int64}, Vector{Float64}, Float64, Float64, Int64, Int64}, Tuple{}, DynamicPPL.DefaultContext}, df_modified::DataFrame, dfPCA::DataFrame, pc::Int64, NUM_PARTICIPANTS::Int64, NUM_WORDS::Int64, TYPE_STRUCTURE::String, NUM_TYPES::Int64, wordTypes::Vector{String}, cols::Vector{RGB{Float64}}, isPlotting::Int64, analyseEssRhat::Int64, output_loc::String, expMean::Float64, cauchyMean::Float64, noPCS::Int64, noInChain::Int64)
    @ Main ~/bayesian/BC4/Bayes/wordType_experiments/model_master.jl:130
 [10] top-level scope
    @ ~/bayesian/BC4/Bayes/wordType_experiments/models/Z_totallyPooled/model.jl:12

caused by: ArgumentError: column name "σ_w[1]" not found in the data frame; existing most similar names are: "a_ws[1]" and "b_ws[1]"
Stacktrace:
  [1] lookupname
    @ ~/.julia/packages/DataFrames/b4w9K/src/other/index.jl:434 [inlined]
  [2] getindex
    @ ~/.julia/packages/DataFrames/b4w9K/src/other/index.jl:440 [inlined]
  [3] getindex
    @ ~/.julia/packages/DataFrames/b4w9K/src/other/index.jl:441 [inlined]
  [4] getindex(df::DataFrame, ::Colon, col_ind::String)
    @ DataFrames ~/.julia/packages/DataFrames/b4w9K/src/dataframe/dataframe.jl:543
  [5] (::var"#47#56"{DataFrame})(innerI::Int64)
    @ Main ./none:0
  [6] iterate
    @ ./generator.jl:47 [inlined]
  [7] collect(itr::Base.Generator{UnitRange{Int64}, var"#47#56"{DataFrame}})
    @ Base ./array.jl:834
  [8] plotGraphs(outputDir::String, wordTypes::Vector{String}, cols::Vector{RGB{Float64}}, noPCS::Int64)
    @ Main ~/bayesian/BC4/Bayes/wordType_experiments/plottingFuncs.jl:219
  [9] concludeAndPlot(m::Chains{Float64, AxisArray{Float64, 3, Array{Float64, 3}, Tuple{Axis{:iter, StepRange{Int64, Int64}}, Axis{:var, Vector{Symbol}}, Axis{:chain, UnitRange{Int64}}}}, Missing, @NamedTuple{parameters::Vector{Symbol}, internals::Vector{Symbol}}, @NamedTuple{varname_to_symbol::OrderedDict{AbstractPPL.VarName, Symbol}, start_time::Vector{Float64}, stop_time::Vector{Float64}, samplerstate::Vector{Nothing}}}, output_loc::String, pc::Int64, wordTypes::Vector{String}, cols::Vector{RGB{Float64}}, noPCS::Int64)
    @ Main ~/bayesian/BC4/Bayes/wordType_experiments/plottingFuncs.jl:21
 [10] runModel(model::DynamicPPL.Model{typeof(model_tp), (:participant, :word, :surprisal, :tags, :PCA, :ExpMean, :cauchyMean, :NUM_TYPES, :NUM_PARTICIPANTS), (), (), Tuple{Vector{Int64}, Vector{Float64}, Vector{Float64}, Vector{Int64}, Vector{Float64}, Float64, Float64, Int64, Int64}, Tuple{}, DynamicPPL.DefaultContext}, df_modified::DataFrame, dfPCA::DataFrame, pc::Int64, NUM_PARTICIPANTS::Int64, NUM_WORDS::Int64, TYPE_STRUCTURE::String, NUM_TYPES::Int64, wordTypes::Vector{String}, cols::Vector{RGB{Float64}}, isPlotting::Int64, analyseEssRhat::Int64, output_loc::String, expMean::Float64, cauchyMean::Float64, noPCS::Int64, noInChain::Int64)
    @ Main ~/bayesian/BC4/Bayes/wordType_experiments/model_master.jl:130
 [11] top-level scope
    @ ~/bayesian/BC4/Bayes/wordType_experiments/models/Z_totallyPooled/model.jl:12
┌ Warning: Runtime invalidation was disabled, but the CPU info is out-of-date.
│ Will continue with incorrect CPU name (from build time).
└ @ HostCPUFeatures ~/.julia/packages/HostCPUFeatures/ZTXz4/src/cpu_info.jl:71
┌ Warning: Runtime invalidation was disabled, but the CPU info is out-of-date.
│ Will continue with incorrect CPU feature flag: +avx512vnni.
└ @ HostCPUFeatures ~/.julia/packages/HostCPUFeatures/ZTXz4/src/cpu_info.jl:56
┌ Warning: Runtime invalidation was disabled, but the CPU info is out-of-date.
│ Will continue with incorrect CPU feature flag: -rtm.
└ @ HostCPUFeatures ~/.julia/packages/HostCPUFeatures/ZTXz4/src/cpu_info.jl:56
Sampling (4 threads)   0%|                              |  ETA: N/A
┌ Info: Found initial step size
└   ϵ = 0.0015625
┌ Info: Found initial step size
└   ϵ = 0.003125
┌ Info: Found initial step size
└   ϵ = 0.00625
┌ Info: Found initial step size
└   ϵ = 0.0015625
Sampling (4 threads)   0%|▏                             |  ETA: 3:23:54
Sampling (4 threads)   1%|▎                             |  ETA: 1:41:32
Sampling (4 threads)   2%|▌                             |  ETA: 1:07:21
Sampling (4 threads)   2%|▋                             |  ETA: 1:31:55
Sampling (4 threads)   2%|▊                             |  ETA: 1:13:10
Sampling (4 threads)   3%|▉                             |  ETA: 2:36:46
Sampling (4 threads)   4%|█                             |  ETA: 2:13:40
Sampling (4 threads)   4%|█▎                            |  ETA: 2:56:01
Sampling (4 threads)   4%|█▍                            |  ETA: 2:35:39
Sampling (4 threads)   5%|█▌                            |  ETA: 3:02:30
Sampling (4 threads)   6%|█▋                            |  ETA: 2:45:02
Sampling (4 threads)   6%|█▊                            |  ETA: 3:48:35
Sampling (4 threads)   6%|██                            |  ETA: 3:29:53
Sampling (4 threads)   7%|██▏                           |  ETA: 3:13:51
Sampling (4 threads)   8%|██▎                           |  ETA: 4:15:17
Sampling (4 threads)   8%|██▍                           |  ETA: 3:58:02
Sampling (4 threads)   8%|██▌                           |  ETA: 3:42:49
Sampling (4 threads)   9%|██▊                           |  ETA: 4:28:41
Sampling (4 threads)  10%|██▉                           |  ETA: 4:13:09
Sampling (4 threads)  10%|███                           |  ETA: 3:59:10
Sampling (4 threads)  10%|███▏                          |  ETA: 4:06:39
Sampling (4 threads)  11%|███▎                          |  ETA: 3:54:07
Sampling (4 threads)  12%|███▌                          |  ETA: 3:59:27
Sampling (4 threads)  12%|███▋                          |  ETA: 3:48:11
Sampling (4 threads)  12%|███▊                          |  ETA: 3:55:56
Sampling (4 threads)  13%|███▉                          |  ETA: 3:45:34
Sampling (4 threads)  14%|████                          |  ETA: 3:55:10
Sampling (4 threads)  14%|████▎                         |  ETA: 3:45:27
Sampling (4 threads)  14%|████▍                         |  ETA: 3:36:25
Sampling (4 threads)  15%|████▌                         |  ETA: 3:50:44
Sampling (4 threads)  16%|████▋                         |  ETA: 3:41:59
Sampling (4 threads)  16%|████▊                         |  ETA: 3:33:46
Sampling (4 threads)  16%|█████                         |  ETA: 3:40:57
Sampling (4 threads)  17%|█████▏                        |  ETA: 3:33:10
Sampling (4 threads)  18%|█████▎                        |  ETA: 3:43:34
Sampling (4 threads)  18%|█████▍                        |  ETA: 3:36:02
Sampling (4 threads)  18%|█████▌                        |  ETA: 3:40:27
Sampling (4 threads)  19%|█████▊                        |  ETA: 3:33:20
Sampling (4 threads)  20%|█████▉                        |  ETA: 3:41:57
Sampling (4 threads)  20%|██████                        |  ETA: 3:35:03
Sampling (4 threads)  20%|██████▏                       |  ETA: 3:46:32
Sampling (4 threads)  21%|██████▎                       |  ETA: 3:39:45
Sampling (4 threads)  22%|██████▌                       |  ETA: 3:33:17
Sampling (4 threads)  22%|██████▋                       |  ETA: 3:42:53
Sampling (4 threads)  22%|██████▊                       |  ETA: 3:36:32
Sampling (4 threads)  23%|██████▉                       |  ETA: 3:30:27
Sampling (4 threads)  24%|███████                       |  ETA: 3:43:32
Sampling (4 threads)  24%|███████▎                      |  ETA: 3:37:27
Sampling (4 threads)  24%|███████▍                      |  ETA: 3:31:37
Sampling (4 threads)  25%|███████▌                      |  ETA: 3:38:18
Sampling (4 threads)  26%|███████▋                      |  ETA: 3:32:36
Sampling (4 threads)  26%|███████▊                      |  ETA: 3:27:07
Sampling (4 threads)  26%|████████                      |  ETA: 3:35:20
Sampling (4 threads)  27%|████████▏                     |  ETA: 3:29:55
Sampling (4 threads)  28%|████████▎                     |  ETA: 3:24:41
Sampling (4 threads)  28%|████████▍                     |  ETA: 3:33:45
Sampling (4 threads)  28%|████████▌                     |  ETA: 3:28:33
Sampling (4 threads)  29%|████████▊                     |  ETA: 3:23:31
Sampling (4 threads)  30%|████████▉                     |  ETA: 3:28:21
Sampling (4 threads)  30%|█████████                     |  ETA: 3:23:26
Sampling (4 threads)  30%|█████████▏                    |  ETA: 3:22:28
Sampling (4 threads)  31%|█████████▎                    |  ETA: 3:17:46
Sampling (4 threads)  32%|█████████▌                    |  ETA: 3:13:13
Sampling (4 threads)  32%|█████████▋                    |  ETA: 3:18:13
Sampling (4 threads)  32%|█████████▊                    |  ETA: 3:13:44
Sampling (4 threads)  33%|█████████▉                    |  ETA: 3:09:23
Sampling (4 threads)  34%|██████████                    |  ETA: 3:05:10
Sampling (4 threads)  34%|██████████▎                   |  ETA: 3:05:04
Sampling (4 threads)  34%|██████████▍                   |  ETA: 3:01:00
Sampling (4 threads)  35%|██████████▌                   |  ETA: 3:01:17
Sampling (4 threads)  36%|██████████▋                   |  ETA: 2:57:21
Sampling (4 threads)  36%|██████████▊                   |  ETA: 2:53:32
Sampling (4 threads)  36%|███████████                   |  ETA: 2:53:14
Sampling (4 threads)  37%|███████████▏                  |  ETA: 2:49:33
Sampling (4 threads)  38%|███████████▎                  |  ETA: 2:51:00
Sampling (4 threads)  38%|███████████▍                  |  ETA: 2:47:24
Sampling (4 threads)  38%|███████████▌                  |  ETA: 2:43:53
Sampling (4 threads)  39%|███████████▊                  |  ETA: 2:44:50
Sampling (4 threads)  40%|███████████▉                  |  ETA: 2:41:24
Sampling (4 threads)  40%|████████████                  |  ETA: 2:38:04
Sampling (4 threads)  40%|████████████▏                 |  ETA: 2:34:49
Sampling (4 threads)  41%|████████████▎                 |  ETA: 2:35:33
Sampling (4 threads)  42%|████████████▌                 |  ETA: 2:32:22
Sampling (4 threads)  42%|████████████▋                 |  ETA: 2:29:16
Sampling (4 threads)  42%|████████████▊                 |  ETA: 2:31:33
Sampling (4 threads)  43%|████████████▉                 |  ETA: 2:28:29
Sampling (4 threads)  44%|█████████████                 |  ETA: 2:25:29
Sampling (4 threads)  44%|█████████████▎                |  ETA: 2:24:38
Sampling (4 threads)  44%|█████████████▍                |  ETA: 2:21:44
Sampling (4 threads)  45%|█████████████▌                |  ETA: 2:21:36
Sampling (4 threads)  46%|█████████████▋                |  ETA: 2:18:46
Sampling (4 threads)  46%|█████████████▊                |  ETA: 2:16:00
Sampling (4 threads)  46%|██████████████                |  ETA: 2:17:37
Sampling (4 threads)  47%|██████████████▏               |  ETA: 2:14:52
Sampling (4 threads)  48%|██████████████▎               |  ETA: 2:12:12
Sampling (4 threads)  48%|██████████████▍               |  ETA: 2:12:38
Sampling (4 threads)  48%|██████████████▌               |  ETA: 2:10:00
Sampling (4 threads)  49%|██████████████▊               |  ETA: 2:08:56
Sampling (4 threads)  50%|██████████████▉               |  ETA: 2:06:22
Sampling (4 threads)  50%|███████████████               |  ETA: 2:05:17
Sampling (4 threads)  50%|███████████████▏              |  ETA: 2:02:48
Sampling (4 threads)  51%|███████████████▎              |  ETA: 2:02:16
Sampling (4 threads)  52%|███████████████▌              |  ETA: 1:59:51
Sampling (4 threads)  52%|███████████████▋              |  ETA: 1:59:24
Sampling (4 threads)  52%|███████████████▊              |  ETA: 1:57:02
Sampling (4 threads)  53%|███████████████▉              |  ETA: 1:54:42
Sampling (4 threads)  54%|████████████████              |  ETA: 1:53:23
Sampling (4 threads)  54%|████████████████▎             |  ETA: 1:51:07
Sampling (4 threads)  55%|████████████████▍             |  ETA: 1:50:35
Sampling (4 threads)  55%|████████████████▌             |  ETA: 1:48:23
Sampling (4 threads)  56%|████████████████▋             |  ETA: 1:48:10
Sampling (4 threads)  56%|████████████████▊             |  ETA: 1:46:00
Sampling (4 threads)  56%|█████████████████             |  ETA: 1:45:03
Sampling (4 threads)  57%|█████████████████▏            |  ETA: 1:42:56
Sampling (4 threads)  57%|█████████████████▎            |  ETA: 1:40:51
Sampling (4 threads)  58%|█████████████████▍            |  ETA: 1:40:05
Sampling (4 threads)  58%|█████████████████▌            |  ETA: 1:38:03
Sampling (4 threads)  59%|█████████████████▊            |  ETA: 1:36:03
Sampling (4 threads)  60%|█████████████████▉            |  ETA: 1:36:16
Sampling (4 threads)  60%|██████████████████            |  ETA: 1:34:17
Sampling (4 threads)  60%|██████████████████▏           |  ETA: 1:33:55
Sampling (4 threads)  61%|██████████████████▎           |  ETA: 1:31:58
Sampling (4 threads)  62%|██████████████████▌           |  ETA: 1:30:47
Sampling (4 threads)  62%|██████████████████▋           |  ETA: 1:28:53
Sampling (4 threads)  62%|██████████████████▊           |  ETA: 1:28:14
Sampling (4 threads)  63%|██████████████████▉           |  ETA: 1:26:22
Sampling (4 threads)  64%|███████████████████           |  ETA: 1:24:37
Sampling (4 threads)  64%|███████████████████▎          |  ETA: 1:23:20
Sampling (4 threads)  64%|███████████████████▍          |  ETA: 1:22:42
Sampling (4 threads)  65%|███████████████████▌          |  ETA: 1:21:22
Sampling (4 threads)  66%|███████████████████▋          |  ETA: 1:20:15
Sampling (4 threads)  66%|███████████████████▊          |  ETA: 1:18:52
Sampling (4 threads)  66%|████████████████████          |  ETA: 1:18:01
Sampling (4 threads)  67%|████████████████████▏         |  ETA: 1:17:14
Sampling (4 threads)  68%|████████████████████▎         |  ETA: 1:16:13
Sampling (4 threads)  68%|████████████████████▍         |  ETA: 1:15:07
Sampling (4 threads)  68%|████████████████████▌         |  ETA: 1:14:54
Sampling (4 threads)  69%|████████████████████▊         |  ETA: 1:13:47
Sampling (4 threads)  70%|████████████████████▉         |  ETA: 1:12:22
Sampling (4 threads)  70%|█████████████████████         |  ETA: 1:11:34
Sampling (4 threads)  70%|█████████████████████▏        |  ETA: 1:10:47
Sampling (4 threads)  71%|█████████████████████▎        |  ETA: 1:09:48
Sampling (4 threads)  72%|█████████████████████▌        |  ETA: 1:08:51
Sampling (4 threads)  72%|█████████████████████▋        |  ETA: 1:07:32
Sampling (4 threads)  72%|█████████████████████▊        |  ETA: 1:06:30
Sampling (4 threads)  73%|█████████████████████▉        |  ETA: 1:05:29
Sampling (4 threads)  74%|██████████████████████        |  ETA: 1:04:44
Sampling (4 threads)  74%|██████████████████████▎       |  ETA: 1:03:41
Sampling (4 threads)  74%|██████████████████████▍       |  ETA: 1:02:26
Sampling (4 threads)  75%|██████████████████████▌       |  ETA: 1:01:54
Sampling (4 threads)  76%|██████████████████████▋       |  ETA: 1:01:02
Sampling (4 threads)  76%|██████████████████████▊       |  ETA: 0:59:52
Sampling (4 threads)  76%|███████████████████████       |  ETA: 0:58:44
Sampling (4 threads)  77%|███████████████████████▏      |  ETA: 0:57:29
Sampling (4 threads)  78%|███████████████████████▎      |  ETA: 0:56:19
Sampling (4 threads)  78%|███████████████████████▍      |  ETA: 0:55:29
Sampling (4 threads)  78%|███████████████████████▌      |  ETA: 0:54:10
Sampling (4 threads)  79%|███████████████████████▊      |  ETA: 0:53:08
Sampling (4 threads)  80%|███████████████████████▉      |  ETA: 0:51:59
Sampling (4 threads)  80%|████████████████████████      |  ETA: 0:51:13
Sampling (4 threads)  80%|████████████████████████▏     |  ETA: 0:50:02
Sampling (4 threads)  81%|████████████████████████▎     |  ETA: 0:48:39
Sampling (4 threads)  82%|████████████████████████▌     |  ETA: 0:47:35
Sampling (4 threads)  82%|████████████████████████▋     |  ETA: 0:46:18
Sampling (4 threads)  82%|████████████████████████▊     |  ETA: 0:44:53
Sampling (4 threads)  83%|████████████████████████▉     |  ETA: 0:43:32
Sampling (4 threads)  84%|█████████████████████████     |  ETA: 0:42:49
Sampling (4 threads)  84%|█████████████████████████▎    |  ETA: 0:41:44
Sampling (4 threads)  84%|█████████████████████████▍    |  ETA: 0:40:38
Sampling (4 threads)  85%|█████████████████████████▌    |  ETA: 0:39:30
Sampling (4 threads)  86%|█████████████████████████▋    |  ETA: 0:38:35
Sampling (4 threads)  86%|█████████████████████████▊    |  ETA: 0:37:25
Sampling (4 threads)  86%|██████████████████████████    |  ETA: 0:36:31
Sampling (4 threads)  87%|██████████████████████████▏   |  ETA: 0:35:27
Sampling (4 threads)  88%|██████████████████████████▎   |  ETA: 0:34:15
Sampling (4 threads)  88%|██████████████████████████▍   |  ETA: 0:32:58
Sampling (4 threads)  88%|██████████████████████████▌   |  ETA: 0:31:46
Sampling (4 threads)  89%|██████████████████████████▊   |  ETA: 0:31:11
Sampling (4 threads)  90%|██████████████████████████▉   |  ETA: 0:30:40
Sampling (4 threads)  90%|███████████████████████████   |  ETA: 0:30:06
Sampling (4 threads)  90%|███████████████████████████▏  |  ETA: 0:29:29
Sampling (4 threads)  91%|███████████████████████████▎  |  ETA: 0:28:38
Sampling (4 threads)  92%|███████████████████████████▌  |  ETA: 0:27:48
Sampling (4 threads)  92%|███████████████████████████▋  |  ETA: 0:26:58
Sampling (4 threads)  92%|███████████████████████████▊  |  ETA: 0:25:46
Sampling (4 threads)  93%|███████████████████████████▉  |  ETA: 0:24:38
Sampling (4 threads)  94%|████████████████████████████  |  ETA: 0:23:35
Sampling (4 threads)  94%|████████████████████████████▎ |  ETA: 0:22:30
Sampling (4 threads)  94%|████████████████████████████▍ |  ETA: 0:21:11
Sampling (4 threads)  95%|████████████████████████████▌ |  ETA: 0:19:36
Sampling (4 threads)  96%|████████████████████████████▋ |  ETA: 0:18:07
Sampling (4 threads)  96%|████████████████████████████▊ |  ETA: 0:16:32
Sampling (4 threads)  96%|█████████████████████████████ |  ETA: 0:14:40
Sampling (4 threads)  97%|█████████████████████████████▏|  ETA: 0:12:48
Sampling (4 threads)  98%|█████████████████████████████▎|  ETA: 0:10:49
Sampling (4 threads)  98%|█████████████████████████████▍|  ETA: 0:08:49
Sampling (4 threads)  98%|█████████████████████████████▌|  ETA: 0:06:46
Sampling (4 threads)  99%|█████████████████████████████▊|  ETA: 0:04:37
Sampling (4 threads) 100%|█████████████████████████████▉|  ETA: 0:02:21
Sampling (4 threads) 100%|██████████████████████████████| Time: 7:59:41
Sampling (4 threads) 100%|██████████████████████████████| Time: 7:59:42
┌ Warning: Runtime invalidation was disabled, but the CPU info is out-of-date.
│ Will continue with incorrect CPU name (from build time).
└ @ HostCPUFeatures ~/.julia/packages/HostCPUFeatures/ZTXz4/src/cpu_info.jl:71
┌ Warning: Runtime invalidation was disabled, but the CPU info is out-of-date.
│ Will continue with incorrect CPU feature flag: +avx512vnni.
└ @ HostCPUFeatures ~/.julia/packages/HostCPUFeatures/ZTXz4/src/cpu_info.jl:56
┌ Warning: Runtime invalidation was disabled, but the CPU info is out-of-date.
│ Will continue with incorrect CPU feature flag: -rtm.
└ @ HostCPUFeatures ~/.julia/packages/HostCPUFeatures/ZTXz4/src/cpu_info.jl:56
Sampling (4 threads)   0%|                              |  ETA: N/A
┌ Info: Found initial step size
└   ϵ = 0.0015625
┌ Info: Found initial step size
└   ϵ = 0.0015625
┌ Info: Found initial step size
└   ϵ = 0.0015625
┌ Info: Found initial step size
└   ϵ = 0.0015625
Sampling (4 threads)   0%|▏                             |  ETA: 3:58:00
Sampling (4 threads)   1%|▎                             |  ETA: 1:58:31
Sampling (4 threads)   2%|▌                             |  ETA: 1:18:37
Sampling (4 threads)   2%|▋                             |  ETA: 3:34:51
Sampling (4 threads)   2%|▊                             |  ETA: 2:51:00
Sampling (4 threads)   3%|▉                             |  ETA: 2:21:46
Sampling (4 threads)   4%|█                             |  ETA: 3:19:51
Sampling (4 threads)   4%|█▎                            |  ETA: 2:53:57
Sampling (4 threads)   4%|█▍                            |  ETA: 3:19:45
Sampling (4 threads)   5%|█▌                            |  ETA: 2:58:50
Sampling (4 threads)   6%|█▋                            |  ETA: 2:41:43
Sampling (4 threads)   6%|█▊                            |  ETA: 4:16:04
Sampling (4 threads)   6%|██                            |  ETA: 3:55:07
Sampling (4 threads)   7%|██▏                           |  ETA: 4:47:32
Sampling (4 threads)   8%|██▎                           |  ETA: 4:26:55
Sampling (4 threads)   8%|██▍                           |  ETA: 4:08:53
Sampling (4 threads)   8%|██▌                           |  ETA: 3:52:58
Sampling (4 threads)   9%|██▊                           |  ETA: 4:22:48
Sampling (4 threads)  10%|██▉                           |  ETA: 4:07:36
Sampling (4 threads)  10%|███                           |  ETA: 3:53:55
Sampling (4 threads)  10%|███▏                          |  ETA: 4:49:00
Sampling (4 threads)  11%|███▎                          |  ETA: 4:34:20
Sampling (4 threads)  12%|███▌                          |  ETA: 4:20:55
Sampling (4 threads)  12%|███▋                          |  ETA: 4:42:03
Sampling (4 threads)  12%|███▊                          |  ETA: 4:29:13
Sampling (4 threads)  13%|███▉                          |  ETA: 4:17:23
Sampling (4 threads)  14%|████                          |  ETA: 4:31:51
Sampling (4 threads)  14%|████▎                         |  ETA: 4:20:37
Sampling (4 threads)  14%|████▍                         |  ETA: 4:26:30
Sampling (4 threads)  15%|████▌                         |  ETA: 4:16:07
Sampling (4 threads)  16%|████▋                         |  ETA: 4:06:24
Sampling (4 threads)  16%|████▊                         |  ETA: 4:19:54
Sampling (4 threads)  16%|█████                         |  ETA: 4:10:31
Sampling (4 threads)  17%|█████▏                        |  ETA: 4:01:42
Sampling (4 threads)  18%|█████▎                        |  ETA: 3:53:23
Sampling (4 threads)  18%|█████▍                        |  ETA: 4:09:34
Sampling (4 threads)  18%|█████▌                        |  ETA: 4:01:21
Sampling (4 threads)  19%|█████▊                        |  ETA: 4:00:55
Sampling (4 threads)  20%|█████▉                        |  ETA: 3:53:17
Sampling (4 threads)  20%|██████                        |  ETA: 4:06:19
Sampling (4 threads)  20%|██████▏                       |  ETA: 3:58:48
Sampling (4 threads)  21%|██████▎                       |  ETA: 3:51:39
Sampling (4 threads)  22%|██████▌                       |  ETA: 3:53:17
Sampling (4 threads)  22%|██████▋                       |  ETA: 3:46:31
Sampling (4 threads)  22%|██████▊                       |  ETA: 3:48:13
Sampling (4 threads)  23%|██████▉                       |  ETA: 3:41:49
Sampling (4 threads)  24%|███████                       |  ETA: 3:47:46
Sampling (4 threads)  24%|███████▎                      |  ETA: 3:41:34
Sampling (4 threads)  24%|███████▍                      |  ETA: 3:35:37
Sampling (4 threads)  25%|███████▌                      |  ETA: 3:29:54
Sampling (4 threads)  26%|███████▋                      |  ETA: 3:42:27
Sampling (4 threads)  26%|███████▊                      |  ETA: 3:36:42
Sampling (4 threads)  26%|████████                      |  ETA: 3:31:11
Sampling (4 threads)  27%|████████▏                     |  ETA: 3:31:29
Sampling (4 threads)  28%|████████▎                     |  ETA: 3:26:13
Sampling (4 threads)  28%|████████▍                     |  ETA: 3:27:38
Sampling (4 threads)  28%|████████▌                     |  ETA: 3:22:35
Sampling (4 threads)  29%|████████▊                     |  ETA: 3:17:41
Sampling (4 threads)  30%|████████▉                     |  ETA: 3:22:16
Sampling (4 threads)  30%|█████████                     |  ETA: 3:17:29
Sampling (4 threads)  30%|█████████▏                    |  ETA: 3:12:52
Sampling (4 threads)  31%|█████████▎                    |  ETA: 3:22:49
Sampling (4 threads)  32%|█████████▌                    |  ETA: 3:18:09
Sampling (4 threads)  32%|█████████▋                    |  ETA: 3:13:38
Sampling (4 threads)  32%|█████████▊                    |  ETA: 3:09:15
Sampling (4 threads)  33%|█████████▉                    |  ETA: 3:14:18
Sampling (4 threads)  34%|██████████                    |  ETA: 3:09:58
Sampling (4 threads)  34%|██████████▎                   |  ETA: 3:05:46
Sampling (4 threads)  34%|██████████▍                   |  ETA: 3:19:11
Sampling (4 threads)  35%|██████████▌                   |  ETA: 3:14:50
Sampling (4 threads)  36%|██████████▋                   |  ETA: 3:10:37
Sampling (4 threads)  36%|██████████▊                   |  ETA: 3:20:09
Sampling (4 threads)  36%|███████████                   |  ETA: 3:15:52
Sampling (4 threads)  37%|███████████▏                  |  ETA: 3:11:42
Sampling (4 threads)  38%|███████████▎                  |  ETA: 3:15:54
Sampling (4 threads)  38%|███████████▍                  |  ETA: 3:11:46
Sampling (4 threads)  38%|███████████▌                  |  ETA: 3:07:45
Sampling (4 threads)  39%|███████████▊                  |  ETA: 3:09:27
Sampling (4 threads)  40%|███████████▉                  |  ETA: 3:05:31
Sampling (4 threads)  40%|████████████                  |  ETA: 3:01:42
Sampling (4 threads)  40%|████████████▏                 |  ETA: 3:01:47
Sampling (4 threads)  41%|████████████▎                 |  ETA: 2:58:04
Sampling (4 threads)  42%|████████████▌                 |  ETA: 2:57:50
Sampling (4 threads)  42%|████████████▋                 |  ETA: 2:54:13
Sampling (4 threads)  42%|████████████▊                 |  ETA: 2:53:41
Sampling (4 threads)  43%|████████████▉                 |  ETA: 2:50:10
Sampling (4 threads)  44%|█████████████                 |  ETA: 2:46:44
Sampling (4 threads)  44%|█████████████▎                |  ETA: 2:47:06
Sampling (4 threads)  44%|█████████████▍                |  ETA: 2:43:45
Sampling (4 threads)  45%|█████████████▌                |  ETA: 2:43:31
Sampling (4 threads)  46%|█████████████▋                |  ETA: 2:40:15
Sampling (4 threads)  46%|█████████████▊                |  ETA: 2:40:08
Sampling (4 threads)  46%|██████████████                |  ETA: 2:36:57
Sampling (4 threads)  47%|██████████████▏               |  ETA: 2:33:50
Sampling (4 threads)  48%|██████████████▎               |  ETA: 2:34:58
Sampling (4 threads)  48%|██████████████▍               |  ETA: 2:31:53
Sampling (4 threads)  48%|██████████████▌               |  ETA: 2:30:30
Sampling (4 threads)  49%|██████████████▊               |  ETA: 2:27:31
Sampling (4 threads)  50%|██████████████▉               |  ETA: 2:26:35
Sampling (4 threads)  50%|███████████████               |  ETA: 2:23:41
Sampling (4 threads)  50%|███████████████▏              |  ETA: 2:23:51
Sampling (4 threads)  51%|███████████████▎              |  ETA: 2:21:00
Sampling (4 threads)  52%|███████████████▌              |  ETA: 2:21:38
Sampling (4 threads)  52%|███████████████▋              |  ETA: 2:18:49
Sampling (4 threads)  52%|███████████████▊              |  ETA: 2:16:04
Sampling (4 threads)  53%|███████████████▉              |  ETA: 2:15:12
Sampling (4 threads)  54%|████████████████              |  ETA: 2:12:30
Sampling (4 threads)  54%|████████████████▎             |  ETA: 2:12:20
Sampling (4 threads)  55%|████████████████▍             |  ETA: 2:09:41
Sampling (4 threads)  55%|████████████████▌             |  ETA: 2:08:16
Sampling (4 threads)  56%|████████████████▋             |  ETA: 2:05:42
Sampling (4 threads)  56%|████████████████▊             |  ETA: 2:03:10
Sampling (4 threads)  56%|█████████████████             |  ETA: 2:03:48
Sampling (4 threads)  57%|█████████████████▏            |  ETA: 2:01:18
Sampling (4 threads)  57%|█████████████████▎            |  ETA: 2:01:06
Sampling (4 threads)  58%|█████████████████▍            |  ETA: 1:58:39
Sampling (4 threads)  58%|█████████████████▌            |  ETA: 1:58:17
Sampling (4 threads)  59%|█████████████████▊            |  ETA: 1:55:52
Sampling (4 threads)  60%|█████████████████▉            |  ETA: 1:53:29
Sampling (4 threads)  60%|██████████████████            |  ETA: 1:56:30
Sampling (4 threads)  60%|██████████████████▏           |  ETA: 1:54:06
Sampling (4 threads)  61%|██████████████████▎           |  ETA: 1:51:44
Sampling (4 threads)  62%|██████████████████▌           |  ETA: 1:49:24
Sampling (4 threads)  62%|██████████████████▋           |  ETA: 1:50:04
Sampling (4 threads)  62%|██████████████████▊           |  ETA: 1:47:45
Sampling (4 threads)  63%|██████████████████▉           |  ETA: 1:45:28
Sampling (4 threads)  64%|███████████████████           |  ETA: 1:45:26
Sampling (4 threads)  64%|███████████████████▎          |  ETA: 1:43:11
Sampling (4 threads)  64%|███████████████████▍          |  ETA: 1:40:57
Sampling (4 threads)  65%|███████████████████▌          |  ETA: 1:40:24
Sampling (4 threads)  66%|███████████████████▋          |  ETA: 1:38:13
Sampling (4 threads)  66%|███████████████████▊          |  ETA: 1:37:57
Sampling (4 threads)  66%|████████████████████          |  ETA: 1:35:47
Sampling (4 threads)  67%|████████████████████▏         |  ETA: 1:33:39
Sampling (4 threads)  68%|████████████████████▎         |  ETA: 1:33:22
Sampling (4 threads)  68%|████████████████████▍         |  ETA: 1:31:15
Sampling (4 threads)  68%|████████████████████▌         |  ETA: 1:29:11
Sampling (4 threads)  69%|████████████████████▊         |  ETA: 1:28:15
Sampling (4 threads)  70%|████████████████████▉         |  ETA: 1:26:12
Sampling (4 threads)  70%|█████████████████████         |  ETA: 1:24:11
Sampling (4 threads)  70%|█████████████████████▏        |  ETA: 1:23:35
Sampling (4 threads)  71%|█████████████████████▎        |  ETA: 1:21:36
Sampling (4 threads)  72%|█████████████████████▌        |  ETA: 1:19:38
Sampling (4 threads)  72%|█████████████████████▋        |  ETA: 1:18:04
Sampling (4 threads)  72%|█████████████████████▊        |  ETA: 1:16:51
Sampling (4 threads)  73%|█████████████████████▉        |  ETA: 1:15:28
Sampling (4 threads)  74%|██████████████████████        |  ETA: 1:14:09
Sampling (4 threads)  74%|██████████████████████▎       |  ETA: 1:12:51
Sampling (4 threads)  74%|██████████████████████▍       |  ETA: 1:11:26
Sampling (4 threads)  75%|██████████████████████▌       |  ETA: 1:10:09
Sampling (4 threads)  76%|██████████████████████▋       |  ETA: 1:09:35
Sampling (4 threads)  76%|██████████████████████▊       |  ETA: 1:09:07
Sampling (4 threads)  76%|███████████████████████       |  ETA: 1:08:34
Sampling (4 threads)  77%|███████████████████████▏      |  ETA: 1:08:06
Sampling (4 threads)  78%|███████████████████████▎      |  ETA: 1:07:21
Sampling (4 threads)  78%|███████████████████████▍      |  ETA: 1:06:10
Sampling (4 threads)  78%|███████████████████████▌      |  ETA: 1:05:21
Sampling (4 threads)  79%|███████████████████████▊      |  ETA: 1:04:11
Sampling (4 threads)  80%|███████████████████████▉      |  ETA: 1:03:16
Sampling (4 threads)  80%|████████████████████████      |  ETA: 1:03:08
Sampling (4 threads)  80%|████████████████████████▏     |  ETA: 1:01:45
Sampling (4 threads)  81%|████████████████████████▎     |  ETA: 1:00:40
Sampling (4 threads)  82%|████████████████████████▌     |  ETA: 0:59:48
Sampling (4 threads)  82%|████████████████████████▋     |  ETA: 0:58:58
Sampling (4 threads)  82%|████████████████████████▊     |  ETA: 0:57:25
Sampling (4 threads)  83%|████████████████████████▉     |  ETA: 0:56:16
Sampling (4 threads)  84%|█████████████████████████     |  ETA: 0:55:29
Sampling (4 threads)  84%|█████████████████████████▎    |  ETA: 0:53:57
Sampling (4 threads)  84%|█████████████████████████▍    |  ETA: 0:52:57
Sampling (4 threads)  85%|█████████████████████████▌    |  ETA: 0:51:26
Sampling (4 threads)  86%|█████████████████████████▋    |  ETA: 0:50:06
Sampling (4 threads)  86%|█████████████████████████▊    |  ETA: 0:49:11
Sampling (4 threads)  86%|██████████████████████████    |  ETA: 0:47:28
Sampling (4 threads)  87%|██████████████████████████▏   |  ETA: 0:46:01
Sampling (4 threads)  88%|██████████████████████████▎   |  ETA: 0:44:20
Sampling (4 threads)  88%|██████████████████████████▍   |  ETA: 0:42:42
Sampling (4 threads)  88%|██████████████████████████▌   |  ETA: 0:41:17
Sampling (4 threads)  89%|██████████████████████████▊   |  ETA: 0:39:29
Sampling (4 threads)  90%|██████████████████████████▉   |  ETA: 0:38:08
Sampling (4 threads)  90%|███████████████████████████   |  ETA: 0:36:46
Sampling (4 threads)  90%|███████████████████████████▏  |  ETA: 0:34:57
Sampling (4 threads)  91%|███████████████████████████▎  |  ETA: 0:33:20
Sampling (4 threads)  92%|███████████████████████████▌  |  ETA: 0:31:55
Sampling (4 threads)  92%|███████████████████████████▋  |  ETA: 0:30:10
Sampling (4 threads)  92%|███████████████████████████▊  |  ETA: 0:28:20
Sampling (4 threads)  93%|███████████████████████████▉  |  ETA: 0:27:03
Sampling (4 threads)  94%|████████████████████████████  |  ETA: 0:25:45
Sampling (4 threads)  94%|████████████████████████████▎ |  ETA: 0:24:23
Sampling (4 threads)  94%|████████████████████████████▍ |  ETA: 0:22:42
Sampling (4 threads)  95%|████████████████████████████▌ |  ETA: 0:21:09
Sampling (4 threads)  96%|████████████████████████████▋ |  ETA: 0:19:17
Sampling (4 threads)  96%|████████████████████████████▊ |  ETA: 0:17:23
Sampling (4 threads)  96%|█████████████████████████████ |  ETA: 0:15:28
Sampling (4 threads)  97%|█████████████████████████████▏|  ETA: 0:13:32
Sampling (4 threads)  98%|█████████████████████████████▎|  ETA: 0:11:30
Sampling (4 threads)  98%|█████████████████████████████▍|  ETA: 0:09:20
Sampling (4 threads)  98%|█████████████████████████████▌|  ETA: 0:07:05
Sampling (4 threads)  99%|█████████████████████████████▊|  ETA: 0:04:49
Sampling (4 threads) 100%|█████████████████████████████▉|  ETA: 0:02:26
Sampling (4 threads) 100%|██████████████████████████████| Time: 8:17:35
Sampling (4 threads) 100%|██████████████████████████████| Time: 8:17:36
┌ Warning: Runtime invalidation was disabled, but the CPU info is out-of-date.
│ Will continue with incorrect CPU name (from build time).
└ @ HostCPUFeatures ~/.julia/packages/HostCPUFeatures/ZTXz4/src/cpu_info.jl:71
┌ Warning: Runtime invalidation was disabled, but the CPU info is out-of-date.
│ Will continue with incorrect CPU feature flag: +avx512vnni.
└ @ HostCPUFeatures ~/.julia/packages/HostCPUFeatures/ZTXz4/src/cpu_info.jl:56
┌ Warning: Runtime invalidation was disabled, but the CPU info is out-of-date.
│ Will continue with incorrect CPU feature flag: -rtm.
└ @ HostCPUFeatures ~/.julia/packages/HostCPUFeatures/ZTXz4/src/cpu_info.jl:56
Sampling (4 threads)   0%|                              |  ETA: N/A
┌ Info: Found initial step size
└   ϵ = 0.00625
┌ Info: Found initial step size
└   ϵ = 0.00078125
┌ Info: Found initial step size
└   ϵ = 0.003125
┌ Info: Found initial step size
└   ϵ = 0.00625
Sampling (4 threads)   0%|▏                             |  ETA: 2:41:11
Sampling (4 threads)   1%|▎                             |  ETA: 1:20:16
Sampling (4 threads)   2%|▌                             |  ETA: 0:53:14
Sampling (4 threads)   2%|▋                             |  ETA: 2:08:10
Sampling (4 threads)   2%|▊                             |  ETA: 1:42:00
Sampling (4 threads)   3%|▉                             |  ETA: 2:26:44
Sampling (4 threads)   4%|█                             |  ETA: 2:05:08
Sampling (4 threads)   4%|█▎                            |  ETA: 1:48:55
Sampling (4 threads)   4%|█▍                            |  ETA: 2:29:33
Sampling (4 threads)   5%|█▌                            |  ETA: 2:13:54
Sampling (4 threads)   6%|█▋                            |  ETA: 2:01:05
Sampling (4 threads)   6%|█▊                            |  ETA: 3:14:32
Sampling (4 threads)   6%|██                            |  ETA: 2:58:37
Sampling (4 threads)   7%|██▏                           |  ETA: 2:44:58
Sampling (4 threads)   8%|██▎                           |  ETA: 3:13:30
Sampling (4 threads)   8%|██▍                           |  ETA: 3:00:25
Sampling (4 threads)   8%|██▌                           |  ETA: 2:48:53
Sampling (4 threads)   9%|██▊                           |  ETA: 3:05:12
Sampling (4 threads)  10%|██▉                           |  ETA: 2:54:29
Sampling (4 threads)  10%|███                           |  ETA: 3:08:53
Sampling (4 threads)  10%|███▏                          |  ETA: 2:58:53
Sampling (4 threads)  11%|███▎                          |  ETA: 3:08:27
Sampling (4 threads)  12%|███▌                          |  ETA: 2:59:15
Sampling (4 threads)  12%|███▋                          |  ETA: 2:50:48
Sampling (4 threads)  12%|███▊                          |  ETA: 3:12:38
Sampling (4 threads)  13%|███▉                          |  ETA: 3:04:10
Sampling (4 threads)  14%|████                          |  ETA: 2:56:20
Sampling (4 threads)  14%|████▎                         |  ETA: 3:12:10
Sampling (4 threads)  14%|████▍                         |  ETA: 3:04:28
Sampling (4 threads)  15%|████▌                         |  ETA: 2:57:16
Sampling (4 threads)  16%|████▋                         |  ETA: 3:12:47
Sampling (4 threads)  16%|████▊                         |  ETA: 3:05:40
Sampling (4 threads)  16%|█████                         |  ETA: 2:58:58
Sampling (4 threads)  17%|█████▏                        |  ETA: 3:02:25
Sampling (4 threads)  18%|█████▎                        |  ETA: 2:56:08
Sampling (4 threads)  18%|█████▍                        |  ETA: 3:04:17
Sampling (4 threads)  18%|█████▌                        |  ETA: 2:58:12
Sampling (4 threads)  19%|█████▊                        |  ETA: 2:52:27
Sampling (4 threads)  20%|█████▉                        |  ETA: 3:01:40
Sampling (4 threads)  20%|██████                        |  ETA: 2:56:02
Sampling (4 threads)  20%|██████▏                       |  ETA: 2:50:40
Sampling (4 threads)  21%|██████▎                       |  ETA: 2:49:15
Sampling (4 threads)  22%|██████▌                       |  ETA: 2:44:16
Sampling (4 threads)  22%|██████▋                       |  ETA: 2:48:15
Sampling (4 threads)  22%|██████▊                       |  ETA: 2:43:28
Sampling (4 threads)  23%|██████▉                       |  ETA: 2:38:53
Sampling (4 threads)  24%|███████                       |  ETA: 2:41:56
Sampling (4 threads)  24%|███████▎                      |  ETA: 2:37:32
Sampling (4 threads)  24%|███████▍                      |  ETA: 2:33:18
Sampling (4 threads)  25%|███████▌                      |  ETA: 2:37:13
Sampling (4 threads)  26%|███████▋                      |  ETA: 2:33:06
Sampling (4 threads)  26%|███████▊                      |  ETA: 2:29:09
Sampling (4 threads)  26%|████████                      |  ETA: 2:29:14
Sampling (4 threads)  27%|████████▏                     |  ETA: 2:25:28
Sampling (4 threads)  28%|████████▎                     |  ETA: 2:27:24
Sampling (4 threads)  28%|████████▍                     |  ETA: 2:23:46
Sampling (4 threads)  28%|████████▌                     |  ETA: 2:20:16
Sampling (4 threads)  29%|████████▊                     |  ETA: 2:23:58
Sampling (4 threads)  30%|████████▉                     |  ETA: 2:20:32
Sampling (4 threads)  30%|█████████                     |  ETA: 2:17:13
Sampling (4 threads)  30%|█████████▏                    |  ETA: 2:14:00
Sampling (4 threads)  31%|█████████▎                    |  ETA: 2:13:26
Sampling (4 threads)  32%|█████████▌                    |  ETA: 2:10:22
Sampling (4 threads)  32%|█████████▋                    |  ETA: 2:14:18
Sampling (4 threads)  32%|█████████▊                    |  ETA: 2:11:16
Sampling (4 threads)  33%|█████████▉                    |  ETA: 2:08:19
Sampling (4 threads)  34%|██████████                    |  ETA: 2:12:49
Sampling (4 threads)  34%|██████████▎                   |  ETA: 2:09:53
Sampling (4 threads)  34%|██████████▍                   |  ETA: 2:07:01
Sampling (4 threads)  35%|██████████▌                   |  ETA: 2:09:32
Sampling (4 threads)  36%|██████████▋                   |  ETA: 2:06:43
Sampling (4 threads)  36%|██████████▊                   |  ETA: 2:04:00
Sampling (4 threads)  36%|███████████                   |  ETA: 2:04:34
Sampling (4 threads)  37%|███████████▏                  |  ETA: 2:01:55
Sampling (4 threads)  38%|███████████▎                  |  ETA: 2:01:20
Sampling (4 threads)  38%|███████████▍                  |  ETA: 1:58:47
Sampling (4 threads)  38%|███████████▌                  |  ETA: 2:01:36
Sampling (4 threads)  39%|███████████▊                  |  ETA: 1:59:04
Sampling (4 threads)  40%|███████████▉                  |  ETA: 1:56:35
Sampling (4 threads)  40%|████████████                  |  ETA: 1:54:11
Sampling (4 threads)  40%|████████████▏                 |  ETA: 1:55:35
Sampling (4 threads)  41%|████████████▎                 |  ETA: 1:53:13
Sampling (4 threads)  42%|████████████▌                 |  ETA: 1:55:21
Sampling (4 threads)  42%|████████████▋                 |  ETA: 1:53:00
Sampling (4 threads)  42%|████████████▊                 |  ETA: 1:50:42
Sampling (4 threads)  43%|████████████▉                 |  ETA: 1:51:45
Sampling (4 threads)  44%|█████████████                 |  ETA: 1:49:30
Sampling (4 threads)  44%|█████████████▎                |  ETA: 1:48:44
Sampling (4 threads)  44%|█████████████▍                |  ETA: 1:46:33
Sampling (4 threads)  45%|█████████████▌                |  ETA: 1:46:40
Sampling (4 threads)  46%|█████████████▋                |  ETA: 1:44:33
Sampling (4 threads)  46%|█████████████▊                |  ETA: 1:42:27
Sampling (4 threads)  46%|██████████████                |  ETA: 1:42:59
Sampling (4 threads)  47%|██████████████▏               |  ETA: 1:40:56
Sampling (4 threads)  48%|██████████████▎               |  ETA: 1:40:19
Sampling (4 threads)  48%|██████████████▍               |  ETA: 1:38:20
Sampling (4 threads)  48%|██████████████▌               |  ETA: 1:36:23
Sampling (4 threads)  49%|██████████████▊               |  ETA: 1:36:34
Sampling (4 threads)  50%|██████████████▉               |  ETA: 1:34:39
Sampling (4 threads)  50%|███████████████               |  ETA: 1:34:53
Sampling (4 threads)  50%|███████████████▏              |  ETA: 1:33:00
Sampling (4 threads)  51%|███████████████▎              |  ETA: 1:31:10
Sampling (4 threads)  52%|███████████████▌              |  ETA: 1:31:41
Sampling (4 threads)  52%|███████████████▋              |  ETA: 1:29:52
Sampling (4 threads)  52%|███████████████▊              |  ETA: 1:28:05
Sampling (4 threads)  53%|███████████████▉              |  ETA: 1:29:40
Sampling (4 threads)  54%|████████████████              |  ETA: 1:27:53
Sampling (4 threads)  54%|████████████████▎             |  ETA: 1:26:08
Sampling (4 threads)  55%|████████████████▍             |  ETA: 1:26:35
Sampling (4 threads)  55%|████████████████▌             |  ETA: 1:24:51
Sampling (4 threads)  56%|████████████████▋             |  ETA: 1:23:09
Sampling (4 threads)  56%|████████████████▊             |  ETA: 1:21:29
Sampling (4 threads)  56%|█████████████████             |  ETA: 1:21:47
Sampling (4 threads)  57%|█████████████████▏            |  ETA: 1:20:08
Sampling (4 threads)  57%|█████████████████▎            |  ETA: 1:18:31
Sampling (4 threads)  58%|█████████████████▍            |  ETA: 1:18:58
Sampling (4 threads)  58%|█████████████████▌            |  ETA: 1:17:22
Sampling (4 threads)  59%|█████████████████▊            |  ETA: 1:15:47
Sampling (4 threads)  60%|█████████████████▉            |  ETA: 1:15:55
Sampling (4 threads)  60%|██████████████████            |  ETA: 1:14:22
Sampling (4 threads)  60%|██████████████████▏           |  ETA: 1:12:50
Sampling (4 threads)  61%|██████████████████▎           |  ETA: 1:12:07
Sampling (4 threads)  62%|██████████████████▌           |  ETA: 1:10:37
Sampling (4 threads)  62%|██████████████████▋           |  ETA: 1:09:54
Sampling (4 threads)  62%|██████████████████▊           |  ETA: 1:08:25
Sampling (4 threads)  63%|██████████████████▉           |  ETA: 1:07:59
Sampling (4 threads)  64%|███████████████████           |  ETA: 1:06:32
Sampling (4 threads)  64%|███████████████████▎          |  ETA: 1:05:40
Sampling (4 threads)  64%|███████████████████▍          |  ETA: 1:04:15
Sampling (4 threads)  65%|███████████████████▌          |  ETA: 1:03:38
Sampling (4 threads)  66%|███████████████████▋          |  ETA: 1:02:15
Sampling (4 threads)  66%|███████████████████▊          |  ETA: 1:01:56
Sampling (4 threads)  66%|████████████████████          |  ETA: 1:00:34
Sampling (4 threads)  67%|████████████████████▏         |  ETA: 0:59:13
Sampling (4 threads)  68%|████████████████████▎         |  ETA: 0:58:44
Sampling (4 threads)  68%|████████████████████▍         |  ETA: 0:57:24
Sampling (4 threads)  68%|████████████████████▌         |  ETA: 0:56:54
Sampling (4 threads)  69%|████████████████████▊         |  ETA: 0:55:35
Sampling (4 threads)  70%|████████████████████▉         |  ETA: 0:54:18
Sampling (4 threads)  70%|█████████████████████         |  ETA: 0:53:43
Sampling (4 threads)  70%|█████████████████████▏        |  ETA: 0:52:27
Sampling (4 threads)  71%|█████████████████████▎        |  ETA: 0:51:59
Sampling (4 threads)  72%|█████████████████████▌        |  ETA: 0:50:44
Sampling (4 threads)  72%|█████████████████████▋        |  ETA: 0:49:30
Sampling (4 threads)  72%|█████████████████████▊        |  ETA: 0:48:31
Sampling (4 threads)  73%|█████████████████████▉        |  ETA: 0:47:31
Sampling (4 threads)  74%|██████████████████████        |  ETA: 0:46:32
Sampling (4 threads)  74%|██████████████████████▎       |  ETA: 0:45:42
Sampling (4 threads)  74%|██████████████████████▍       |  ETA: 0:44:59
Sampling (4 threads)  75%|██████████████████████▌       |  ETA: 0:44:14
Sampling (4 threads)  76%|██████████████████████▋       |  ETA: 0:43:47
Sampling (4 threads)  76%|██████████████████████▊       |  ETA: 0:42:56
Sampling (4 threads)  76%|███████████████████████       |  ETA: 0:42:10
Sampling (4 threads)  77%|███████████████████████▏      |  ETA: 0:41:17
Sampling (4 threads)  78%|███████████████████████▎      |  ETA: 0:40:29
Sampling (4 threads)  78%|███████████████████████▍      |  ETA: 0:39:46
Sampling (4 threads)  78%|███████████████████████▌      |  ETA: 0:38:47
Sampling (4 threads)  79%|███████████████████████▊      |  ETA: 0:37:44
Sampling (4 threads)  80%|███████████████████████▉      |  ETA: 0:37:00
Sampling (4 threads)  80%|████████████████████████      |  ETA: 0:36:02
Sampling (4 threads)  80%|████████████████████████▏     |  ETA: 0:35:09
Sampling (4 threads)  81%|████████████████████████▎     |  ETA: 0:34:24
Sampling (4 threads)  82%|████████████████████████▌     |  ETA: 0:33:26
Sampling (4 threads)  82%|████████████████████████▋     |  ETA: 0:32:32
Sampling (4 threads)  82%|████████████████████████▊     |  ETA: 0:31:36
Sampling (4 threads)  83%|████████████████████████▉     |  ETA: 0:30:46
Sampling (4 threads)  84%|█████████████████████████     |  ETA: 0:30:02
Sampling (4 threads)  84%|█████████████████████████▎    |  ETA: 0:29:12
Sampling (4 threads)  84%|█████████████████████████▍    |  ETA: 0:28:15
Sampling (4 threads)  85%|█████████████████████████▌    |  ETA: 0:27:24
Sampling (4 threads)  86%|█████████████████████████▋    |  ETA: 0:26:28
Sampling (4 threads)  86%|█████████████████████████▊    |  ETA: 0:25:32
Sampling (4 threads)  86%|██████████████████████████    |  ETA: 0:24:54
Sampling (4 threads)  87%|██████████████████████████▏   |  ETA: 0:23:58
Sampling (4 threads)  88%|██████████████████████████▎   |  ETA: 0:23:00
Sampling (4 threads)  88%|██████████████████████████▍   |  ETA: 0:22:04
Sampling (4 threads)  88%|██████████████████████████▌   |  ETA: 0:21:08
Sampling (4 threads)  89%|██████████████████████████▊   |  ETA: 0:20:15
Sampling (4 threads)  90%|██████████████████████████▉   |  ETA: 0:19:24
Sampling (4 threads)  90%|███████████████████████████   |  ETA: 0:18:32
Sampling (4 threads)  90%|███████████████████████████▏  |  ETA: 0:17:47
Sampling (4 threads)  91%|███████████████████████████▎  |  ETA: 0:16:56
Sampling (4 threads)  92%|███████████████████████████▌  |  ETA: 0:16:02
Sampling (4 threads)  92%|███████████████████████████▋  |  ETA: 0:15:11
Sampling (4 threads)  92%|███████████████████████████▊  |  ETA: 0:14:20
Sampling (4 threads)  93%|███████████████████████████▉  |  ETA: 0:13:23
Sampling (4 threads)  94%|████████████████████████████  |  ETA: 0:12:30
Sampling (4 threads)  94%|████████████████████████████▎ |  ETA: 0:11:35
Sampling (4 threads)  94%|████████████████████████████▍ |  ETA: 0:10:42
Sampling (4 threads)  95%|████████████████████████████▌ |  ETA: 0:09:50
Sampling (4 threads)  96%|████████████████████████████▋ |  ETA: 0:08:59
Sampling (4 threads)  96%|████████████████████████████▊ |  ETA: 0:08:03
Sampling (4 threads)  96%|█████████████████████████████ |  ETA: 0:07:07
Sampling (4 threads)  97%|█████████████████████████████▏|  ETA: 0:06:11
Sampling (4 threads)  98%|█████████████████████████████▎|  ETA: 0:05:12
Sampling (4 threads)  98%|█████████████████████████████▍|  ETA: 0:04:11
Sampling (4 threads)  98%|█████████████████████████████▌|  ETA: 0:03:10
Sampling (4 threads)  99%|█████████████████████████████▊|  ETA: 0:02:08
Sampling (4 threads) 100%|█████████████████████████████▉|  ETA: 0:01:04
Sampling (4 threads) 100%|██████████████████████████████| Time: 3:36:22
Sampling (4 threads) 100%|██████████████████████████████| Time: 3:36:23
ERROR: LoadError: ArgumentError: column name :ab_w[1, 1] not found in the data frame
Stacktrace:
 [1] lookupname
   @ ~/.julia/packages/DataFrames/b4w9K/src/other/index.jl:431 [inlined]
 [2] getindex
   @ ~/.julia/packages/DataFrames/b4w9K/src/other/index.jl:440 [inlined]
 [3] getindex
   @ ~/.julia/packages/DataFrames/b4w9K/src/other/index.jl:441 [inlined]
 [4] getindex(df::DataFrame, ::Colon, col_ind::String)
   @ DataFrames ~/.julia/packages/DataFrames/b4w9K/src/dataframe/dataframe.jl:543
 [5] plotGraphs(outputDir::String, wordTypes::Vector{String}, cols::Vector{RGB{Float64}}, noPCS::Int64)
   @ Main ~/bayesian/BC4/Bayes/wordType_experiments/plottingFuncs.jl:246
 [6] concludeAndPlot(m::Chains{Float64, AxisArray{Float64, 3, Array{Float64, 3}, Tuple{Axis{:iter, StepRange{Int64, Int64}}, Axis{:var, Vector{Symbol}}, Axis{:chain, UnitRange{Int64}}}}, Missing, @NamedTuple{parameters::Vector{Symbol}, internals::Vector{Symbol}}, @NamedTuple{varname_to_symbol::OrderedDict{AbstractPPL.VarName, Symbol}, start_time::Vector{Float64}, stop_time::Vector{Float64}, samplerstate::Vector{Nothing}}}, output_loc::String, pc::Int64, wordTypes::Vector{String}, cols::Vector{RGB{Float64}}, noPCS::Int64)
   @ Main ~/bayesian/BC4/Bayes/wordType_experiments/plottingFuncs.jl:21
 [7] runModel(model::DynamicPPL.Model{typeof(model_tp), (:participant, :word, :surprisal, :tags, :PCA, :ExpMean, :cauchyMean, :NUM_TYPES, :NUM_PARTICIPANTS), (), (), Tuple{Vector{Int64}, Vector{Float64}, Vector{Float64}, Vector{Int64}, Vector{Float64}, Float64, Float64, Int64, Int64}, Tuple{}, DynamicPPL.DefaultContext}, df_modified::DataFrame, dfPCA::DataFrame, pc::Int64, NUM_PARTICIPANTS::Int64, NUM_WORDS::Int64, TYPE_STRUCTURE::String, NUM_TYPES::Int64, wordTypes::Vector{String}, cols::Vector{RGB{Float64}}, isPlotting::Int64, analyseEssRhat::Int64, output_loc::String, expMean::Float64, cauchyMean::Float64, noPCS::Int64, noInChain::Int64)
   @ Main ~/bayesian/BC4/Bayes/wordType_experiments/model_master.jl:130
 [8] top-level scope
   @ ~/bayesian/BC4/Bayes/wordType_experiments/models/Z_totallyPooled/model.jl:12
in expression starting at /user/home/em18564/bayesian/BC4/Bayes/wordType_experiments/models/Z_totallyPooled/model.jl:12

caused by: DimensionMismatch: tried to assign 4000-element array to 1×1×1×1000 destination
Stacktrace:
  [1] throw_setindex_mismatch(X::Vector{Float64}, I::NTuple{4, Int64})
    @ Base ./indices.jl:193
  [2] setindex_shape_check
    @ ./indices.jl:219 [inlined]
  [3] macro expansion
    @ ./multidimensional.jl:953 [inlined]
  [4] _unsafe_setindex!(::IndexLinear, ::Array{Float64, 4}, ::Vector{Float64}, ::Int64, ::Int64, ::Int64, ::Base.Slice{Base.OneTo{Int64}})
    @ Base ./multidimensional.jl:967
  [5] _setindex!
    @ ./multidimensional.jl:944 [inlined]
  [6] setindex!
    @ ./abstractarray.jl:1396 [inlined]
  [7] plotGraphs(outputDir::String, wordTypes::Vector{String}, cols::Vector{RGB{Float64}}, noPCS::Int64)
    @ Main ~/bayesian/BC4/Bayes/wordType_experiments/plottingFuncs.jl:237
  [8] concludeAndPlot(m::Chains{Float64, AxisArray{Float64, 3, Array{Float64, 3}, Tuple{Axis{:iter, StepRange{Int64, Int64}}, Axis{:var, Vector{Symbol}}, Axis{:chain, UnitRange{Int64}}}}, Missing, @NamedTuple{parameters::Vector{Symbol}, internals::Vector{Symbol}}, @NamedTuple{varname_to_symbol::OrderedDict{AbstractPPL.VarName, Symbol}, start_time::Vector{Float64}, stop_time::Vector{Float64}, samplerstate::Vector{Nothing}}}, output_loc::String, pc::Int64, wordTypes::Vector{String}, cols::Vector{RGB{Float64}}, noPCS::Int64)
    @ Main ~/bayesian/BC4/Bayes/wordType_experiments/plottingFuncs.jl:21
  [9] runModel(model::DynamicPPL.Model{typeof(model_tp), (:participant, :word, :surprisal, :tags, :PCA, :ExpMean, :cauchyMean, :NUM_TYPES, :NUM_PARTICIPANTS), (), (), Tuple{Vector{Int64}, Vector{Float64}, Vector{Float64}, Vector{Int64}, Vector{Float64}, Float64, Float64, Int64, Int64}, Tuple{}, DynamicPPL.DefaultContext}, df_modified::DataFrame, dfPCA::DataFrame, pc::Int64, NUM_PARTICIPANTS::Int64, NUM_WORDS::Int64, TYPE_STRUCTURE::String, NUM_TYPES::Int64, wordTypes::Vector{String}, cols::Vector{RGB{Float64}}, isPlotting::Int64, analyseEssRhat::Int64, output_loc::String, expMean::Float64, cauchyMean::Float64, noPCS::Int64, noInChain::Int64)
    @ Main ~/bayesian/BC4/Bayes/wordType_experiments/model_master.jl:130
 [10] top-level scope
    @ ~/bayesian/BC4/Bayes/wordType_experiments/models/Z_totallyPooled/model.jl:12

caused by: ArgumentError: column name "σ_w[1]" not found in the data frame; existing most similar names are: "a_ws[1]" and "b_ws[1]"
Stacktrace:
  [1] lookupname
    @ ~/.julia/packages/DataFrames/b4w9K/src/other/index.jl:434 [inlined]
  [2] getindex
    @ ~/.julia/packages/DataFrames/b4w9K/src/other/index.jl:440 [inlined]
  [3] getindex
    @ ~/.julia/packages/DataFrames/b4w9K/src/other/index.jl:441 [inlined]
  [4] getindex(df::DataFrame, ::Colon, col_ind::String)
    @ DataFrames ~/.julia/packages/DataFrames/b4w9K/src/dataframe/dataframe.jl:543
  [5] (::var"#47#56"{DataFrame})(innerI::Int64)
    @ Main ./none:0
  [6] iterate
    @ ./generator.jl:47 [inlined]
  [7] collect(itr::Base.Generator{UnitRange{Int64}, var"#47#56"{DataFrame}})
    @ Base ./array.jl:834
  [8] plotGraphs(outputDir::String, wordTypes::Vector{String}, cols::Vector{RGB{Float64}}, noPCS::Int64)
    @ Main ~/bayesian/BC4/Bayes/wordType_experiments/plottingFuncs.jl:219
  [9] concludeAndPlot(m::Chains{Float64, AxisArray{Float64, 3, Array{Float64, 3}, Tuple{Axis{:iter, StepRange{Int64, Int64}}, Axis{:var, Vector{Symbol}}, Axis{:chain, UnitRange{Int64}}}}, Missing, @NamedTuple{parameters::Vector{Symbol}, internals::Vector{Symbol}}, @NamedTuple{varname_to_symbol::OrderedDict{AbstractPPL.VarName, Symbol}, start_time::Vector{Float64}, stop_time::Vector{Float64}, samplerstate::Vector{Nothing}}}, output_loc::String, pc::Int64, wordTypes::Vector{String}, cols::Vector{RGB{Float64}}, noPCS::Int64)
    @ Main ~/bayesian/BC4/Bayes/wordType_experiments/plottingFuncs.jl:21
 [10] runModel(model::DynamicPPL.Model{typeof(model_tp), (:participant, :word, :surprisal, :tags, :PCA, :ExpMean, :cauchyMean, :NUM_TYPES, :NUM_PARTICIPANTS), (), (), Tuple{Vector{Int64}, Vector{Float64}, Vector{Float64}, Vector{Int64}, Vector{Float64}, Float64, Float64, Int64, Int64}, Tuple{}, DynamicPPL.DefaultContext}, df_modified::DataFrame, dfPCA::DataFrame, pc::Int64, NUM_PARTICIPANTS::Int64, NUM_WORDS::Int64, TYPE_STRUCTURE::String, NUM_TYPES::Int64, wordTypes::Vector{String}, cols::Vector{RGB{Float64}}, isPlotting::Int64, analyseEssRhat::Int64, output_loc::String, expMean::Float64, cauchyMean::Float64, noPCS::Int64, noInChain::Int64)
    @ Main ~/bayesian/BC4/Bayes/wordType_experiments/model_master.jl:130
 [11] top-level scope
    @ ~/bayesian/BC4/Bayes/wordType_experiments/models/Z_totallyPooled/model.jl:12
