label,ess,rhat
Overall,957.0698252261658,1.003640701277895
as,780.325444904003,1.0029728696863907
bs,1179.8968058843564,1.0047034020617072
σs,689.7907432772054,1.0013504599625083
ws,826.6052537877353,1.004578372590336
ps,981.2953347389697,1.0033990448118248
es,1175.0849436909457,1.0052418776268794
σ,923.7899889431944,1.0007858032019943
