label,ess,rhat
Overall,1096.4500601320588,1.0041979813272184
as,874.0949570253723,1.003954736434
bs,1391.331206885431,1.0043848616755011
σs,675.7990069812779,1.004524895687846
ws,618.6112065926095,1.0054404341400383
ps,1227.1609544457935,1.003888926217112
es,919.0826636778884,1.0038419870916686
σ,911.1281684545188,1.004835181329587
