label,ess,rhat
Overall,1048.9564561558452,1.002829154097516
as,742.0794111046396,1.0027777622866036
bs,1420.6333698199926,1.002975994809879
σs,673.1172182007833,1.0022755504691045
ws,705.9057126255047,1.001791277718527
ps,1129.3099695078752,1.0031523361580974
es,1222.3412570905266,1.0018588014194472
σ,961.8271357531144,1.0017116370936165
