label,ess,rhat
Overall,1339.7719556664856,1.0042631154111674
as,885.0530922419309,1.0036655036989066
bs,1916.440493084154,1.0045378694376756
σs,632.4638465064284,1.0061356899885348
ws,671.2065436524139,1.007820571538063
ps,1532.5197985659652,1.003474587520491
es,922.8780747928786,1.004452966831519
σ,944.4482024075617,0.9990432778001995
