label,ess,rhat
Overall,446.44712869395187,1.0061955123278488
as,379.7539869462778,1.0058166602987404
bs,512.5585980667292,1.006343048133345
σs,448.54114924358,1.0070282507328494
ws,395.86035201266117,1.0055690723768433
ps,454.5828500613918,1.0069307158775354
es,373.86155144128367,1.003744818329474
σ,987.1308478213422,0.9994988874448014
