label,ess,rhat
Overall,603.2959917903229,1.0047507278184609
as,517.7397621363566,1.0037109758145126
bs,737.052807018039,1.0035079465499477
σs,429.7738837248231,1.0129678475993207
ws,528.0962956414345,1.006788472454933
ps,628.1598283515223,1.0039188301825877
es,541.1927408023543,1.0054983716093573
σ,983.4390969617305,1.000431843131703
