label,ess,rhat
Overall,505.92798637221324,1.0080291402287425
as,378.07684421759285,1.0097117956172943
bs,634.3317469173612,1.0057133383746912
σs,503.938560166314,1.010308467504539
ws,421.82077034311084,1.010040655746406
ps,526.2247464488502,1.0069343546714111
es,423.9679874784469,1.0086038955555257
σ,1151.4188145164173,1.011205867853823
