param,value
Exponential mean,1.3210526315789475
Cauchy mean,2.389473684210526
