label,ess,rhat
Overall,607.0852302356213,1.0060114643154718
as,491.9561529060614,1.0061842731370072
bs,761.48090577461,1.0049703607017466
σs,465.72547668167726,1.0091373255673537
ws,580.053983335124,1.0054104932369266
ps,610.7819514988196,1.0065881093872677
es,520.5978474037572,1.0054838893650122
σ,1008.3202058621565,0.9992854952922319
