label,ess,rhat
Overall,394.5746740855179,1.00888426938528
as,340.3954641334469,1.0143107823641206
bs,444.9292313405225,1.0033715878462424
σs,408.3434237949565,1.0091944762019893
ws,385.64557418370185,1.0077607631529018
ps,386.62531428222525,1.0091994728469347
es,313.45593354336535,1.013686498296995
σ,870.6447088772227,1.0045665963473582
