label,ess,rhat
Overall,637.2620691900147,1.0052654633962121
as,512.7968069687779,1.0052616249845683
bs,797.8135348583867,1.0051648550290058
σs,507.35173678032805,1.0056414718000704
ws,588.6652263499778,1.0026724160423748
ps,644.6675078078679,1.0065641701909653
es,576.775330124424,1.0056184269812265
σ,1148.8562573374552,1.0019097278086415
