label,ess,rhat
Overall,507.25819241527404,1.0061307478207098
as,420.02274831575784,1.0066520587300263
bs,616.0016130299682,1.004953304735791
σs,429.82947696063366,1.0084928236528774
ws,428.0036078443609,1.00729036950929
ps,527.053304025024,1.0055312625240609
es,462.19921464251604,1.007445774859761
σ,1033.758260958251,1.0051718511925047
