label,ess,rhat
Overall,694.9707578149997,1.0049118859571604
as,566.2112174131815,1.0039397583435823
bs,864.2631801583727,1.004830718591128
σs,459.88004255397846,1.0110209968389003
ws,510.41760294803106,1.0077847562939761
ps,740.543055587743,1.0040206198502577
es,524.4019384989481,1.0081565217906998
σ,1063.2759617590386,1.006728943379619
