label,ess,rhat
Overall,923.1166283702748,1.0033117090877919
as,675.846857989443,1.0030441881390182
bs,1246.3171518928916,1.0028409997948198
σs,482.71826014792293,1.0075934444899175
ws,614.2161894596736,1.0043092828144848
ps,1010.9458217179418,1.0029877163720604
es,671.0354162149887,1.0058788261564349
σ,918.2830389200552,1.0017582405853196
