label,ess,rhat
Overall,1027.7795413897443,1.002384463808699
as,674.0881873854026,1.001681459133046
bs,1454.6715440270634,1.002936619354203
σs,603.2157793184764,1.0032593887635632
ws,670.175133824146,1.00377459532966
ps,1130.9724337704536,1.0020867394674524
es,667.5228512659489,1.000686042895411
σ,1086.2869781504764,1.0033904957635746
