label,ess,rhat
Overall,507.9041970500017,1.0073253072331592
as,359.1324515294028,1.0078499805090664
bs,667.6660307269433,1.0066034429554438
σs,444.16168574321466,1.0084690150436442
ws,385.2325556770069,1.0109749889848973
ps,534.2434539024546,1.006536187979049
es,383.69361210112163,1.009051117049729
σ,964.1007345059621,0.9979552307764603
