label,ess,rhat
Overall,963.8910902492718,1.0059299682463918
as,571.2734725541861,1.0062252693324887
bs,1441.819194759641,1.005008965729128
σs,469.0902667206249,1.009559036547159
ws,634.452796639042,1.005370685846128
ps,1062.188102518283,1.0061305715893376
es,596.6023266887216,1.0040802848032566
σ,933.4715517805879,1.006711763474422
