label,ess,rhat
Overall,846.8911983774815,1.002356023356212
as,681.717456940488,1.0006791863515794
bs,1065.9477134982476,1.0035764115693218
σs,534.3711110115986,1.0050034263470446
ws,606.3928687991206,1.0030143989036093
ps,913.2284744111529,1.002134129234358
es,595.1401175424867,1.0011658358132656
σ,1052.1840653715701,1.0074868097223502
