label,ess,rhat
Overall,969.5545688644621,1.0046562660784393
as,591.2776316396495,1.0043582282783585
bs,1419.3207397487813,1.0047261453121434
σs,554.9170136393253,1.0059795857634197
ws,582.2697820896022,1.0051953080071947
ps,1085.7518338307327,1.0046864374202202
es,545.5899951133365,1.0029803691243773
σ,887.4324392840518,1.0000913324360061
