label,ess,rhat
Overall,745.6040535664771,1.0033198561399614
as,537.9289910076171,1.0032700002176345
bs,993.872998536825,1.0029311868411361
σs,510.1595355798466,1.0058633024226467
ws,553.0292175969765,1.003841396976615
ps,799.6551816845125,1.0031389331764584
es,503.00917560550636,1.0039236638715159
σ,947.23769145673,1.004538052885163
