label,ess,rhat
Overall,485.27156017761547,1.0095568403330064
as,288.40209044751333,1.0138954109765612
bs,691.0085555970046,1.004404658622381
σs,433.8399111797515,1.0142757845220163
ws,375.29787032067185,1.011002265881787
ps,509.4183632636111,1.0093321739997456
es,325.0966965465451,1.0103409560969732
σ,966.2590175952897,1.0014274862162307
