label,ess,rhat
Overall,819.6116378205234,1.0061793778009254
as,629.0358538145034,1.0070404814408211
bs,1072.0970356727412,1.0047010909549394
σs,460.5358775125757,1.0097590403962529
ws,574.8637119749593,1.0059326067922436
ps,889.2511172487098,1.006353631139098
es,547.9274391745839,1.0060509784374727
σ,957.2601327062256,1.0010332683997374
