label,ess,rhat
Overall,781.6674356172583,1.0058094375535054
as,570.2021873002315,1.0068465932298403
bs,1038.0941239150184,1.004524626893822
σs,520.8910837290049,1.0072458364569277
ws,507.0146802632832,1.0062244034403245
ps,859.7703133271556,1.0056884911772812
es,468.9413178325343,1.0075353276736627
σ,954.0146053593394,1.003183492730123
