label,ess,rhat
Overall,952.5044236224268,1.0041875578718185
as,569.3157359409121,1.0035952271748285
bs,1413.8970591088296,1.004157558092008
σs,498.9215263540767,1.0077970746372602
ws,556.02058862247,1.0052033215540275
ps,1061.3259733624204,1.0040920071872546
es,595.2554472508436,1.0030952561988045
σ,1201.3740088453821,0.9987694298903974
