label,ess,rhat
Overall,130.68685154257443,1.1758739619583845
as,54.12931531991766,1.1684890571112247
bs,173.8265225383595,1.1623364482698575
σs,250.9911663593122,1.2511946686868576
ws,34.153439434779656,1.4137964766775546
ps,152.2168169657616,1.043825529413549
es,7.4194786415132,1.548919562222197
σ,975.8434416353654,1.0079718309664456
