label,ess,rhat
Overall,32.314891524359375,1.492706423840448
as,26.591660707269217,1.4571698403421744
bs,28.132360331509858,1.5159032105218901
σs,67.97563476014221,1.5371296923810422
ws,7.000854314126929,1.6916462763974875
ps,36.31426890681315,1.366949043412299
es,6.6836475841516965,2.1419251622695823
σ,283.3620139837659,1.0766826074295908
