label,ess,rhat
Overall,1198.0500950934456,1.0043125456681214
as,949.4191127255081,1.0025412995432348
bs,1549.0118386408233,1.0055663738724225
σs,604.5316802526964,1.0073135696075177
ws,687.5318250351311,1.0058494983351929
ps,1326.1740041642104,1.0039135726709119
es,1245.6767148788215,1.0068296383354105
σ,1079.0684608257607,0.999985632194752
