label,ess,rhat
Overall,1047.4704618451317,1.0041036058382604
as,931.5363992416642,1.0020363230339597
bs,1253.6101629450834,1.005545008783651
σs,524.2777585655257,1.0077337090199379
ws,598.8380282000049,1.006677008078778
ps,1155.1735718970237,1.003418639288073
es,1252.202301427951,1.0052824989186457
σ,851.8467039301944,1.0037433872002763
