label,ess,rhat
Overall,615.244581369775,1.0043043664534792
as,501.38912774822757,1.0039600629091778
bs,754.9801869568081,1.0041654068367867
σs,465.1396999699567,1.0071072927872435
ws,399.2764409609954,1.0054065745856777
ps,659.5688780632763,1.0040459619592268
es,686.6364966095722,1.0068324629015786
σ,936.5121945074609,0.9984250916950206
