label,ess,rhat
Overall,972.9354034133008,1.0036239823235342
as,742.8801434044585,1.0029888873678554
bs,1257.1511016202733,1.003975407140559
σs,658.804861864146,1.0052692691277207
ws,751.2003118295066,1.0028646707477522
ps,1016.9126418434274,1.0037546178640702
es,1149.0926501480164,1.0060734642270872
σ,1170.5345643033206,1.0015662514800716
