label,ess,rhat
Overall,620.2522857101982,1.0040155042784755
as,515.2768881636049,1.0015465537519994
bs,767.3189456872492,1.0055588847027046
σs,468.72374096055063,1.0073475566465668
ws,502.9638090814419,1.0071246813597574
ps,660.618035710938,1.0025810308119918
es,592.1970450077154,1.0035052230410948
σ,1034.3149866410045,1.0050222519064427
