label,ess,rhat
Overall,627.9408945115214,1.0039220385824599
as,518.4460647623083,1.0035857244450808
bs,774.4082675817244,1.004740357082908
σs,494.8397385559573,1.0021868228754145
ws,580.8006164374945,1.0041001092006645
ps,642.9116621854183,1.0035225780841366
es,543.6405863252606,1.007361991551835
σ,972.9848882510474,1.0052912581816782
