label,ess,rhat
Overall,515.3442488645497,1.0060674649726575
as,398.45830370685957,1.008412765950432
bs,642.3417683727845,1.0033036417737224
σs,456.6971176313929,1.0084948938553897
ws,443.7054990899544,1.0058136353466625
ps,530.6330410275074,1.006181761483397
es,382.4588547646744,1.0063332665510476
σ,906.9180105374807,1.0030955848123184
