label,ess,rhat
Overall,855.7358355474613,1.004009339041379
as,694.1169759951473,1.0025950343625751
bs,1078.697809724847,1.0053874888922654
σs,499.94577072204595,1.0042190370433004
ws,549.812198657799,1.005771457094936
ps,936.8075371457181,1.0036891237667955
es,681.4160111470735,1.0024372514045146
σ,984.017450307863,1.0013784308524263
