label,ess,rhat
Overall,1021.459208336045,1.00648979228419
as,704.5735512641803,1.005123910274203
bs,1431.7516892557617,1.0066876244076763
σs,479.69963001850437,1.0132644816258911
ws,598.1374510715182,1.010206992778237
ps,1142.3513837816747,1.0058057765349206
es,686.0508641593525,1.0032088142844424
σ,969.3125624735202,1.001278098320042
