label,ess,rhat
Overall,552.2738682547389,1.003166314368639
as,455.9174518873298,1.0022095157093722
bs,657.9667669540762,1.003675025591008
σs,498.12227072955295,1.005765221502647
ws,408.3719927494524,1.0067646343008323
ps,583.3496219279914,1.0022882184830566
es,395.8418966004891,1.0039838441868139
σ,1100.3241413105548,1.0005000180539145
