label,ess,rhat
Overall,643.8234276478319,1.0069125035871715
as,560.8964191920907,1.0082174219527582
bs,786.386728595878,1.0045727171327732
σs,429.13277467553416,1.0106380287068941
ws,581.6665476482135,1.0080414269008804
ps,665.0447467656603,1.0066468665531474
es,583.7096953726821,1.0052242650111554
σ,958.1791551300105,1.0036484638593262
