label,ess,rhat
Overall,426.6569798915481,1.0076611097944317
as,350.95280439858334,1.0080201053435802
bs,497.4839010057581,1.0064106257868406
σs,444.21509565506403,1.0108704682448253
ws,426.6925631324889,1.0059954011498875
ps,411.49665730252946,1.0086852129675745
es,320.5925137601777,1.007858398498328
σ,1032.5273005774782,1.0006283536194467
