label,ess,rhat
Overall,516.6659474904694,1.0076717012940273
as,419.4188598636856,1.008587524165735
bs,623.4556423199684,1.0060739997923518
σs,482.3125615606949,1.0101264643619092
ws,423.569321625073,1.0103020793419912
ps,551.4497251572537,1.006334902729835
es,386.4208451688596,1.011615331093082
σ,989.9374431820553,1.0029766677893375
