label,ess,rhat
Overall,640.3322227260419,1.0044510173884449
as,499.4664258771966,1.0049254450374578
bs,830.4174817272749,1.0030856112142885
σs,463.14215897744526,1.007658540078963
ws,577.534083261313,1.0063228983593107
ps,661.9102082063296,1.0035647565230381
es,555.2313370203806,1.0059915761293394
σ,1003.0840452266336,1.0019501107568578
