cpu-bind=MASK - bp1-compute072, task  0  0 [797092]: mask 0x14000014 set
Running on host bp1-compute072
Time is Mon Sep 28 13:07:27 BST 2026
Directory is /user/home/em18564/bayesian/BC4/Bayes/wordType_experiments/models/__1
Slurm job ID is 19123575
This job runs on the following machines:
bp1-compute072
Precompiling project...
    DistributionsADReverseDiffExt Being precompiled by another machine (hostname: bp1-compute068, pid: 2302375, pidfile: /user/home/em18564/.julia/compiled/v1.10/DistributionsADReverseDiffExt/hY00X_4RpdW.ji.pidfile)
  ✗ DistributionsAD → DistributionsADReverseDiffExt
  0 dependencies successfully precompiled in 31 seconds. 549 already precompiled.
┌ Warning: Runtime invalidation was disabled, but the CPU info is out-of-date.
│ Will continue with incorrect CPU name (from build time).
└ @ HostCPUFeatures ~/.julia/packages/HostCPUFeatures/ZTXz4/src/cpu_info.jl:71
┌ Warning: Runtime invalidation was disabled, but the CPU info is out-of-date.
│ Will continue with incorrect CPU feature flag: +avx512vnni.
└ @ HostCPUFeatures ~/.julia/packages/HostCPUFeatures/ZTXz4/src/cpu_info.jl:56
┌ Warning: Runtime invalidation was disabled, but the CPU info is out-of-date.
│ Will continue with incorrect CPU feature flag: -rtm.
└ @ HostCPUFeatures ~/.julia/packages/HostCPUFeatures/ZTXz4/src/cpu_info.jl:56
Sampling (4 threads)   0%|                              |  ETA: N/A
┌ Info: Found initial step size
└   ϵ = 0.003125
┌ Info: Found initial step size
└   ϵ = 0.00625
┌ Info: Found initial step size
└   ϵ = 0.00078125
┌ Info: Found initial step size
└   ϵ = 0.0015625
Sampling (4 threads)   0%|▏                             |  ETA: 4 days, 23:30:57
Sampling (4 threads)   1%|▎                             |  ETA: 2 days, 11:27:30
Sampling (4 threads)   2%|▌                             |  ETA: 1 days, 15:26:19
Sampling (4 threads)   2%|▋                             |  ETA: 2 days, 3:28:00
Sampling (4 threads)   2%|▊                             |  ETA: 1 days, 16:57:48
Sampling (4 threads)   3%|▉                             |  ETA: 1 days, 9:57:40
Sampling (4 threads)   4%|█                             |  ETA: 1 days, 7:14:09
Sampling (4 threads)   4%|█▎                            |  ETA: 1 days, 3:11:23
Sampling (4 threads)   4%|█▍                            |  ETA: 1 days, 1:05:57
Sampling (4 threads)   5%|█▌                            |  ETA: 22:28:16
Sampling (4 threads)   6%|█▋                            |  ETA: 20:19:14
Sampling (4 threads)   6%|█▊                            |  ETA: 18:55:00
Sampling (4 threads)   6%|██                            |  ETA: 17:22:07
Sampling (4 threads)   7%|██▏                           |  ETA: 16:18:30
Sampling (4 threads)   8%|██▎                           |  ETA: 15:08:22
Sampling (4 threads)   8%|██▍                           |  ETA: 14:31:15
Sampling (4 threads)   8%|██▌                           |  ETA: 13:35:33
Sampling (4 threads)   9%|██▊                           |  ETA: 12:46:02
Sampling (4 threads)  10%|██▉                           |  ETA: 12:22:42
Sampling (4 threads)  10%|███                           |  ETA: 11:41:40
Sampling (4 threads)  10%|███▏                          |  ETA: 11:04:33
Sampling (4 threads)  11%|███▎                          |  ETA: 10:47:43
Sampling (4 threads)  12%|███▌                          |  ETA: 10:16:04
Sampling (4 threads)  12%|███▋                          |  ETA: 9:47:04
Sampling (4 threads)  12%|███▊                          |  ETA: 9:35:43
Sampling (4 threads)  13%|███▉                          |  ETA: 9:10:25
Sampling (4 threads)  14%|████                          |  ETA: 8:46:59
Sampling (4 threads)  14%|████▎                         |  ETA: 8:32:57
Sampling (4 threads)  14%|████▍                         |  ETA: 8:12:23
Sampling (4 threads)  15%|████▌                         |  ETA: 8:01:17
Sampling (4 threads)  16%|████▋                         |  ETA: 7:43:01
Sampling (4 threads)  16%|████▊                         |  ETA: 7:32:28
Sampling (4 threads)  16%|█████                         |  ETA: 7:16:09
Sampling (4 threads)  17%|█████▏                        |  ETA: 7:07:57
Sampling (4 threads)  18%|█████▎                        |  ETA: 6:53:14
Sampling (4 threads)  18%|█████▍                        |  ETA: 6:44:31
Sampling (4 threads)  18%|█████▌                        |  ETA: 6:31:11
Sampling (4 threads)  19%|█████▊                        |  ETA: 6:18:34
Sampling (4 threads)  20%|█████▉                        |  ETA: 6:15:23
Sampling (4 threads)  20%|██████                        |  ETA: 6:03:44
Sampling (4 threads)  20%|██████▏                       |  ETA: 5:52:38
Sampling (4 threads)  21%|██████▎                       |  ETA: 5:47:09
Sampling (4 threads)  22%|██████▌                       |  ETA: 5:36:56
Sampling (4 threads)  22%|██████▋                       |  ETA: 5:31:55
Sampling (4 threads)  22%|██████▊                       |  ETA: 5:22:27
Sampling (4 threads)  23%|██████▉                       |  ETA: 5:17:22
Sampling (4 threads)  24%|███████                       |  ETA: 5:08:36
Sampling (4 threads)  24%|███████▎                      |  ETA: 5:03:50
Sampling (4 threads)  24%|███████▍                      |  ETA: 4:55:41
Sampling (4 threads)  25%|███████▌                      |  ETA: 4:50:52
Sampling (4 threads)  26%|███████▋                      |  ETA: 4:43:16
Sampling (4 threads)  26%|███████▊                      |  ETA: 4:40:46
Sampling (4 threads)  26%|████████                      |  ETA: 4:33:37
Sampling (4 threads)  27%|████████▏                     |  ETA: 4:26:43
Sampling (4 threads)  28%|████████▎                     |  ETA: 4:20:04
Sampling (4 threads)  28%|████████▍                     |  ETA: 4:18:46
Sampling (4 threads)  28%|████████▌                     |  ETA: 4:12:28
Sampling (4 threads)  29%|████████▊                     |  ETA: 4:08:53
Sampling (4 threads)  30%|████████▉                     |  ETA: 4:02:57
Sampling (4 threads)  30%|█████████                     |  ETA: 4:01:34
Sampling (4 threads)  30%|█████████▏                    |  ETA: 3:55:54
Sampling (4 threads)  31%|█████████▎                    |  ETA: 3:50:26
Sampling (4 threads)  32%|█████████▌                    |  ETA: 3:45:08
Sampling (4 threads)  32%|█████████▋                    |  ETA: 3:44:00
Sampling (4 threads)  32%|█████████▊                    |  ETA: 3:38:56
Sampling (4 threads)  33%|█████████▉                    |  ETA: 3:37:42
Sampling (4 threads)  34%|██████████                    |  ETA: 3:32:51
Sampling (4 threads)  34%|██████████▎                   |  ETA: 3:28:09
Sampling (4 threads)  34%|██████████▍                   |  ETA: 3:26:30
Sampling (4 threads)  35%|██████████▌                   |  ETA: 3:22:00
Sampling (4 threads)  36%|██████████▋                   |  ETA: 3:17:38
Sampling (4 threads)  36%|██████████▊                   |  ETA: 3:17:52
Sampling (4 threads)  36%|███████████                   |  ETA: 3:13:38
Sampling (4 threads)  37%|███████████▏                  |  ETA: 3:09:30
Sampling (4 threads)  38%|███████████▎                  |  ETA: 3:09:14
Sampling (4 threads)  38%|███████████▍                  |  ETA: 3:05:15
Sampling (4 threads)  38%|███████████▌                  |  ETA: 3:01:23
Sampling (4 threads)  39%|███████████▊                  |  ETA: 3:01:09
Sampling (4 threads)  40%|███████████▉                  |  ETA: 2:57:24
Sampling (4 threads)  40%|████████████                  |  ETA: 2:53:44
Sampling (4 threads)  40%|████████████▏                 |  ETA: 2:53:30
Sampling (4 threads)  41%|████████████▎                 |  ETA: 2:49:57
Sampling (4 threads)  42%|████████████▌                 |  ETA: 2:46:29
Sampling (4 threads)  42%|████████████▋                 |  ETA: 2:45:13
Sampling (4 threads)  42%|████████████▊                 |  ETA: 2:41:52
Sampling (4 threads)  43%|████████████▉                 |  ETA: 2:40:27
Sampling (4 threads)  44%|█████████████                 |  ETA: 2:37:13
Sampling (4 threads)  44%|█████████████▎                |  ETA: 2:37:09
Sampling (4 threads)  44%|█████████████▍                |  ETA: 2:34:00
Sampling (4 threads)  45%|█████████████▌                |  ETA: 2:30:55
Sampling (4 threads)  46%|█████████████▋                |  ETA: 2:30:41
Sampling (4 threads)  46%|█████████████▊                |  ETA: 2:27:41
Sampling (4 threads)  46%|██████████████                |  ETA: 2:24:44
Sampling (4 threads)  47%|██████████████▏               |  ETA: 2:21:52
Sampling (4 threads)  48%|██████████████▎               |  ETA: 2:21:51
Sampling (4 threads)  48%|██████████████▍               |  ETA: 2:19:02
Sampling (4 threads)  48%|██████████████▌               |  ETA: 2:16:17
Sampling (4 threads)  49%|██████████████▊               |  ETA: 2:16:06
Sampling (4 threads)  50%|██████████████▉               |  ETA: 2:13:24
Sampling (4 threads)  50%|███████████████               |  ETA: 2:10:46
Sampling (4 threads)  50%|███████████████▏              |  ETA: 2:10:32
Sampling (4 threads)  51%|███████████████▎              |  ETA: 2:07:57
Sampling (4 threads)  52%|███████████████▌              |  ETA: 2:05:25
Sampling (4 threads)  52%|███████████████▋              |  ETA: 2:05:10
Sampling (4 threads)  52%|███████████████▊              |  ETA: 2:02:41
Sampling (4 threads)  53%|███████████████▉              |  ETA: 2:00:14
Sampling (4 threads)  54%|████████████████              |  ETA: 2:00:00
Sampling (4 threads)  54%|████████████████▎             |  ETA: 1:57:36
Sampling (4 threads)  55%|████████████████▍             |  ETA: 1:55:16
Sampling (4 threads)  55%|████████████████▌             |  ETA: 1:54:11
Sampling (4 threads)  56%|████████████████▋             |  ETA: 1:51:54
Sampling (4 threads)  56%|████████████████▊             |  ETA: 1:50:47
Sampling (4 threads)  56%|█████████████████             |  ETA: 1:48:34
Sampling (4 threads)  57%|█████████████████▏            |  ETA: 1:47:25
Sampling (4 threads)  57%|█████████████████▎            |  ETA: 1:45:14
Sampling (4 threads)  58%|█████████████████▍            |  ETA: 1:44:47
Sampling (4 threads)  58%|█████████████████▌            |  ETA: 1:42:39
Sampling (4 threads)  59%|█████████████████▊            |  ETA: 1:40:33
Sampling (4 threads)  60%|█████████████████▉            |  ETA: 1:40:18
Sampling (4 threads)  60%|██████████████████            |  ETA: 1:38:15
Sampling (4 threads)  60%|██████████████████▏           |  ETA: 1:36:13
Sampling (4 threads)  61%|██████████████████▎           |  ETA: 1:35:43
Sampling (4 threads)  62%|██████████████████▌           |  ETA: 1:33:44
Sampling (4 threads)  62%|██████████████████▋           |  ETA: 1:31:46
Sampling (4 threads)  62%|██████████████████▊           |  ETA: 1:29:50
Sampling (4 threads)  63%|██████████████████▉           |  ETA: 1:29:26
Sampling (4 threads)  64%|███████████████████           |  ETA: 1:27:32
Sampling (4 threads)  64%|███████████████████▎          |  ETA: 1:25:40
Sampling (4 threads)  64%|███████████████████▍          |  ETA: 1:24:36
Sampling (4 threads)  65%|███████████████████▌          |  ETA: 1:22:46
Sampling (4 threads)  66%|███████████████████▋          |  ETA: 1:22:13
Sampling (4 threads)  66%|███████████████████▊          |  ETA: 1:20:25
Sampling (4 threads)  66%|████████████████████          |  ETA: 1:18:38
Sampling (4 threads)  67%|████████████████████▏         |  ETA: 1:18:06
Sampling (4 threads)  68%|████████████████████▎         |  ETA: 1:16:21
Sampling (4 threads)  68%|████████████████████▍         |  ETA: 1:14:37
Sampling (4 threads)  68%|████████████████████▌         |  ETA: 1:13:38
Sampling (4 threads)  69%|████████████████████▊         |  ETA: 1:11:57
Sampling (4 threads)  70%|████████████████████▉         |  ETA: 1:11:21
Sampling (4 threads)  70%|█████████████████████         |  ETA: 1:09:40
Sampling (4 threads)  70%|█████████████████████▏        |  ETA: 1:08:02
Sampling (4 threads)  71%|█████████████████████▎        |  ETA: 1:06:24
Sampling (4 threads)  72%|█████████████████████▌        |  ETA: 1:05:49
Sampling (4 threads)  72%|█████████████████████▋        |  ETA: 1:04:13
Sampling (4 threads)  72%|█████████████████████▊        |  ETA: 1:03:33
Sampling (4 threads)  73%|█████████████████████▉        |  ETA: 1:01:58
Sampling (4 threads)  74%|██████████████████████        |  ETA: 1:00:24
Sampling (4 threads)  74%|██████████████████████▎       |  ETA: 0:58:52
Sampling (4 threads)  74%|██████████████████████▍       |  ETA: 0:58:11
Sampling (4 threads)  75%|██████████████████████▌       |  ETA: 0:56:40
Sampling (4 threads)  76%|██████████████████████▋       |  ETA: 0:55:36
Sampling (4 threads)  76%|██████████████████████▊       |  ETA: 0:54:07
Sampling (4 threads)  76%|███████████████████████       |  ETA: 0:53:21
Sampling (4 threads)  77%|███████████████████████▏      |  ETA: 0:51:52
Sampling (4 threads)  78%|███████████████████████▎      |  ETA: 0:50:25
Sampling (4 threads)  78%|███████████████████████▍      |  ETA: 0:48:59
Sampling (4 threads)  78%|███████████████████████▌      |  ETA: 0:48:12
Sampling (4 threads)  79%|███████████████████████▊      |  ETA: 0:46:47
Sampling (4 threads)  80%|███████████████████████▉      |  ETA: 0:46:00
Sampling (4 threads)  80%|████████████████████████      |  ETA: 0:44:36
Sampling (4 threads)  80%|████████████████████████▏     |  ETA: 0:43:12
Sampling (4 threads)  81%|████████████████████████▎     |  ETA: 0:41:50
Sampling (4 threads)  82%|████████████████████████▌     |  ETA: 0:41:06
Sampling (4 threads)  82%|████████████████████████▋     |  ETA: 0:39:44
Sampling (4 threads)  82%|████████████████████████▊     |  ETA: 0:38:24
Sampling (4 threads)  83%|████████████████████████▉     |  ETA: 0:37:39
Sampling (4 threads)  84%|█████████████████████████     |  ETA: 0:36:20
Sampling (4 threads)  84%|█████████████████████████▎    |  ETA: 0:35:01
Sampling (4 threads)  84%|█████████████████████████▍    |  ETA: 0:34:10
Sampling (4 threads)  85%|█████████████████████████▌    |  ETA: 0:32:52
Sampling (4 threads)  86%|█████████████████████████▋    |  ETA: 0:31:35
Sampling (4 threads)  86%|█████████████████████████▊    |  ETA: 0:30:42
Sampling (4 threads)  86%|██████████████████████████    |  ETA: 0:29:26
Sampling (4 threads)  87%|██████████████████████████▏   |  ETA: 0:28:11
Sampling (4 threads)  88%|██████████████████████████▎   |  ETA: 0:27:17
Sampling (4 threads)  88%|██████████████████████████▍   |  ETA: 0:26:03
Sampling (4 threads)  88%|██████████████████████████▌   |  ETA: 0:24:49
Sampling (4 threads)  89%|██████████████████████████▊   |  ETA: 0:23:54
Sampling (4 threads)  90%|██████████████████████████▉   |  ETA: 0:22:41
Sampling (4 threads)  90%|███████████████████████████   |  ETA: 0:21:29
Sampling (4 threads)  90%|███████████████████████████▏  |  ETA: 0:20:34
Sampling (4 threads)  91%|███████████████████████████▎  |  ETA: 0:19:22
Sampling (4 threads)  92%|███████████████████████████▌  |  ETA: 0:18:12
Sampling (4 threads)  92%|███████████████████████████▋  |  ETA: 0:17:13
Sampling (4 threads)  92%|███████████████████████████▊  |  ETA: 0:16:03
Sampling (4 threads)  93%|███████████████████████████▉  |  ETA: 0:14:54
Sampling (4 threads)  94%|████████████████████████████  |  ETA: 0:13:55
Sampling (4 threads)  94%|████████████████████████████▎ |  ETA: 0:12:47
Sampling (4 threads)  94%|████████████████████████████▍ |  ETA: 0:11:39
Sampling (4 threads)  95%|████████████████████████████▌ |  ETA: 0:10:37
Sampling (4 threads)  96%|████████████████████████████▋ |  ETA: 0:09:30
Sampling (4 threads)  96%|████████████████████████████▊ |  ETA: 0:08:24
Sampling (4 threads)  96%|█████████████████████████████ |  ETA: 0:07:23
Sampling (4 threads)  97%|█████████████████████████████▏|  ETA: 0:06:21
Sampling (4 threads)  98%|█████████████████████████████▎|  ETA: 0:05:19
Sampling (4 threads)  98%|█████████████████████████████▍|  ETA: 0:04:16
Sampling (4 threads)  98%|█████████████████████████████▌|  ETA: 0:03:12
Sampling (4 threads)  99%|█████████████████████████████▊|  ETA: 0:02:09
Sampling (4 threads) 100%|█████████████████████████████▉|  ETA: 0:01:04
Sampling (4 threads) 100%|██████████████████████████████| Time: 3:35:08
Sampling (4 threads) 100%|██████████████████████████████| Time: 3:35:09
Sampling (4 threads)   0%|                              |  ETA: N/A
┌ Info: Found initial step size
└   ϵ = 0.003125
┌ Info: Found initial step size
└   ϵ = 0.00625
┌ Info: Found initial step size
└   ϵ = 0.003125
┌ Info: Found initial step size
└   ϵ = 0.0001953125
Sampling (4 threads)   0%|▏                             |  ETA: 5 days, 23:33:37
Sampling (4 threads)   1%|▎                             |  ETA: 2 days, 23:25:16
Sampling (4 threads)   2%|▌                             |  ETA: 1 days, 23:22:25
Sampling (4 threads)   2%|▋                             |  ETA: 2 days, 15:26:55
Sampling (4 threads)   2%|▊                             |  ETA: 2 days, 2:30:00
Sampling (4 threads)   3%|▉                             |  ETA: 1 days, 17:52:03
Sampling (4 threads)   4%|█                             |  ETA: 1 days, 12:51:16
Sampling (4 threads)   4%|█▎                            |  ETA: 1 days, 8:04:50
Sampling (4 threads)   4%|█▍                            |  ETA: 1 days, 5:33:11
Sampling (4 threads)   5%|█▌                            |  ETA: 1 days, 2:27:31
Sampling (4 threads)   6%|█▋                            |  ETA: 23:55:36
Sampling (4 threads)   6%|█▊                            |  ETA: 22:40:31
Sampling (4 threads)   6%|██                            |  ETA: 20:49:11
Sampling (4 threads)   7%|██▏                           |  ETA: 19:13:45
Sampling (4 threads)   8%|██▎                           |  ETA: 18:18:56
Sampling (4 threads)   8%|██▍                           |  ETA: 17:04:40
Sampling (4 threads)   8%|██▌                           |  ETA: 16:17:25
Sampling (4 threads)   9%|██▊                           |  ETA: 15:18:05
Sampling (4 threads)  10%|██▉                           |  ETA: 14:40:35
Sampling (4 threads)  10%|███                           |  ETA: 13:51:56
Sampling (4 threads)  10%|███▏                          |  ETA: 13:23:56
Sampling (4 threads)  11%|███▎                          |  ETA: 12:43:07
Sampling (4 threads)  12%|███▌                          |  ETA: 12:05:50
Sampling (4 threads)  12%|███▋                          |  ETA: 11:31:40
Sampling (4 threads)  12%|███▊                          |  ETA: 11:13:38
Sampling (4 threads)  13%|███▉                          |  ETA: 10:44:02
Sampling (4 threads)  14%|████                          |  ETA: 10:36:30
Sampling (4 threads)  14%|████▎                         |  ETA: 10:10:13
Sampling (4 threads)  14%|████▍                         |  ETA: 9:45:45
Sampling (4 threads)  15%|████▌                         |  ETA: 9:40:04
Sampling (4 threads)  16%|████▋                         |  ETA: 9:18:03
Sampling (4 threads)  16%|████▊                         |  ETA: 8:57:25
Sampling (4 threads)  16%|█████                         |  ETA: 8:38:02
Sampling (4 threads)  17%|█████▏                        |  ETA: 8:32:57
Sampling (4 threads)  18%|█████▎                        |  ETA: 8:15:18
Sampling (4 threads)  18%|█████▍                        |  ETA: 7:58:37
Sampling (4 threads)  18%|█████▌                        |  ETA: 7:53:21
Sampling (4 threads)  19%|█████▊                        |  ETA: 7:38:03
Sampling (4 threads)  20%|█████▉                        |  ETA: 7:23:33
Sampling (4 threads)  20%|██████                        |  ETA: 7:19:09
Sampling (4 threads)  20%|██████▏                       |  ETA: 7:05:46
Sampling (4 threads)  21%|██████▎                       |  ETA: 6:53:01
Sampling (4 threads)  22%|██████▌                       |  ETA: 6:49:41
Sampling (4 threads)  22%|██████▋                       |  ETA: 6:37:49
Sampling (4 threads)  22%|██████▊                       |  ETA: 6:26:29
Sampling (4 threads)  23%|██████▉                       |  ETA: 6:23:16
Sampling (4 threads)  24%|███████                       |  ETA: 6:12:41
Sampling (4 threads)  24%|███████▎                      |  ETA: 6:02:32
Sampling (4 threads)  24%|███████▍                      |  ETA: 5:59:04
Sampling (4 threads)  25%|███████▌                      |  ETA: 5:49:33
Sampling (4 threads)  26%|███████▋                      |  ETA: 5:40:25
Sampling (4 threads)  26%|███████▊                      |  ETA: 5:37:58
Sampling (4 threads)  26%|████████                      |  ETA: 5:29:21
Sampling (4 threads)  27%|████████▏                     |  ETA: 5:21:03
Sampling (4 threads)  28%|████████▎                     |  ETA: 5:17:36
Sampling (4 threads)  28%|████████▍                     |  ETA: 5:09:47
Sampling (4 threads)  28%|████████▌                     |  ETA: 5:06:47
Sampling (4 threads)  29%|████████▊                     |  ETA: 4:59:23
Sampling (4 threads)  30%|████████▉                     |  ETA: 4:56:36
Sampling (4 threads)  30%|█████████                     |  ETA: 4:49:35
Sampling (4 threads)  30%|█████████▏                    |  ETA: 4:47:10
Sampling (4 threads)  31%|█████████▎                    |  ETA: 4:40:30
Sampling (4 threads)  32%|█████████▌                    |  ETA: 4:34:03
Sampling (4 threads)  32%|█████████▋                    |  ETA: 4:31:31
Sampling (4 threads)  32%|█████████▊                    |  ETA: 4:25:22
Sampling (4 threads)  33%|█████████▉                    |  ETA: 4:22:59
Sampling (4 threads)  34%|██████████                    |  ETA: 4:17:08
Sampling (4 threads)  34%|██████████▎                   |  ETA: 4:15:20
Sampling (4 threads)  34%|██████████▍                   |  ETA: 4:09:43
Sampling (4 threads)  35%|██████████▌                   |  ETA: 4:04:17
Sampling (4 threads)  36%|██████████▋                   |  ETA: 4:05:01
Sampling (4 threads)  36%|██████████▊                   |  ETA: 3:59:45
Sampling (4 threads)  36%|███████████                   |  ETA: 3:54:37
Sampling (4 threads)  37%|███████████▏                  |  ETA: 3:49:37
Sampling (4 threads)  38%|███████████▎                  |  ETA: 3:47:42
Sampling (4 threads)  38%|███████████▍                  |  ETA: 3:42:54
Sampling (4 threads)  38%|███████████▌                  |  ETA: 3:42:59
Sampling (4 threads)  39%|███████████▊                  |  ETA: 3:38:20
Sampling (4 threads)  40%|███████████▉                  |  ETA: 3:33:48
Sampling (4 threads)  40%|████████████                  |  ETA: 3:32:10
Sampling (4 threads)  40%|████████████▏                 |  ETA: 3:27:48
Sampling (4 threads)  41%|████████████▎                 |  ETA: 3:28:34
Sampling (4 threads)  42%|████████████▌                 |  ETA: 3:24:18
Sampling (4 threads)  42%|████████████▋                 |  ETA: 3:20:09
Sampling (4 threads)  42%|████████████▊                 |  ETA: 3:16:05
Sampling (4 threads)  43%|████████████▉                 |  ETA: 3:14:40
Sampling (4 threads)  44%|█████████████                 |  ETA: 3:10:44
Sampling (4 threads)  44%|█████████████▎                |  ETA: 3:09:21
Sampling (4 threads)  44%|█████████████▍                |  ETA: 3:05:33
Sampling (4 threads)  45%|█████████████▌                |  ETA: 3:05:48
Sampling (4 threads)  46%|█████████████▋                |  ETA: 3:02:05
Sampling (4 threads)  46%|█████████████▊                |  ETA: 2:58:27
Sampling (4 threads)  46%|██████████████                |  ETA: 2:58:33
Sampling (4 threads)  47%|██████████████▏               |  ETA: 2:55:00
Sampling (4 threads)  48%|██████████████▎               |  ETA: 2:51:31
Sampling (4 threads)  48%|██████████████▍               |  ETA: 2:51:23
Sampling (4 threads)  48%|██████████████▌               |  ETA: 2:47:59
Sampling (4 threads)  49%|██████████████▊               |  ETA: 2:44:39
Sampling (4 threads)  50%|██████████████▉               |  ETA: 2:41:24
Sampling (4 threads)  50%|███████████████               |  ETA: 2:41:06
Sampling (4 threads)  50%|███████████████▏              |  ETA: 2:37:54
Sampling (4 threads)  51%|███████████████▎              |  ETA: 2:36:25
Sampling (4 threads)  52%|███████████████▌              |  ETA: 2:33:19
Sampling (4 threads)  52%|███████████████▋              |  ETA: 2:32:48
Sampling (4 threads)  52%|███████████████▊              |  ETA: 2:29:47
Sampling (4 threads)  53%|███████████████▉              |  ETA: 2:26:48
Sampling (4 threads)  54%|████████████████              |  ETA: 2:23:53
Sampling (4 threads)  54%|████████████████▎             |  ETA: 2:23:28
Sampling (4 threads)  55%|████████████████▍             |  ETA: 2:20:37
Sampling (4 threads)  55%|████████████████▌             |  ETA: 2:20:02
Sampling (4 threads)  56%|████████████████▋             |  ETA: 2:17:14
Sampling (4 threads)  56%|████████████████▊             |  ETA: 2:14:28
Sampling (4 threads)  56%|█████████████████             |  ETA: 2:11:46
Sampling (4 threads)  57%|█████████████████▏            |  ETA: 2:11:27
Sampling (4 threads)  57%|█████████████████▎            |  ETA: 2:08:48
Sampling (4 threads)  58%|█████████████████▍            |  ETA: 2:06:11
Sampling (4 threads)  58%|█████████████████▌            |  ETA: 2:05:41
Sampling (4 threads)  59%|█████████████████▊            |  ETA: 2:03:07
Sampling (4 threads)  60%|█████████████████▉            |  ETA: 2:00:36
Sampling (4 threads)  60%|██████████████████            |  ETA: 2:00:01
Sampling (4 threads)  60%|██████████████████▏           |  ETA: 1:57:33
Sampling (4 threads)  61%|██████████████████▎           |  ETA: 1:55:06
Sampling (4 threads)  62%|██████████████████▌           |  ETA: 1:54:32
Sampling (4 threads)  62%|██████████████████▋           |  ETA: 1:52:08
Sampling (4 threads)  62%|██████████████████▊           |  ETA: 1:49:46
Sampling (4 threads)  63%|██████████████████▉           |  ETA: 1:49:16
Sampling (4 threads)  64%|███████████████████           |  ETA: 1:46:57
Sampling (4 threads)  64%|███████████████████▎          |  ETA: 1:44:39
Sampling (4 threads)  64%|███████████████████▍          |  ETA: 1:43:21
Sampling (4 threads)  65%|███████████████████▌          |  ETA: 1:41:07
Sampling (4 threads)  66%|███████████████████▋          |  ETA: 1:39:55
Sampling (4 threads)  66%|███████████████████▊          |  ETA: 1:37:43
Sampling (4 threads)  66%|████████████████████          |  ETA: 1:36:32
Sampling (4 threads)  67%|████████████████████▏         |  ETA: 1:34:23
Sampling (4 threads)  68%|████████████████████▎         |  ETA: 1:32:59
Sampling (4 threads)  68%|████████████████████▍         |  ETA: 1:30:53
Sampling (4 threads)  68%|████████████████████▌         |  ETA: 1:29:35
Sampling (4 threads)  69%|████████████████████▊         |  ETA: 1:27:32
Sampling (4 threads)  70%|████████████████████▉         |  ETA: 1:26:12
Sampling (4 threads)  70%|█████████████████████         |  ETA: 1:24:11
Sampling (4 threads)  70%|█████████████████████▏        |  ETA: 1:22:54
Sampling (4 threads)  71%|█████████████████████▎        |  ETA: 1:20:55
Sampling (4 threads)  72%|█████████████████████▌        |  ETA: 1:19:39
Sampling (4 threads)  72%|█████████████████████▋        |  ETA: 1:17:43
Sampling (4 threads)  72%|█████████████████████▊        |  ETA: 1:16:56
Sampling (4 threads)  73%|█████████████████████▉        |  ETA: 1:15:01
Sampling (4 threads)  74%|██████████████████████        |  ETA: 1:13:07
Sampling (4 threads)  74%|██████████████████████▎       |  ETA: 1:12:23
Sampling (4 threads)  74%|██████████████████████▍       |  ETA: 1:10:31
Sampling (4 threads)  75%|██████████████████████▌       |  ETA: 1:08:40
Sampling (4 threads)  76%|██████████████████████▋       |  ETA: 1:06:51
Sampling (4 threads)  76%|██████████████████████▊       |  ETA: 1:05:42
Sampling (4 threads)  76%|███████████████████████       |  ETA: 1:03:54
Sampling (4 threads)  77%|███████████████████████▏      |  ETA: 1:02:41
Sampling (4 threads)  78%|███████████████████████▎      |  ETA: 1:00:55
Sampling (4 threads)  78%|███████████████████████▍      |  ETA: 0:59:42
Sampling (4 threads)  78%|███████████████████████▌      |  ETA: 0:57:58
Sampling (4 threads)  79%|███████████████████████▊      |  ETA: 0:56:45
Sampling (4 threads)  80%|███████████████████████▉      |  ETA: 0:55:03
Sampling (4 threads)  80%|████████████████████████      |  ETA: 0:53:51
Sampling (4 threads)  80%|████████████████████████▏     |  ETA: 0:52:11
Sampling (4 threads)  81%|████████████████████████▎     |  ETA: 0:50:58
Sampling (4 threads)  82%|████████████████████████▌     |  ETA: 0:49:19
Sampling (4 threads)  82%|████████████████████████▋     |  ETA: 0:48:21
Sampling (4 threads)  82%|████████████████████████▊     |  ETA: 0:46:43
Sampling (4 threads)  83%|████████████████████████▉     |  ETA: 0:45:07
Sampling (4 threads)  84%|█████████████████████████     |  ETA: 0:43:31
Sampling (4 threads)  84%|█████████████████████████▎    |  ETA: 0:42:20
Sampling (4 threads)  84%|█████████████████████████▍    |  ETA: 0:40:46
Sampling (4 threads)  85%|█████████████████████████▌    |  ETA: 0:39:31
Sampling (4 threads)  86%|█████████████████████████▋    |  ETA: 0:37:59
Sampling (4 threads)  86%|█████████████████████████▊    |  ETA: 0:36:43
Sampling (4 threads)  86%|██████████████████████████    |  ETA: 0:35:12
Sampling (4 threads)  87%|██████████████████████████▏   |  ETA: 0:33:57
Sampling (4 threads)  88%|██████████████████████████▎   |  ETA: 0:32:27
Sampling (4 threads)  88%|██████████████████████████▍   |  ETA: 0:31:14
Sampling (4 threads)  88%|██████████████████████████▌   |  ETA: 0:29:46
Sampling (4 threads)  89%|██████████████████████████▊   |  ETA: 0:28:32
Sampling (4 threads)  90%|██████████████████████████▉   |  ETA: 0:27:05
Sampling (4 threads)  90%|███████████████████████████   |  ETA: 0:25:53
Sampling (4 threads)  90%|███████████████████████████▏  |  ETA: 0:24:28
Sampling (4 threads)  91%|███████████████████████████▎  |  ETA: 0:23:14
Sampling (4 threads)  92%|███████████████████████████▌  |  ETA: 0:21:50
Sampling (4 threads)  92%|███████████████████████████▋  |  ETA: 0:20:36
Sampling (4 threads)  92%|███████████████████████████▊  |  ETA: 0:19:12
Sampling (4 threads)  93%|███████████████████████████▉  |  ETA: 0:17:50
Sampling (4 threads)  94%|████████████████████████████  |  ETA: 0:16:40
Sampling (4 threads)  94%|████████████████████████████▎ |  ETA: 0:15:19
Sampling (4 threads)  94%|████████████████████████████▍ |  ETA: 0:13:58
Sampling (4 threads)  95%|████████████████████████████▌ |  ETA: 0:12:42
Sampling (4 threads)  96%|████████████████████████████▋ |  ETA: 0:11:23
Sampling (4 threads)  96%|████████████████████████████▊ |  ETA: 0:10:07
Sampling (4 threads)  96%|█████████████████████████████ |  ETA: 0:08:51
Sampling (4 threads)  97%|█████████████████████████████▏|  ETA: 0:07:35
Sampling (4 threads)  98%|█████████████████████████████▎|  ETA: 0:06:19
Sampling (4 threads)  98%|█████████████████████████████▍|  ETA: 0:05:03
Sampling (4 threads)  98%|█████████████████████████████▌|  ETA: 0:03:47
Sampling (4 threads)  99%|█████████████████████████████▊|  ETA: 0:02:32
Sampling (4 threads) 100%|█████████████████████████████▉|  ETA: 0:01:16
Sampling (4 threads) 100%|██████████████████████████████| Time: 4:13:33
Sampling (4 threads) 100%|██████████████████████████████| Time: 4:13:34
Sampling (4 threads)   0%|                              |  ETA: N/A
┌ Info: Found initial step size
└   ϵ = 0.000390625
┌ Info: Found initial step size
└   ϵ = 0.00078125
┌ Info: Found initial step size
└   ϵ = 0.00078125
┌ Info: Found initial step size
└   ϵ = 0.00625
Sampling (4 threads)   0%|▏                             |  ETA: 6 days, 7:43:30
Sampling (4 threads)   1%|▎                             |  ETA: 3 days, 3:28:55
Sampling (4 threads)   2%|▌                             |  ETA: 2 days, 2:04:02
Sampling (4 threads)   2%|▋                             |  ETA: 2 days, 16:53:43
Sampling (4 threads)   2%|▊                             |  ETA: 2 days, 3:39:04
Sampling (4 threads)   3%|▉                             |  ETA: 2 days, 1:11:58
Sampling (4 threads)   4%|█                             |  ETA: 1 days, 17:57:13
Sampling (4 threads)   4%|█▎                            |  ETA: 1 days, 12:31:09
Sampling (4 threads)   4%|█▍                            |  ETA: 1 days, 8:17:32
Sampling (4 threads)   5%|█▌                            |  ETA: 1 days, 6:02:52
Sampling (4 threads)   6%|█▋                            |  ETA: 1 days, 3:10:21
Sampling (4 threads)   6%|█▊                            |  ETA: 1 days, 0:46:35
Sampling (4 threads)   6%|██                            |  ETA: 23:10:50
Sampling (4 threads)   7%|██▏                           |  ETA: 21:24:35
Sampling (4 threads)   8%|██▎                           |  ETA: 20:12:17
Sampling (4 threads)   8%|██▍                           |  ETA: 18:50:22
Sampling (4 threads)   8%|██▌                           |  ETA: 17:56:30
Sampling (4 threads)   9%|██▊                           |  ETA: 16:51:09
Sampling (4 threads)  10%|██▉                           |  ETA: 16:18:24
Sampling (4 threads)  10%|███                           |  ETA: 15:24:21
Sampling (4 threads)  10%|███▏                          |  ETA: 14:35:26
Sampling (4 threads)  11%|███▎                          |  ETA: 13:50:59
Sampling (4 threads)  12%|███▌                          |  ETA: 13:25:07
Sampling (4 threads)  12%|███▋                          |  ETA: 12:47:12
Sampling (4 threads)  12%|███▊                          |  ETA: 12:31:42
Sampling (4 threads)  13%|███▉                          |  ETA: 11:58:39
Sampling (4 threads)  14%|████                          |  ETA: 11:28:03
Sampling (4 threads)  14%|████▎                         |  ETA: 11:16:03
Sampling (4 threads)  14%|████▍                         |  ETA: 10:48:57
Sampling (4 threads)  15%|████▌                         |  ETA: 10:23:39
Sampling (4 threads)  16%|████▋                         |  ETA: 10:11:59
Sampling (4 threads)  16%|████▊                         |  ETA: 9:49:21
Sampling (4 threads)  16%|█████                         |  ETA: 9:28:05
Sampling (4 threads)  17%|█████▏                        |  ETA: 9:19:39
Sampling (4 threads)  18%|█████▎                        |  ETA: 9:00:23
Sampling (4 threads)  18%|█████▍                        |  ETA: 8:42:11
Sampling (4 threads)  18%|█████▌                        |  ETA: 8:33:53
Sampling (4 threads)  19%|█████▊                        |  ETA: 8:17:18
Sampling (4 threads)  20%|█████▉                        |  ETA: 8:01:33
Sampling (4 threads)  20%|██████                        |  ETA: 7:55:03
Sampling (4 threads)  20%|██████▏                       |  ETA: 7:40:34
Sampling (4 threads)  21%|██████▎                       |  ETA: 7:26:46
Sampling (4 threads)  22%|██████▌                       |  ETA: 7:13:37
Sampling (4 threads)  22%|██████▋                       |  ETA: 7:09:12
Sampling (4 threads)  22%|██████▊                       |  ETA: 6:56:59
Sampling (4 threads)  23%|██████▉                       |  ETA: 6:49:02
Sampling (4 threads)  24%|███████                       |  ETA: 6:37:44
Sampling (4 threads)  24%|███████▎                      |  ETA: 6:31:09
Sampling (4 threads)  24%|███████▍                      |  ETA: 6:20:39
Sampling (4 threads)  25%|███████▌                      |  ETA: 6:10:34
Sampling (4 threads)  26%|███████▋                      |  ETA: 6:06:23
Sampling (4 threads)  26%|███████▊                      |  ETA: 5:56:56
Sampling (4 threads)  26%|████████                      |  ETA: 5:47:50
Sampling (4 threads)  27%|████████▏                     |  ETA: 5:44:41
Sampling (4 threads)  28%|████████▎                     |  ETA: 5:36:06
Sampling (4 threads)  28%|████████▍                     |  ETA: 5:27:49
Sampling (4 threads)  28%|████████▌                     |  ETA: 5:25:51
Sampling (4 threads)  29%|████████▊                     |  ETA: 5:18:00
Sampling (4 threads)  30%|████████▉                     |  ETA: 5:10:25
Sampling (4 threads)  30%|█████████                     |  ETA: 5:07:55
Sampling (4 threads)  30%|█████████▏                    |  ETA: 5:00:42
Sampling (4 threads)  31%|█████████▎                    |  ETA: 4:53:44
Sampling (4 threads)  32%|█████████▌                    |  ETA: 4:51:23
Sampling (4 threads)  32%|█████████▋                    |  ETA: 4:44:44
Sampling (4 threads)  32%|█████████▊                    |  ETA: 4:42:22
Sampling (4 threads)  33%|█████████▉                    |  ETA: 4:36:01
Sampling (4 threads)  34%|██████████                    |  ETA: 4:29:52
Sampling (4 threads)  34%|██████████▎                   |  ETA: 4:27:34
Sampling (4 threads)  34%|██████████▍                   |  ETA: 4:21:41
Sampling (4 threads)  35%|██████████▌                   |  ETA: 4:19:11
Sampling (4 threads)  36%|██████████▋                   |  ETA: 4:13:34
Sampling (4 threads)  36%|██████████▊                   |  ETA: 4:11:37
Sampling (4 threads)  36%|███████████                   |  ETA: 4:06:13
Sampling (4 threads)  37%|███████████▏                  |  ETA: 4:00:59
Sampling (4 threads)  38%|███████████▎                  |  ETA: 3:58:57
Sampling (4 threads)  38%|███████████▍                  |  ETA: 3:53:56
Sampling (4 threads)  38%|███████████▌                  |  ETA: 3:51:49
Sampling (4 threads)  39%|███████████▊                  |  ETA: 3:46:59
Sampling (4 threads)  40%|███████████▉                  |  ETA: 3:45:10
Sampling (4 threads)  40%|████████████                  |  ETA: 3:40:31
Sampling (4 threads)  40%|████████████▏                 |  ETA: 3:38:51
Sampling (4 threads)  41%|████████████▎                 |  ETA: 3:34:22
Sampling (4 threads)  42%|████████████▌                 |  ETA: 3:32:38
Sampling (4 threads)  42%|████████████▋                 |  ETA: 3:28:18
Sampling (4 threads)  42%|████████████▊                 |  ETA: 3:26:27
Sampling (4 threads)  43%|████████████▉                 |  ETA: 3:22:16
Sampling (4 threads)  44%|█████████████                 |  ETA: 3:20:34
Sampling (4 threads)  44%|█████████████▎                |  ETA: 3:16:32
Sampling (4 threads)  44%|█████████████▍                |  ETA: 3:12:35
Sampling (4 threads)  45%|█████████████▌                |  ETA: 3:10:52
Sampling (4 threads)  46%|█████████████▋                |  ETA: 3:07:03
Sampling (4 threads)  46%|█████████████▊                |  ETA: 3:05:26
Sampling (4 threads)  46%|██████████████                |  ETA: 3:01:45
Sampling (4 threads)  47%|██████████████▏               |  ETA: 3:00:03
Sampling (4 threads)  48%|██████████████▎               |  ETA: 2:56:28
Sampling (4 threads)  48%|██████████████▍               |  ETA: 2:54:49
Sampling (4 threads)  48%|██████████████▌               |  ETA: 2:51:21
Sampling (4 threads)  49%|██████████████▊               |  ETA: 2:49:42
Sampling (4 threads)  50%|██████████████▉               |  ETA: 2:46:20
Sampling (4 threads)  50%|███████████████               |  ETA: 2:44:52
Sampling (4 threads)  50%|███████████████▏              |  ETA: 2:41:36
Sampling (4 threads)  51%|███████████████▎              |  ETA: 2:40:15
Sampling (4 threads)  52%|███████████████▌              |  ETA: 2:37:05
Sampling (4 threads)  52%|███████████████▋              |  ETA: 2:35:48
Sampling (4 threads)  52%|███████████████▊              |  ETA: 2:32:43
Sampling (4 threads)  53%|███████████████▉              |  ETA: 2:31:12
Sampling (4 threads)  54%|████████████████              |  ETA: 2:28:12
Sampling (4 threads)  54%|████████████████▎             |  ETA: 2:25:14
Sampling (4 threads)  55%|████████████████▍             |  ETA: 2:23:48
Sampling (4 threads)  55%|████████████████▌             |  ETA: 2:20:56
Sampling (4 threads)  56%|████████████████▋             |  ETA: 2:19:27
Sampling (4 threads)  56%|████████████████▊             |  ETA: 2:16:39
Sampling (4 threads)  56%|█████████████████             |  ETA: 2:15:22
Sampling (4 threads)  57%|█████████████████▏            |  ETA: 2:12:38
Sampling (4 threads)  57%|█████████████████▎            |  ETA: 2:11:17
Sampling (4 threads)  58%|█████████████████▍            |  ETA: 2:08:37
Sampling (4 threads)  58%|█████████████████▌            |  ETA: 2:08:08
Sampling (4 threads)  59%|█████████████████▊            |  ETA: 2:05:31
Sampling (4 threads)  60%|█████████████████▉            |  ETA: 2:02:57
Sampling (4 threads)  60%|██████████████████            |  ETA: 2:01:36
Sampling (4 threads)  60%|██████████████████▏           |  ETA: 1:59:05
Sampling (4 threads)  61%|██████████████████▎           |  ETA: 1:58:36
Sampling (4 threads)  62%|██████████████████▌           |  ETA: 1:56:07
Sampling (4 threads)  62%|██████████████████▋           |  ETA: 1:53:42
Sampling (4 threads)  62%|██████████████████▊           |  ETA: 1:51:18
Sampling (4 threads)  63%|██████████████████▉           |  ETA: 1:50:54
Sampling (4 threads)  64%|███████████████████           |  ETA: 1:48:33
Sampling (4 threads)  64%|███████████████████▎          |  ETA: 1:46:13
Sampling (4 threads)  64%|███████████████████▍          |  ETA: 1:45:36
Sampling (4 threads)  65%|███████████████████▌          |  ETA: 1:43:18
Sampling (4 threads)  66%|███████████████████▋          |  ETA: 1:41:03
Sampling (4 threads)  66%|███████████████████▊          |  ETA: 1:40:29
Sampling (4 threads)  66%|████████████████████          |  ETA: 1:38:16
Sampling (4 threads)  67%|████████████████████▏         |  ETA: 1:36:05
Sampling (4 threads)  68%|████████████████████▎         |  ETA: 1:33:55
Sampling (4 threads)  68%|████████████████████▍         |  ETA: 1:33:21
Sampling (4 threads)  68%|████████████████████▌         |  ETA: 1:31:13
Sampling (4 threads)  69%|████████████████████▊         |  ETA: 1:29:07
Sampling (4 threads)  70%|████████████████████▉         |  ETA: 1:28:31
Sampling (4 threads)  70%|█████████████████████         |  ETA: 1:26:27
Sampling (4 threads)  70%|█████████████████████▏        |  ETA: 1:24:24
Sampling (4 threads)  71%|█████████████████████▎        |  ETA: 1:22:23
Sampling (4 threads)  72%|█████████████████████▌        |  ETA: 1:21:11
Sampling (4 threads)  72%|█████████████████████▋        |  ETA: 1:19:12
Sampling (4 threads)  72%|█████████████████████▊        |  ETA: 1:18:28
Sampling (4 threads)  73%|█████████████████████▉        |  ETA: 1:16:31
Sampling (4 threads)  74%|██████████████████████        |  ETA: 1:14:35
Sampling (4 threads)  74%|██████████████████████▎       |  ETA: 1:13:46
Sampling (4 threads)  74%|██████████████████████▍       |  ETA: 1:11:52
Sampling (4 threads)  75%|██████████████████████▌       |  ETA: 1:09:59
Sampling (4 threads)  76%|██████████████████████▋       |  ETA: 1:08:08
Sampling (4 threads)  76%|██████████████████████▊       |  ETA: 1:07:23
Sampling (4 threads)  76%|███████████████████████       |  ETA: 1:05:33
Sampling (4 threads)  77%|███████████████████████▏      |  ETA: 1:03:44
Sampling (4 threads)  78%|███████████████████████▎      |  ETA: 1:02:52
Sampling (4 threads)  78%|███████████████████████▍      |  ETA: 1:01:05
Sampling (4 threads)  78%|███████████████████████▌      |  ETA: 0:59:19
Sampling (4 threads)  79%|███████████████████████▊      |  ETA: 0:58:00
Sampling (4 threads)  80%|███████████████████████▉      |  ETA: 0:56:16
Sampling (4 threads)  80%|████████████████████████      |  ETA: 0:55:00
Sampling (4 threads)  80%|████████████████████████▏     |  ETA: 0:53:17
Sampling (4 threads)  81%|████████████████████████▎     |  ETA: 0:52:02
Sampling (4 threads)  82%|████████████████████████▌     |  ETA: 0:50:21
Sampling (4 threads)  82%|████████████████████████▋     |  ETA: 0:49:05
Sampling (4 threads)  82%|████████████████████████▊     |  ETA: 0:47:26
Sampling (4 threads)  83%|████████████████████████▉     |  ETA: 0:46:23
Sampling (4 threads)  84%|█████████████████████████     |  ETA: 0:44:45
Sampling (4 threads)  84%|█████████████████████████▎    |  ETA: 0:43:08
Sampling (4 threads)  84%|█████████████████████████▍    |  ETA: 0:42:06
Sampling (4 threads)  85%|█████████████████████████▌    |  ETA: 0:40:30
Sampling (4 threads)  86%|█████████████████████████▋    |  ETA: 0:38:55
Sampling (4 threads)  86%|█████████████████████████▊    |  ETA: 0:37:22
Sampling (4 threads)  86%|██████████████████████████    |  ETA: 0:36:06
Sampling (4 threads)  87%|██████████████████████████▏   |  ETA: 0:34:34
Sampling (4 threads)  88%|██████████████████████████▎   |  ETA: 0:33:32
Sampling (4 threads)  88%|██████████████████████████▍   |  ETA: 0:32:00
Sampling (4 threads)  88%|██████████████████████████▌   |  ETA: 0:30:30
Sampling (4 threads)  89%|██████████████████████████▊   |  ETA: 0:29:15
Sampling (4 threads)  90%|██████████████████████████▉   |  ETA: 0:27:46
Sampling (4 threads)  90%|███████████████████████████   |  ETA: 0:26:37
Sampling (4 threads)  90%|███████████████████████████▏  |  ETA: 0:25:09
Sampling (4 threads)  91%|███████████████████████████▎  |  ETA: 0:23:41
Sampling (4 threads)  92%|███████████████████████████▌  |  ETA: 0:22:33
Sampling (4 threads)  92%|███████████████████████████▋  |  ETA: 0:21:06
Sampling (4 threads)  92%|███████████████████████████▊  |  ETA: 0:19:41
Sampling (4 threads)  93%|███████████████████████████▉  |  ETA: 0:18:16
Sampling (4 threads)  94%|████████████████████████████  |  ETA: 0:16:58
Sampling (4 threads)  94%|████████████████████████████▎ |  ETA: 0:15:40
Sampling (4 threads)  94%|████████████████████████████▍ |  ETA: 0:14:20
Sampling (4 threads)  95%|████████████████████████████▌ |  ETA: 0:13:01
Sampling (4 threads)  96%|████████████████████████████▋ |  ETA: 0:11:41
Sampling (4 threads)  96%|████████████████████████████▊ |  ETA: 0:10:23
Sampling (4 threads)  96%|█████████████████████████████ |  ETA: 0:09:04
Sampling (4 threads)  97%|█████████████████████████████▏|  ETA: 0:07:46
Sampling (4 threads)  98%|█████████████████████████████▎|  ETA: 0:06:27
Sampling (4 threads)  98%|█████████████████████████████▍|  ETA: 0:05:10
Sampling (4 threads)  98%|█████████████████████████████▌|  ETA: 0:03:52
Sampling (4 threads)  99%|█████████████████████████████▊|  ETA: 0:02:34
Sampling (4 threads) 100%|█████████████████████████████▉|  ETA: 0:01:17
Sampling (4 threads) 100%|██████████████████████████████| Time: 4:18:41
Sampling (4 threads) 100%|██████████████████████████████| Time: 4:18:43
Precompiling project...
  ✗ DistributionsAD → DistributionsADReverseDiffExt
  0 dependencies successfully precompiled in 26 seconds. 549 already precompiled.
┌ Warning: Runtime invalidation was disabled, but the CPU info is out-of-date.
│ Will continue with incorrect CPU name (from build time).
└ @ HostCPUFeatures ~/.julia/packages/HostCPUFeatures/ZTXz4/src/cpu_info.jl:71
┌ Warning: Runtime invalidation was disabled, but the CPU info is out-of-date.
│ Will continue with incorrect CPU feature flag: +avx512vnni.
└ @ HostCPUFeatures ~/.julia/packages/HostCPUFeatures/ZTXz4/src/cpu_info.jl:56
┌ Warning: Runtime invalidation was disabled, but the CPU info is out-of-date.
│ Will continue with incorrect CPU feature flag: -rtm.
└ @ HostCPUFeatures ~/.julia/packages/HostCPUFeatures/ZTXz4/src/cpu_info.jl:56
Sampling (4 threads)   0%|                              |  ETA: N/A
┌ Info: Found initial step size
└   ϵ = 0.0015625
┌ Info: Found initial step size
└   ϵ = 0.00078125
┌ Info: Found initial step size
└   ϵ = 0.003125
┌ Info: Found initial step size
└   ϵ = 0.003125
Sampling (4 threads)   0%|▏                             |  ETA: 5 days, 14:12:26
Sampling (4 threads)   1%|▎                             |  ETA: 2 days, 18:46:03
Sampling (4 threads)   2%|▌                             |  ETA: 1 days, 20:17:13
Sampling (4 threads)   2%|▋                             |  ETA: 2 days, 14:10:11
Sampling (4 threads)   2%|▊                             |  ETA: 2 days, 1:28:56
Sampling (4 threads)   3%|▉                             |  ETA: 1 days, 17:01:25
Sampling (4 threads)   4%|█                             |  ETA: 1 days, 10:58:55
Sampling (4 threads)   4%|█▎                            |  ETA: 1 days, 8:05:13
Sampling (4 threads)   4%|█▍                            |  ETA: 1 days, 4:22:23
Sampling (4 threads)   5%|█▌                            |  ETA: 1 days, 2:26:25
Sampling (4 threads)   6%|█▋                            |  ETA: 23:54:36
Sampling (4 threads)   6%|█▊                            |  ETA: 21:48:06
Sampling (4 threads)   6%|██                            |  ETA: 20:49:06
Sampling (4 threads)   7%|██▏                           |  ETA: 19:13:40
Sampling (4 threads)   8%|██▎                           |  ETA: 17:50:58
Sampling (4 threads)   8%|██▍                           |  ETA: 17:07:13
Sampling (4 threads)   8%|██▌                           |  ETA: 16:01:32
Sampling (4 threads)   9%|██▊                           |  ETA: 15:14:42
Sampling (4 threads)  10%|██▉                           |  ETA: 14:21:48
Sampling (4 threads)  10%|███                           |  ETA: 13:45:41
Sampling (4 threads)  10%|███▏                          |  ETA: 13:02:00
Sampling (4 threads)  11%|███▎                          |  ETA: 12:32:06
Sampling (4 threads)  12%|███▌                          |  ETA: 11:55:22
Sampling (4 threads)  12%|███▋                          |  ETA: 11:33:41
Sampling (4 threads)  12%|███▊                          |  ETA: 11:02:09
Sampling (4 threads)  13%|███▉                          |  ETA: 10:42:18
Sampling (4 threads)  14%|████                          |  ETA: 10:14:58
Sampling (4 threads)  14%|████▎                         |  ETA: 10:03:50
Sampling (4 threads)  14%|████▍                         |  ETA: 9:39:37
Sampling (4 threads)  15%|████▌                         |  ETA: 9:17:01
Sampling (4 threads)  16%|████▋                         |  ETA: 9:09:18
Sampling (4 threads)  16%|████▊                         |  ETA: 8:48:59
Sampling (4 threads)  16%|█████                         |  ETA: 8:29:54
Sampling (4 threads)  17%|█████▏                        |  ETA: 8:21:00
Sampling (4 threads)  18%|█████▎                        |  ETA: 8:03:46
Sampling (4 threads)  18%|█████▍                        |  ETA: 7:47:28
Sampling (4 threads)  18%|█████▌                        |  ETA: 7:41:10
Sampling (4 threads)  19%|█████▊                        |  ETA: 7:26:17
Sampling (4 threads)  20%|█████▉                        |  ETA: 7:12:09
Sampling (4 threads)  20%|██████                        |  ETA: 7:06:48
Sampling (4 threads)  20%|██████▏                       |  ETA: 6:53:47
Sampling (4 threads)  21%|██████▎                       |  ETA: 6:41:23
Sampling (4 threads)  22%|██████▌                       |  ETA: 6:36:45
Sampling (4 threads)  22%|██████▋                       |  ETA: 6:25:16
Sampling (4 threads)  22%|██████▊                       |  ETA: 6:14:18
Sampling (4 threads)  23%|██████▉                       |  ETA: 6:09:59
Sampling (4 threads)  24%|███████                       |  ETA: 5:59:46
Sampling (4 threads)  24%|███████▎                      |  ETA: 5:49:58
Sampling (4 threads)  24%|███████▍                      |  ETA: 5:47:28
Sampling (4 threads)  25%|███████▌                      |  ETA: 5:38:15
Sampling (4 threads)  26%|███████▋                      |  ETA: 5:29:25
Sampling (4 threads)  26%|███████▊                      |  ETA: 5:26:52
Sampling (4 threads)  26%|████████                      |  ETA: 5:18:32
Sampling (4 threads)  27%|████████▏                     |  ETA: 5:10:30
Sampling (4 threads)  28%|████████▎                     |  ETA: 5:06:27
Sampling (4 threads)  28%|████████▍                     |  ETA: 4:58:54
Sampling (4 threads)  28%|████████▌                     |  ETA: 4:56:05
Sampling (4 threads)  29%|████████▊                     |  ETA: 4:48:57
Sampling (4 threads)  30%|████████▉                     |  ETA: 4:42:03
Sampling (4 threads)  30%|█████████                     |  ETA: 4:40:45
Sampling (4 threads)  30%|█████████▏                    |  ETA: 4:34:11
Sampling (4 threads)  31%|█████████▎                    |  ETA: 4:27:49
Sampling (4 threads)  32%|█████████▌                    |  ETA: 4:26:21
Sampling (4 threads)  32%|█████████▋                    |  ETA: 4:20:16
Sampling (4 threads)  32%|█████████▊                    |  ETA: 4:14:23
Sampling (4 threads)  33%|█████████▉                    |  ETA: 4:12:35
Sampling (4 threads)  34%|██████████                    |  ETA: 4:06:57
Sampling (4 threads)  34%|██████████▎                   |  ETA: 4:01:29
Sampling (4 threads)  34%|██████████▍                   |  ETA: 4:01:05
Sampling (4 threads)  35%|██████████▌                   |  ETA: 3:55:50
Sampling (4 threads)  36%|██████████▋                   |  ETA: 3:50:43
Sampling (4 threads)  36%|██████████▊                   |  ETA: 3:50:52
Sampling (4 threads)  36%|███████████                   |  ETA: 3:45:55
Sampling (4 threads)  37%|███████████▏                  |  ETA: 3:41:07
Sampling (4 threads)  38%|███████████▎                  |  ETA: 3:41:28
Sampling (4 threads)  38%|███████████▍                  |  ETA: 3:36:48
Sampling (4 threads)  38%|███████████▌                  |  ETA: 3:32:15
Sampling (4 threads)  39%|███████████▊                  |  ETA: 3:31:53
Sampling (4 threads)  40%|███████████▉                  |  ETA: 3:27:29
Sampling (4 threads)  40%|████████████                  |  ETA: 3:23:12
Sampling (4 threads)  40%|████████████▏                 |  ETA: 3:21:04
Sampling (4 threads)  41%|████████████▎                 |  ETA: 3:16:57
Sampling (4 threads)  42%|████████████▌                 |  ETA: 3:14:49
Sampling (4 threads)  42%|████████████▋                 |  ETA: 3:10:51
Sampling (4 threads)  42%|████████████▊                 |  ETA: 3:08:32
Sampling (4 threads)  43%|████████████▉                 |  ETA: 3:04:43
Sampling (4 threads)  44%|█████████████                 |  ETA: 3:02:57
Sampling (4 threads)  44%|█████████████▎                |  ETA: 2:59:17
Sampling (4 threads)  44%|█████████████▍                |  ETA: 2:57:22
Sampling (4 threads)  45%|█████████████▌                |  ETA: 2:53:49
Sampling (4 threads)  46%|█████████████▋                |  ETA: 2:52:18
Sampling (4 threads)  46%|█████████████▊                |  ETA: 2:48:52
Sampling (4 threads)  46%|██████████████                |  ETA: 2:45:30
Sampling (4 threads)  47%|██████████████▏               |  ETA: 2:43:55
Sampling (4 threads)  48%|██████████████▎               |  ETA: 2:40:40
Sampling (4 threads)  48%|██████████████▍               |  ETA: 2:39:57
Sampling (4 threads)  48%|██████████████▌               |  ETA: 2:36:47
Sampling (4 threads)  49%|██████████████▊               |  ETA: 2:33:40
Sampling (4 threads)  50%|██████████████▉               |  ETA: 2:32:47
Sampling (4 threads)  50%|███████████████               |  ETA: 2:29:46
Sampling (4 threads)  50%|███████████████▏              |  ETA: 2:26:48
Sampling (4 threads)  51%|███████████████▎              |  ETA: 2:26:20
Sampling (4 threads)  52%|███████████████▌              |  ETA: 2:23:26
Sampling (4 threads)  52%|███████████████▋              |  ETA: 2:20:35
Sampling (4 threads)  52%|███████████████▊              |  ETA: 2:17:48
Sampling (4 threads)  53%|███████████████▉              |  ETA: 2:17:00
Sampling (4 threads)  54%|████████████████              |  ETA: 2:14:16
Sampling (4 threads)  54%|████████████████▎             |  ETA: 2:11:36
Sampling (4 threads)  55%|████████████████▍             |  ETA: 2:11:04
Sampling (4 threads)  55%|████████████████▌             |  ETA: 2:08:27
Sampling (4 threads)  56%|████████████████▋             |  ETA: 2:05:53
Sampling (4 threads)  56%|████████████████▊             |  ETA: 2:05:15
Sampling (4 threads)  56%|█████████████████             |  ETA: 2:02:44
Sampling (4 threads)  57%|█████████████████▏            |  ETA: 2:00:15
Sampling (4 threads)  57%|█████████████████▎            |  ETA: 1:59:32
Sampling (4 threads)  58%|█████████████████▍            |  ETA: 1:57:06
Sampling (4 threads)  58%|█████████████████▌            |  ETA: 1:54:43
Sampling (4 threads)  59%|█████████████████▊            |  ETA: 1:54:02
Sampling (4 threads)  60%|█████████████████▉            |  ETA: 1:51:42
Sampling (4 threads)  60%|██████████████████            |  ETA: 1:49:24
Sampling (4 threads)  60%|██████████████████▏           |  ETA: 1:47:08
Sampling (4 threads)  61%|██████████████████▎           |  ETA: 1:46:33
Sampling (4 threads)  62%|██████████████████▌           |  ETA: 1:44:20
Sampling (4 threads)  62%|██████████████████▋           |  ETA: 1:42:56
Sampling (4 threads)  62%|██████████████████▊           |  ETA: 1:40:46
Sampling (4 threads)  63%|██████████████████▉           |  ETA: 1:39:26
Sampling (4 threads)  64%|███████████████████           |  ETA: 1:37:19
Sampling (4 threads)  64%|███████████████████▎          |  ETA: 1:35:59
Sampling (4 threads)  64%|███████████████████▍          |  ETA: 1:33:55
Sampling (4 threads)  65%|███████████████████▌          |  ETA: 1:32:40
Sampling (4 threads)  66%|███████████████████▋          |  ETA: 1:30:39
Sampling (4 threads)  66%|███████████████████▊          |  ETA: 1:29:54
Sampling (4 threads)  66%|████████████████████          |  ETA: 1:27:55
Sampling (4 threads)  67%|████████████████████▏         |  ETA: 1:25:57
Sampling (4 threads)  68%|████████████████████▎         |  ETA: 1:24:01
Sampling (4 threads)  68%|████████████████████▍         |  ETA: 1:23:19
Sampling (4 threads)  68%|████████████████████▌         |  ETA: 1:21:25
Sampling (4 threads)  69%|████████████████████▊         |  ETA: 1:20:10
Sampling (4 threads)  70%|████████████████████▉         |  ETA: 1:18:18
Sampling (4 threads)  70%|█████████████████████         |  ETA: 1:17:25
Sampling (4 threads)  70%|█████████████████████▏        |  ETA: 1:15:36
Sampling (4 threads)  71%|█████████████████████▎        |  ETA: 1:13:47
Sampling (4 threads)  72%|█████████████████████▌        |  ETA: 1:12:01
Sampling (4 threads)  72%|█████████████████████▋        |  ETA: 1:11:20
Sampling (4 threads)  72%|█████████████████████▊        |  ETA: 1:09:34
Sampling (4 threads)  73%|█████████████████████▉        |  ETA: 1:07:50
Sampling (4 threads)  74%|██████████████████████        |  ETA: 1:07:06
Sampling (4 threads)  74%|██████████████████████▎       |  ETA: 1:05:24
Sampling (4 threads)  74%|██████████████████████▍       |  ETA: 1:03:42
Sampling (4 threads)  75%|██████████████████████▌       |  ETA: 1:02:46
Sampling (4 threads)  76%|██████████████████████▋       |  ETA: 1:01:07
Sampling (4 threads)  76%|██████████████████████▊       |  ETA: 0:59:28
Sampling (4 threads)  76%|███████████████████████       |  ETA: 0:58:37
Sampling (4 threads)  77%|███████████████████████▏      |  ETA: 0:57:00
Sampling (4 threads)  78%|███████████████████████▎      |  ETA: 0:55:24
Sampling (4 threads)  78%|███████████████████████▍      |  ETA: 0:54:26
Sampling (4 threads)  78%|███████████████████████▌      |  ETA: 0:52:51
Sampling (4 threads)  79%|███████████████████████▊      |  ETA: 0:51:18
Sampling (4 threads)  80%|███████████████████████▉      |  ETA: 0:50:23
Sampling (4 threads)  80%|████████████████████████      |  ETA: 0:48:51
Sampling (4 threads)  80%|████████████████████████▏     |  ETA: 0:47:20
Sampling (4 threads)  81%|████████████████████████▎     |  ETA: 0:46:12
Sampling (4 threads)  82%|████████████████████████▌     |  ETA: 0:44:42
Sampling (4 threads)  82%|████████████████████████▋     |  ETA: 0:43:34
Sampling (4 threads)  82%|████████████████████████▊     |  ETA: 0:42:06
Sampling (4 threads)  83%|████████████████████████▉     |  ETA: 0:41:09
Sampling (4 threads)  84%|█████████████████████████     |  ETA: 0:39:42
Sampling (4 threads)  84%|█████████████████████████▎    |  ETA: 0:38:16
Sampling (4 threads)  84%|█████████████████████████▍    |  ETA: 0:37:22
Sampling (4 threads)  85%|█████████████████████████▌    |  ETA: 0:35:57
Sampling (4 threads)  86%|█████████████████████████▋    |  ETA: 0:34:33
Sampling (4 threads)  86%|█████████████████████████▊    |  ETA: 0:33:10
Sampling (4 threads)  86%|██████████████████████████    |  ETA: 0:32:11
Sampling (4 threads)  87%|██████████████████████████▏   |  ETA: 0:30:49
Sampling (4 threads)  88%|██████████████████████████▎   |  ETA: 0:29:28
Sampling (4 threads)  88%|██████████████████████████▍   |  ETA: 0:28:18
Sampling (4 threads)  88%|██████████████████████████▌   |  ETA: 0:27:06
Sampling (4 threads)  89%|██████████████████████████▊   |  ETA: 0:25:49
Sampling (4 threads)  90%|██████████████████████████▉   |  ETA: 0:24:39
Sampling (4 threads)  90%|███████████████████████████   |  ETA: 0:23:27
Sampling (4 threads)  90%|███████████████████████████▏  |  ETA: 0:22:16
Sampling (4 threads)  91%|███████████████████████████▎  |  ETA: 0:21:02
Sampling (4 threads)  92%|███████████████████████████▌  |  ETA: 0:19:51
Sampling (4 threads)  92%|███████████████████████████▋  |  ETA: 0:18:37
Sampling (4 threads)  92%|███████████████████████████▊  |  ETA: 0:17:27
Sampling (4 threads)  93%|███████████████████████████▉  |  ETA: 0:16:18
Sampling (4 threads)  94%|████████████████████████████  |  ETA: 0:15:08
Sampling (4 threads)  94%|████████████████████████████▎ |  ETA: 0:13:58
Sampling (4 threads)  94%|████████████████████████████▍ |  ETA: 0:12:48
Sampling (4 threads)  95%|████████████████████████████▌ |  ETA: 0:11:37
Sampling (4 threads)  96%|████████████████████████████▋ |  ETA: 0:10:27
Sampling (4 threads)  96%|████████████████████████████▊ |  ETA: 0:09:18
Sampling (4 threads)  96%|█████████████████████████████ |  ETA: 0:08:10
Sampling (4 threads)  97%|█████████████████████████████▏|  ETA: 0:07:02
Sampling (4 threads)  98%|█████████████████████████████▎|  ETA: 0:05:54
Sampling (4 threads)  98%|█████████████████████████████▍|  ETA: 0:04:44
Sampling (4 threads)  98%|█████████████████████████████▌|  ETA: 0:03:34
Sampling (4 threads)  99%|█████████████████████████████▊|  ETA: 0:02:24
Sampling (4 threads) 100%|█████████████████████████████▉|  ETA: 0:01:12
Sampling (4 threads) 100%|██████████████████████████████| Time: 4:01:36
Sampling (4 threads) 100%|██████████████████████████████| Time: 4:01:38
┌ Warning: Runtime invalidation was disabled, but the CPU info is out-of-date.
│ Will continue with incorrect CPU name (from build time).
└ @ HostCPUFeatures ~/.julia/packages/HostCPUFeatures/ZTXz4/src/cpu_info.jl:71
┌ Warning: Runtime invalidation was disabled, but the CPU info is out-of-date.
│ Will continue with incorrect CPU feature flag: +avx512vnni.
└ @ HostCPUFeatures ~/.julia/packages/HostCPUFeatures/ZTXz4/src/cpu_info.jl:56
┌ Warning: Runtime invalidation was disabled, but the CPU info is out-of-date.
│ Will continue with incorrect CPU feature flag: -rtm.
└ @ HostCPUFeatures ~/.julia/packages/HostCPUFeatures/ZTXz4/src/cpu_info.jl:56
Sampling (4 threads)   0%|                              |  ETA: N/A
┌ Info: Found initial step size
└   ϵ = 0.00625
┌ Info: Found initial step size
└   ϵ = 0.003125
┌ Info: Found initial step size
└   ϵ = 0.00625
┌ Info: Found initial step size
└   ϵ = 0.0015625
Sampling (4 threads)   0%|▏                             |  ETA: 5 days, 10:40:07
Sampling (4 threads)   1%|▎                             |  ETA: 2 days, 17:00:28
Sampling (4 threads)   2%|▌                             |  ETA: 3 days, 11:23:15
Sampling (4 threads)   2%|▋                             |  ETA: 2 days, 14:13:23
Sampling (4 threads)   2%|▊                             |  ETA: 2 days, 1:31:28
Sampling (4 threads)   3%|▉                             |  ETA: 1 days, 17:03:32
Sampling (4 threads)   4%|█                             |  ETA: 1 days, 15:10:36
Sampling (4 threads)   4%|█▎                            |  ETA: 1 days, 10:06:07
Sampling (4 threads)   4%|█▍                            |  ETA: 1 days, 7:49:41
Sampling (4 threads)   5%|█▌                            |  ETA: 1 days, 4:29:43
Sampling (4 threads)   6%|█▋                            |  ETA: 1 days, 2:44:30
Sampling (4 threads)   6%|█▊                            |  ETA: 1 days, 0:23:00
Sampling (4 threads)   6%|██                            |  ETA: 22:23:17
Sampling (4 threads)   7%|██▏                           |  ETA: 21:19:43
Sampling (4 threads)   8%|██▎                           |  ETA: 19:47:59
Sampling (4 threads)   8%|██▍                           |  ETA: 19:04:52
Sampling (4 threads)   8%|██▌                           |  ETA: 17:51:40
Sampling (4 threads)   9%|██▊                           |  ETA: 16:46:36
Sampling (4 threads)  10%|██▉                           |  ETA: 15:48:23
Sampling (4 threads)  10%|███                           |  ETA: 15:28:00
Sampling (4 threads)  10%|███▏                          |  ETA: 14:38:54
Sampling (4 threads)  11%|███▎                          |  ETA: 13:54:16
Sampling (4 threads)  12%|███▌                          |  ETA: 13:35:47
Sampling (4 threads)  12%|███▋                          |  ETA: 12:57:23
Sampling (4 threads)  12%|███▊                          |  ETA: 12:22:02
Sampling (4 threads)  13%|███▉                          |  ETA: 12:07:27
Sampling (4 threads)  14%|████                          |  ETA: 11:36:29
Sampling (4 threads)  14%|████▎                         |  ETA: 11:07:43
Sampling (4 threads)  14%|████▍                         |  ETA: 10:58:40
Sampling (4 threads)  15%|████▌                         |  ETA: 10:32:59
Sampling (4 threads)  16%|████▋                         |  ETA: 10:08:58
Sampling (4 threads)  16%|████▊                         |  ETA: 10:02:22
Sampling (4 threads)  16%|█████                         |  ETA: 9:40:38
Sampling (4 threads)  17%|█████▏                        |  ETA: 9:20:11
Sampling (4 threads)  18%|█████▎                        |  ETA: 9:13:22
Sampling (4 threads)  18%|█████▍                        |  ETA: 8:54:44
Sampling (4 threads)  18%|█████▌                        |  ETA: 8:37:07
Sampling (4 threads)  19%|█████▊                        |  ETA: 8:32:40
Sampling (4 threads)  20%|█████▉                        |  ETA: 8:16:26
Sampling (4 threads)  20%|██████                        |  ETA: 8:10:44
Sampling (4 threads)  20%|██████▏                       |  ETA: 7:55:47
Sampling (4 threads)  21%|██████▎                       |  ETA: 7:41:32
Sampling (4 threads)  22%|██████▌                       |  ETA: 7:35:52
Sampling (4 threads)  22%|██████▋                       |  ETA: 7:22:40
Sampling (4 threads)  22%|██████▊                       |  ETA: 7:17:53
Sampling (4 threads)  23%|██████▉                       |  ETA: 7:05:36
Sampling (4 threads)  24%|███████                       |  ETA: 6:53:51
Sampling (4 threads)  24%|███████▎                      |  ETA: 6:49:04
Sampling (4 threads)  24%|███████▍                      |  ETA: 6:38:05
Sampling (4 threads)  25%|███████▌                      |  ETA: 6:33:37
Sampling (4 threads)  26%|███████▋                      |  ETA: 6:23:19
Sampling (4 threads)  26%|███████▊                      |  ETA: 6:18:35
Sampling (4 threads)  26%|████████                      |  ETA: 6:08:56
Sampling (4 threads)  27%|████████▏                     |  ETA: 6:05:51
Sampling (4 threads)  28%|████████▎                     |  ETA: 5:56:44
Sampling (4 threads)  28%|████████▍                     |  ETA: 5:47:57
Sampling (4 threads)  28%|████████▌                     |  ETA: 5:45:00
Sampling (4 threads)  29%|████████▊                     |  ETA: 5:36:41
Sampling (4 threads)  30%|████████▉                     |  ETA: 5:28:39
Sampling (4 threads)  30%|█████████                     |  ETA: 5:26:13
Sampling (4 threads)  30%|█████████▏                    |  ETA: 5:18:34
Sampling (4 threads)  31%|█████████▎                    |  ETA: 5:15:09
Sampling (4 threads)  32%|█████████▌                    |  ETA: 5:07:54
Sampling (4 threads)  32%|█████████▋                    |  ETA: 5:05:40
Sampling (4 threads)  32%|█████████▊                    |  ETA: 4:58:45
Sampling (4 threads)  33%|█████████▉                    |  ETA: 4:56:04
Sampling (4 threads)  34%|██████████                    |  ETA: 4:49:28
Sampling (4 threads)  34%|██████████▎                   |  ETA: 4:47:24
Sampling (4 threads)  34%|██████████▍                   |  ETA: 4:41:06
Sampling (4 threads)  35%|██████████▌                   |  ETA: 4:34:58
Sampling (4 threads)  36%|██████████▋                   |  ETA: 4:32:55
Sampling (4 threads)  36%|██████████▊                   |  ETA: 4:27:02
Sampling (4 threads)  36%|███████████                   |  ETA: 4:24:26
Sampling (4 threads)  37%|███████████▏                  |  ETA: 4:18:49
Sampling (4 threads)  38%|███████████▎                  |  ETA: 4:16:44
Sampling (4 threads)  38%|███████████▍                  |  ETA: 4:11:20
Sampling (4 threads)  38%|███████████▌                  |  ETA: 4:06:04
Sampling (4 threads)  39%|███████████▊                  |  ETA: 4:04:00
Sampling (4 threads)  40%|███████████▉                  |  ETA: 3:58:56
Sampling (4 threads)  40%|████████████                  |  ETA: 3:56:41
Sampling (4 threads)  40%|████████████▏                 |  ETA: 3:51:49
Sampling (4 threads)  41%|████████████▎                 |  ETA: 3:49:31
Sampling (4 threads)  42%|████████████▌                 |  ETA: 3:44:50
Sampling (4 threads)  42%|████████████▋                 |  ETA: 3:43:46
Sampling (4 threads)  42%|████████████▊                 |  ETA: 3:39:14
Sampling (4 threads)  43%|████████████▉                 |  ETA: 3:34:48
Sampling (4 threads)  44%|█████████████                 |  ETA: 3:30:28
Sampling (4 threads)  44%|█████████████▎                |  ETA: 3:28:55
Sampling (4 threads)  44%|█████████████▍                |  ETA: 3:24:43
Sampling (4 threads)  45%|█████████████▌                |  ETA: 3:23:07
Sampling (4 threads)  46%|█████████████▋                |  ETA: 3:19:04
Sampling (4 threads)  46%|█████████████▊                |  ETA: 3:17:32
Sampling (4 threads)  46%|██████████████                |  ETA: 3:13:36
Sampling (4 threads)  47%|██████████████▏               |  ETA: 3:11:57
Sampling (4 threads)  48%|██████████████▎               |  ETA: 3:08:09
Sampling (4 threads)  48%|██████████████▍               |  ETA: 3:04:25
Sampling (4 threads)  48%|██████████████▌               |  ETA: 3:02:53
Sampling (4 threads)  49%|██████████████▊               |  ETA: 2:59:16
Sampling (4 threads)  50%|██████████████▉               |  ETA: 2:57:38
Sampling (4 threads)  50%|███████████████               |  ETA: 2:54:07
Sampling (4 threads)  50%|███████████████▏              |  ETA: 2:52:38
Sampling (4 threads)  51%|███████████████▎              |  ETA: 2:49:13
Sampling (4 threads)  52%|███████████████▌              |  ETA: 2:47:42
Sampling (4 threads)  52%|███████████████▋              |  ETA: 2:44:23
Sampling (4 threads)  52%|███████████████▊              |  ETA: 2:42:58
Sampling (4 threads)  53%|███████████████▉              |  ETA: 2:39:44
Sampling (4 threads)  54%|████████████████              |  ETA: 2:36:33
Sampling (4 threads)  54%|████████████████▎             |  ETA: 2:33:26
Sampling (4 threads)  55%|████████████████▍             |  ETA: 2:32:23
Sampling (4 threads)  55%|████████████████▌             |  ETA: 2:29:20
Sampling (4 threads)  56%|████████████████▋             |  ETA: 2:28:03
Sampling (4 threads)  56%|████████████████▊             |  ETA: 2:25:05
Sampling (4 threads)  56%|█████████████████             |  ETA: 2:23:36
Sampling (4 threads)  57%|█████████████████▏            |  ETA: 2:20:42
Sampling (4 threads)  57%|█████████████████▎            |  ETA: 2:19:11
Sampling (4 threads)  58%|█████████████████▍            |  ETA: 2:16:21
Sampling (4 threads)  58%|█████████████████▌            |  ETA: 2:15:01
Sampling (4 threads)  59%|█████████████████▊            |  ETA: 2:12:16
Sampling (4 threads)  60%|█████████████████▉            |  ETA: 2:09:33
Sampling (4 threads)  60%|██████████████████            |  ETA: 2:08:24
Sampling (4 threads)  60%|██████████████████▏           |  ETA: 2:05:44
Sampling (4 threads)  61%|██████████████████▎           |  ETA: 2:03:08
Sampling (4 threads)  62%|██████████████████▌           |  ETA: 2:01:49
Sampling (4 threads)  62%|██████████████████▋           |  ETA: 1:59:16
Sampling (4 threads)  62%|██████████████████▊           |  ETA: 1:57:56
Sampling (4 threads)  63%|██████████████████▉           |  ETA: 1:55:26
Sampling (4 threads)  64%|███████████████████           |  ETA: 1:54:14
Sampling (4 threads)  64%|███████████████████▎          |  ETA: 1:51:47
Sampling (4 threads)  64%|███████████████████▍          |  ETA: 1:50:24
Sampling (4 threads)  65%|███████████████████▌          |  ETA: 1:48:01
Sampling (4 threads)  66%|███████████████████▋          |  ETA: 1:46:40
Sampling (4 threads)  66%|███████████████████▊          |  ETA: 1:44:19
Sampling (4 threads)  66%|████████████████████          |  ETA: 1:42:01
Sampling (4 threads)  67%|████████████████████▏         |  ETA: 1:40:48
Sampling (4 threads)  68%|████████████████████▎         |  ETA: 1:38:32
Sampling (4 threads)  68%|████████████████████▍         |  ETA: 1:37:08
Sampling (4 threads)  68%|████████████████████▌         |  ETA: 1:34:55
Sampling (4 threads)  69%|████████████████████▊         |  ETA: 1:34:14
Sampling (4 threads)  70%|████████████████████▉         |  ETA: 1:32:03
Sampling (4 threads)  70%|█████████████████████         |  ETA: 1:29:54
Sampling (4 threads)  70%|█████████████████████▏        |  ETA: 1:27:46
Sampling (4 threads)  71%|█████████████████████▎        |  ETA: 1:26:38
Sampling (4 threads)  72%|█████████████████████▌        |  ETA: 1:24:32
Sampling (4 threads)  72%|█████████████████████▋        |  ETA: 1:23:18
Sampling (4 threads)  72%|█████████████████████▊        |  ETA: 1:21:15
Sampling (4 threads)  73%|█████████████████████▉        |  ETA: 1:20:08
Sampling (4 threads)  74%|██████████████████████        |  ETA: 1:18:06
Sampling (4 threads)  74%|██████████████████████▎       |  ETA: 1:16:07
Sampling (4 threads)  74%|██████████████████████▍       |  ETA: 1:14:50
Sampling (4 threads)  75%|██████████████████████▌       |  ETA: 1:12:53
Sampling (4 threads)  76%|██████████████████████▋       |  ETA: 1:11:40
Sampling (4 threads)  76%|██████████████████████▊       |  ETA: 1:09:45
Sampling (4 threads)  76%|███████████████████████       |  ETA: 1:08:34
Sampling (4 threads)  77%|███████████████████████▏      |  ETA: 1:06:40
Sampling (4 threads)  78%|███████████████████████▎      |  ETA: 1:04:48
Sampling (4 threads)  78%|███████████████████████▍      |  ETA: 1:03:33
Sampling (4 threads)  78%|███████████████████████▌      |  ETA: 1:01:42
Sampling (4 threads)  79%|███████████████████████▊      |  ETA: 1:00:27
Sampling (4 threads)  80%|███████████████████████▉      |  ETA: 0:58:38
Sampling (4 threads)  80%|████████████████████████      |  ETA: 0:56:51
Sampling (4 threads)  80%|████████████████████████▏     |  ETA: 0:55:38
Sampling (4 threads)  81%|████████████████████████▎     |  ETA: 0:53:52
Sampling (4 threads)  82%|████████████████████████▌     |  ETA: 0:52:32
Sampling (4 threads)  82%|████████████████████████▋     |  ETA: 0:50:48
Sampling (4 threads)  82%|████████████████████████▊     |  ETA: 0:49:30
Sampling (4 threads)  83%|████████████████████████▉     |  ETA: 0:47:48
Sampling (4 threads)  84%|█████████████████████████     |  ETA: 0:46:32
Sampling (4 threads)  84%|█████████████████████████▎    |  ETA: 0:44:51
Sampling (4 threads)  84%|█████████████████████████▍    |  ETA: 0:43:36
Sampling (4 threads)  85%|█████████████████████████▌    |  ETA: 0:41:57
Sampling (4 threads)  86%|█████████████████████████▋    |  ETA: 0:40:19
Sampling (4 threads)  86%|█████████████████████████▊    |  ETA: 0:39:04
Sampling (4 threads)  86%|██████████████████████████    |  ETA: 0:37:28
Sampling (4 threads)  87%|██████████████████████████▏   |  ETA: 0:35:52
Sampling (4 threads)  88%|██████████████████████████▎   |  ETA: 0:34:36
Sampling (4 threads)  88%|██████████████████████████▍   |  ETA: 0:33:01
Sampling (4 threads)  88%|██████████████████████████▌   |  ETA: 0:31:44
Sampling (4 threads)  89%|██████████████████████████▊   |  ETA: 0:30:11
Sampling (4 threads)  90%|██████████████████████████▉   |  ETA: 0:28:56
Sampling (4 threads)  90%|███████████████████████████   |  ETA: 0:27:24
Sampling (4 threads)  90%|███████████████████████████▏  |  ETA: 0:26:07
Sampling (4 threads)  91%|███████████████████████████▎  |  ETA: 0:24:37
Sampling (4 threads)  92%|███████████████████████████▌  |  ETA: 0:23:07
Sampling (4 threads)  92%|███████████████████████████▋  |  ETA: 0:21:51
Sampling (4 threads)  92%|███████████████████████████▊  |  ETA: 0:20:22
Sampling (4 threads)  93%|███████████████████████████▉  |  ETA: 0:18:55
Sampling (4 threads)  94%|████████████████████████████  |  ETA: 0:17:29
Sampling (4 threads)  94%|████████████████████████████▎ |  ETA: 0:16:07
Sampling (4 threads)  94%|████████████████████████████▍ |  ETA: 0:14:46
Sampling (4 threads)  95%|████████████████████████████▌ |  ETA: 0:13:24
Sampling (4 threads)  96%|████████████████████████████▋ |  ETA: 0:12:03
Sampling (4 threads)  96%|████████████████████████████▊ |  ETA: 0:10:41
Sampling (4 threads)  96%|█████████████████████████████ |  ETA: 0:09:21
Sampling (4 threads)  97%|█████████████████████████████▏|  ETA: 0:08:01
Sampling (4 threads)  98%|█████████████████████████████▎|  ETA: 0:06:39
Sampling (4 threads)  98%|█████████████████████████████▍|  ETA: 0:05:20
Sampling (4 threads)  98%|█████████████████████████████▌|  ETA: 0:03:59
Sampling (4 threads)  99%|█████████████████████████████▊|  ETA: 0:02:40
Sampling (4 threads) 100%|█████████████████████████████▉|  ETA: 0:01:20
Sampling (4 threads) 100%|██████████████████████████████| Time: 4:27:42
Sampling (4 threads) 100%|██████████████████████████████| Time: 4:27:44
Precompiling project...
    DistributionsADReverseDiffExt Being precompiled by another machine (hostname: bp1-compute067, pid: 3725456, pidfile: /user/home/em18564/.julia/compiled/v1.10/DistributionsADReverseDiffExt/hY00X_4RpdW.ji.pidfile)
  ✗ DistributionsAD → DistributionsADReverseDiffExt
  0 dependencies successfully precompiled in 56 seconds. 549 already precompiled.
┌ Warning: Runtime invalidation was disabled, but the CPU info is out-of-date.
│ Will continue with incorrect CPU name (from build time).
└ @ HostCPUFeatures ~/.julia/packages/HostCPUFeatures/ZTXz4/src/cpu_info.jl:71
┌ Warning: Runtime invalidation was disabled, but the CPU info is out-of-date.
│ Will continue with incorrect CPU feature flag: +avx512vnni.
└ @ HostCPUFeatures ~/.julia/packages/HostCPUFeatures/ZTXz4/src/cpu_info.jl:56
┌ Warning: Runtime invalidation was disabled, but the CPU info is out-of-date.
│ Will continue with incorrect CPU feature flag: -rtm.
└ @ HostCPUFeatures ~/.julia/packages/HostCPUFeatures/ZTXz4/src/cpu_info.jl:56
Sampling (4 threads)   0%|                              |  ETA: N/A
┌ Info: Found initial step size
└   ϵ = 0.000390625
┌ Info: Found initial step size
└   ϵ = 0.003125
┌ Info: Found initial step size
└   ϵ = 0.00625
┌ Info: Found initial step size
└   ϵ = 0.0001953125
Sampling (4 threads)   0%|▏                             |  ETA: 5 days, 12:37:23
Sampling (4 threads)   1%|▎                             |  ETA: 2 days, 17:58:46
Sampling (4 threads)   2%|▌                             |  ETA: 1 days, 19:45:51
Sampling (4 threads)   2%|▋                             |  ETA: 2 days, 15:29:18
Sampling (4 threads)   2%|▊                             |  ETA: 2 days, 2:31:54
Sampling (4 threads)   3%|▉                             |  ETA: 1 days, 17:53:37
Sampling (4 threads)   4%|█                             |  ETA: 1 days, 13:41:52
Sampling (4 threads)   4%|█▎                            |  ETA: 1 days, 8:48:52
Sampling (4 threads)   4%|█▍                            |  ETA: 1 days, 6:14:00
Sampling (4 threads)   5%|█▌                            |  ETA: 1 days, 3:04:03
Sampling (4 threads)   6%|█▋                            |  ETA: 1 days, 1:18:34
Sampling (4 threads)   6%|█▊                            |  ETA: 23:04:39
Sampling (4 threads)   6%|██                            |  ETA: 21:47:03
Sampling (4 threads)   7%|██▏                           |  ETA: 20:07:12
Sampling (4 threads)   8%|██▎                           |  ETA: 19:09:32
Sampling (4 threads)   8%|██▍                           |  ETA: 17:51:52
Sampling (4 threads)   8%|██▌                           |  ETA: 16:43:20
Sampling (4 threads)   9%|██▊                           |  ETA: 16:10:01
Sampling (4 threads)  10%|██▉                           |  ETA: 15:13:55
Sampling (4 threads)  10%|███                           |  ETA: 14:23:25
Sampling (4 threads)  10%|███▏                          |  ETA: 13:37:44
Sampling (4 threads)  11%|███▎                          |  ETA: 13:21:00
Sampling (4 threads)  12%|███▌                          |  ETA: 12:41:52
Sampling (4 threads)  12%|███▋                          |  ETA: 12:23:30
Sampling (4 threads)  12%|███▊                          |  ETA: 11:49:43
Sampling (4 threads)  13%|███▉                          |  ETA: 11:18:31
Sampling (4 threads)  14%|████                          |  ETA: 10:49:38
Sampling (4 threads)  14%|████▎                         |  ETA: 10:36:55
Sampling (4 threads)  14%|████▍                         |  ETA: 10:11:23
Sampling (4 threads)  15%|████▌                         |  ETA: 10:00:10
Sampling (4 threads)  16%|████▋                         |  ETA: 9:37:24
Sampling (4 threads)  16%|████▊                         |  ETA: 9:16:02
Sampling (4 threads)  16%|█████                         |  ETA: 8:55:59
Sampling (4 threads)  17%|█████▏                        |  ETA: 8:49:01
Sampling (4 threads)  18%|█████▎                        |  ETA: 8:30:48
Sampling (4 threads)  18%|█████▍                        |  ETA: 8:13:36
Sampling (4 threads)  18%|█████▌                        |  ETA: 8:08:44
Sampling (4 threads)  19%|█████▊                        |  ETA: 7:52:57
Sampling (4 threads)  20%|█████▉                        |  ETA: 7:37:59
Sampling (4 threads)  20%|██████                        |  ETA: 7:33:29
Sampling (4 threads)  20%|██████▏                       |  ETA: 7:19:39
Sampling (4 threads)  21%|██████▎                       |  ETA: 7:06:29
Sampling (4 threads)  22%|██████▌                       |  ETA: 6:53:56
Sampling (4 threads)  22%|██████▋                       |  ETA: 6:51:15
Sampling (4 threads)  22%|██████▊                       |  ETA: 6:39:32
Sampling (4 threads)  23%|██████▉                       |  ETA: 6:28:20
Sampling (4 threads)  24%|███████                       |  ETA: 6:25:25
Sampling (4 threads)  24%|███████▎                      |  ETA: 6:14:56
Sampling (4 threads)  24%|███████▍                      |  ETA: 6:10:06
Sampling (4 threads)  25%|███████▌                      |  ETA: 6:00:18
Sampling (4 threads)  26%|███████▋                      |  ETA: 5:50:53
Sampling (4 threads)  26%|███████▊                      |  ETA: 5:46:56
Sampling (4 threads)  26%|████████                      |  ETA: 5:38:05
Sampling (4 threads)  27%|████████▏                     |  ETA: 5:29:34
Sampling (4 threads)  28%|████████▎                     |  ETA: 5:26:17
Sampling (4 threads)  28%|████████▍                     |  ETA: 5:18:15
Sampling (4 threads)  28%|████████▌                     |  ETA: 5:14:42
Sampling (4 threads)  29%|████████▊                     |  ETA: 5:07:07
Sampling (4 threads)  30%|████████▉                     |  ETA: 4:59:47
Sampling (4 threads)  30%|█████████                     |  ETA: 4:57:20
Sampling (4 threads)  30%|█████████▏                    |  ETA: 4:50:22
Sampling (4 threads)  31%|█████████▎                    |  ETA: 4:47:39
Sampling (4 threads)  32%|█████████▌                    |  ETA: 4:41:02
Sampling (4 threads)  32%|█████████▋                    |  ETA: 4:34:37
Sampling (4 threads)  32%|█████████▊                    |  ETA: 4:32:12
Sampling (4 threads)  33%|█████████▉                    |  ETA: 4:26:05
Sampling (4 threads)  34%|██████████                    |  ETA: 4:23:57
Sampling (4 threads)  34%|██████████▎                   |  ETA: 4:18:07
Sampling (4 threads)  34%|██████████▍                   |  ETA: 4:12:27
Sampling (4 threads)  35%|██████████▌                   |  ETA: 4:10:26
Sampling (4 threads)  36%|██████████▋                   |  ETA: 4:05:01
Sampling (4 threads)  36%|██████████▊                   |  ETA: 4:03:01
Sampling (4 threads)  36%|███████████                   |  ETA: 3:57:49
Sampling (4 threads)  37%|███████████▏                  |  ETA: 3:56:01
Sampling (4 threads)  38%|███████████▎                  |  ETA: 3:51:01
Sampling (4 threads)  38%|███████████▍                  |  ETA: 3:51:16
Sampling (4 threads)  38%|███████████▌                  |  ETA: 3:46:25
Sampling (4 threads)  39%|███████████▊                  |  ETA: 3:41:42
Sampling (4 threads)  40%|███████████▉                  |  ETA: 3:37:06
Sampling (4 threads)  40%|████████████                  |  ETA: 3:37:49
Sampling (4 threads)  40%|████████████▏                 |  ETA: 3:33:20
Sampling (4 threads)  41%|████████████▎                 |  ETA: 3:28:57
Sampling (4 threads)  42%|████████████▌                 |  ETA: 3:27:16
Sampling (4 threads)  42%|████████████▋                 |  ETA: 3:23:03
Sampling (4 threads)  42%|████████████▊                 |  ETA: 3:21:28
Sampling (4 threads)  43%|████████████▉                 |  ETA: 3:17:24
Sampling (4 threads)  44%|█████████████                 |  ETA: 3:15:51
Sampling (4 threads)  44%|█████████████▎                |  ETA: 3:11:54
Sampling (4 threads)  44%|█████████████▍                |  ETA: 3:10:28
Sampling (4 threads)  45%|█████████████▌                |  ETA: 3:06:39
Sampling (4 threads)  46%|█████████████▋                |  ETA: 3:05:20
Sampling (4 threads)  46%|█████████████▊                |  ETA: 3:01:39
Sampling (4 threads)  46%|██████████████                |  ETA: 3:00:09
Sampling (4 threads)  47%|██████████████▏               |  ETA: 2:56:34
Sampling (4 threads)  48%|██████████████▎               |  ETA: 2:55:06
Sampling (4 threads)  48%|██████████████▍               |  ETA: 2:51:38
Sampling (4 threads)  48%|██████████████▌               |  ETA: 2:48:14
Sampling (4 threads)  49%|██████████████▊               |  ETA: 2:46:52
Sampling (4 threads)  50%|██████████████▉               |  ETA: 2:43:34
Sampling (4 threads)  50%|███████████████               |  ETA: 2:42:16
Sampling (4 threads)  50%|███████████████▏              |  ETA: 2:39:03
Sampling (4 threads)  51%|███████████████▎              |  ETA: 2:37:40
Sampling (4 threads)  52%|███████████████▌              |  ETA: 2:34:33
Sampling (4 threads)  52%|███████████████▋              |  ETA: 2:33:15
Sampling (4 threads)  52%|███████████████▊              |  ETA: 2:30:13
Sampling (4 threads)  53%|███████████████▉              |  ETA: 2:28:55
Sampling (4 threads)  54%|████████████████              |  ETA: 2:25:57
Sampling (4 threads)  54%|████████████████▎             |  ETA: 2:24:38
Sampling (4 threads)  55%|████████████████▍             |  ETA: 2:21:45
Sampling (4 threads)  55%|████████████████▌             |  ETA: 2:20:27
Sampling (4 threads)  56%|████████████████▋             |  ETA: 2:17:38
Sampling (4 threads)  56%|████████████████▊             |  ETA: 2:16:19
Sampling (4 threads)  56%|█████████████████             |  ETA: 2:13:34
Sampling (4 threads)  57%|█████████████████▏            |  ETA: 2:12:18
Sampling (4 threads)  57%|█████████████████▎            |  ETA: 2:09:37
Sampling (4 threads)  58%|█████████████████▍            |  ETA: 2:08:22
Sampling (4 threads)  58%|█████████████████▌            |  ETA: 2:05:45
Sampling (4 threads)  59%|█████████████████▊            |  ETA: 2:04:29
Sampling (4 threads)  60%|█████████████████▉            |  ETA: 2:01:56
Sampling (4 threads)  60%|██████████████████            |  ETA: 2:00:39
Sampling (4 threads)  60%|██████████████████▏           |  ETA: 1:58:09
Sampling (4 threads)  61%|██████████████████▎           |  ETA: 1:55:42
Sampling (4 threads)  62%|██████████████████▌           |  ETA: 1:54:27
Sampling (4 threads)  62%|██████████████████▋           |  ETA: 1:52:03
Sampling (4 threads)  62%|██████████████████▊           |  ETA: 1:50:47
Sampling (4 threads)  63%|██████████████████▉           |  ETA: 1:48:27
Sampling (4 threads)  64%|███████████████████           |  ETA: 1:47:11
Sampling (4 threads)  64%|███████████████████▎          |  ETA: 1:44:53
Sampling (4 threads)  64%|███████████████████▍          |  ETA: 1:44:26
Sampling (4 threads)  65%|███████████████████▌          |  ETA: 1:42:10
Sampling (4 threads)  66%|███████████████████▋          |  ETA: 1:39:57
Sampling (4 threads)  66%|███████████████████▊          |  ETA: 1:37:45
Sampling (4 threads)  66%|████████████████████          |  ETA: 1:37:15
Sampling (4 threads)  67%|████████████████████▏         |  ETA: 1:35:05
Sampling (4 threads)  68%|████████████████████▎         |  ETA: 1:32:57
Sampling (4 threads)  68%|████████████████████▍         |  ETA: 1:32:27
Sampling (4 threads)  68%|████████████████████▌         |  ETA: 1:30:20
Sampling (4 threads)  69%|████████████████████▊         |  ETA: 1:28:15
Sampling (4 threads)  70%|████████████████████▉         |  ETA: 1:26:13
Sampling (4 threads)  70%|█████████████████████         |  ETA: 1:25:40
Sampling (4 threads)  70%|█████████████████████▏        |  ETA: 1:23:38
Sampling (4 threads)  71%|█████████████████████▎        |  ETA: 1:21:39
Sampling (4 threads)  72%|█████████████████████▌        |  ETA: 1:20:28
Sampling (4 threads)  72%|█████████████████████▋        |  ETA: 1:18:30
Sampling (4 threads)  72%|█████████████████████▊        |  ETA: 1:17:15
Sampling (4 threads)  73%|█████████████████████▉        |  ETA: 1:15:20
Sampling (4 threads)  74%|██████████████████████        |  ETA: 1:14:05
Sampling (4 threads)  74%|██████████████████████▎       |  ETA: 1:12:12
Sampling (4 threads)  74%|██████████████████████▍       |  ETA: 1:10:59
Sampling (4 threads)  75%|██████████████████████▌       |  ETA: 1:09:07
Sampling (4 threads)  76%|██████████████████████▋       |  ETA: 1:07:55
Sampling (4 threads)  76%|██████████████████████▊       |  ETA: 1:06:06
Sampling (4 threads)  76%|███████████████████████       |  ETA: 1:04:51
Sampling (4 threads)  77%|███████████████████████▏      |  ETA: 1:03:04
Sampling (4 threads)  78%|███████████████████████▎      |  ETA: 1:01:49
Sampling (4 threads)  78%|███████████████████████▍      |  ETA: 1:00:04
Sampling (4 threads)  78%|███████████████████████▌      |  ETA: 0:58:19
Sampling (4 threads)  79%|███████████████████████▊      |  ETA: 0:57:05
Sampling (4 threads)  80%|███████████████████████▉      |  ETA: 0:55:22
Sampling (4 threads)  80%|████████████████████████      |  ETA: 0:54:10
Sampling (4 threads)  80%|████████████████████████▏     |  ETA: 0:52:29
Sampling (4 threads)  81%|████████████████████████▎     |  ETA: 0:51:16
Sampling (4 threads)  82%|████████████████████████▌     |  ETA: 0:49:36
Sampling (4 threads)  82%|████████████████████████▋     |  ETA: 0:48:23
Sampling (4 threads)  82%|████████████████████████▊     |  ETA: 0:46:45
Sampling (4 threads)  83%|████████████████████████▉     |  ETA: 0:45:31
Sampling (4 threads)  84%|█████████████████████████     |  ETA: 0:43:54
Sampling (4 threads)  84%|█████████████████████████▎    |  ETA: 0:42:40
Sampling (4 threads)  84%|█████████████████████████▍    |  ETA: 0:41:06
Sampling (4 threads)  85%|█████████████████████████▌    |  ETA: 0:39:51
Sampling (4 threads)  86%|█████████████████████████▋    |  ETA: 0:38:18
Sampling (4 threads)  86%|█████████████████████████▊    |  ETA: 0:37:05
Sampling (4 threads)  86%|██████████████████████████    |  ETA: 0:35:33
Sampling (4 threads)  87%|██████████████████████████▏   |  ETA: 0:34:19
Sampling (4 threads)  88%|██████████████████████████▎   |  ETA: 0:32:49
Sampling (4 threads)  88%|██████████████████████████▍   |  ETA: 0:31:34
Sampling (4 threads)  88%|██████████████████████████▌   |  ETA: 0:30:05
Sampling (4 threads)  89%|██████████████████████████▊   |  ETA: 0:28:36
Sampling (4 threads)  90%|██████████████████████████▉   |  ETA: 0:27:22
Sampling (4 threads)  90%|███████████████████████████   |  ETA: 0:25:55
Sampling (4 threads)  90%|███████████████████████████▏  |  ETA: 0:24:29
Sampling (4 threads)  91%|███████████████████████████▎  |  ETA: 0:23:23
Sampling (4 threads)  92%|███████████████████████████▌  |  ETA: 0:21:58
Sampling (4 threads)  92%|███████████████████████████▋  |  ETA: 0:20:34
Sampling (4 threads)  92%|███████████████████████████▊  |  ETA: 0:19:17
Sampling (4 threads)  93%|███████████████████████████▉  |  ETA: 0:17:56
Sampling (4 threads)  94%|████████████████████████████  |  ETA: 0:16:39
Sampling (4 threads)  94%|████████████████████████████▎ |  ETA: 0:15:22
Sampling (4 threads)  94%|████████████████████████████▍ |  ETA: 0:14:04
Sampling (4 threads)  95%|████████████████████████████▌ |  ETA: 0:12:48
Sampling (4 threads)  96%|████████████████████████████▋ |  ETA: 0:11:30
Sampling (4 threads)  96%|████████████████████████████▊ |  ETA: 0:10:13
Sampling (4 threads)  96%|█████████████████████████████ |  ETA: 0:08:57
Sampling (4 threads)  97%|█████████████████████████████▏|  ETA: 0:07:40
Sampling (4 threads)  98%|█████████████████████████████▎|  ETA: 0:06:23
Sampling (4 threads)  98%|█████████████████████████████▍|  ETA: 0:05:06
Sampling (4 threads)  98%|█████████████████████████████▌|  ETA: 0:03:50
Sampling (4 threads)  99%|█████████████████████████████▊|  ETA: 0:02:33
Sampling (4 threads) 100%|█████████████████████████████▉|  ETA: 0:01:17
Sampling (4 threads) 100%|██████████████████████████████| Time: 4:15:10
Sampling (4 threads) 100%|██████████████████████████████| Time: 4:15:12
Precompiling project...
    DistributionsADReverseDiffExt Being precompiled by another machine (hostname: bp1-compute067, pid: 3725456, pidfile: /user/home/em18564/.julia/compiled/v1.10/DistributionsADReverseDiffExt/hY00X_4RpdW.ji.pidfile)
  ✗ DistributionsAD → DistributionsADReverseDiffExt
  0 dependencies successfully precompiled in 77 seconds. 549 already precompiled.
┌ Warning: Runtime invalidation was disabled, but the CPU info is out-of-date.
│ Will continue with incorrect CPU name (from build time).
└ @ HostCPUFeatures ~/.julia/packages/HostCPUFeatures/ZTXz4/src/cpu_info.jl:71
┌ Warning: Runtime invalidation was disabled, but the CPU info is out-of-date.
│ Will continue with incorrect CPU feature flag: +avx512vnni.
└ @ HostCPUFeatures ~/.julia/packages/HostCPUFeatures/ZTXz4/src/cpu_info.jl:56
┌ Warning: Runtime invalidation was disabled, but the CPU info is out-of-date.
│ Will continue with incorrect CPU feature flag: -rtm.
└ @ HostCPUFeatures ~/.julia/packages/HostCPUFeatures/ZTXz4/src/cpu_info.jl:56
Sampling (4 threads)   0%|                              |  ETA: N/A
┌ Info: Found initial step size
└   ϵ = 0.00078125
┌ Info: Found initial step size
└   ϵ = 0.000390625
┌ Info: Found initial step size
└   ϵ = 0.0015625
┌ Info: Found initial step size
└   ϵ = 0.00625
Sampling (4 threads)   0%|▏                             |  ETA: 4 days, 22:28:39
Sampling (4 threads)   1%|▎                             |  ETA: 2 days, 10:56:34
Sampling (4 threads)   2%|▌                             |  ETA: 1 days, 15:05:48
Sampling (4 threads)   2%|▋                             |  ETA: 2 days, 5:17:06
Sampling (4 threads)   2%|▊                             |  ETA: 1 days, 18:24:38
Sampling (4 threads)   3%|▉                             |  ETA: 1 days, 11:09:39
Sampling (4 threads)   4%|█                             |  ETA: 1 days, 8:18:52
Sampling (4 threads)   4%|█▎                            |  ETA: 1 days, 4:07:43
Sampling (4 threads)   4%|█▍                            |  ETA: 1 days, 0:52:23
Sampling (4 threads)   5%|█▌                            |  ETA: 23:35:47
Sampling (4 threads)   6%|█▋                            |  ETA: 21:20:18
Sampling (4 threads)   6%|█▊                            |  ETA: 19:27:24
Sampling (4 threads)   6%|██                            |  ETA: 18:17:53
Sampling (4 threads)   7%|██▏                           |  ETA: 16:54:01
Sampling (4 threads)   8%|██▎                           |  ETA: 16:05:59
Sampling (4 threads)   8%|██▍                           |  ETA: 15:00:43
Sampling (4 threads)   8%|██▌                           |  ETA: 14:23:35
Sampling (4 threads)   9%|██▊                           |  ETA: 13:31:09
Sampling (4 threads)  10%|██▉                           |  ETA: 12:44:14
Sampling (4 threads)  10%|███                           |  ETA: 12:24:51
Sampling (4 threads)  10%|███▏                          |  ETA: 11:45:26
Sampling (4 threads)  11%|███▎                          |  ETA: 11:09:37
Sampling (4 threads)  12%|███▌                          |  ETA: 10:52:34
Sampling (4 threads)  12%|███▋                          |  ETA: 10:21:51
Sampling (4 threads)  12%|███▊                          |  ETA: 9:53:35
Sampling (4 threads)  13%|███▉                          |  ETA: 9:47:50
Sampling (4 threads)  14%|████                          |  ETA: 9:22:48
Sampling (4 threads)  14%|████▎                         |  ETA: 8:59:34
Sampling (4 threads)  14%|████▍                         |  ETA: 8:48:24
Sampling (4 threads)  15%|████▌                         |  ETA: 8:27:48
Sampling (4 threads)  16%|████▋                         |  ETA: 8:15:27
Sampling (4 threads)  16%|████▊                         |  ETA: 7:57:08
Sampling (4 threads)  16%|█████                         |  ETA: 7:48:06
Sampling (4 threads)  17%|█████▏                        |  ETA: 7:31:37
Sampling (4 threads)  18%|█████▎                        |  ETA: 7:21:24
Sampling (4 threads)  18%|█████▍                        |  ETA: 7:06:32
Sampling (4 threads)  18%|█████▌                        |  ETA: 6:58:13
Sampling (4 threads)  19%|█████▊                        |  ETA: 6:44:43
Sampling (4 threads)  20%|█████▉                        |  ETA: 6:41:06
Sampling (4 threads)  20%|██████                        |  ETA: 6:28:39
Sampling (4 threads)  20%|██████▏                       |  ETA: 6:16:48
Sampling (4 threads)  21%|██████▎                       |  ETA: 6:05:31
Sampling (4 threads)  22%|██████▌                       |  ETA: 6:04:02
Sampling (4 threads)  22%|██████▋                       |  ETA: 5:53:29
Sampling (4 threads)  22%|██████▊                       |  ETA: 5:43:25
Sampling (4 threads)  23%|██████▉                       |  ETA: 5:41:27
Sampling (4 threads)  24%|███████                       |  ETA: 5:32:01
Sampling (4 threads)  24%|███████▎                      |  ETA: 5:22:59
Sampling (4 threads)  24%|███████▍                      |  ETA: 5:20:44
Sampling (4 threads)  25%|███████▌                      |  ETA: 5:12:15
Sampling (4 threads)  26%|███████▋                      |  ETA: 5:04:05
Sampling (4 threads)  26%|███████▊                      |  ETA: 5:02:47
Sampling (4 threads)  26%|████████                      |  ETA: 4:55:04
Sampling (4 threads)  27%|████████▏                     |  ETA: 4:47:38
Sampling (4 threads)  28%|████████▎                     |  ETA: 4:40:28
Sampling (4 threads)  28%|████████▍                     |  ETA: 4:39:37
Sampling (4 threads)  28%|████████▌                     |  ETA: 4:32:48
Sampling (4 threads)  29%|████████▊                     |  ETA: 4:26:13
Sampling (4 threads)  30%|████████▉                     |  ETA: 4:24:03
Sampling (4 threads)  30%|█████████                     |  ETA: 4:17:49
Sampling (4 threads)  30%|█████████▏                    |  ETA: 4:18:15
Sampling (4 threads)  31%|█████████▎                    |  ETA: 4:12:15
Sampling (4 threads)  32%|█████████▌                    |  ETA: 4:06:27
Sampling (4 threads)  32%|█████████▋                    |  ETA: 4:00:49
Sampling (4 threads)  32%|█████████▊                    |  ETA: 4:01:18
Sampling (4 threads)  33%|█████████▉                    |  ETA: 3:55:53
Sampling (4 threads)  34%|██████████                    |  ETA: 3:50:38
Sampling (4 threads)  34%|██████████▎                   |  ETA: 3:51:29
Sampling (4 threads)  34%|██████████▍                   |  ETA: 3:46:24
Sampling (4 threads)  35%|██████████▌                   |  ETA: 3:41:28
Sampling (4 threads)  36%|██████████▋                   |  ETA: 3:42:16
Sampling (4 threads)  36%|██████████▊                   |  ETA: 3:37:29
Sampling (4 threads)  36%|███████████                   |  ETA: 3:32:50
Sampling (4 threads)  37%|███████████▏                  |  ETA: 3:28:18
Sampling (4 threads)  38%|███████████▎                  |  ETA: 3:29:14
Sampling (4 threads)  38%|███████████▍                  |  ETA: 3:24:50
Sampling (4 threads)  38%|███████████▌                  |  ETA: 3:23:32
Sampling (4 threads)  39%|███████████▊                  |  ETA: 3:19:17
Sampling (4 threads)  40%|███████████▉                  |  ETA: 3:15:09
Sampling (4 threads)  40%|████████████                  |  ETA: 3:15:17
Sampling (4 threads)  40%|████████████▏                 |  ETA: 3:11:16
Sampling (4 threads)  41%|████████████▎                 |  ETA: 3:07:21
Sampling (4 threads)  42%|████████████▌                 |  ETA: 3:07:22
Sampling (4 threads)  42%|████████████▋                 |  ETA: 3:03:33
Sampling (4 threads)  42%|████████████▊                 |  ETA: 2:59:49
Sampling (4 threads)  43%|████████████▉                 |  ETA: 3:00:04
Sampling (4 threads)  44%|█████████████                 |  ETA: 2:56:26
Sampling (4 threads)  44%|█████████████▎                |  ETA: 2:52:53
Sampling (4 threads)  44%|█████████████▍                |  ETA: 2:51:58
Sampling (4 threads)  45%|█████████████▌                |  ETA: 2:48:31
Sampling (4 threads)  46%|█████████████▋                |  ETA: 2:47:27
Sampling (4 threads)  46%|█████████████▊                |  ETA: 2:44:06
Sampling (4 threads)  46%|██████████████                |  ETA: 2:44:16
Sampling (4 threads)  47%|██████████████▏               |  ETA: 2:41:00
Sampling (4 threads)  48%|██████████████▎               |  ETA: 2:37:48
Sampling (4 threads)  48%|██████████████▍               |  ETA: 2:34:40
Sampling (4 threads)  48%|██████████████▌               |  ETA: 2:35:38
Sampling (4 threads)  49%|██████████████▊               |  ETA: 2:32:33
Sampling (4 threads)  50%|██████████████▉               |  ETA: 2:29:31
Sampling (4 threads)  50%|███████████████               |  ETA: 2:29:33
Sampling (4 threads)  50%|███████████████▏              |  ETA: 2:26:35
Sampling (4 threads)  51%|███████████████▎              |  ETA: 2:23:41
Sampling (4 threads)  52%|███████████████▌              |  ETA: 2:20:50
Sampling (4 threads)  52%|███████████████▋              |  ETA: 2:21:15
Sampling (4 threads)  52%|███████████████▊              |  ETA: 2:18:27
Sampling (4 threads)  53%|███████████████▉              |  ETA: 2:15:42
Sampling (4 threads)  54%|████████████████              |  ETA: 2:15:59
Sampling (4 threads)  54%|████████████████▎             |  ETA: 2:13:17
Sampling (4 threads)  55%|████████████████▍             |  ETA: 2:10:37
Sampling (4 threads)  55%|████████████████▌             |  ETA: 2:08:01
Sampling (4 threads)  56%|████████████████▋             |  ETA: 2:08:04
Sampling (4 threads)  56%|████████████████▊             |  ETA: 2:05:29
Sampling (4 threads)  56%|█████████████████             |  ETA: 2:02:58
Sampling (4 threads)  57%|█████████████████▏            |  ETA: 2:02:51
Sampling (4 threads)  57%|█████████████████▎            |  ETA: 2:00:22
Sampling (4 threads)  58%|█████████████████▍            |  ETA: 1:57:55
Sampling (4 threads)  58%|█████████████████▌            |  ETA: 1:56:44
Sampling (4 threads)  59%|█████████████████▊            |  ETA: 1:54:21
Sampling (4 threads)  60%|█████████████████▉            |  ETA: 1:54:02
Sampling (4 threads)  60%|██████████████████            |  ETA: 1:51:41
Sampling (4 threads)  60%|██████████████████▏           |  ETA: 1:49:23
Sampling (4 threads)  61%|██████████████████▎           |  ETA: 1:47:07
Sampling (4 threads)  62%|██████████████████▌           |  ETA: 1:46:47
Sampling (4 threads)  62%|██████████████████▋           |  ETA: 1:44:33
Sampling (4 threads)  62%|██████████████████▊           |  ETA: 1:43:20
Sampling (4 threads)  63%|██████████████████▉           |  ETA: 1:41:08
Sampling (4 threads)  64%|███████████████████           |  ETA: 1:39:50
Sampling (4 threads)  64%|███████████████████▎          |  ETA: 1:37:42
Sampling (4 threads)  64%|███████████████████▍          |  ETA: 1:36:27
Sampling (4 threads)  65%|███████████████████▌          |  ETA: 1:34:22
Sampling (4 threads)  66%|███████████████████▋          |  ETA: 1:33:52
Sampling (4 threads)  66%|███████████████████▊          |  ETA: 1:31:48
Sampling (4 threads)  66%|████████████████████          |  ETA: 1:29:46
Sampling (4 threads)  67%|████████████████████▏         |  ETA: 1:27:47
Sampling (4 threads)  68%|████████████████████▎         |  ETA: 1:27:19
Sampling (4 threads)  68%|████████████████████▍         |  ETA: 1:25:21
Sampling (4 threads)  68%|████████████████████▌         |  ETA: 1:23:24
Sampling (4 threads)  69%|████████████████████▊         |  ETA: 1:22:49
Sampling (4 threads)  70%|████████████████████▉         |  ETA: 1:20:54
Sampling (4 threads)  70%|█████████████████████         |  ETA: 1:19:00
Sampling (4 threads)  70%|█████████████████████▏        |  ETA: 1:18:22
Sampling (4 threads)  71%|█████████████████████▎        |  ETA: 1:16:30
Sampling (4 threads)  72%|█████████████████████▌        |  ETA: 1:14:39
Sampling (4 threads)  72%|█████████████████████▋        |  ETA: 1:14:02
Sampling (4 threads)  72%|█████████████████████▊        |  ETA: 1:12:13
Sampling (4 threads)  73%|█████████████████████▉        |  ETA: 1:10:25
Sampling (4 threads)  74%|██████████████████████        |  ETA: 1:08:38
Sampling (4 threads)  74%|██████████████████████▎       |  ETA: 1:07:31
Sampling (4 threads)  74%|██████████████████████▍       |  ETA: 1:05:47
Sampling (4 threads)  75%|██████████████████████▌       |  ETA: 1:05:06
Sampling (4 threads)  76%|██████████████████████▋       |  ETA: 1:03:23
Sampling (4 threads)  76%|██████████████████████▊       |  ETA: 1:01:41
Sampling (4 threads)  76%|███████████████████████       |  ETA: 1:01:05
Sampling (4 threads)  77%|███████████████████████▏      |  ETA: 0:59:24
Sampling (4 threads)  78%|███████████████████████▎      |  ETA: 0:57:44
Sampling (4 threads)  78%|███████████████████████▍      |  ETA: 0:56:05
Sampling (4 threads)  78%|███████████████████████▌      |  ETA: 0:55:00
Sampling (4 threads)  79%|███████████████████████▊      |  ETA: 0:53:23
Sampling (4 threads)  80%|███████████████████████▉      |  ETA: 0:52:35
Sampling (4 threads)  80%|████████████████████████      |  ETA: 0:50:59
Sampling (4 threads)  80%|████████████████████████▏     |  ETA: 0:49:24
Sampling (4 threads)  81%|████████████████████████▎     |  ETA: 0:48:20
Sampling (4 threads)  82%|████████████████████████▌     |  ETA: 0:46:46
Sampling (4 threads)  82%|████████████████████████▋     |  ETA: 0:45:40
Sampling (4 threads)  82%|████████████████████████▊     |  ETA: 0:44:08
Sampling (4 threads)  83%|████████████████████████▉     |  ETA: 0:43:05
Sampling (4 threads)  84%|█████████████████████████     |  ETA: 0:41:34
Sampling (4 threads)  84%|█████████████████████████▎    |  ETA: 0:40:04
Sampling (4 threads)  84%|█████████████████████████▍    |  ETA: 0:38:56
Sampling (4 threads)  85%|█████████████████████████▌    |  ETA: 0:37:27
Sampling (4 threads)  86%|█████████████████████████▋    |  ETA: 0:36:33
Sampling (4 threads)  86%|█████████████████████████▊    |  ETA: 0:35:05
Sampling (4 threads)  86%|██████████████████████████    |  ETA: 0:33:38
Sampling (4 threads)  87%|██████████████████████████▏   |  ETA: 0:32:12
Sampling (4 threads)  88%|██████████████████████████▎   |  ETA: 0:31:13
Sampling (4 threads)  88%|██████████████████████████▍   |  ETA: 0:29:48
Sampling (4 threads)  88%|██████████████████████████▌   |  ETA: 0:28:24
Sampling (4 threads)  89%|██████████████████████████▊   |  ETA: 0:27:23
Sampling (4 threads)  90%|██████████████████████████▉   |  ETA: 0:26:00
Sampling (4 threads)  90%|███████████████████████████   |  ETA: 0:24:37
Sampling (4 threads)  90%|███████████████████████████▏  |  ETA: 0:23:24
Sampling (4 threads)  91%|███████████████████████████▎  |  ETA: 0:22:05
Sampling (4 threads)  92%|███████████████████████████▌  |  ETA: 0:20:51
Sampling (4 threads)  92%|███████████████████████████▋  |  ETA: 0:19:38
Sampling (4 threads)  92%|███████████████████████████▊  |  ETA: 0:18:24
Sampling (4 threads)  93%|███████████████████████████▉  |  ETA: 0:17:11
Sampling (4 threads)  94%|████████████████████████████  |  ETA: 0:15:58
Sampling (4 threads)  94%|████████████████████████████▎ |  ETA: 0:14:46
Sampling (4 threads)  94%|████████████████████████████▍ |  ETA: 0:13:32
Sampling (4 threads)  95%|████████████████████████████▌ |  ETA: 0:12:18
Sampling (4 threads)  96%|████████████████████████████▋ |  ETA: 0:11:06
Sampling (4 threads)  96%|████████████████████████████▊ |  ETA: 0:09:54
Sampling (4 threads)  96%|█████████████████████████████ |  ETA: 0:08:43
Sampling (4 threads)  97%|█████████████████████████████▏|  ETA: 0:07:31
Sampling (4 threads)  98%|█████████████████████████████▎|  ETA: 0:06:18
Sampling (4 threads)  98%|█████████████████████████████▍|  ETA: 0:05:04
Sampling (4 threads)  98%|█████████████████████████████▌|  ETA: 0:03:49
Sampling (4 threads)  99%|█████████████████████████████▊|  ETA: 0:02:34
Sampling (4 threads) 100%|█████████████████████████████▉|  ETA: 0:01:17
Sampling (4 threads) 100%|██████████████████████████████| Time: 4:18:30
Sampling (4 threads) 100%|██████████████████████████████| Time: 4:18:31
┌ Warning: Runtime invalidation was disabled, but the CPU info is out-of-date.
│ Will continue with incorrect CPU name (from build time).
└ @ HostCPUFeatures ~/.julia/packages/HostCPUFeatures/ZTXz4/src/cpu_info.jl:71
┌ Warning: Runtime invalidation was disabled, but the CPU info is out-of-date.
│ Will continue with incorrect CPU feature flag: +avx512vnni.
└ @ HostCPUFeatures ~/.julia/packages/HostCPUFeatures/ZTXz4/src/cpu_info.jl:56
┌ Warning: Runtime invalidation was disabled, but the CPU info is out-of-date.
│ Will continue with incorrect CPU feature flag: -rtm.
└ @ HostCPUFeatures ~/.julia/packages/HostCPUFeatures/ZTXz4/src/cpu_info.jl:56
Sampling (4 threads)   0%|                              |  ETA: N/A
┌ Info: Found initial step size
└   ϵ = 0.000390625
┌ Info: Found initial step size
└   ϵ = 0.0001953125
┌ Info: Found initial step size
└   ϵ = 0.0015625
┌ Info: Found initial step size
└   ϵ = 0.0015625
Sampling (4 threads)   0%|▏                             |  ETA: 5 days, 2:01:42
Sampling (4 threads)   1%|▎                             |  ETA: 2 days, 12:42:31
Sampling (4 threads)   2%|▌                             |  ETA: 3 days, 5:25:27
Sampling (4 threads)   2%|▋                             |  ETA: 2 days, 9:46:24
Sampling (4 threads)   2%|▊                             |  ETA: 1 days, 21:58:58
Sampling (4 threads)   3%|▉                             |  ETA: 1 days, 20:30:13
Sampling (4 threads)   4%|█                             |  ETA: 1 days, 13:56:58
Sampling (4 threads)   4%|█▎                            |  ETA: 1 days, 9:02:01
Sampling (4 threads)   4%|█▍                            |  ETA: 1 days, 6:15:26
Sampling (4 threads)   5%|█▌                            |  ETA: 1 days, 3:05:20
Sampling (4 threads)   6%|█▋                            |  ETA: 1 days, 0:29:48
Sampling (4 threads)   6%|█▊                            |  ETA: 23:00:12
Sampling (4 threads)   6%|██                            |  ETA: 21:07:15
Sampling (4 threads)   7%|██▏                           |  ETA: 19:49:23
Sampling (4 threads)   8%|██▎                           |  ETA: 18:24:07
Sampling (4 threads)   8%|██▍                           |  ETA: 17:49:23
Sampling (4 threads)   8%|██▌                           |  ETA: 16:41:01
Sampling (4 threads)   9%|██▊                           |  ETA: 15:40:14
Sampling (4 threads)  10%|██▉                           |  ETA: 15:15:09
Sampling (4 threads)  10%|███                           |  ETA: 14:24:35
Sampling (4 threads)  10%|███▏                          |  ETA: 13:38:50
Sampling (4 threads)  11%|███▎                          |  ETA: 13:17:29
Sampling (4 threads)  12%|███▌                          |  ETA: 12:38:32
Sampling (4 threads)  12%|███▋                          |  ETA: 12:02:49
Sampling (4 threads)  12%|███▊                          |  ETA: 11:53:13
Sampling (4 threads)  13%|███▉                          |  ETA: 11:21:52
Sampling (4 threads)  14%|████                          |  ETA: 11:02:35
Sampling (4 threads)  14%|████▎                         |  ETA: 10:35:14
Sampling (4 threads)  14%|████▍                         |  ETA: 10:09:46
Sampling (4 threads)  15%|████▌                         |  ETA: 9:54:20
Sampling (4 threads)  16%|████▋                         |  ETA: 9:31:47
Sampling (4 threads)  16%|████▊                         |  ETA: 9:19:17
Sampling (4 threads)  16%|█████                         |  ETA: 8:59:06
Sampling (4 threads)  17%|█████▏                        |  ETA: 8:46:49
Sampling (4 threads)  18%|█████▎                        |  ETA: 8:28:41
Sampling (4 threads)  18%|█████▍                        |  ETA: 8:17:23
Sampling (4 threads)  18%|█████▌                        |  ETA: 8:01:00
Sampling (4 threads)  19%|█████▊                        |  ETA: 7:50:15
Sampling (4 threads)  20%|█████▉                        |  ETA: 7:35:21
Sampling (4 threads)  20%|██████                        |  ETA: 7:29:30
Sampling (4 threads)  20%|██████▏                       |  ETA: 7:15:48
Sampling (4 threads)  21%|██████▎                       |  ETA: 7:02:45
Sampling (4 threads)  22%|██████▌                       |  ETA: 6:57:33
Sampling (4 threads)  22%|██████▋                       |  ETA: 6:45:28
Sampling (4 threads)  22%|██████▊                       |  ETA: 6:33:54
Sampling (4 threads)  23%|██████▉                       |  ETA: 6:29:21
Sampling (4 threads)  24%|███████                       |  ETA: 6:18:35
Sampling (4 threads)  24%|███████▎                      |  ETA: 6:08:16
Sampling (4 threads)  24%|███████▍                      |  ETA: 6:03:31
Sampling (4 threads)  25%|███████▌                      |  ETA: 5:53:53
Sampling (4 threads)  26%|███████▋                      |  ETA: 5:44:38
Sampling (4 threads)  26%|███████▊                      |  ETA: 5:40:08
Sampling (4 threads)  26%|████████                      |  ETA: 5:31:28
Sampling (4 threads)  27%|████████▏                     |  ETA: 5:27:13
Sampling (4 threads)  28%|████████▎                     |  ETA: 5:19:04
Sampling (4 threads)  28%|████████▍                     |  ETA: 5:11:12
Sampling (4 threads)  28%|████████▌                     |  ETA: 5:09:53
Sampling (4 threads)  29%|████████▊                     |  ETA: 5:02:25
Sampling (4 threads)  30%|████████▉                     |  ETA: 4:55:12
Sampling (4 threads)  30%|█████████                     |  ETA: 4:54:30
Sampling (4 threads)  30%|█████████▏                    |  ETA: 4:47:36
Sampling (4 threads)  31%|█████████▎                    |  ETA: 4:40:56
Sampling (4 threads)  32%|█████████▌                    |  ETA: 4:40:35
Sampling (4 threads)  32%|█████████▋                    |  ETA: 4:34:11
Sampling (4 threads)  32%|█████████▊                    |  ETA: 4:31:03
Sampling (4 threads)  33%|█████████▉                    |  ETA: 4:24:58
Sampling (4 threads)  34%|██████████                    |  ETA: 4:21:50
Sampling (4 threads)  34%|██████████▎                   |  ETA: 4:16:03
Sampling (4 threads)  34%|██████████▍                   |  ETA: 4:10:25
Sampling (4 threads)  35%|██████████▌                   |  ETA: 4:04:58
Sampling (4 threads)  36%|██████████▋                   |  ETA: 4:02:26
Sampling (4 threads)  36%|██████████▊                   |  ETA: 3:57:13
Sampling (4 threads)  36%|███████████                   |  ETA: 3:54:48
Sampling (4 threads)  37%|███████████▏                  |  ETA: 3:49:49
Sampling (4 threads)  38%|███████████▎                  |  ETA: 3:47:55
Sampling (4 threads)  38%|███████████▍                  |  ETA: 3:43:07
Sampling (4 threads)  38%|███████████▌                  |  ETA: 3:40:58
Sampling (4 threads)  39%|███████████▊                  |  ETA: 3:36:21
Sampling (4 threads)  40%|███████████▉                  |  ETA: 3:34:13
Sampling (4 threads)  40%|████████████                  |  ETA: 3:29:47
Sampling (4 threads)  40%|████████████▏                 |  ETA: 3:27:52
Sampling (4 threads)  41%|████████████▎                 |  ETA: 3:23:36
Sampling (4 threads)  42%|████████████▌                 |  ETA: 3:21:42
Sampling (4 threads)  42%|████████████▋                 |  ETA: 3:17:36
Sampling (4 threads)  42%|████████████▊                 |  ETA: 3:13:35
Sampling (4 threads)  43%|████████████▉                 |  ETA: 3:11:52
Sampling (4 threads)  44%|█████████████                 |  ETA: 3:07:59
Sampling (4 threads)  44%|█████████████▎                |  ETA: 3:06:18
Sampling (4 threads)  44%|█████████████▍                |  ETA: 3:02:34
Sampling (4 threads)  45%|█████████████▌                |  ETA: 3:01:03
Sampling (4 threads)  46%|█████████████▋                |  ETA: 2:57:26
Sampling (4 threads)  46%|█████████████▊                |  ETA: 2:55:58
Sampling (4 threads)  46%|██████████████                |  ETA: 2:52:28
Sampling (4 threads)  47%|██████████████▏               |  ETA: 2:51:05
Sampling (4 threads)  48%|██████████████▎               |  ETA: 2:47:41
Sampling (4 threads)  48%|██████████████▍               |  ETA: 2:47:26
Sampling (4 threads)  48%|██████████████▌               |  ETA: 2:44:06
Sampling (4 threads)  49%|██████████████▊               |  ETA: 2:40:51
Sampling (4 threads)  50%|██████████████▉               |  ETA: 2:39:50
Sampling (4 threads)  50%|███████████████               |  ETA: 2:36:40
Sampling (4 threads)  50%|███████████████▏              |  ETA: 2:35:36
Sampling (4 threads)  51%|███████████████▎              |  ETA: 2:32:32
Sampling (4 threads)  52%|███████████████▌              |  ETA: 2:31:20
Sampling (4 threads)  52%|███████████████▋              |  ETA: 2:28:20
Sampling (4 threads)  52%|███████████████▊              |  ETA: 2:25:24
Sampling (4 threads)  53%|███████████████▉              |  ETA: 2:25:54
Sampling (4 threads)  54%|████████████████              |  ETA: 2:23:00
Sampling (4 threads)  54%|████████████████▎             |  ETA: 2:21:23
Sampling (4 threads)  55%|████████████████▍             |  ETA: 2:18:34
Sampling (4 threads)  55%|████████████████▌             |  ETA: 2:17:13
Sampling (4 threads)  56%|████████████████▋             |  ETA: 2:14:28
Sampling (4 threads)  56%|████████████████▊             |  ETA: 2:14:00
Sampling (4 threads)  56%|█████████████████             |  ETA: 2:11:18
Sampling (4 threads)  57%|█████████████████▏            |  ETA: 2:08:39
Sampling (4 threads)  57%|█████████████████▎            |  ETA: 2:08:24
Sampling (4 threads)  58%|█████████████████▍            |  ETA: 2:05:48
Sampling (4 threads)  58%|█████████████████▌            |  ETA: 2:04:43
Sampling (4 threads)  59%|█████████████████▊            |  ETA: 2:02:10
Sampling (4 threads)  60%|█████████████████▉            |  ETA: 2:00:56
Sampling (4 threads)  60%|██████████████████            |  ETA: 1:58:27
Sampling (4 threads)  60%|██████████████████▏           |  ETA: 1:57:12
Sampling (4 threads)  61%|██████████████████▎           |  ETA: 1:54:46
Sampling (4 threads)  62%|██████████████████▌           |  ETA: 1:54:24
Sampling (4 threads)  62%|██████████████████▋           |  ETA: 1:52:01
Sampling (4 threads)  62%|██████████████████▊           |  ETA: 1:49:39
Sampling (4 threads)  63%|██████████████████▉           |  ETA: 1:49:21
Sampling (4 threads)  64%|███████████████████           |  ETA: 1:47:01
Sampling (4 threads)  64%|███████████████████▎          |  ETA: 1:44:44
Sampling (4 threads)  64%|███████████████████▍          |  ETA: 1:43:24
Sampling (4 threads)  65%|███████████████████▌          |  ETA: 1:41:09
Sampling (4 threads)  66%|███████████████████▋          |  ETA: 1:39:51
Sampling (4 threads)  66%|███████████████████▊          |  ETA: 1:37:39
Sampling (4 threads)  66%|████████████████████          |  ETA: 1:36:33
Sampling (4 threads)  67%|████████████████████▏         |  ETA: 1:34:24
Sampling (4 threads)  68%|████████████████████▎         |  ETA: 1:33:11
Sampling (4 threads)  68%|████████████████████▍         |  ETA: 1:31:05
Sampling (4 threads)  68%|████████████████████▌         |  ETA: 1:29:00
Sampling (4 threads)  69%|████████████████████▊         |  ETA: 1:28:36
Sampling (4 threads)  70%|████████████████████▉         |  ETA: 1:26:32
Sampling (4 threads)  70%|█████████████████████         |  ETA: 1:25:17
Sampling (4 threads)  70%|█████████████████████▏        |  ETA: 1:23:16
Sampling (4 threads)  71%|█████████████████████▎        |  ETA: 1:22:30
Sampling (4 threads)  72%|█████████████████████▌        |  ETA: 1:20:30
Sampling (4 threads)  72%|█████████████████████▋        |  ETA: 1:18:32
Sampling (4 threads)  72%|█████████████████████▊        |  ETA: 1:17:13
Sampling (4 threads)  73%|█████████████████████▉        |  ETA: 1:15:17
Sampling (4 threads)  74%|██████████████████████        |  ETA: 1:14:04
Sampling (4 threads)  74%|██████████████████████▎       |  ETA: 1:12:10
Sampling (4 threads)  74%|██████████████████████▍       |  ETA: 1:10:55
Sampling (4 threads)  75%|██████████████████████▌       |  ETA: 1:09:04
Sampling (4 threads)  76%|██████████████████████▋       |  ETA: 1:08:12
Sampling (4 threads)  76%|██████████████████████▊       |  ETA: 1:06:22
Sampling (4 threads)  76%|███████████████████████       |  ETA: 1:04:33
Sampling (4 threads)  77%|███████████████████████▏      |  ETA: 1:03:48
Sampling (4 threads)  78%|███████████████████████▎      |  ETA: 1:02:01
Sampling (4 threads)  78%|███████████████████████▍      |  ETA: 1:00:15
Sampling (4 threads)  78%|███████████████████████▌      |  ETA: 0:59:02
Sampling (4 threads)  79%|███████████████████████▊      |  ETA: 0:57:18
Sampling (4 threads)  80%|███████████████████████▉      |  ETA: 0:56:26
Sampling (4 threads)  80%|████████████████████████      |  ETA: 0:54:43
Sampling (4 threads)  80%|████████████████████████▏     |  ETA: 0:53:01
Sampling (4 threads)  81%|████████████████████████▎     |  ETA: 0:51:46
Sampling (4 threads)  82%|████████████████████████▌     |  ETA: 0:50:05
Sampling (4 threads)  82%|████████████████████████▋     |  ETA: 0:48:53
Sampling (4 threads)  82%|████████████████████████▊     |  ETA: 0:47:14
Sampling (4 threads)  83%|████████████████████████▉     |  ETA: 0:45:58
Sampling (4 threads)  84%|█████████████████████████     |  ETA: 0:44:21
Sampling (4 threads)  84%|█████████████████████████▎    |  ETA: 0:42:45
Sampling (4 threads)  84%|█████████████████████████▍    |  ETA: 0:41:30
Sampling (4 threads)  85%|█████████████████████████▌    |  ETA: 0:39:56
Sampling (4 threads)  86%|█████████████████████████▋    |  ETA: 0:38:56
Sampling (4 threads)  86%|█████████████████████████▊    |  ETA: 0:37:22
Sampling (4 threads)  86%|██████████████████████████    |  ETA: 0:35:50
Sampling (4 threads)  87%|██████████████████████████▏   |  ETA: 0:34:34
Sampling (4 threads)  88%|██████████████████████████▎   |  ETA: 0:33:06
Sampling (4 threads)  88%|██████████████████████████▍   |  ETA: 0:31:51
Sampling (4 threads)  88%|██████████████████████████▌   |  ETA: 0:30:30
Sampling (4 threads)  89%|██████████████████████████▊   |  ETA: 0:29:06
Sampling (4 threads)  90%|██████████████████████████▉   |  ETA: 0:27:46
Sampling (4 threads)  90%|███████████████████████████   |  ETA: 0:26:24
Sampling (4 threads)  90%|███████████████████████████▏  |  ETA: 0:25:05
Sampling (4 threads)  91%|███████████████████████████▎  |  ETA: 0:23:40
Sampling (4 threads)  92%|███████████████████████████▌  |  ETA: 0:22:21
Sampling (4 threads)  92%|███████████████████████████▋  |  ETA: 0:21:01
Sampling (4 threads)  92%|███████████████████████████▊  |  ETA: 0:19:39
Sampling (4 threads)  93%|███████████████████████████▉  |  ETA: 0:18:20
Sampling (4 threads)  94%|████████████████████████████  |  ETA: 0:17:00
Sampling (4 threads)  94%|████████████████████████████▎ |  ETA: 0:15:41
Sampling (4 threads)  94%|████████████████████████████▍ |  ETA: 0:14:23
Sampling (4 threads)  95%|████████████████████████████▌ |  ETA: 0:13:01
Sampling (4 threads)  96%|████████████████████████████▋ |  ETA: 0:11:43
Sampling (4 threads)  96%|████████████████████████████▊ |  ETA: 0:10:25
Sampling (4 threads)  96%|█████████████████████████████ |  ETA: 0:09:04
Sampling (4 threads)  97%|█████████████████████████████▏|  ETA: 0:07:47
Sampling (4 threads)  98%|█████████████████████████████▎|  ETA: 0:06:31
Sampling (4 threads)  98%|█████████████████████████████▍|  ETA: 0:05:13
Sampling (4 threads)  98%|█████████████████████████████▌|  ETA: 0:03:56
Sampling (4 threads)  99%|█████████████████████████████▊|  ETA: 0:02:37
Sampling (4 threads) 100%|█████████████████████████████▉|  ETA: 0:01:19
Sampling (4 threads) 100%|██████████████████████████████| Time: 4:23:49
Sampling (4 threads) 100%|██████████████████████████████| Time: 4:23:51
Precompiling project...
    DistributionsADReverseDiffExt Being precompiled by another machine (hostname: bp1-compute067, pid: 3725456, pidfile: /user/home/em18564/.julia/compiled/v1.10/DistributionsADReverseDiffExt/hY00X_4RpdW.ji.pidfile)
  ✗ DistributionsAD → DistributionsADReverseDiffExt
  0 dependencies successfully precompiled in 62 seconds. 549 already precompiled.
┌ Warning: Runtime invalidation was disabled, but the CPU info is out-of-date.
│ Will continue with incorrect CPU name (from build time).
└ @ HostCPUFeatures ~/.julia/packages/HostCPUFeatures/ZTXz4/src/cpu_info.jl:71
┌ Warning: Runtime invalidation was disabled, but the CPU info is out-of-date.
│ Will continue with incorrect CPU feature flag: +avx512vnni.
└ @ HostCPUFeatures ~/.julia/packages/HostCPUFeatures/ZTXz4/src/cpu_info.jl:56
┌ Warning: Runtime invalidation was disabled, but the CPU info is out-of-date.
│ Will continue with incorrect CPU feature flag: -rtm.
└ @ HostCPUFeatures ~/.julia/packages/HostCPUFeatures/ZTXz4/src/cpu_info.jl:56
Sampling (4 threads)   0%|                              |  ETA: N/A
┌ Info: Found initial step size
└   ϵ = 0.0125
┌ Info: Found initial step size
└   ϵ = 0.0015625
┌ Info: Found initial step size
└   ϵ = 0.0015625
┌ Info: Found initial step size
└   ϵ = 0.00625
Sampling (4 threads)   0%|▏                             |  ETA: 5 days, 20:40:28
Sampling (4 threads)   1%|▎                             |  ETA: 2 days, 21:59:06
Sampling (4 threads)   2%|▌                             |  ETA: 1 days, 22:25:16
Sampling (4 threads)   2%|▋                             |  ETA: 2 days, 11:42:14
Sampling (4 threads)   2%|▊                             |  ETA: 1 days, 23:31:10
Sampling (4 threads)   3%|▉                             |  ETA: 1 days, 22:46:41
Sampling (4 threads)   4%|█                             |  ETA: 1 days, 15:53:20
Sampling (4 threads)   4%|█▎                            |  ETA: 1 days, 10:43:19
Sampling (4 threads)   4%|█▍                            |  ETA: 1 days, 7:30:53
Sampling (4 threads)   5%|█▌                            |  ETA: 1 days, 4:12:54
Sampling (4 threads)   6%|█▋                            |  ETA: 1 days, 2:03:25
Sampling (4 threads)   6%|█▊                            |  ETA: 23:45:33
Sampling (4 threads)   6%|██                            |  ETA: 22:19:01
Sampling (4 threads)   7%|██▏                           |  ETA: 20:36:44
Sampling (4 threads)   8%|██▎                           |  ETA: 19:32:54
Sampling (4 threads)   8%|██▍                           |  ETA: 18:13:39
Sampling (4 threads)   8%|██▌                           |  ETA: 17:23:42
Sampling (4 threads)   9%|██▊                           |  ETA: 16:20:20
Sampling (4 threads)  10%|██▉                           |  ETA: 15:35:48
Sampling (4 threads)  10%|███                           |  ETA: 14:44:06
Sampling (4 threads)  10%|███▏                          |  ETA: 14:10:51
Sampling (4 threads)  11%|███▎                          |  ETA: 13:27:38
Sampling (4 threads)  12%|███▌                          |  ETA: 12:58:35
Sampling (4 threads)  12%|███▋                          |  ETA: 12:21:55
Sampling (4 threads)  12%|███▊                          |  ETA: 12:03:28
Sampling (4 threads)  13%|███▉                          |  ETA: 11:31:40
Sampling (4 threads)  14%|████                          |  ETA: 11:02:13
Sampling (4 threads)  14%|████▎                         |  ETA: 10:52:55
Sampling (4 threads)  14%|████▍                         |  ETA: 10:26:44
Sampling (4 threads)  15%|████▌                         |  ETA: 10:02:18
Sampling (4 threads)  16%|████▋                         |  ETA: 9:39:27
Sampling (4 threads)  16%|████▊                         |  ETA: 9:27:52
Sampling (4 threads)  16%|█████                         |  ETA: 9:07:23
Sampling (4 threads)  17%|█████▏                        |  ETA: 8:56:39
Sampling (4 threads)  18%|█████▎                        |  ETA: 8:38:11
Sampling (4 threads)  18%|█████▍                        |  ETA: 8:29:45
Sampling (4 threads)  18%|█████▌                        |  ETA: 8:12:57
Sampling (4 threads)  19%|█████▊                        |  ETA: 8:04:59
Sampling (4 threads)  20%|█████▉                        |  ETA: 7:49:38
Sampling (4 threads)  20%|██████                        |  ETA: 7:40:51
Sampling (4 threads)  20%|██████▏                       |  ETA: 7:26:48
Sampling (4 threads)  21%|██████▎                       |  ETA: 7:18:04
Sampling (4 threads)  22%|██████▌                       |  ETA: 7:05:10
Sampling (4 threads)  22%|██████▋                       |  ETA: 7:02:15
Sampling (4 threads)  22%|██████▊                       |  ETA: 6:50:13
Sampling (4 threads)  23%|██████▉                       |  ETA: 6:38:43
Sampling (4 threads)  24%|███████                       |  ETA: 6:27:42
Sampling (4 threads)  24%|███████▎                      |  ETA: 6:25:37
Sampling (4 threads)  24%|███████▍                      |  ETA: 6:15:16
Sampling (4 threads)  25%|███████▌                      |  ETA: 6:05:20
Sampling (4 threads)  26%|███████▋                      |  ETA: 6:03:08
Sampling (4 threads)  26%|███████▊                      |  ETA: 5:53:46
Sampling (4 threads)  26%|████████                      |  ETA: 5:44:44
Sampling (4 threads)  27%|████████▏                     |  ETA: 5:42:36
Sampling (4 threads)  28%|████████▎                     |  ETA: 5:34:04
Sampling (4 threads)  28%|████████▍                     |  ETA: 5:25:50
Sampling (4 threads)  28%|████████▌                     |  ETA: 5:25:26
Sampling (4 threads)  29%|████████▊                     |  ETA: 5:17:35
Sampling (4 threads)  30%|████████▉                     |  ETA: 5:10:00
Sampling (4 threads)  30%|█████████                     |  ETA: 5:06:50
Sampling (4 threads)  30%|█████████▏                    |  ETA: 4:59:39
Sampling (4 threads)  31%|█████████▎                    |  ETA: 4:56:55
Sampling (4 threads)  32%|█████████▌                    |  ETA: 4:50:05
Sampling (4 threads)  32%|█████████▋                    |  ETA: 4:49:47
Sampling (4 threads)  32%|█████████▊                    |  ETA: 4:43:13
Sampling (4 threads)  33%|█████████▉                    |  ETA: 4:36:52
Sampling (4 threads)  34%|██████████                    |  ETA: 4:30:42
Sampling (4 threads)  34%|██████████▎                   |  ETA: 4:28:51
Sampling (4 threads)  34%|██████████▍                   |  ETA: 4:22:57
Sampling (4 threads)  35%|██████████▌                   |  ETA: 4:23:31
Sampling (4 threads)  36%|██████████▋                   |  ETA: 4:17:48
Sampling (4 threads)  36%|██████████▊                   |  ETA: 4:12:15
Sampling (4 threads)  36%|███████████                   |  ETA: 4:10:15
Sampling (4 threads)  37%|███████████▏                  |  ETA: 4:04:56
Sampling (4 threads)  38%|███████████▎                  |  ETA: 4:05:11
Sampling (4 threads)  38%|███████████▍                  |  ETA: 4:00:01
Sampling (4 threads)  38%|███████████▌                  |  ETA: 3:55:00
Sampling (4 threads)  39%|███████████▊                  |  ETA: 3:53:24
Sampling (4 threads)  40%|███████████▉                  |  ETA: 3:48:33
Sampling (4 threads)  40%|████████████                  |  ETA: 3:46:48
Sampling (4 threads)  40%|████████████▏                 |  ETA: 3:42:08
Sampling (4 threads)  41%|████████████▎                 |  ETA: 3:42:16
Sampling (4 threads)  42%|████████████▌                 |  ETA: 3:37:44
Sampling (4 threads)  42%|████████████▋                 |  ETA: 3:33:18
Sampling (4 threads)  42%|████████████▊                 |  ETA: 3:28:58
Sampling (4 threads)  43%|████████████▉                 |  ETA: 3:29:26
Sampling (4 threads)  44%|█████████████                 |  ETA: 3:25:13
Sampling (4 threads)  44%|█████████████▎                |  ETA: 3:21:05
Sampling (4 threads)  44%|█████████████▍                |  ETA: 3:19:26
Sampling (4 threads)  45%|█████████████▌                |  ETA: 3:15:26
Sampling (4 threads)  46%|█████████████▋                |  ETA: 3:13:48
Sampling (4 threads)  46%|█████████████▊                |  ETA: 3:09:56
Sampling (4 threads)  46%|██████████████                |  ETA: 3:08:19
Sampling (4 threads)  47%|██████████████▏               |  ETA: 3:04:34
Sampling (4 threads)  48%|██████████████▎               |  ETA: 3:03:01
Sampling (4 threads)  48%|██████████████▍               |  ETA: 2:59:23
Sampling (4 threads)  48%|██████████████▌               |  ETA: 2:57:53
Sampling (4 threads)  49%|██████████████▊               |  ETA: 2:54:22
Sampling (4 threads)  50%|██████████████▉               |  ETA: 2:52:50
Sampling (4 threads)  50%|███████████████               |  ETA: 2:49:25
Sampling (4 threads)  50%|███████████████▏              |  ETA: 2:48:02
Sampling (4 threads)  51%|███████████████▎              |  ETA: 2:44:42
Sampling (4 threads)  52%|███████████████▌              |  ETA: 2:43:16
Sampling (4 threads)  52%|███████████████▋              |  ETA: 2:40:02
Sampling (4 threads)  52%|███████████████▊              |  ETA: 2:38:36
Sampling (4 threads)  53%|███████████████▉              |  ETA: 2:35:27
Sampling (4 threads)  54%|████████████████              |  ETA: 2:33:56
Sampling (4 threads)  54%|████████████████▎             |  ETA: 2:30:52
Sampling (4 threads)  55%|████████████████▍             |  ETA: 2:29:39
Sampling (4 threads)  55%|████████████████▌             |  ETA: 2:26:39
Sampling (4 threads)  56%|████████████████▋             |  ETA: 2:25:10
Sampling (4 threads)  56%|████████████████▊             |  ETA: 2:22:16
Sampling (4 threads)  56%|█████████████████             |  ETA: 2:20:50
Sampling (4 threads)  57%|█████████████████▏            |  ETA: 2:18:00
Sampling (4 threads)  57%|█████████████████▎            |  ETA: 2:15:13
Sampling (4 threads)  58%|█████████████████▍            |  ETA: 2:13:52
Sampling (4 threads)  58%|█████████████████▌            |  ETA: 2:11:09
Sampling (4 threads)  59%|█████████████████▊            |  ETA: 2:09:49
Sampling (4 threads)  60%|█████████████████▉            |  ETA: 2:07:09
Sampling (4 threads)  60%|██████████████████            |  ETA: 2:05:55
Sampling (4 threads)  60%|██████████████████▏           |  ETA: 2:03:18
Sampling (4 threads)  61%|██████████████████▎           |  ETA: 2:01:52
Sampling (4 threads)  62%|██████████████████▌           |  ETA: 1:59:20
Sampling (4 threads)  62%|██████████████████▋           |  ETA: 1:58:13
Sampling (4 threads)  62%|██████████████████▊           |  ETA: 1:55:44
Sampling (4 threads)  63%|██████████████████▉           |  ETA: 1:54:58
Sampling (4 threads)  64%|███████████████████           |  ETA: 1:52:31
Sampling (4 threads)  64%|███████████████████▎          |  ETA: 1:50:07
Sampling (4 threads)  64%|███████████████████▍          |  ETA: 1:47:45
Sampling (4 threads)  65%|███████████████████▌          |  ETA: 1:47:18
Sampling (4 threads)  66%|███████████████████▋          |  ETA: 1:44:57
Sampling (4 threads)  66%|███████████████████▊          |  ETA: 1:43:38
Sampling (4 threads)  66%|████████████████████          |  ETA: 1:41:21
Sampling (4 threads)  67%|████████████████████▏         |  ETA: 1:40:29
Sampling (4 threads)  68%|████████████████████▎         |  ETA: 1:38:13
Sampling (4 threads)  68%|████████████████████▍         |  ETA: 1:36:00
Sampling (4 threads)  68%|████████████████████▌         |  ETA: 1:33:49
Sampling (4 threads)  69%|████████████████████▊         |  ETA: 1:33:15
Sampling (4 threads)  70%|████████████████████▉         |  ETA: 1:31:06
Sampling (4 threads)  70%|█████████████████████         |  ETA: 1:28:58
Sampling (4 threads)  70%|█████████████████████▏        |  ETA: 1:27:58
Sampling (4 threads)  71%|█████████████████████▎        |  ETA: 1:25:52
Sampling (4 threads)  72%|█████████████████████▌        |  ETA: 1:23:48
Sampling (4 threads)  72%|█████████████████████▋        |  ETA: 1:22:51
Sampling (4 threads)  72%|█████████████████████▊        |  ETA: 1:20:49
Sampling (4 threads)  73%|█████████████████████▉        |  ETA: 1:18:48
Sampling (4 threads)  74%|██████████████████████        |  ETA: 1:17:48
Sampling (4 threads)  74%|██████████████████████▎       |  ETA: 1:15:49
Sampling (4 threads)  74%|██████████████████████▍       |  ETA: 1:13:51
Sampling (4 threads)  75%|██████████████████████▌       |  ETA: 1:12:58
Sampling (4 threads)  76%|██████████████████████▋       |  ETA: 1:11:02
Sampling (4 threads)  76%|██████████████████████▊       |  ETA: 1:09:07
Sampling (4 threads)  76%|███████████████████████       |  ETA: 1:08:17
Sampling (4 threads)  77%|███████████████████████▏      |  ETA: 1:06:23
Sampling (4 threads)  78%|███████████████████████▎      |  ETA: 1:04:32
Sampling (4 threads)  78%|███████████████████████▍      |  ETA: 1:03:35
Sampling (4 threads)  78%|███████████████████████▌      |  ETA: 1:01:45
Sampling (4 threads)  79%|███████████████████████▊      |  ETA: 0:59:56
Sampling (4 threads)  80%|███████████████████████▉      |  ETA: 0:59:00
Sampling (4 threads)  80%|████████████████████████      |  ETA: 0:57:13
Sampling (4 threads)  80%|████████████████████████▏     |  ETA: 0:55:26
Sampling (4 threads)  81%|████████████████████████▎     |  ETA: 0:54:26
Sampling (4 threads)  82%|████████████████████████▌     |  ETA: 0:52:41
Sampling (4 threads)  82%|████████████████████████▋     |  ETA: 0:50:57
Sampling (4 threads)  82%|████████████████████████▊     |  ETA: 0:49:14
Sampling (4 threads)  83%|████████████████████████▉     |  ETA: 0:48:13
Sampling (4 threads)  84%|█████████████████████████     |  ETA: 0:46:31
Sampling (4 threads)  84%|█████████████████████████▎    |  ETA: 0:45:12
Sampling (4 threads)  84%|█████████████████████████▍    |  ETA: 0:43:31
Sampling (4 threads)  85%|█████████████████████████▌    |  ETA: 0:42:14
Sampling (4 threads)  86%|█████████████████████████▋    |  ETA: 0:40:35
Sampling (4 threads)  86%|█████████████████████████▊    |  ETA: 0:39:15
Sampling (4 threads)  86%|██████████████████████████    |  ETA: 0:37:38
Sampling (4 threads)  87%|██████████████████████████▏   |  ETA: 0:36:02
Sampling (4 threads)  88%|██████████████████████████▎   |  ETA: 0:34:29
Sampling (4 threads)  88%|██████████████████████████▍   |  ETA: 0:33:08
Sampling (4 threads)  88%|██████████████████████████▌   |  ETA: 0:31:40
Sampling (4 threads)  89%|██████████████████████████▊   |  ETA: 0:30:16
Sampling (4 threads)  90%|██████████████████████████▉   |  ETA: 0:28:50
Sampling (4 threads)  90%|███████████████████████████   |  ETA: 0:27:26
Sampling (4 threads)  90%|███████████████████████████▏  |  ETA: 0:26:05
Sampling (4 threads)  91%|███████████████████████████▎  |  ETA: 0:24:35
Sampling (4 threads)  92%|███████████████████████████▌  |  ETA: 0:23:14
Sampling (4 threads)  92%|███████████████████████████▋  |  ETA: 0:21:52
Sampling (4 threads)  92%|███████████████████████████▊  |  ETA: 0:20:26
Sampling (4 threads)  93%|███████████████████████████▉  |  ETA: 0:19:05
Sampling (4 threads)  94%|████████████████████████████  |  ETA: 0:17:40
Sampling (4 threads)  94%|████████████████████████████▎ |  ETA: 0:16:17
Sampling (4 threads)  94%|████████████████████████████▍ |  ETA: 0:14:56
Sampling (4 threads)  95%|████████████████████████████▌ |  ETA: 0:13:32
Sampling (4 threads)  96%|████████████████████████████▋ |  ETA: 0:12:10
Sampling (4 threads)  96%|████████████████████████████▊ |  ETA: 0:10:48
Sampling (4 threads)  96%|█████████████████████████████ |  ETA: 0:09:26
Sampling (4 threads)  97%|█████████████████████████████▏|  ETA: 0:08:04
Sampling (4 threads)  98%|█████████████████████████████▎|  ETA: 0:06:43
Sampling (4 threads)  98%|█████████████████████████████▍|  ETA: 0:05:23
Sampling (4 threads)  98%|█████████████████████████████▌|  ETA: 0:04:02
Sampling (4 threads)  99%|█████████████████████████████▊|  ETA: 0:02:41
Sampling (4 threads) 100%|█████████████████████████████▉|  ETA: 0:01:21
Sampling (4 threads) 100%|██████████████████████████████| Time: 4:30:53
Sampling (4 threads) 100%|██████████████████████████████| Time: 4:30:54
┌ Warning: Runtime invalidation was disabled, but the CPU info is out-of-date.
│ Will continue with incorrect CPU name (from build time).
└ @ HostCPUFeatures ~/.julia/packages/HostCPUFeatures/ZTXz4/src/cpu_info.jl:71
┌ Warning: Runtime invalidation was disabled, but the CPU info is out-of-date.
│ Will continue with incorrect CPU feature flag: +avx512vnni.
└ @ HostCPUFeatures ~/.julia/packages/HostCPUFeatures/ZTXz4/src/cpu_info.jl:56
┌ Warning: Runtime invalidation was disabled, but the CPU info is out-of-date.
│ Will continue with incorrect CPU feature flag: -rtm.
└ @ HostCPUFeatures ~/.julia/packages/HostCPUFeatures/ZTXz4/src/cpu_info.jl:56
Sampling (4 threads)   0%|                              |  ETA: N/A
┌ Info: Found initial step size
└   ϵ = 0.00625
┌ Info: Found initial step size
└   ϵ = 0.00078125
┌ Info: Found initial step size
└   ϵ = 0.0015625
┌ Info: Found initial step size
└   ϵ = 0.00078125
Sampling (4 threads)   0%|▏                             |  ETA: 7 days, 19:01:29
Sampling (4 threads)   1%|▎                             |  ETA: 3 days, 21:02:38
Sampling (4 threads)   2%|▌                             |  ETA: 2 days, 13:42:58
Sampling (4 threads)   2%|▋                             |  ETA: 3 days, 9:41:44
Sampling (4 threads)   2%|▊                             |  ETA: 2 days, 17:01:23
Sampling (4 threads)   3%|▉                             |  ETA: 2 days, 5:54:29
Sampling (4 threads)   4%|█                             |  ETA: 1 days, 23:55:13
Sampling (4 threads)   4%|█▎                            |  ETA: 1 days, 17:42:47
Sampling (4 threads)   4%|█▍                            |  ETA: 1 days, 14:38:36
Sampling (4 threads)   5%|█▌                            |  ETA: 1 days, 10:35:49
Sampling (4 threads)   6%|█▋                            |  ETA: 1 days, 7:17:10
Sampling (4 threads)   6%|█▊                            |  ETA: 1 days, 5:45:49
Sampling (4 threads)   6%|██                            |  ETA: 1 days, 3:19:41
Sampling (4 threads)   7%|██▏                           |  ETA: 1 days, 1:14:25
Sampling (4 threads)   8%|██▎                           |  ETA: 1 days, 0:16:40
Sampling (4 threads)   8%|██▍                           |  ETA: 22:38:15
Sampling (4 threads)   8%|██▌                           |  ETA: 21:11:24
Sampling (4 threads)   9%|██▊                           |  ETA: 20:27:20
Sampling (4 threads)  10%|██▉                           |  ETA: 19:16:21
Sampling (4 threads)  10%|███                           |  ETA: 18:12:28
Sampling (4 threads)  10%|███▏                          |  ETA: 17:49:26
Sampling (4 threads)  11%|███▎                          |  ETA: 16:55:07
Sampling (4 threads)  12%|███▌                          |  ETA: 16:05:32
Sampling (4 threads)  12%|███▋                          |  ETA: 15:47:50
Sampling (4 threads)  12%|███▊                          |  ETA: 15:04:45
Sampling (4 threads)  13%|███▉                          |  ETA: 14:24:59
Sampling (4 threads)  14%|████                          |  ETA: 14:10:36
Sampling (4 threads)  14%|████▎                         |  ETA: 13:35:29
Sampling (4 threads)  14%|████▍                         |  ETA: 13:02:47
Sampling (4 threads)  15%|████▌                         |  ETA: 12:46:57
Sampling (4 threads)  16%|████▋                         |  ETA: 12:17:50
Sampling (4 threads)  16%|████▊                         |  ETA: 11:50:33
Sampling (4 threads)  16%|█████                         |  ETA: 11:36:16
Sampling (4 threads)  17%|█████▏                        |  ETA: 11:11:45
Sampling (4 threads)  18%|█████▎                        |  ETA: 11:00:30
Sampling (4 threads)  18%|█████▍                        |  ETA: 10:38:16
Sampling (4 threads)  18%|█████▌                        |  ETA: 10:17:13
Sampling (4 threads)  19%|█████▊                        |  ETA: 10:07:44
Sampling (4 threads)  20%|█████▉                        |  ETA: 9:48:30
Sampling (4 threads)  20%|██████                        |  ETA: 9:38:46
Sampling (4 threads)  20%|██████▏                       |  ETA: 9:21:08
Sampling (4 threads)  21%|██████▎                       |  ETA: 9:11:38
Sampling (4 threads)  22%|██████▌                       |  ETA: 8:55:23
Sampling (4 threads)  22%|██████▋                       |  ETA: 8:46:09
Sampling (4 threads)  22%|██████▊                       |  ETA: 8:31:09
Sampling (4 threads)  23%|██████▉                       |  ETA: 8:23:55
Sampling (4 threads)  24%|███████                       |  ETA: 8:09:59
Sampling (4 threads)  24%|███████▎                      |  ETA: 8:01:34
Sampling (4 threads)  24%|███████▍                      |  ETA: 7:48:38
Sampling (4 threads)  25%|███████▌                      |  ETA: 7:44:26
Sampling (4 threads)  26%|███████▋                      |  ETA: 7:32:18
Sampling (4 threads)  26%|███████▊                      |  ETA: 7:20:37
Sampling (4 threads)  26%|████████                      |  ETA: 7:09:23
Sampling (4 threads)  27%|████████▏                     |  ETA: 7:06:44
Sampling (4 threads)  28%|████████▎                     |  ETA: 6:56:07
Sampling (4 threads)  28%|████████▍                     |  ETA: 6:50:41
Sampling (4 threads)  28%|████████▌                     |  ETA: 6:40:41
Sampling (4 threads)  29%|████████▊                     |  ETA: 6:31:01
Sampling (4 threads)  30%|████████▉                     |  ETA: 6:27:09
Sampling (4 threads)  30%|█████████                     |  ETA: 6:18:00
Sampling (4 threads)  30%|█████████▏                    |  ETA: 6:14:03
Sampling (4 threads)  31%|█████████▎                    |  ETA: 6:05:23
Sampling (4 threads)  32%|█████████▌                    |  ETA: 6:01:10
Sampling (4 threads)  32%|█████████▋                    |  ETA: 5:52:56
Sampling (4 threads)  32%|█████████▊                    |  ETA: 5:49:27
Sampling (4 threads)  33%|█████████▉                    |  ETA: 5:41:36
Sampling (4 threads)  34%|██████████                    |  ETA: 5:34:00
Sampling (4 threads)  34%|██████████▎                   |  ETA: 5:33:06
Sampling (4 threads)  34%|██████████▍                   |  ETA: 5:25:47
Sampling (4 threads)  35%|██████████▌                   |  ETA: 5:18:41
Sampling (4 threads)  36%|██████████▋                   |  ETA: 5:18:23
Sampling (4 threads)  36%|██████████▊                   |  ETA: 5:11:32
Sampling (4 threads)  36%|███████████                   |  ETA: 5:04:52
Sampling (4 threads)  37%|███████████▏                  |  ETA: 5:04:35
Sampling (4 threads)  38%|███████████▎                  |  ETA: 4:58:08
Sampling (4 threads)  38%|███████████▍                  |  ETA: 4:51:52
Sampling (4 threads)  38%|███████████▌                  |  ETA: 4:51:57
Sampling (4 threads)  39%|███████████▊                  |  ETA: 4:45:51
Sampling (4 threads)  40%|███████████▉                  |  ETA: 4:39:55
Sampling (4 threads)  40%|████████████                  |  ETA: 4:34:08
Sampling (4 threads)  40%|████████████▏                 |  ETA: 4:34:57
Sampling (4 threads)  41%|████████████▎                 |  ETA: 4:29:19
Sampling (4 threads)  42%|████████████▌                 |  ETA: 4:23:49
Sampling (4 threads)  42%|████████████▋                 |  ETA: 4:23:31
Sampling (4 threads)  42%|████████████▊                 |  ETA: 4:18:10
Sampling (4 threads)  43%|████████████▉                 |  ETA: 4:12:57
Sampling (4 threads)  44%|█████████████                 |  ETA: 4:11:50
Sampling (4 threads)  44%|█████████████▎                |  ETA: 4:06:46
Sampling (4 threads)  44%|█████████████▍                |  ETA: 4:01:49
Sampling (4 threads)  45%|█████████████▌                |  ETA: 4:01:46
Sampling (4 threads)  46%|█████████████▋                |  ETA: 3:56:56
Sampling (4 threads)  46%|█████████████▊                |  ETA: 3:52:13
Sampling (4 threads)  46%|██████████████                |  ETA: 3:47:35
Sampling (4 threads)  47%|██████████████▏               |  ETA: 3:45:44
Sampling (4 threads)  48%|██████████████▎               |  ETA: 3:41:15
Sampling (4 threads)  48%|██████████████▍               |  ETA: 3:38:59
Sampling (4 threads)  48%|██████████████▌               |  ETA: 3:34:38
Sampling (4 threads)  49%|██████████████▊               |  ETA: 3:34:25
Sampling (4 threads)  50%|██████████████▉               |  ETA: 3:30:10
Sampling (4 threads)  50%|███████████████               |  ETA: 3:26:01
Sampling (4 threads)  50%|███████████████▏              |  ETA: 3:24:07
Sampling (4 threads)  51%|███████████████▎              |  ETA: 3:20:04
Sampling (4 threads)  52%|███████████████▌              |  ETA: 3:18:19
Sampling (4 threads)  52%|███████████████▋              |  ETA: 3:14:23
Sampling (4 threads)  52%|███████████████▊              |  ETA: 3:12:44
Sampling (4 threads)  53%|███████████████▉              |  ETA: 3:08:54
Sampling (4 threads)  54%|████████████████              |  ETA: 3:07:02
Sampling (4 threads)  54%|████████████████▎             |  ETA: 3:03:19
Sampling (4 threads)  55%|████████████████▍             |  ETA: 3:02:27
Sampling (4 threads)  55%|████████████████▌             |  ETA: 2:58:49
Sampling (4 threads)  56%|████████████████▋             |  ETA: 2:55:14
Sampling (4 threads)  56%|████████████████▊             |  ETA: 2:51:43
Sampling (4 threads)  56%|█████████████████             |  ETA: 2:51:00
Sampling (4 threads)  57%|█████████████████▏            |  ETA: 2:47:33
Sampling (4 threads)  57%|█████████████████▎            |  ETA: 2:46:34
Sampling (4 threads)  58%|█████████████████▍            |  ETA: 2:43:11
Sampling (4 threads)  58%|█████████████████▌            |  ETA: 2:39:52
Sampling (4 threads)  59%|█████████████████▊            |  ETA: 2:36:36
Sampling (4 threads)  60%|█████████████████▉            |  ETA: 2:35:37
Sampling (4 threads)  60%|██████████████████            |  ETA: 2:32:25
Sampling (4 threads)  60%|██████████████████▏           |  ETA: 2:31:21
Sampling (4 threads)  61%|██████████████████▎           |  ETA: 2:28:13
Sampling (4 threads)  62%|██████████████████▌           |  ETA: 2:25:07
Sampling (4 threads)  62%|██████████████████▋           |  ETA: 2:24:04
Sampling (4 threads)  62%|██████████████████▊           |  ETA: 2:21:02
Sampling (4 threads)  63%|██████████████████▉           |  ETA: 2:18:03
Sampling (4 threads)  64%|███████████████████           |  ETA: 2:17:01
Sampling (4 threads)  64%|███████████████████▎          |  ETA: 2:14:05
Sampling (4 threads)  64%|███████████████████▍          |  ETA: 2:11:12
Sampling (4 threads)  65%|███████████████████▌          |  ETA: 2:10:03
Sampling (4 threads)  66%|███████████████████▋          |  ETA: 2:07:13
Sampling (4 threads)  66%|███████████████████▊          |  ETA: 2:04:26
Sampling (4 threads)  66%|████████████████████          |  ETA: 2:03:23
Sampling (4 threads)  67%|████████████████████▏         |  ETA: 2:00:38
Sampling (4 threads)  68%|████████████████████▎         |  ETA: 1:57:56
Sampling (4 threads)  68%|████████████████████▍         |  ETA: 1:56:52
Sampling (4 threads)  68%|████████████████████▌         |  ETA: 1:54:12
Sampling (4 threads)  69%|████████████████████▊         |  ETA: 1:51:34
Sampling (4 threads)  70%|████████████████████▉         |  ETA: 1:50:20
Sampling (4 threads)  70%|█████████████████████         |  ETA: 1:47:45
Sampling (4 threads)  70%|█████████████████████▏        |  ETA: 1:45:12
Sampling (4 threads)  71%|█████████████████████▎        |  ETA: 1:44:03
Sampling (4 threads)  72%|█████████████████████▌        |  ETA: 1:41:32
Sampling (4 threads)  72%|█████████████████████▋        |  ETA: 1:39:04
Sampling (4 threads)  72%|█████████████████████▊        |  ETA: 1:36:37
Sampling (4 threads)  73%|█████████████████████▉        |  ETA: 1:35:29
Sampling (4 threads)  74%|██████████████████████        |  ETA: 1:33:04
Sampling (4 threads)  74%|██████████████████████▎       |  ETA: 1:31:21
Sampling (4 threads)  74%|██████████████████████▍       |  ETA: 1:28:59
Sampling (4 threads)  75%|██████████████████████▌       |  ETA: 1:27:26
Sampling (4 threads)  76%|██████████████████████▋       |  ETA: 1:25:07
Sampling (4 threads)  76%|██████████████████████▊       |  ETA: 1:23:35
Sampling (4 threads)  76%|███████████████████████       |  ETA: 1:21:18
Sampling (4 threads)  77%|███████████████████████▏      |  ETA: 1:19:04
Sampling (4 threads)  78%|███████████████████████▎      |  ETA: 1:17:46
Sampling (4 threads)  78%|███████████████████████▍      |  ETA: 1:15:33
Sampling (4 threads)  78%|███████████████████████▌      |  ETA: 1:13:21
Sampling (4 threads)  79%|███████████████████████▊      |  ETA: 1:12:00
Sampling (4 threads)  80%|███████████████████████▉      |  ETA: 1:09:50
Sampling (4 threads)  80%|████████████████████████      |  ETA: 1:07:43
Sampling (4 threads)  80%|████████████████████████▏     |  ETA: 1:06:21
Sampling (4 threads)  81%|████████████████████████▎     |  ETA: 1:04:15
Sampling (4 threads)  82%|████████████████████████▌     |  ETA: 1:02:11
Sampling (4 threads)  82%|████████████████████████▋     |  ETA: 1:00:08
Sampling (4 threads)  82%|████████████████████████▊     |  ETA: 0:58:42
Sampling (4 threads)  83%|████████████████████████▉     |  ETA: 0:56:41
Sampling (4 threads)  84%|█████████████████████████     |  ETA: 0:55:18
Sampling (4 threads)  84%|█████████████████████████▎    |  ETA: 0:53:18
Sampling (4 threads)  84%|█████████████████████████▍    |  ETA: 0:51:20
Sampling (4 threads)  85%|█████████████████████████▌    |  ETA: 0:49:23
Sampling (4 threads)  86%|█████████████████████████▋    |  ETA: 0:47:45
Sampling (4 threads)  86%|█████████████████████████▊    |  ETA: 0:45:52
Sampling (4 threads)  86%|██████████████████████████    |  ETA: 0:44:12
Sampling (4 threads)  87%|██████████████████████████▏   |  ETA: 0:42:29
Sampling (4 threads)  88%|██████████████████████████▎   |  ETA: 0:40:43
Sampling (4 threads)  88%|██████████████████████████▍   |  ETA: 0:39:03
Sampling (4 threads)  88%|██████████████████████████▌   |  ETA: 0:37:21
Sampling (4 threads)  89%|██████████████████████████▊   |  ETA: 0:35:41
Sampling (4 threads)  90%|██████████████████████████▉   |  ETA: 0:33:55
Sampling (4 threads)  90%|███████████████████████████   |  ETA: 0:32:17
Sampling (4 threads)  90%|███████████████████████████▏  |  ETA: 0:30:38
Sampling (4 threads)  91%|███████████████████████████▎  |  ETA: 0:28:57
Sampling (4 threads)  92%|███████████████████████████▌  |  ETA: 0:27:19
Sampling (4 threads)  92%|███████████████████████████▋  |  ETA: 0:25:38
Sampling (4 threads)  92%|███████████████████████████▊  |  ETA: 0:23:58
Sampling (4 threads)  93%|███████████████████████████▉  |  ETA: 0:22:22
Sampling (4 threads)  94%|████████████████████████████  |  ETA: 0:20:43
Sampling (4 threads)  94%|████████████████████████████▎ |  ETA: 0:19:05
Sampling (4 threads)  94%|████████████████████████████▍ |  ETA: 0:17:28
Sampling (4 threads)  95%|████████████████████████████▌ |  ETA: 0:15:51
Sampling (4 threads)  96%|████████████████████████████▋ |  ETA: 0:14:15
Sampling (4 threads)  96%|████████████████████████████▊ |  ETA: 0:12:37
Sampling (4 threads)  96%|█████████████████████████████ |  ETA: 0:11:02
Sampling (4 threads)  97%|█████████████████████████████▏|  ETA: 0:09:27
Sampling (4 threads)  98%|█████████████████████████████▎|  ETA: 0:07:52
Sampling (4 threads)  98%|█████████████████████████████▍|  ETA: 0:06:18
Sampling (4 threads)  98%|█████████████████████████████▌|  ETA: 0:04:43
Sampling (4 threads)  99%|█████████████████████████████▊|  ETA: 0:03:08
Sampling (4 threads) 100%|█████████████████████████████▉|  ETA: 0:01:34
Sampling (4 threads) 100%|██████████████████████████████| Time: 5:14:30
Sampling (4 threads) 100%|██████████████████████████████| Time: 5:14:31
┌ Warning: Runtime invalidation was disabled, but the CPU info is out-of-date.
│ Will continue with incorrect CPU name (from build time).
└ @ HostCPUFeatures ~/.julia/packages/HostCPUFeatures/ZTXz4/src/cpu_info.jl:71
┌ Warning: Runtime invalidation was disabled, but the CPU info is out-of-date.
│ Will continue with incorrect CPU feature flag: +avx512vnni.
└ @ HostCPUFeatures ~/.julia/packages/HostCPUFeatures/ZTXz4/src/cpu_info.jl:56
┌ Warning: Runtime invalidation was disabled, but the CPU info is out-of-date.
│ Will continue with incorrect CPU feature flag: -rtm.
└ @ HostCPUFeatures ~/.julia/packages/HostCPUFeatures/ZTXz4/src/cpu_info.jl:56
Sampling (4 threads)   0%|                              |  ETA: N/A
┌ Info: Found initial step size
└   ϵ = 0.000390625
┌ Info: Found initial step size
└   ϵ = 0.003125
┌ Info: Found initial step size
└   ϵ = 0.00625
┌ Info: Found initial step size
└   ϵ = 0.0015625
Sampling (4 threads)   0%|▏                             |  ETA: 5 days, 1:54:22
Sampling (4 threads)   1%|▎                             |  ETA: 2 days, 12:38:53
Sampling (4 threads)   2%|▌                             |  ETA: 3 days, 3:18:20
Sampling (4 threads)   2%|▋                             |  ETA: 2 days, 8:11:33
Sampling (4 threads)   2%|▊                             |  ETA: 2 days, 4:43:32
Sampling (4 threads)   3%|▉                             |  ETA: 1 days, 19:42:45
Sampling (4 threads)   4%|█                             |  ETA: 1 days, 16:26:36
Sampling (4 threads)   4%|█▎                            |  ETA: 1 days, 11:12:16
Sampling (4 threads)   4%|█▍                            |  ETA: 1 days, 9:23:43
Sampling (4 threads)   5%|█▌                            |  ETA: 1 days, 5:53:54
Sampling (4 threads)   6%|█▋                            |  ETA: 1 days, 3:02:15
Sampling (4 threads)   6%|█▊                            |  ETA: 1 days, 1:52:42
Sampling (4 threads)   6%|██                            |  ETA: 23:45:39
Sampling (4 threads)   7%|██▏                           |  ETA: 21:56:44
Sampling (4 threads)   8%|██▎                           |  ETA: 21:02:46
Sampling (4 threads)   8%|██▍                           |  ETA: 19:37:27
Sampling (4 threads)   8%|██▌                           |  ETA: 18:55:27
Sampling (4 threads)   9%|██▊                           |  ETA: 17:46:31
Sampling (4 threads)  10%|██▉                           |  ETA: 16:44:50
Sampling (4 threads)  10%|███                           |  ETA: 16:21:16
Sampling (4 threads)  10%|███▏                          |  ETA: 15:29:21
Sampling (4 threads)  11%|███▎                          |  ETA: 14:42:09
Sampling (4 threads)  12%|███▌                          |  ETA: 14:24:07
Sampling (4 threads)  12%|███▋                          |  ETA: 13:43:26
Sampling (4 threads)  12%|███▊                          |  ETA: 13:28:11
Sampling (4 threads)  13%|███▉                          |  ETA: 12:52:40
Sampling (4 threads)  14%|████                          |  ETA: 12:30:55
Sampling (4 threads)  14%|████▎                         |  ETA: 11:59:55
Sampling (4 threads)  14%|████▍                         |  ETA: 11:53:32
Sampling (4 threads)  15%|████▌                         |  ETA: 11:25:43
Sampling (4 threads)  16%|████▋                         |  ETA: 10:59:42
Sampling (4 threads)  16%|████▊                         |  ETA: 10:35:18
Sampling (4 threads)  16%|█████                         |  ETA: 10:28:20
Sampling (4 threads)  17%|█████▏                        |  ETA: 10:06:12
Sampling (4 threads)  18%|█████▎                        |  ETA: 9:59:19
Sampling (4 threads)  18%|█████▍                        |  ETA: 9:39:08
Sampling (4 threads)  18%|█████▌                        |  ETA: 9:20:03
Sampling (4 threads)  19%|█████▊                        |  ETA: 9:01:58
Sampling (4 threads)  20%|█████▉                        |  ETA: 8:57:13
Sampling (4 threads)  20%|██████                        |  ETA: 8:40:32
Sampling (4 threads)  20%|██████▏                       |  ETA: 8:34:21
Sampling (4 threads)  21%|██████▎                       |  ETA: 8:18:57
Sampling (4 threads)  22%|██████▌                       |  ETA: 8:04:16
Sampling (4 threads)  22%|██████▋                       |  ETA: 7:50:14
Sampling (4 threads)  22%|██████▊                       |  ETA: 7:47:35
Sampling (4 threads)  23%|██████▉                       |  ETA: 7:34:28
Sampling (4 threads)  24%|███████                       |  ETA: 7:29:30
Sampling (4 threads)  24%|███████▎                      |  ETA: 7:17:15
Sampling (4 threads)  24%|███████▍                      |  ETA: 7:05:31
Sampling (4 threads)  25%|███████▌                      |  ETA: 7:02:19
Sampling (4 threads)  26%|███████▋                      |  ETA: 6:51:17
Sampling (4 threads)  26%|███████▊                      |  ETA: 6:40:40
Sampling (4 threads)  26%|████████                      |  ETA: 6:37:40
Sampling (4 threads)  27%|████████▏                     |  ETA: 6:27:39
Sampling (4 threads)  28%|████████▎                     |  ETA: 6:18:00
Sampling (4 threads)  28%|████████▍                     |  ETA: 6:14:17
Sampling (4 threads)  28%|████████▌                     |  ETA: 6:05:10
Sampling (4 threads)  29%|████████▊                     |  ETA: 6:03:05
Sampling (4 threads)  30%|████████▉                     |  ETA: 5:54:25
Sampling (4 threads)  30%|█████████                     |  ETA: 5:46:02
Sampling (4 threads)  30%|█████████▏                    |  ETA: 5:43:47
Sampling (4 threads)  31%|█████████▎                    |  ETA: 5:35:49
Sampling (4 threads)  32%|█████████▌                    |  ETA: 5:33:30
Sampling (4 threads)  32%|█████████▋                    |  ETA: 5:25:54
Sampling (4 threads)  32%|█████████▊                    |  ETA: 5:18:31
Sampling (4 threads)  33%|█████████▉                    |  ETA: 5:16:28
Sampling (4 threads)  34%|██████████                    |  ETA: 5:09:25
Sampling (4 threads)  34%|██████████▎                   |  ETA: 5:07:51
Sampling (4 threads)  34%|██████████▍                   |  ETA: 5:01:05
Sampling (4 threads)  35%|██████████▌                   |  ETA: 4:59:14
Sampling (4 threads)  36%|██████████▋                   |  ETA: 4:52:45
Sampling (4 threads)  36%|██████████▊                   |  ETA: 4:53:52
Sampling (4 threads)  36%|███████████                   |  ETA: 4:47:35
Sampling (4 threads)  37%|███████████▏                  |  ETA: 4:41:28
Sampling (4 threads)  38%|███████████▎                  |  ETA: 4:35:30
Sampling (4 threads)  38%|███████████▍                  |  ETA: 4:37:28
Sampling (4 threads)  38%|███████████▌                  |  ETA: 4:31:40
Sampling (4 threads)  39%|███████████▊                  |  ETA: 4:26:00
Sampling (4 threads)  40%|███████████▉                  |  ETA: 4:27:15
Sampling (4 threads)  40%|████████████                  |  ETA: 4:21:43
Sampling (4 threads)  40%|████████████▏                 |  ETA: 4:16:20
Sampling (4 threads)  41%|████████████▎                 |  ETA: 4:11:05
Sampling (4 threads)  42%|████████████▌                 |  ETA: 4:11:55
Sampling (4 threads)  42%|████████████▋                 |  ETA: 4:06:47
Sampling (4 threads)  42%|████████████▊                 |  ETA: 4:04:48
Sampling (4 threads)  43%|████████████▉                 |  ETA: 3:59:51
Sampling (4 threads)  44%|█████████████                 |  ETA: 3:57:55
Sampling (4 threads)  44%|█████████████▎                |  ETA: 3:53:08
Sampling (4 threads)  44%|█████████████▍                |  ETA: 3:51:23
Sampling (4 threads)  45%|█████████████▌                |  ETA: 3:46:45
Sampling (4 threads)  46%|█████████████▋                |  ETA: 3:44:58
Sampling (4 threads)  46%|█████████████▊                |  ETA: 3:40:29
Sampling (4 threads)  46%|██████████████                |  ETA: 3:38:42
Sampling (4 threads)  47%|██████████████▏               |  ETA: 3:34:21
Sampling (4 threads)  48%|██████████████▎               |  ETA: 3:34:26
Sampling (4 threads)  48%|██████████████▍               |  ETA: 3:30:11
Sampling (4 threads)  48%|██████████████▌               |  ETA: 3:26:01
Sampling (4 threads)  49%|██████████████▊               |  ETA: 3:21:56
Sampling (4 threads)  50%|██████████████▉               |  ETA: 3:22:17
Sampling (4 threads)  50%|███████████████               |  ETA: 3:18:17
Sampling (4 threads)  50%|███████████████▏              |  ETA: 3:18:15
Sampling (4 threads)  51%|███████████████▎              |  ETA: 3:14:19
Sampling (4 threads)  52%|███████████████▌              |  ETA: 3:10:28
Sampling (4 threads)  52%|███████████████▋              |  ETA: 3:06:42
Sampling (4 threads)  52%|███████████████▊              |  ETA: 3:06:56
Sampling (4 threads)  53%|███████████████▉              |  ETA: 3:03:13
Sampling (4 threads)  54%|████████████████              |  ETA: 3:01:37
Sampling (4 threads)  54%|████████████████▎             |  ETA: 2:58:00
Sampling (4 threads)  55%|████████████████▍             |  ETA: 2:54:27
Sampling (4 threads)  55%|████████████████▌             |  ETA: 2:52:51
Sampling (4 threads)  56%|████████████████▋             |  ETA: 2:49:23
Sampling (4 threads)  56%|████████████████▊             |  ETA: 2:47:49
Sampling (4 threads)  56%|█████████████████             |  ETA: 2:44:26
Sampling (4 threads)  57%|█████████████████▏            |  ETA: 2:43:01
Sampling (4 threads)  57%|█████████████████▎            |  ETA: 2:39:43
Sampling (4 threads)  58%|█████████████████▍            |  ETA: 2:38:08
Sampling (4 threads)  58%|█████████████████▌            |  ETA: 2:34:54
Sampling (4 threads)  59%|█████████████████▊            |  ETA: 2:33:27
Sampling (4 threads)  60%|█████████████████▉            |  ETA: 2:30:18
Sampling (4 threads)  60%|██████████████████            |  ETA: 2:28:49
Sampling (4 threads)  60%|██████████████████▏           |  ETA: 2:25:44
Sampling (4 threads)  61%|██████████████████▎           |  ETA: 2:24:09
Sampling (4 threads)  62%|██████████████████▌           |  ETA: 2:21:09
Sampling (4 threads)  62%|██████████████████▋           |  ETA: 2:19:34
Sampling (4 threads)  62%|██████████████████▊           |  ETA: 2:16:37
Sampling (4 threads)  63%|██████████████████▉           |  ETA: 2:15:01
Sampling (4 threads)  64%|███████████████████           |  ETA: 2:12:09
Sampling (4 threads)  64%|███████████████████▎          |  ETA: 2:10:39
Sampling (4 threads)  64%|███████████████████▍          |  ETA: 2:07:50
Sampling (4 threads)  65%|███████████████████▌          |  ETA: 2:06:19
Sampling (4 threads)  66%|███████████████████▋          |  ETA: 2:03:34
Sampling (4 threads)  66%|███████████████████▊          |  ETA: 2:02:03
Sampling (4 threads)  66%|████████████████████          |  ETA: 1:59:21
Sampling (4 threads)  67%|████████████████████▏         |  ETA: 1:57:49
Sampling (4 threads)  68%|████████████████████▎         |  ETA: 1:55:10
Sampling (4 threads)  68%|████████████████████▍         |  ETA: 1:54:26
Sampling (4 threads)  68%|████████████████████▌         |  ETA: 1:51:49
Sampling (4 threads)  69%|████████████████████▊         |  ETA: 1:49:15
Sampling (4 threads)  70%|████████████████████▉         |  ETA: 1:46:43
Sampling (4 threads)  70%|█████████████████████         |  ETA: 1:45:11
Sampling (4 threads)  70%|█████████████████████▏        |  ETA: 1:42:42
Sampling (4 threads)  71%|█████████████████████▎        |  ETA: 1:41:53
Sampling (4 threads)  72%|█████████████████████▌        |  ETA: 1:39:26
Sampling (4 threads)  72%|█████████████████████▋        |  ETA: 1:38:28
Sampling (4 threads)  72%|█████████████████████▊        |  ETA: 1:36:03
Sampling (4 threads)  73%|█████████████████████▉        |  ETA: 1:33:39
Sampling (4 threads)  74%|██████████████████████        |  ETA: 1:31:18
Sampling (4 threads)  74%|██████████████████████▎       |  ETA: 1:30:28
Sampling (4 threads)  74%|██████████████████████▍       |  ETA: 1:28:08
Sampling (4 threads)  75%|██████████████████████▌       |  ETA: 1:25:50
Sampling (4 threads)  76%|██████████████████████▋       |  ETA: 1:24:46
Sampling (4 threads)  76%|██████████████████████▊       |  ETA: 1:22:29
Sampling (4 threads)  76%|███████████████████████       |  ETA: 1:20:14
Sampling (4 threads)  77%|███████████████████████▏      |  ETA: 1:18:57
Sampling (4 threads)  78%|███████████████████████▎      |  ETA: 1:16:44
Sampling (4 threads)  78%|███████████████████████▍      |  ETA: 1:14:33
Sampling (4 threads)  78%|███████████████████████▌      |  ETA: 1:13:27
Sampling (4 threads)  79%|███████████████████████▊      |  ETA: 1:11:17
Sampling (4 threads)  80%|███████████████████████▉      |  ETA: 1:09:09
Sampling (4 threads)  80%|████████████████████████      |  ETA: 1:07:03
Sampling (4 threads)  80%|████████████████████████▏     |  ETA: 1:05:46
Sampling (4 threads)  81%|████████████████████████▎     |  ETA: 1:03:41
Sampling (4 threads)  82%|████████████████████████▌     |  ETA: 1:02:17
Sampling (4 threads)  82%|████████████████████████▋     |  ETA: 1:00:14
Sampling (4 threads)  82%|████████████████████████▊     |  ETA: 0:58:12
Sampling (4 threads)  83%|████████████████████████▉     |  ETA: 0:56:12
Sampling (4 threads)  84%|█████████████████████████     |  ETA: 0:54:50
Sampling (4 threads)  84%|█████████████████████████▎    |  ETA: 0:52:52
Sampling (4 threads)  84%|█████████████████████████▍    |  ETA: 0:51:28
Sampling (4 threads)  85%|█████████████████████████▌    |  ETA: 0:49:31
Sampling (4 threads)  86%|█████████████████████████▋    |  ETA: 0:47:35
Sampling (4 threads)  86%|█████████████████████████▊    |  ETA: 0:45:41
Sampling (4 threads)  86%|██████████████████████████    |  ETA: 0:44:23
Sampling (4 threads)  87%|██████████████████████████▏   |  ETA: 0:42:29
Sampling (4 threads)  88%|██████████████████████████▎   |  ETA: 0:40:37
Sampling (4 threads)  88%|██████████████████████████▍   |  ETA: 0:39:14
Sampling (4 threads)  88%|██████████████████████████▌   |  ETA: 0:37:23
Sampling (4 threads)  89%|██████████████████████████▊   |  ETA: 0:35:33
Sampling (4 threads)  90%|██████████████████████████▉   |  ETA: 0:34:07
Sampling (4 threads)  90%|███████████████████████████   |  ETA: 0:32:19
Sampling (4 threads)  90%|███████████████████████████▏  |  ETA: 0:30:32
Sampling (4 threads)  91%|███████████████████████████▎  |  ETA: 0:29:06
Sampling (4 threads)  92%|███████████████████████████▌  |  ETA: 0:27:20
Sampling (4 threads)  92%|███████████████████████████▋  |  ETA: 0:25:35
Sampling (4 threads)  92%|███████████████████████████▊  |  ETA: 0:24:06
Sampling (4 threads)  93%|███████████████████████████▉  |  ETA: 0:22:22
Sampling (4 threads)  94%|████████████████████████████  |  ETA: 0:20:40
Sampling (4 threads)  94%|████████████████████████████▎ |  ETA: 0:18:59
Sampling (4 threads)  94%|████████████████████████████▍ |  ETA: 0:17:24
Sampling (4 threads)  95%|████████████████████████████▌ |  ETA: 0:15:49
Sampling (4 threads)  96%|████████████████████████████▋ |  ETA: 0:14:11
Sampling (4 threads)  96%|████████████████████████████▊ |  ETA: 0:12:36
Sampling (4 threads)  96%|█████████████████████████████ |  ETA: 0:11:01
Sampling (4 threads)  97%|█████████████████████████████▏|  ETA: 0:09:25
Sampling (4 threads)  98%|█████████████████████████████▎|  ETA: 0:07:51
Sampling (4 threads)  98%|█████████████████████████████▍|  ETA: 0:06:16
Sampling (4 threads)  98%|█████████████████████████████▌|  ETA: 0:04:41
Sampling (4 threads)  99%|█████████████████████████████▊|  ETA: 0:03:08
Sampling (4 threads) 100%|█████████████████████████████▉|  ETA: 0:01:34
Sampling (4 threads) 100%|██████████████████████████████| Time: 5:15:01
Sampling (4 threads) 100%|██████████████████████████████| Time: 5:15:02
Sampling (4 threads)   0%|                              |  ETA: N/A
┌ Info: Found initial step size
└   ϵ = 0.0015625
┌ Info: Found initial step size
└   ϵ = 0.003125
┌ Info: Found initial step size
└   ϵ = 0.0001953125
┌ Info: Found initial step size
└   ϵ = 0.000390625
Sampling (4 threads)   0%|▏                             |  ETA: 6 days, 4:07:23
Sampling (4 threads)   1%|▎                             |  ETA: 3 days, 1:41:29
Sampling (4 threads)   2%|▌                             |  ETA: 3 days, 13:29:35
Sampling (4 threads)   2%|▋                             |  ETA: 2 days, 15:47:39
Sampling (4 threads)   2%|▊                             |  ETA: 2 days, 2:46:30
Sampling (4 threads)   3%|▉                             |  ETA: 2 days, 1:06:39
Sampling (4 threads)   4%|█                             |  ETA: 1 days, 17:52:41
Sampling (4 threads)   4%|█▎                            |  ETA: 1 days, 14:39:05
Sampling (4 threads)   4%|█▍                            |  ETA: 1 days, 10:10:40
Sampling (4 threads)   5%|█▌                            |  ETA: 1 days, 6:35:57
Sampling (4 threads)   6%|█▋                            |  ETA: 1 days, 3:40:15
Sampling (4 threads)   6%|█▊                            |  ETA: 1 days, 2:11:31
Sampling (4 threads)   6%|██                            |  ETA: 1 days, 0:02:55
Sampling (4 threads)   7%|██▏                           |  ETA: 22:52:31
Sampling (4 threads)   8%|██▎                           |  ETA: 21:14:08
Sampling (4 threads)   8%|██▍                           |  ETA: 19:48:02
Sampling (4 threads)   8%|██▌                           |  ETA: 19:12:55
Sampling (4 threads)   9%|██▊                           |  ETA: 18:02:55
Sampling (4 threads)  10%|██▉                           |  ETA: 17:00:17
Sampling (4 threads)  10%|███                           |  ETA: 16:03:55
Sampling (4 threads)  10%|███▏                          |  ETA: 15:30:02
Sampling (4 threads)  11%|███▎                          |  ETA: 14:42:48
Sampling (4 threads)  12%|███▌                          |  ETA: 14:14:50
Sampling (4 threads)  12%|███▋                          |  ETA: 13:34:35
Sampling (4 threads)  12%|███▊                          |  ETA: 13:14:03
Sampling (4 threads)  13%|███▉                          |  ETA: 12:39:08
Sampling (4 threads)  14%|████                          |  ETA: 12:17:12
Sampling (4 threads)  14%|████▎                         |  ETA: 11:46:46
Sampling (4 threads)  14%|████▍                         |  ETA: 11:29:05
Sampling (4 threads)  15%|████▌                         |  ETA: 11:02:14
Sampling (4 threads)  16%|████▋                         |  ETA: 10:46:30
Sampling (4 threads)  16%|████▊                         |  ETA: 10:22:36
Sampling (4 threads)  16%|█████                         |  ETA: 10:17:29
Sampling (4 threads)  17%|█████▏                        |  ETA: 9:55:44
Sampling (4 threads)  18%|█████▎                        |  ETA: 9:35:14
Sampling (4 threads)  18%|█████▍                        |  ETA: 9:24:11
Sampling (4 threads)  18%|█████▌                        |  ETA: 9:05:35
Sampling (4 threads)  19%|█████▊                        |  ETA: 9:00:50
Sampling (4 threads)  20%|█████▉                        |  ETA: 8:43:42
Sampling (4 threads)  20%|██████                        |  ETA: 8:27:27
Sampling (4 threads)  20%|██████▏                       |  ETA: 8:24:26
Sampling (4 threads)  21%|██████▎                       |  ETA: 8:09:20
Sampling (4 threads)  22%|██████▌                       |  ETA: 7:54:55
Sampling (4 threads)  22%|██████▋                       |  ETA: 7:50:49
Sampling (4 threads)  22%|██████▊                       |  ETA: 7:37:24
Sampling (4 threads)  23%|██████▉                       |  ETA: 7:24:34
Sampling (4 threads)  24%|███████                       |  ETA: 7:12:17
Sampling (4 threads)  24%|███████▎                      |  ETA: 7:09:28
Sampling (4 threads)  24%|███████▍                      |  ETA: 6:57:56
Sampling (4 threads)  25%|███████▌                      |  ETA: 6:51:17
Sampling (4 threads)  26%|███████▋                      |  ETA: 6:40:32
Sampling (4 threads)  26%|███████▊                      |  ETA: 6:37:38
Sampling (4 threads)  26%|████████                      |  ETA: 6:27:30
Sampling (4 threads)  27%|████████▏                     |  ETA: 6:17:44
Sampling (4 threads)  28%|████████▎                     |  ETA: 6:08:19
Sampling (4 threads)  28%|████████▍                     |  ETA: 6:07:17
Sampling (4 threads)  28%|████████▌                     |  ETA: 5:58:20
Sampling (4 threads)  29%|████████▊                     |  ETA: 5:53:52
Sampling (4 threads)  30%|████████▉                     |  ETA: 5:45:25
Sampling (4 threads)  30%|█████████                     |  ETA: 5:37:15
Sampling (4 threads)  30%|█████████▏                    |  ETA: 5:34:14
Sampling (4 threads)  31%|█████████▎                    |  ETA: 5:26:29
Sampling (4 threads)  32%|█████████▌                    |  ETA: 5:22:42
Sampling (4 threads)  32%|█████████▋                    |  ETA: 5:15:20
Sampling (4 threads)  32%|█████████▊                    |  ETA: 5:14:20
Sampling (4 threads)  33%|█████████▉                    |  ETA: 5:07:17
Sampling (4 threads)  34%|██████████                    |  ETA: 5:00:26
Sampling (4 threads)  34%|██████████▎                   |  ETA: 5:00:02
Sampling (4 threads)  34%|██████████▍                   |  ETA: 4:53:27
Sampling (4 threads)  35%|██████████▌                   |  ETA: 4:47:03
Sampling (4 threads)  36%|██████████▋                   |  ETA: 4:40:50
Sampling (4 threads)  36%|██████████▊                   |  ETA: 4:40:29
Sampling (4 threads)  36%|███████████                   |  ETA: 4:34:29
Sampling (4 threads)  37%|███████████▏                  |  ETA: 4:28:39
Sampling (4 threads)  38%|███████████▎                  |  ETA: 4:27:49
Sampling (4 threads)  38%|███████████▍                  |  ETA: 4:22:11
Sampling (4 threads)  38%|███████████▌                  |  ETA: 4:16:42
Sampling (4 threads)  39%|███████████▊                  |  ETA: 4:11:21
Sampling (4 threads)  40%|███████████▉                  |  ETA: 4:10:53
Sampling (4 threads)  40%|████████████                  |  ETA: 4:05:42
Sampling (4 threads)  40%|████████████▏                 |  ETA: 4:00:39
Sampling (4 threads)  41%|████████████▎                 |  ETA: 3:59:34
Sampling (4 threads)  42%|████████████▌                 |  ETA: 3:54:40
Sampling (4 threads)  42%|████████████▋                 |  ETA: 3:49:54
Sampling (4 threads)  42%|████████████▊                 |  ETA: 3:48:36
Sampling (4 threads)  43%|████████████▉                 |  ETA: 3:43:58
Sampling (4 threads)  44%|█████████████                 |  ETA: 3:39:27
Sampling (4 threads)  44%|█████████████▎                |  ETA: 3:38:23
Sampling (4 threads)  44%|█████████████▍                |  ETA: 3:34:00
Sampling (4 threads)  45%|█████████████▌                |  ETA: 3:29:43
Sampling (4 threads)  46%|█████████████▋                |  ETA: 3:28:43
Sampling (4 threads)  46%|█████████████▊                |  ETA: 3:24:33
Sampling (4 threads)  46%|██████████████                |  ETA: 3:20:29
Sampling (4 threads)  47%|██████████████▏               |  ETA: 3:19:11
Sampling (4 threads)  48%|██████████████▎               |  ETA: 3:15:13
Sampling (4 threads)  48%|██████████████▍               |  ETA: 3:11:21
Sampling (4 threads)  48%|██████████████▌               |  ETA: 3:09:29
Sampling (4 threads)  49%|██████████████▊               |  ETA: 3:05:43
Sampling (4 threads)  50%|██████████████▉               |  ETA: 3:04:15
Sampling (4 threads)  50%|███████████████               |  ETA: 3:00:36
Sampling (4 threads)  50%|███████████████▏              |  ETA: 2:59:06
Sampling (4 threads)  51%|███████████████▎              |  ETA: 2:55:33
Sampling (4 threads)  52%|███████████████▌              |  ETA: 2:52:04
Sampling (4 threads)  52%|███████████████▋              |  ETA: 2:50:38
Sampling (4 threads)  52%|███████████████▊              |  ETA: 2:47:15
Sampling (4 threads)  53%|███████████████▉              |  ETA: 2:43:56
Sampling (4 threads)  54%|████████████████              |  ETA: 2:42:36
Sampling (4 threads)  54%|████████████████▎             |  ETA: 2:39:22
Sampling (4 threads)  55%|████████████████▍             |  ETA: 2:37:48
Sampling (4 threads)  55%|████████████████▌             |  ETA: 2:34:39
Sampling (4 threads)  56%|████████████████▋             |  ETA: 2:32:43
Sampling (4 threads)  56%|████████████████▊             |  ETA: 2:29:39
Sampling (4 threads)  56%|█████████████████             |  ETA: 2:28:19
Sampling (4 threads)  57%|█████████████████▏            |  ETA: 2:25:19
Sampling (4 threads)  57%|█████████████████▎            |  ETA: 2:24:01
Sampling (4 threads)  58%|█████████████████▍            |  ETA: 2:21:06
Sampling (4 threads)  58%|█████████████████▌            |  ETA: 2:18:14
Sampling (4 threads)  59%|█████████████████▊            |  ETA: 2:15:24
Sampling (4 threads)  60%|█████████████████▉            |  ETA: 2:14:11
Sampling (4 threads)  60%|██████████████████            |  ETA: 2:11:25
Sampling (4 threads)  60%|██████████████████▏           |  ETA: 2:10:00
Sampling (4 threads)  61%|██████████████████▎           |  ETA: 2:07:18
Sampling (4 threads)  62%|██████████████████▌           |  ETA: 2:06:16
Sampling (4 threads)  62%|██████████████████▋           |  ETA: 2:03:37
Sampling (4 threads)  62%|██████████████████▊           |  ETA: 2:01:01
Sampling (4 threads)  63%|██████████████████▉           |  ETA: 1:58:27
Sampling (4 threads)  64%|███████████████████           |  ETA: 1:57:28
Sampling (4 threads)  64%|███████████████████▎          |  ETA: 1:54:57
Sampling (4 threads)  64%|███████████████████▍          |  ETA: 1:53:46
Sampling (4 threads)  65%|███████████████████▌          |  ETA: 1:51:18
Sampling (4 threads)  66%|███████████████████▋          |  ETA: 1:48:53
Sampling (4 threads)  66%|███████████████████▊          |  ETA: 1:46:29
Sampling (4 threads)  66%|████████████████████          |  ETA: 1:45:30
Sampling (4 threads)  67%|████████████████████▏         |  ETA: 1:43:09
Sampling (4 threads)  68%|████████████████████▎         |  ETA: 1:42:01
Sampling (4 threads)  68%|████████████████████▍         |  ETA: 1:39:42
Sampling (4 threads)  68%|████████████████████▌         |  ETA: 1:37:26
Sampling (4 threads)  69%|████████████████████▊         |  ETA: 1:35:12
Sampling (4 threads)  70%|████████████████████▉         |  ETA: 1:34:08
Sampling (4 threads)  70%|█████████████████████         |  ETA: 1:31:56
Sampling (4 threads)  70%|█████████████████████▏        |  ETA: 1:30:52
Sampling (4 threads)  71%|█████████████████████▎        |  ETA: 1:28:42
Sampling (4 threads)  72%|█████████████████████▌        |  ETA: 1:26:34
Sampling (4 threads)  72%|█████████████████████▋        |  ETA: 1:24:27
Sampling (4 threads)  72%|█████████████████████▊        |  ETA: 1:23:29
Sampling (4 threads)  73%|█████████████████████▉        |  ETA: 1:21:24
Sampling (4 threads)  74%|██████████████████████        |  ETA: 1:19:21
Sampling (4 threads)  74%|██████████████████████▎       |  ETA: 1:18:14
Sampling (4 threads)  74%|██████████████████████▍       |  ETA: 1:16:13
Sampling (4 threads)  75%|██████████████████████▌       |  ETA: 1:14:14
Sampling (4 threads)  76%|██████████████████████▋       |  ETA: 1:13:04
Sampling (4 threads)  76%|██████████████████████▊       |  ETA: 1:11:06
Sampling (4 threads)  76%|███████████████████████       |  ETA: 1:09:10
Sampling (4 threads)  77%|███████████████████████▏      |  ETA: 1:08:00
Sampling (4 threads)  78%|███████████████████████▎      |  ETA: 1:06:05
Sampling (4 threads)  78%|███████████████████████▍      |  ETA: 1:04:12
Sampling (4 threads)  78%|███████████████████████▌      |  ETA: 1:03:01
Sampling (4 threads)  79%|███████████████████████▊      |  ETA: 1:01:10
Sampling (4 threads)  80%|███████████████████████▉      |  ETA: 0:59:20
Sampling (4 threads)  80%|████████████████████████      |  ETA: 0:58:08
Sampling (4 threads)  80%|████████████████████████▏     |  ETA: 0:56:20
Sampling (4 threads)  81%|████████████████████████▎     |  ETA: 0:54:33
Sampling (4 threads)  82%|████████████████████████▌     |  ETA: 0:53:28
Sampling (4 threads)  82%|████████████████████████▋     |  ETA: 0:51:42
Sampling (4 threads)  82%|████████████████████████▊     |  ETA: 0:49:58
Sampling (4 threads)  83%|████████████████████████▉     |  ETA: 0:48:45
Sampling (4 threads)  84%|█████████████████████████     |  ETA: 0:47:02
Sampling (4 threads)  84%|█████████████████████████▎    |  ETA: 0:45:20
Sampling (4 threads)  84%|█████████████████████████▍    |  ETA: 0:44:09
Sampling (4 threads)  85%|█████████████████████████▌    |  ETA: 0:42:29
Sampling (4 threads)  86%|█████████████████████████▋    |  ETA: 0:40:49
Sampling (4 threads)  86%|█████████████████████████▊    |  ETA: 0:39:39
Sampling (4 threads)  86%|██████████████████████████    |  ETA: 0:38:00
Sampling (4 threads)  87%|██████████████████████████▏   |  ETA: 0:36:23
Sampling (4 threads)  88%|██████████████████████████▎   |  ETA: 0:35:10
Sampling (4 threads)  88%|██████████████████████████▍   |  ETA: 0:33:34
Sampling (4 threads)  88%|██████████████████████████▌   |  ETA: 0:31:59
Sampling (4 threads)  89%|██████████████████████████▊   |  ETA: 0:30:31
Sampling (4 threads)  90%|██████████████████████████▉   |  ETA: 0:29:07
Sampling (4 threads)  90%|███████████████████████████   |  ETA: 0:27:43
Sampling (4 threads)  90%|███████████████████████████▏  |  ETA: 0:26:15
Sampling (4 threads)  91%|███████████████████████████▎  |  ETA: 0:24:49
Sampling (4 threads)  92%|███████████████████████████▌  |  ETA: 0:23:26
Sampling (4 threads)  92%|███████████████████████████▋  |  ETA: 0:22:00
Sampling (4 threads)  92%|███████████████████████████▊  |  ETA: 0:20:36
Sampling (4 threads)  93%|███████████████████████████▉  |  ETA: 0:19:11
Sampling (4 threads)  94%|████████████████████████████  |  ETA: 0:17:49
Sampling (4 threads)  94%|████████████████████████████▎ |  ETA: 0:16:27
Sampling (4 threads)  94%|████████████████████████████▍ |  ETA: 0:15:03
Sampling (4 threads)  95%|████████████████████████████▌ |  ETA: 0:13:44
Sampling (4 threads)  96%|████████████████████████████▋ |  ETA: 0:12:26
Sampling (4 threads)  96%|████████████████████████████▊ |  ETA: 0:11:06
Sampling (4 threads)  96%|█████████████████████████████ |  ETA: 0:09:45
Sampling (4 threads)  97%|█████████████████████████████▏|  ETA: 0:08:24
Sampling (4 threads)  98%|█████████████████████████████▎|  ETA: 0:07:02
Sampling (4 threads)  98%|█████████████████████████████▍|  ETA: 0:05:39
Sampling (4 threads)  98%|█████████████████████████████▌|  ETA: 0:04:15
Sampling (4 threads)  99%|█████████████████████████████▊|  ETA: 0:02:51
Sampling (4 threads) 100%|█████████████████████████████▉|  ETA: 0:01:26
Sampling (4 threads) 100%|██████████████████████████████| Time: 4:46:52
Sampling (4 threads) 100%|██████████████████████████████| Time: 4:46:54
ERROR: LoadError: MethodError: no method matching plotGraphs(::String, ::Vector{String}, ::Vector{RGB{Float64}}, ::Int64)

Closest candidates are:
  plotGraphs(::Any, ::Any, ::Any, ::Any, !Matched::Any)
   @ Main ~/bayesian/BC4/Bayes/wordType_experiments/plottingFuncs.jl:261

Stacktrace:
 [1] concludeAndPlot(m::Chains{Float64, AxisArray{Float64, 3, Array{Float64, 3}, Tuple{Axis{:iter, StepRange{Int64, Int64}}, Axis{:var, Vector{Symbol}}, Axis{:chain, UnitRange{Int64}}}}, Missing, @NamedTuple{parameters::Vector{Symbol}, internals::Vector{Symbol}}, @NamedTuple{varname_to_symbol::OrderedDict{AbstractPPL.VarName, Symbol}, start_time::Vector{Float64}, stop_time::Vector{Float64}, samplerstate::Vector{Nothing}}}, output_loc::String, pc::Int64, wordTypes::Vector{String}, cols::Vector{RGB{Float64}}, noPCS::Int64)
   @ Main ~/bayesian/BC4/Bayes/wordType_experiments/plottingFuncs.jl:21
 [2] runModel(model::DynamicPPL.Model{typeof(model_exp), (:participant, :word, :surprisal, :tags, :PCA, :ExpMean, :cauchyMean, :NUM_TYPES, :NUM_PARTICIPANTS), (), (), Tuple{Vector{Int64}, Vector{Float64}, Vector{Float64}, Vector{Int64}, Vector{Float64}, Float64, Float64, Int64, Int64}, Tuple{}, DynamicPPL.DefaultContext}, df_modified::DataFrame, dfPCA::DataFrame, pc::Int64, NUM_PARTICIPANTS::Int64, NUM_WORDS::Int64, TYPE_STRUCTURE::String, NUM_TYPES::Int64, wordTypes::Vector{String}, cols::Vector{RGB{Float64}}, isPlotting::Int64, analyseEssRhat::Int64, output_loc::String, expMean::Float64, cauchyMean::Float64, noPCS::Int64, noInChain::Int64)
   @ Main ~/bayesian/BC4/Bayes/wordType_experiments/model_master.jl:140
 [3] top-level scope
   @ ~/bayesian/BC4/Bayes/wordType_experiments/models/__1/model.jl:15
in expression starting at /user/home/em18564/bayesian/BC4/Bayes/wordType_experiments/models/__1/model.jl:15
Precompiling project...
  ✗ DistributionsAD → DistributionsADReverseDiffExt
  0 dependencies successfully precompiled in 22 seconds. 549 already precompiled.
┌ Warning: Runtime invalidation was disabled, but the CPU info is out-of-date.
│ Will continue with incorrect CPU name (from build time).
└ @ HostCPUFeatures ~/.julia/packages/HostCPUFeatures/ZTXz4/src/cpu_info.jl:71
┌ Warning: Runtime invalidation was disabled, but the CPU info is out-of-date.
│ Will continue with incorrect CPU feature flag: +avx512vnni.
└ @ HostCPUFeatures ~/.julia/packages/HostCPUFeatures/ZTXz4/src/cpu_info.jl:56
┌ Warning: Runtime invalidation was disabled, but the CPU info is out-of-date.
│ Will continue with incorrect CPU feature flag: -rtm.
└ @ HostCPUFeatures ~/.julia/packages/HostCPUFeatures/ZTXz4/src/cpu_info.jl:56
Sampling (4 threads)   0%|                              |  ETA: N/A
┌ Info: Found initial step size
└   ϵ = 0.0001953125
┌ Info: Found initial step size
└   ϵ = 0.0015625
┌ Info: Found initial step size
└   ϵ = 0.00625
┌ Info: Found initial step size
└   ϵ = 0.000390625
Sampling (4 threads)   0%|▏                             |  ETA: 4 days, 21:56:34
Sampling (4 threads)   1%|▎                             |  ETA: 2 days, 10:40:35
Sampling (4 threads)   2%|▌                             |  ETA: 2 days, 15:45:38
Sampling (4 threads)   2%|▋                             |  ETA: 1 days, 23:34:40
Sampling (4 threads)   2%|▊                             |  ETA: 1 days, 21:08:08
Sampling (4 threads)   3%|▉                             |  ETA: 1 days, 13:25:12
Sampling (4 threads)   4%|█                             |  ETA: 1 days, 9:39:13
Sampling (4 threads)   4%|█▎                            |  ETA: 1 days, 5:17:40
Sampling (4 threads)   4%|█▍                            |  ETA: 1 days, 3:15:07
Sampling (4 threads)   5%|█▌                            |  ETA: 1 days, 0:23:54
Sampling (4 threads)   6%|█▋                            |  ETA: 23:13:43
Sampling (4 threads)   6%|█▊                            |  ETA: 21:10:49
Sampling (4 threads)   6%|██                            |  ETA: 19:26:49
Sampling (4 threads)   7%|██▏                           |  ETA: 18:39:59
Sampling (4 threads)   8%|██▎                           |  ETA: 17:19:41
Sampling (4 threads)   8%|██▍                           |  ETA: 16:37:23
Sampling (4 threads)   8%|██▌                           |  ETA: 15:33:37
Sampling (4 threads)   9%|██▊                           |  ETA: 14:36:56
Sampling (4 threads)  10%|██▉                           |  ETA: 14:02:59
Sampling (4 threads)  10%|███                           |  ETA: 13:16:25
Sampling (4 threads)  10%|███▏                          |  ETA: 12:45:48
Sampling (4 threads)  11%|███▎                          |  ETA: 12:06:55
Sampling (4 threads)  12%|███▌                          |  ETA: 11:43:10
Sampling (4 threads)  12%|███▋                          |  ETA: 11:10:03
Sampling (4 threads)  12%|███▊                          |  ETA: 10:56:28
Sampling (4 threads)  13%|███▉                          |  ETA: 10:27:37
Sampling (4 threads)  14%|████                          |  ETA: 10:14:55
Sampling (4 threads)  14%|████▎                         |  ETA: 9:49:31
Sampling (4 threads)  14%|████▍                         |  ETA: 9:25:53
Sampling (4 threads)  15%|████▌                         |  ETA: 9:03:49
Sampling (4 threads)  16%|████▋                         |  ETA: 8:59:03
Sampling (4 threads)  16%|████▊                         |  ETA: 8:39:07
Sampling (4 threads)  16%|█████                         |  ETA: 8:20:24
Sampling (4 threads)  17%|█████▏                        |  ETA: 8:15:26
Sampling (4 threads)  18%|█████▎                        |  ETA: 7:58:23
Sampling (4 threads)  18%|█████▍                        |  ETA: 7:42:16
Sampling (4 threads)  18%|█████▌                        |  ETA: 7:37:45
Sampling (4 threads)  19%|█████▊                        |  ETA: 7:22:59
Sampling (4 threads)  20%|█████▉                        |  ETA: 7:08:57
Sampling (4 threads)  20%|██████                        |  ETA: 7:01:49
Sampling (4 threads)  20%|██████▏                       |  ETA: 6:48:57
Sampling (4 threads)  21%|██████▎                       |  ETA: 6:41:53
Sampling (4 threads)  22%|██████▌                       |  ETA: 6:30:04
Sampling (4 threads)  22%|██████▋                       |  ETA: 6:26:20
Sampling (4 threads)  22%|██████▊                       |  ETA: 6:15:19
Sampling (4 threads)  23%|██████▉                       |  ETA: 6:04:48
Sampling (4 threads)  24%|███████                       |  ETA: 5:54:43
Sampling (4 threads)  24%|███████▎                      |  ETA: 5:51:41
Sampling (4 threads)  24%|███████▍                      |  ETA: 5:42:15
Sampling (4 threads)  25%|███████▌                      |  ETA: 5:38:38
Sampling (4 threads)  26%|███████▋                      |  ETA: 5:29:47
Sampling (4 threads)  26%|███████▊                      |  ETA: 5:25:41
Sampling (4 threads)  26%|████████                      |  ETA: 5:17:23
Sampling (4 threads)  27%|████████▏                     |  ETA: 5:12:57
Sampling (4 threads)  28%|████████▎                     |  ETA: 5:05:10
Sampling (4 threads)  28%|████████▍                     |  ETA: 5:01:40
Sampling (4 threads)  28%|████████▌                     |  ETA: 4:54:19
Sampling (4 threads)  29%|████████▊                     |  ETA: 4:54:07
Sampling (4 threads)  30%|████████▉                     |  ETA: 4:47:06
Sampling (4 threads)  30%|█████████                     |  ETA: 4:40:18
Sampling (4 threads)  30%|█████████▏                    |  ETA: 4:40:33
Sampling (4 threads)  31%|█████████▎                    |  ETA: 4:34:02
Sampling (4 threads)  32%|█████████▌                    |  ETA: 4:27:44
Sampling (4 threads)  32%|█████████▋                    |  ETA: 4:29:01
Sampling (4 threads)  32%|█████████▊                    |  ETA: 4:22:56
Sampling (4 threads)  33%|█████████▉                    |  ETA: 4:17:02
Sampling (4 threads)  34%|██████████                    |  ETA: 4:19:22
Sampling (4 threads)  34%|██████████▎                   |  ETA: 4:13:38
Sampling (4 threads)  34%|██████████▍                   |  ETA: 4:08:04
Sampling (4 threads)  35%|██████████▌                   |  ETA: 4:02:40
Sampling (4 threads)  36%|██████████▋                   |  ETA: 4:05:15
Sampling (4 threads)  36%|██████████▊                   |  ETA: 3:59:58
Sampling (4 threads)  36%|███████████                   |  ETA: 3:54:50
Sampling (4 threads)  37%|███████████▏                  |  ETA: 3:55:41
Sampling (4 threads)  38%|███████████▎                  |  ETA: 3:50:41
Sampling (4 threads)  38%|███████████▍                  |  ETA: 3:45:50
Sampling (4 threads)  38%|███████████▌                  |  ETA: 3:44:11
Sampling (4 threads)  39%|███████████▊                  |  ETA: 3:39:30
Sampling (4 threads)  40%|███████████▉                  |  ETA: 3:39:54
Sampling (4 threads)  40%|████████████                  |  ETA: 3:35:22
Sampling (4 threads)  40%|████████████▏                 |  ETA: 3:30:56
Sampling (4 threads)  41%|████████████▎                 |  ETA: 3:30:19
Sampling (4 threads)  42%|████████████▌                 |  ETA: 3:26:02
Sampling (4 threads)  42%|████████████▋                 |  ETA: 3:24:40
Sampling (4 threads)  42%|████████████▊                 |  ETA: 3:20:31
Sampling (4 threads)  43%|████████████▉                 |  ETA: 3:19:03
Sampling (4 threads)  44%|█████████████                 |  ETA: 3:15:02
Sampling (4 threads)  44%|█████████████▎                |  ETA: 3:13:19
Sampling (4 threads)  44%|█████████████▍                |  ETA: 3:09:26
Sampling (4 threads)  45%|█████████████▌                |  ETA: 3:09:57
Sampling (4 threads)  46%|█████████████▋                |  ETA: 3:06:10
Sampling (4 threads)  46%|█████████████▊                |  ETA: 3:02:27
Sampling (4 threads)  46%|██████████████                |  ETA: 2:58:49
Sampling (4 threads)  47%|██████████████▏               |  ETA: 2:57:46
Sampling (4 threads)  48%|██████████████▎               |  ETA: 2:54:14
Sampling (4 threads)  48%|██████████████▍               |  ETA: 2:53:12
Sampling (4 threads)  48%|██████████████▌               |  ETA: 2:49:46
Sampling (4 threads)  49%|██████████████▊               |  ETA: 2:48:39
Sampling (4 threads)  50%|██████████████▉               |  ETA: 2:45:19
Sampling (4 threads)  50%|███████████████               |  ETA: 2:43:37
Sampling (4 threads)  50%|███████████████▏              |  ETA: 2:40:22
Sampling (4 threads)  51%|███████████████▎              |  ETA: 2:40:56
Sampling (4 threads)  52%|███████████████▌              |  ETA: 2:37:45
Sampling (4 threads)  52%|███████████████▋              |  ETA: 2:34:37
Sampling (4 threads)  52%|███████████████▊              |  ETA: 2:34:47
Sampling (4 threads)  53%|███████████████▉              |  ETA: 2:31:42
Sampling (4 threads)  54%|████████████████              |  ETA: 2:28:41
Sampling (4 threads)  54%|████████████████▎             |  ETA: 2:28:57
Sampling (4 threads)  55%|████████████████▍             |  ETA: 2:25:59
Sampling (4 threads)  55%|████████████████▌             |  ETA: 2:23:04
Sampling (4 threads)  56%|████████████████▋             |  ETA: 2:23:15
Sampling (4 threads)  56%|████████████████▊             |  ETA: 2:20:22
Sampling (4 threads)  56%|█████████████████             |  ETA: 2:17:33
Sampling (4 threads)  57%|█████████████████▏            |  ETA: 2:14:47
Sampling (4 threads)  57%|█████████████████▎            |  ETA: 2:14:06
Sampling (4 threads)  58%|█████████████████▍            |  ETA: 2:11:22
Sampling (4 threads)  58%|█████████████████▌            |  ETA: 2:10:19
Sampling (4 threads)  59%|█████████████████▊            |  ETA: 2:07:39
Sampling (4 threads)  60%|█████████████████▉            |  ETA: 2:07:48
Sampling (4 threads)  60%|██████████████████            |  ETA: 2:05:10
Sampling (4 threads)  60%|██████████████████▏           |  ETA: 2:02:35
Sampling (4 threads)  61%|██████████████████▎           |  ETA: 2:02:43
Sampling (4 threads)  62%|██████████████████▌           |  ETA: 2:00:09
Sampling (4 threads)  62%|██████████████████▋           |  ETA: 1:57:38
Sampling (4 threads)  62%|██████████████████▊           |  ETA: 1:57:25
Sampling (4 threads)  63%|██████████████████▉           |  ETA: 1:54:56
Sampling (4 threads)  64%|███████████████████           |  ETA: 1:52:29
Sampling (4 threads)  64%|███████████████████▎          |  ETA: 1:52:21
Sampling (4 threads)  64%|███████████████████▍          |  ETA: 1:49:56
Sampling (4 threads)  65%|███████████████████▌          |  ETA: 1:47:33
Sampling (4 threads)  66%|███████████████████▋          |  ETA: 1:47:01
Sampling (4 threads)  66%|███████████████████▊          |  ETA: 1:44:40
Sampling (4 threads)  66%|████████████████████          |  ETA: 1:42:21
Sampling (4 threads)  67%|████████████████████▏         |  ETA: 1:41:52
Sampling (4 threads)  68%|████████████████████▎         |  ETA: 1:39:35
Sampling (4 threads)  68%|████████████████████▍         |  ETA: 1:37:20
Sampling (4 threads)  68%|████████████████████▌         |  ETA: 1:35:06
Sampling (4 threads)  69%|████████████████████▊         |  ETA: 1:34:03
Sampling (4 threads)  70%|████████████████████▉         |  ETA: 1:31:52
Sampling (4 threads)  70%|█████████████████████         |  ETA: 1:31:08
Sampling (4 threads)  70%|█████████████████████▏        |  ETA: 1:28:58
Sampling (4 threads)  71%|█████████████████████▎        |  ETA: 1:28:22
Sampling (4 threads)  72%|█████████████████████▌        |  ETA: 1:26:14
Sampling (4 threads)  72%|█████████████████████▋        |  ETA: 1:24:08
Sampling (4 threads)  72%|█████████████████████▊        |  ETA: 1:22:03
Sampling (4 threads)  73%|█████████████████████▉        |  ETA: 1:21:17
Sampling (4 threads)  74%|██████████████████████        |  ETA: 1:19:14
Sampling (4 threads)  74%|██████████████████████▎       |  ETA: 1:18:32
Sampling (4 threads)  74%|██████████████████████▍       |  ETA: 1:16:30
Sampling (4 threads)  75%|██████████████████████▌       |  ETA: 1:14:30
Sampling (4 threads)  76%|██████████████████████▋       |  ETA: 1:12:32
Sampling (4 threads)  76%|██████████████████████▊       |  ETA: 1:11:43
Sampling (4 threads)  76%|███████████████████████       |  ETA: 1:09:46
Sampling (4 threads)  77%|███████████████████████▏      |  ETA: 1:08:57
Sampling (4 threads)  78%|███████████████████████▎      |  ETA: 1:07:01
Sampling (4 threads)  78%|███████████████████████▍      |  ETA: 1:05:06
Sampling (4 threads)  78%|███████████████████████▌      |  ETA: 1:03:13
Sampling (4 threads)  79%|███████████████████████▊      |  ETA: 1:02:13
Sampling (4 threads)  80%|███████████████████████▉      |  ETA: 1:00:22
Sampling (4 threads)  80%|████████████████████████      |  ETA: 0:59:07
Sampling (4 threads)  80%|████████████████████████▏     |  ETA: 0:57:16
Sampling (4 threads)  81%|████████████████████████▎     |  ETA: 0:56:18
Sampling (4 threads)  82%|████████████████████████▌     |  ETA: 0:54:29
Sampling (4 threads)  82%|████████████████████████▋     |  ETA: 0:52:41
Sampling (4 threads)  82%|████████████████████████▊     |  ETA: 0:51:35
Sampling (4 threads)  83%|████████████████████████▉     |  ETA: 0:49:49
Sampling (4 threads)  84%|█████████████████████████     |  ETA: 0:48:03
Sampling (4 threads)  84%|█████████████████████████▎    |  ETA: 0:46:45
Sampling (4 threads)  84%|█████████████████████████▍    |  ETA: 0:45:01
Sampling (4 threads)  85%|█████████████████████████▌    |  ETA: 0:43:56
Sampling (4 threads)  86%|█████████████████████████▋    |  ETA: 0:42:13
Sampling (4 threads)  86%|█████████████████████████▊    |  ETA: 0:40:32
Sampling (4 threads)  86%|██████████████████████████    |  ETA: 0:38:51
Sampling (4 threads)  87%|██████████████████████████▏   |  ETA: 0:37:46
Sampling (4 threads)  88%|██████████████████████████▎   |  ETA: 0:36:07
Sampling (4 threads)  88%|██████████████████████████▍   |  ETA: 0:34:57
Sampling (4 threads)  88%|██████████████████████████▌   |  ETA: 0:33:19
Sampling (4 threads)  89%|██████████████████████████▊   |  ETA: 0:31:41
Sampling (4 threads)  90%|██████████████████████████▉   |  ETA: 0:30:04
Sampling (4 threads)  90%|███████████████████████████   |  ETA: 0:28:43
Sampling (4 threads)  90%|███████████████████████████▏  |  ETA: 0:27:20
Sampling (4 threads)  91%|███████████████████████████▎  |  ETA: 0:25:47
Sampling (4 threads)  92%|███████████████████████████▌  |  ETA: 0:24:26
Sampling (4 threads)  92%|███████████████████████████▋  |  ETA: 0:23:00
Sampling (4 threads)  92%|███████████████████████████▊  |  ETA: 0:21:31
Sampling (4 threads)  93%|███████████████████████████▉  |  ETA: 0:20:04
Sampling (4 threads)  94%|████████████████████████████  |  ETA: 0:18:40
Sampling (4 threads)  94%|████████████████████████████▎ |  ETA: 0:17:10
Sampling (4 threads)  94%|████████████████████████████▍ |  ETA: 0:15:46
Sampling (4 threads)  95%|████████████████████████████▌ |  ETA: 0:14:22
Sampling (4 threads)  96%|████████████████████████████▋ |  ETA: 0:12:52
Sampling (4 threads)  96%|████████████████████████████▊ |  ETA: 0:11:28
Sampling (4 threads)  96%|█████████████████████████████ |  ETA: 0:10:02
Sampling (4 threads)  97%|█████████████████████████████▏|  ETA: 0:08:36
Sampling (4 threads)  98%|█████████████████████████████▎|  ETA: 0:07:10
Sampling (4 threads)  98%|█████████████████████████████▍|  ETA: 0:05:44
Sampling (4 threads)  98%|█████████████████████████████▌|  ETA: 0:04:18
Sampling (4 threads)  99%|█████████████████████████████▊|  ETA: 0:02:53
Sampling (4 threads) 100%|█████████████████████████████▉|  ETA: 0:01:27
Sampling (4 threads) 100%|██████████████████████████████| Time: 4:51:49
Sampling (4 threads) 100%|██████████████████████████████| Time: 4:51:51
Precompiling project...
    DistributionsADReverseDiffExt Being precompiled by another process (pid: 1568880, pidfile: /user/home/em18564/.julia/compiled/v1.10/DistributionsADReverseDiffExt/hY00X_4RpdW.ji.pidfile)
  ✗ DistributionsAD → DistributionsADReverseDiffExt
  0 dependencies successfully precompiled in 18 seconds. 549 already precompiled.
Sampling (4 threads)   0%|                              |  ETA: N/A
┌ Info: Found initial step size
└   ϵ = 0.0001953125
┌ Info: Found initial step size
└   ϵ = 0.003125
┌ Info: Found initial step size
└   ϵ = 0.00078125
┌ Info: Found initial step size
└   ϵ = 0.003125
Sampling (4 threads)   0%|▏                             |  ETA: 7 days, 21:54:01
Sampling (4 threads)   1%|▎                             |  ETA: 3 days, 22:28:28
Sampling (4 threads)   2%|▌                             |  ETA: 4 days, 12:28:18
Sampling (4 threads)   2%|▋                             |  ETA: 3 days, 8:56:27
Sampling (4 threads)   2%|▊                             |  ETA: 2 days, 16:25:20
Sampling (4 threads)   3%|▉                             |  ETA: 2 days, 13:25:24
Sampling (4 threads)   4%|█                             |  ETA: 2 days, 4:22:38
Sampling (4 threads)   4%|█▎                            |  ETA: 1 days, 22:57:09
Sampling (4 threads)   4%|█▍                            |  ETA: 1 days, 17:31:05
Sampling (4 threads)   5%|█▌                            |  ETA: 1 days, 14:32:18
Sampling (4 threads)   6%|█▋                            |  ETA: 1 days, 10:51:02
Sampling (4 threads)   6%|█▊                            |  ETA: 1 days, 7:46:38
Sampling (4 threads)   6%|██                            |  ETA: 1 days, 6:12:32
Sampling (4 threads)   7%|██▏                           |  ETA: 1 days, 3:54:04
Sampling (4 threads)   8%|██▎                           |  ETA: 1 days, 2:30:20
Sampling (4 threads)   8%|██▍                           |  ETA: 1 days, 0:42:53
Sampling (4 threads)   8%|██▌                           |  ETA: 23:35:41
Sampling (4 threads)   9%|██▊                           |  ETA: 22:09:43
Sampling (4 threads)  10%|██▉                           |  ETA: 21:19:28
Sampling (4 threads)  10%|███                           |  ETA: 20:08:47
Sampling (4 threads)  10%|███▏                          |  ETA: 19:04:50
Sampling (4 threads)  11%|███▎                          |  ETA: 18:06:41
Sampling (4 threads)  12%|███▌                          |  ETA: 17:31:12
Sampling (4 threads)  12%|███▋                          |  ETA: 16:41:43
Sampling (4 threads)  12%|███▊                          |  ETA: 16:23:09
Sampling (4 threads)  13%|███▉                          |  ETA: 15:39:56
Sampling (4 threads)  14%|████                          |  ETA: 14:59:55
Sampling (4 threads)  14%|████▎                         |  ETA: 14:47:11
Sampling (4 threads)  14%|████▍                         |  ETA: 14:11:36
Sampling (4 threads)  15%|████▌                         |  ETA: 13:38:24
Sampling (4 threads)  16%|████▋                         |  ETA: 13:07:21
Sampling (4 threads)  16%|████▊                         |  ETA: 12:49:45
Sampling (4 threads)  16%|█████                         |  ETA: 12:21:59
Sampling (4 threads)  17%|█████▏                        |  ETA: 12:12:09
Sampling (4 threads)  18%|█████▎                        |  ETA: 11:46:56
Sampling (4 threads)  18%|█████▍                        |  ETA: 11:23:08
Sampling (4 threads)  18%|█████▌                        |  ETA: 11:15:50
Sampling (4 threads)  19%|█████▊                        |  ETA: 10:54:00
Sampling (4 threads)  20%|█████▉                        |  ETA: 10:33:18
Sampling (4 threads)  20%|██████                        |  ETA: 10:25:44
Sampling (4 threads)  20%|██████▏                       |  ETA: 10:06:40
Sampling (4 threads)  21%|██████▎                       |  ETA: 9:48:30
Sampling (4 threads)  22%|██████▌                       |  ETA: 9:44:25
Sampling (4 threads)  22%|██████▋                       |  ETA: 9:27:29
Sampling (4 threads)  22%|██████▊                       |  ETA: 9:11:19
Sampling (4 threads)  23%|██████▉                       |  ETA: 8:55:52
Sampling (4 threads)  24%|███████                       |  ETA: 8:53:08
Sampling (4 threads)  24%|███████▎                      |  ETA: 8:38:37
Sampling (4 threads)  24%|███████▍                      |  ETA: 8:24:42
Sampling (4 threads)  25%|███████▌                      |  ETA: 8:21:54
Sampling (4 threads)  26%|███████▋                      |  ETA: 8:08:47
Sampling (4 threads)  26%|███████▊                      |  ETA: 7:56:10
Sampling (4 threads)  26%|████████                      |  ETA: 7:44:02
Sampling (4 threads)  27%|████████▏                     |  ETA: 7:38:15
Sampling (4 threads)  28%|████████▎                     |  ETA: 7:26:51
Sampling (4 threads)  28%|████████▍                     |  ETA: 7:24:41
Sampling (4 threads)  28%|████████▌                     |  ETA: 7:13:51
Sampling (4 threads)  29%|████████▊                     |  ETA: 7:03:23
Sampling (4 threads)  30%|████████▉                     |  ETA: 7:01:52
Sampling (4 threads)  30%|█████████                     |  ETA: 6:51:54
Sampling (4 threads)  30%|█████████▏                    |  ETA: 6:42:15
Sampling (4 threads)  31%|█████████▎                    |  ETA: 6:41:43
Sampling (4 threads)  32%|█████████▌                    |  ETA: 6:32:29
Sampling (4 threads)  32%|█████████▋                    |  ETA: 6:23:31
Sampling (4 threads)  32%|█████████▊                    |  ETA: 6:14:51
Sampling (4 threads)  33%|█████████▉                    |  ETA: 6:16:23
Sampling (4 threads)  34%|██████████                    |  ETA: 6:08:00
Sampling (4 threads)  34%|██████████▎                   |  ETA: 5:59:51
Sampling (4 threads)  34%|██████████▍                   |  ETA: 6:00:39
Sampling (4 threads)  35%|██████████▌                   |  ETA: 5:52:47
Sampling (4 threads)  36%|██████████▋                   |  ETA: 5:45:09
Sampling (4 threads)  36%|██████████▊                   |  ETA: 5:42:13
Sampling (4 threads)  36%|███████████                   |  ETA: 5:34:53
Sampling (4 threads)  37%|███████████▏                  |  ETA: 5:31:44
Sampling (4 threads)  38%|███████████▎                  |  ETA: 5:24:43
Sampling (4 threads)  38%|███████████▍                  |  ETA: 5:22:40
Sampling (4 threads)  38%|███████████▌                  |  ETA: 5:15:55
Sampling (4 threads)  39%|███████████▊                  |  ETA: 5:09:19
Sampling (4 threads)  40%|███████████▉                  |  ETA: 5:09:42
Sampling (4 threads)  40%|████████████                  |  ETA: 5:03:18
Sampling (4 threads)  40%|████████████▏                 |  ETA: 4:57:04
Sampling (4 threads)  41%|████████████▎                 |  ETA: 4:50:58
Sampling (4 threads)  42%|████████████▌                 |  ETA: 4:51:10
Sampling (4 threads)  42%|████████████▋                 |  ETA: 4:45:14
Sampling (4 threads)  42%|████████████▊                 |  ETA: 4:39:27
Sampling (4 threads)  43%|████████████▉                 |  ETA: 4:40:07
Sampling (4 threads)  44%|█████████████                 |  ETA: 4:34:28
Sampling (4 threads)  44%|█████████████▎                |  ETA: 4:28:57
Sampling (4 threads)  44%|█████████████▍                |  ETA: 4:23:33
Sampling (4 threads)  45%|█████████████▌                |  ETA: 4:23:22
Sampling (4 threads)  46%|█████████████▋                |  ETA: 4:18:06
Sampling (4 threads)  46%|█████████████▊                |  ETA: 4:12:58
Sampling (4 threads)  46%|██████████████                |  ETA: 4:11:06
Sampling (4 threads)  47%|██████████████▏               |  ETA: 4:06:07
Sampling (4 threads)  48%|██████████████▎               |  ETA: 4:05:47
Sampling (4 threads)  48%|██████████████▍               |  ETA: 4:00:54
Sampling (4 threads)  48%|██████████████▌               |  ETA: 3:56:07
Sampling (4 threads)  49%|██████████████▊               |  ETA: 3:51:27
Sampling (4 threads)  50%|██████████████▉               |  ETA: 3:51:04
Sampling (4 threads)  50%|███████████████               |  ETA: 3:46:29
Sampling (4 threads)  50%|███████████████▏              |  ETA: 3:42:00
Sampling (4 threads)  51%|███████████████▎              |  ETA: 3:40:13
Sampling (4 threads)  52%|███████████████▌              |  ETA: 3:35:52
Sampling (4 threads)  52%|███████████████▋              |  ETA: 3:33:53
Sampling (4 threads)  52%|███████████████▊              |  ETA: 3:29:39
Sampling (4 threads)  53%|███████████████▉              |  ETA: 3:27:46
Sampling (4 threads)  54%|████████████████              |  ETA: 3:23:38
Sampling (4 threads)  54%|████████████████▎             |  ETA: 3:22:55
Sampling (4 threads)  55%|████████████████▍             |  ETA: 3:18:52
Sampling (4 threads)  55%|████████████████▌             |  ETA: 3:14:54
Sampling (4 threads)  56%|████████████████▋             |  ETA: 3:10:59
Sampling (4 threads)  56%|████████████████▊             |  ETA: 3:09:03
Sampling (4 threads)  56%|█████████████████             |  ETA: 3:05:15
Sampling (4 threads)  57%|█████████████████▏            |  ETA: 3:03:11
Sampling (4 threads)  57%|█████████████████▎            |  ETA: 2:59:29
Sampling (4 threads)  58%|█████████████████▍            |  ETA: 2:57:33
Sampling (4 threads)  58%|█████████████████▌            |  ETA: 2:53:56
Sampling (4 threads)  59%|█████████████████▊            |  ETA: 2:51:57
Sampling (4 threads)  60%|█████████████████▉            |  ETA: 2:48:26
Sampling (4 threads)  60%|██████████████████            |  ETA: 2:46:32
Sampling (4 threads)  60%|██████████████████▏           |  ETA: 2:43:06
Sampling (4 threads)  61%|██████████████████▎           |  ETA: 2:41:11
Sampling (4 threads)  62%|██████████████████▌           |  ETA: 2:37:49
Sampling (4 threads)  62%|██████████████████▋           |  ETA: 2:36:49
Sampling (4 threads)  62%|██████████████████▊           |  ETA: 2:33:31
Sampling (4 threads)  63%|██████████████████▉           |  ETA: 2:30:16
Sampling (4 threads)  64%|███████████████████           |  ETA: 2:27:04
Sampling (4 threads)  64%|███████████████████▎          |  ETA: 2:25:18
Sampling (4 threads)  64%|███████████████████▍          |  ETA: 2:22:11
Sampling (4 threads)  65%|███████████████████▌          |  ETA: 2:20:25
Sampling (4 threads)  66%|███████████████████▋          |  ETA: 2:17:21
Sampling (4 threads)  66%|███████████████████▊          |  ETA: 2:15:31
Sampling (4 threads)  66%|████████████████████          |  ETA: 2:12:32
Sampling (4 threads)  67%|████████████████████▏         |  ETA: 2:10:44
Sampling (4 threads)  68%|████████████████████▎         |  ETA: 2:07:48
Sampling (4 threads)  68%|████████████████████▍         |  ETA: 2:05:53
Sampling (4 threads)  68%|████████████████████▌         |  ETA: 2:03:00
Sampling (4 threads)  69%|████████████████████▊         |  ETA: 2:01:03
Sampling (4 threads)  70%|████████████████████▉         |  ETA: 1:58:14
Sampling (4 threads)  70%|█████████████████████         |  ETA: 1:57:08
Sampling (4 threads)  70%|█████████████████████▏        |  ETA: 1:54:22
Sampling (4 threads)  71%|█████████████████████▎        |  ETA: 1:51:38
Sampling (4 threads)  72%|█████████████████████▌        |  ETA: 1:48:56
Sampling (4 threads)  72%|█████████████████████▋        |  ETA: 1:47:44
Sampling (4 threads)  72%|█████████████████████▊        |  ETA: 1:45:05
Sampling (4 threads)  73%|█████████████████████▉        |  ETA: 1:42:28
Sampling (4 threads)  74%|██████████████████████        |  ETA: 1:40:56
Sampling (4 threads)  74%|██████████████████████▎       |  ETA: 1:38:21
Sampling (4 threads)  74%|██████████████████████▍       |  ETA: 1:36:35
Sampling (4 threads)  75%|██████████████████████▌       |  ETA: 1:34:03
Sampling (4 threads)  76%|██████████████████████▋       |  ETA: 1:31:34
Sampling (4 threads)  76%|██████████████████████▊       |  ETA: 1:29:46
Sampling (4 threads)  76%|███████████████████████       |  ETA: 1:27:19
Sampling (4 threads)  77%|███████████████████████▏      |  ETA: 1:25:57
Sampling (4 threads)  78%|███████████████████████▎      |  ETA: 1:23:33
Sampling (4 threads)  78%|███████████████████████▍      |  ETA: 1:21:10
Sampling (4 threads)  78%|███████████████████████▌      |  ETA: 1:19:26
Sampling (4 threads)  79%|███████████████████████▊      |  ETA: 1:17:06
Sampling (4 threads)  80%|███████████████████████▉      |  ETA: 1:15:19
Sampling (4 threads)  80%|████████████████████████      |  ETA: 1:13:01
Sampling (4 threads)  80%|████████████████████████▏     |  ETA: 1:11:16
Sampling (4 threads)  81%|████████████████████████▎     |  ETA: 1:09:01
Sampling (4 threads)  82%|████████████████████████▌     |  ETA: 1:07:13
Sampling (4 threads)  82%|████████████████████████▋     |  ETA: 1:05:00
Sampling (4 threads)  82%|████████████████████████▊     |  ETA: 1:02:49
Sampling (4 threads)  83%|████████████████████████▉     |  ETA: 1:01:05
Sampling (4 threads)  84%|█████████████████████████     |  ETA: 0:58:56
Sampling (4 threads)  84%|█████████████████████████▎    |  ETA: 0:57:12
Sampling (4 threads)  84%|█████████████████████████▍    |  ETA: 0:55:05
Sampling (4 threads)  85%|█████████████████████████▌    |  ETA: 0:53:19
Sampling (4 threads)  86%|█████████████████████████▋    |  ETA: 0:51:14
Sampling (4 threads)  86%|█████████████████████████▊    |  ETA: 0:49:32
Sampling (4 threads)  86%|██████████████████████████    |  ETA: 0:47:29
Sampling (4 threads)  87%|██████████████████████████▏   |  ETA: 0:45:47
Sampling (4 threads)  88%|██████████████████████████▎   |  ETA: 0:43:47
Sampling (4 threads)  88%|██████████████████████████▍   |  ETA: 0:42:05
Sampling (4 threads)  88%|██████████████████████████▌   |  ETA: 0:40:07
Sampling (4 threads)  89%|██████████████████████████▊   |  ETA: 0:38:22
Sampling (4 threads)  90%|██████████████████████████▉   |  ETA: 0:36:25
Sampling (4 threads)  90%|███████████████████████████   |  ETA: 0:34:41
Sampling (4 threads)  90%|███████████████████████████▏  |  ETA: 0:32:46
Sampling (4 threads)  91%|███████████████████████████▎  |  ETA: 0:31:04
Sampling (4 threads)  92%|███████████████████████████▌  |  ETA: 0:29:11
Sampling (4 threads)  92%|███████████████████████████▋  |  ETA: 0:27:19
Sampling (4 threads)  92%|███████████████████████████▊  |  ETA: 0:25:44
Sampling (4 threads)  93%|███████████████████████████▉  |  ETA: 0:23:54
Sampling (4 threads)  94%|████████████████████████████  |  ETA: 0:22:04
Sampling (4 threads)  94%|████████████████████████████▎ |  ETA: 0:20:22
Sampling (4 threads)  94%|████████████████████████████▍ |  ETA: 0:18:34
Sampling (4 threads)  95%|████████████████████████████▌ |  ETA: 0:16:53
Sampling (4 threads)  96%|████████████████████████████▋ |  ETA: 0:15:10
Sampling (4 threads)  96%|████████████████████████████▊ |  ETA: 0:13:28
Sampling (4 threads)  96%|█████████████████████████████ |  ETA: 0:11:46
Sampling (4 threads)  97%|█████████████████████████████▏|  ETA: 0:10:05
Sampling (4 threads)  98%|█████████████████████████████▎|  ETA: 0:08:24
Sampling (4 threads)  98%|█████████████████████████████▍|  ETA: 0:06:42
Sampling (4 threads)  98%|█████████████████████████████▌|  ETA: 0:05:01
Sampling (4 threads)  99%|█████████████████████████████▊|  ETA: 0:03:21
Sampling (4 threads) 100%|█████████████████████████████▉|  ETA: 0:01:40
Sampling (4 threads) 100%|██████████████████████████████| Time: 5:33:42
Sampling (4 threads) 100%|██████████████████████████████| Time: 5:33:43
Sampling (4 threads)   0%|                              |  ETA: N/A
┌ Info: Found initial step size
└   ϵ = 0.0015625
┌ Info: Found initial step size
└   ϵ = 0.000390625
┌ Info: Found initial step size
└   ϵ = 0.00625
┌ Info: Found initial step size
└   ϵ = 0.00625
Sampling (4 threads)   0%|▏                             |  ETA: 8 days, 0:00:45
Sampling (4 threads)   1%|▎                             |  ETA: 3 days, 23:31:31
Sampling (4 threads)   2%|▌                             |  ETA: 2 days, 15:21:43
Sampling (4 threads)   2%|▋                             |  ETA: 3 days, 22:14:18
Sampling (4 threads)   2%|▊                             |  ETA: 3 days, 3:00:21
Sampling (4 threads)   3%|▉                             |  ETA: 2 days, 14:11:04
Sampling (4 threads)   4%|█                             |  ETA: 2 days, 7:59:52
Sampling (4 threads)   4%|█▎                            |  ETA: 2 days, 0:44:39
Sampling (4 threads)   4%|█▍                            |  ETA: 1 days, 19:06:09
Sampling (4 threads)   5%|█▌                            |  ETA: 1 days, 16:21:21
Sampling (4 threads)   6%|█▋                            |  ETA: 1 days, 12:29:39
Sampling (4 threads)   6%|█▊                            |  ETA: 1 days, 10:43:44
Sampling (4 threads)   6%|██                            |  ETA: 1 days, 7:53:13
Sampling (4 threads)   7%|██▏                           |  ETA: 1 days, 5:27:04
Sampling (4 threads)   8%|██▎                           |  ETA: 1 days, 4:08:41
Sampling (4 threads)   8%|██▍                           |  ETA: 1 days, 2:14:35
Sampling (4 threads)   8%|██▌                           |  ETA: 1 days, 0:33:55
Sampling (4 threads)   9%|██▊                           |  ETA: 23:42:07
Sampling (4 threads)  10%|██▉                           |  ETA: 22:19:52
Sampling (4 threads)  10%|███                           |  ETA: 21:36:24
Sampling (4 threads)  10%|███▏                          |  ETA: 20:27:49
Sampling (4 threads)  11%|███▎                          |  ETA: 19:25:27
Sampling (4 threads)  12%|███▌                          |  ETA: 18:28:31
Sampling (4 threads)  12%|███▋                          |  ETA: 18:00:15
Sampling (4 threads)  12%|███▊                          |  ETA: 17:11:09
Sampling (4 threads)  13%|███▉                          |  ETA: 16:25:50
Sampling (4 threads)  14%|████                          |  ETA: 16:04:56
Sampling (4 threads)  14%|████▎                         |  ETA: 15:25:06
Sampling (4 threads)  14%|████▍                         |  ETA: 14:48:00
Sampling (4 threads)  15%|████▌                         |  ETA: 14:29:57
Sampling (4 threads)  16%|████▋                         |  ETA: 13:56:56
Sampling (4 threads)  16%|████▊                         |  ETA: 13:25:59
Sampling (4 threads)  16%|█████                         |  ETA: 13:11:12
Sampling (4 threads)  17%|█████▏                        |  ETA: 12:43:19
Sampling (4 threads)  18%|█████▎                        |  ETA: 12:17:03
Sampling (4 threads)  18%|█████▍                        |  ETA: 12:05:34
Sampling (4 threads)  18%|█████▌                        |  ETA: 11:41:39
Sampling (4 threads)  19%|█████▊                        |  ETA: 11:18:59
Sampling (4 threads)  20%|█████▉                        |  ETA: 11:07:50
Sampling (4 threads)  20%|██████                        |  ETA: 10:47:05
Sampling (4 threads)  20%|██████▏                       |  ETA: 10:27:22
Sampling (4 threads)  21%|██████▎                       |  ETA: 10:18:15
Sampling (4 threads)  22%|██████▌                       |  ETA: 10:00:03
Sampling (4 threads)  22%|██████▋                       |  ETA: 9:42:40
Sampling (4 threads)  22%|██████▊                       |  ETA: 9:35:20
Sampling (4 threads)  23%|██████▉                       |  ETA: 9:19:12
Sampling (4 threads)  24%|███████                       |  ETA: 9:03:44
Sampling (4 threads)  24%|███████▎                      |  ETA: 8:48:56
Sampling (4 threads)  24%|███████▍                      |  ETA: 8:45:56
Sampling (4 threads)  25%|███████▌                      |  ETA: 8:32:00
Sampling (4 threads)  26%|███████▋                      |  ETA: 8:18:37
Sampling (4 threads)  26%|███████▊                      |  ETA: 8:11:47
Sampling (4 threads)  26%|████████                      |  ETA: 7:59:15
Sampling (4 threads)  27%|████████▏                     |  ETA: 7:54:50
Sampling (4 threads)  28%|████████▎                     |  ETA: 7:43:00
Sampling (4 threads)  28%|████████▍                     |  ETA: 7:31:36
Sampling (4 threads)  28%|████████▌                     |  ETA: 7:26:58
Sampling (4 threads)  29%|████████▊                     |  ETA: 7:16:11
Sampling (4 threads)  30%|████████▉                     |  ETA: 7:05:47
Sampling (4 threads)  30%|█████████                     |  ETA: 6:59:57
Sampling (4 threads)  30%|█████████▏                    |  ETA: 6:50:07
Sampling (4 threads)  31%|█████████▎                    |  ETA: 6:46:35
Sampling (4 threads)  32%|█████████▌                    |  ETA: 6:37:14
Sampling (4 threads)  32%|█████████▋                    |  ETA: 6:28:10
Sampling (4 threads)  32%|█████████▊                    |  ETA: 6:22:53
Sampling (4 threads)  33%|█████████▉                    |  ETA: 6:14:17
Sampling (4 threads)  34%|██████████                    |  ETA: 6:09:11
Sampling (4 threads)  34%|██████████▎                   |  ETA: 6:01:02
Sampling (4 threads)  34%|██████████▍                   |  ETA: 5:56:24
Sampling (4 threads)  35%|██████████▌                   |  ETA: 5:48:38
Sampling (4 threads)  36%|██████████▋                   |  ETA: 5:44:18
Sampling (4 threads)  36%|██████████▊                   |  ETA: 5:36:53
Sampling (4 threads)  36%|███████████                   |  ETA: 5:32:22
Sampling (4 threads)  37%|███████████▏                  |  ETA: 5:25:18
Sampling (4 threads)  38%|███████████▎                  |  ETA: 5:23:03
Sampling (4 threads)  38%|███████████▍                  |  ETA: 5:16:15
Sampling (4 threads)  38%|███████████▌                  |  ETA: 5:09:38
Sampling (4 threads)  39%|███████████▊                  |  ETA: 5:09:04
Sampling (4 threads)  40%|███████████▉                  |  ETA: 5:02:39
Sampling (4 threads)  40%|████████████                  |  ETA: 4:56:24
Sampling (4 threads)  40%|████████████▏                 |  ETA: 4:50:18
Sampling (4 threads)  41%|████████████▎                 |  ETA: 4:50:22
Sampling (4 threads)  42%|████████████▌                 |  ETA: 4:44:26
Sampling (4 threads)  42%|████████████▋                 |  ETA: 4:38:38
Sampling (4 threads)  42%|████████████▊                 |  ETA: 4:38:33
Sampling (4 threads)  43%|████████████▉                 |  ETA: 4:32:55
Sampling (4 threads)  44%|█████████████                 |  ETA: 4:27:25
Sampling (4 threads)  44%|█████████████▎                |  ETA: 4:22:02
Sampling (4 threads)  44%|█████████████▍                |  ETA: 4:21:59
Sampling (4 threads)  45%|█████████████▌                |  ETA: 4:16:44
Sampling (4 threads)  46%|█████████████▋                |  ETA: 4:11:37
Sampling (4 threads)  46%|█████████████▊                |  ETA: 4:11:26
Sampling (4 threads)  46%|██████████████                |  ETA: 4:06:25
Sampling (4 threads)  47%|██████████████▏               |  ETA: 4:01:31
Sampling (4 threads)  48%|██████████████▎               |  ETA: 4:00:41
Sampling (4 threads)  48%|██████████████▍               |  ETA: 3:55:54
Sampling (4 threads)  48%|██████████████▌               |  ETA: 3:51:13
Sampling (4 threads)  49%|██████████████▊               |  ETA: 3:46:39
Sampling (4 threads)  50%|██████████████▉               |  ETA: 3:45:20
Sampling (4 threads)  50%|███████████████               |  ETA: 3:40:53
Sampling (4 threads)  50%|███████████████▏              |  ETA: 3:39:22
Sampling (4 threads)  51%|███████████████▎              |  ETA: 3:35:01
Sampling (4 threads)  52%|███████████████▌              |  ETA: 3:30:46
Sampling (4 threads)  52%|███████████████▋              |  ETA: 3:29:22
Sampling (4 threads)  52%|███████████████▊              |  ETA: 3:25:13
Sampling (4 threads)  53%|███████████████▉              |  ETA: 3:21:09
Sampling (4 threads)  54%|████████████████              |  ETA: 3:20:08
Sampling (4 threads)  54%|████████████████▎             |  ETA: 3:16:09
Sampling (4 threads)  55%|████████████████▍             |  ETA: 3:12:14
Sampling (4 threads)  55%|████████████████▌             |  ETA: 3:11:24
Sampling (4 threads)  56%|████████████████▋             |  ETA: 3:07:34
Sampling (4 threads)  56%|████████████████▊             |  ETA: 3:03:48
Sampling (4 threads)  56%|█████████████████             |  ETA: 3:00:06
Sampling (4 threads)  57%|█████████████████▏            |  ETA: 2:58:49
Sampling (4 threads)  57%|█████████████████▎            |  ETA: 2:55:12
Sampling (4 threads)  58%|█████████████████▍            |  ETA: 2:53:40
Sampling (4 threads)  58%|█████████████████▌            |  ETA: 2:50:08
Sampling (4 threads)  59%|█████████████████▊            |  ETA: 2:46:40
Sampling (4 threads)  60%|█████████████████▉            |  ETA: 2:45:20
Sampling (4 threads)  60%|██████████████████            |  ETA: 2:41:56
Sampling (4 threads)  60%|██████████████████▏           |  ETA: 2:38:35
Sampling (4 threads)  61%|██████████████████▎           |  ETA: 2:35:18
Sampling (4 threads)  62%|██████████████████▌           |  ETA: 2:34:03
Sampling (4 threads)  62%|██████████████████▋           |  ETA: 2:30:49
Sampling (4 threads)  62%|██████████████████▊           |  ETA: 2:29:19
Sampling (4 threads)  63%|██████████████████▉           |  ETA: 2:26:10
Sampling (4 threads)  64%|███████████████████           |  ETA: 2:23:03
Sampling (4 threads)  64%|███████████████████▎          |  ETA: 2:21:05
Sampling (4 threads)  64%|███████████████████▍          |  ETA: 2:18:03
Sampling (4 threads)  65%|███████████████████▌          |  ETA: 2:16:59
Sampling (4 threads)  66%|███████████████████▋          |  ETA: 2:13:59
Sampling (4 threads)  66%|███████████████████▊          |  ETA: 2:11:03
Sampling (4 threads)  66%|████████████████████          |  ETA: 2:08:09
Sampling (4 threads)  67%|████████████████████▏         |  ETA: 2:07:04
Sampling (4 threads)  68%|████████████████████▎         |  ETA: 2:04:13
Sampling (4 threads)  68%|████████████████████▍         |  ETA: 2:01:25
Sampling (4 threads)  68%|████████████████████▌         |  ETA: 2:00:03
Sampling (4 threads)  69%|████████████████████▊         |  ETA: 1:57:18
Sampling (4 threads)  70%|████████████████████▉         |  ETA: 1:54:34
Sampling (4 threads)  70%|█████████████████████         |  ETA: 1:53:13
Sampling (4 threads)  70%|█████████████████████▏        |  ETA: 1:50:33
Sampling (4 threads)  71%|█████████████████████▎        |  ETA: 1:47:54
Sampling (4 threads)  72%|█████████████████████▌        |  ETA: 1:46:29
Sampling (4 threads)  72%|█████████████████████▋        |  ETA: 1:43:53
Sampling (4 threads)  72%|█████████████████████▊        |  ETA: 1:41:20
Sampling (4 threads)  73%|█████████████████████▉        |  ETA: 1:39:50
Sampling (4 threads)  74%|██████████████████████        |  ETA: 1:37:19
Sampling (4 threads)  74%|██████████████████████▎       |  ETA: 1:34:51
Sampling (4 threads)  74%|██████████████████████▍       |  ETA: 1:33:17
Sampling (4 threads)  75%|██████████████████████▌       |  ETA: 1:30:51
Sampling (4 threads)  76%|██████████████████████▋       |  ETA: 1:28:27
Sampling (4 threads)  76%|██████████████████████▊       |  ETA: 1:26:48
Sampling (4 threads)  76%|███████████████████████       |  ETA: 1:24:27
Sampling (4 threads)  77%|███████████████████████▏      |  ETA: 1:22:07
Sampling (4 threads)  78%|███████████████████████▎      |  ETA: 1:20:44
Sampling (4 threads)  78%|███████████████████████▍      |  ETA: 1:18:26
Sampling (4 threads)  78%|███████████████████████▌      |  ETA: 1:16:10
Sampling (4 threads)  79%|███████████████████████▊      |  ETA: 1:14:39
Sampling (4 threads)  80%|███████████████████████▉      |  ETA: 1:12:25
Sampling (4 threads)  80%|████████████████████████      |  ETA: 1:10:12
Sampling (4 threads)  80%|████████████████████████▏     |  ETA: 1:08:30
Sampling (4 threads)  81%|████████████████████████▎     |  ETA: 1:06:20
Sampling (4 threads)  82%|████████████████████████▌     |  ETA: 1:04:52
Sampling (4 threads)  82%|████████████████████████▋     |  ETA: 1:02:44
Sampling (4 threads)  82%|████████████████████████▊     |  ETA: 1:00:37
Sampling (4 threads)  83%|████████████████████████▉     |  ETA: 0:58:34
Sampling (4 threads)  84%|█████████████████████████     |  ETA: 0:56:48
Sampling (4 threads)  84%|█████████████████████████▎    |  ETA: 0:54:57
Sampling (4 threads)  84%|█████████████████████████▍    |  ETA: 0:53:10
Sampling (4 threads)  85%|█████████████████████████▌    |  ETA: 0:51:19
Sampling (4 threads)  86%|█████████████████████████▋    |  ETA: 0:49:33
Sampling (4 threads)  86%|█████████████████████████▊    |  ETA: 0:47:48
Sampling (4 threads)  86%|██████████████████████████    |  ETA: 0:46:03
Sampling (4 threads)  87%|██████████████████████████▏   |  ETA: 0:44:20
Sampling (4 threads)  88%|██████████████████████████▎   |  ETA: 0:42:37
Sampling (4 threads)  88%|██████████████████████████▍   |  ETA: 0:40:53
Sampling (4 threads)  88%|██████████████████████████▌   |  ETA: 0:39:10
Sampling (4 threads)  89%|██████████████████████████▊   |  ETA: 0:37:26
Sampling (4 threads)  90%|██████████████████████████▉   |  ETA: 0:35:44
Sampling (4 threads)  90%|███████████████████████████   |  ETA: 0:34:02
Sampling (4 threads)  90%|███████████████████████████▏  |  ETA: 0:32:20
Sampling (4 threads)  91%|███████████████████████████▎  |  ETA: 0:30:36
Sampling (4 threads)  92%|███████████████████████████▌  |  ETA: 0:28:52
Sampling (4 threads)  92%|███████████████████████████▋  |  ETA: 0:27:08
Sampling (4 threads)  92%|███████████████████████████▊  |  ETA: 0:25:26
Sampling (4 threads)  93%|███████████████████████████▉  |  ETA: 0:23:43
Sampling (4 threads)  94%|████████████████████████████  |  ETA: 0:21:59
Sampling (4 threads)  94%|████████████████████████████▎ |  ETA: 0:20:17
Sampling (4 threads)  94%|████████████████████████████▍ |  ETA: 0:18:35
Sampling (4 threads)  95%|████████████████████████████▌ |  ETA: 0:16:53
Sampling (4 threads)  96%|████████████████████████████▋ |  ETA: 0:15:10
Sampling (4 threads)  96%|████████████████████████████▊ |  ETA: 0:13:29
Sampling (4 threads)  96%|█████████████████████████████ |  ETA: 0:11:47
Sampling (4 threads)  97%|█████████████████████████████▏|  ETA: 0:10:05
Sampling (4 threads)  98%|█████████████████████████████▎|  ETA: 0:08:24
Sampling (4 threads)  98%|█████████████████████████████▍|  ETA: 0:06:45
Sampling (4 threads)  98%|█████████████████████████████▌|  ETA: 0:05:05
Sampling (4 threads)  99%|█████████████████████████████▊|  ETA: 0:03:24
Sampling (4 threads) 100%|█████████████████████████████▉|  ETA: 0:01:42
Sampling (4 threads) 100%|██████████████████████████████| Time: 5:41:04
Sampling (4 threads) 100%|██████████████████████████████| Time: 5:41:05
Precompiling project...
  ✗ DistributionsAD → DistributionsADReverseDiffExt
  0 dependencies successfully precompiled in 11 seconds. 549 already precompiled.
Sampling (4 threads)   0%|                              |  ETA: N/A
┌ Info: Found initial step size
└   ϵ = 0.00625
┌ Info: Found initial step size
└   ϵ = 0.0015625
┌ Info: Found initial step size
└   ϵ = 0.0015625
┌ Info: Found initial step size
└   ϵ = 0.0001953125
Sampling (4 threads)   0%|▏                             |  ETA: 7 days, 10:52:33
Sampling (4 threads)   1%|▎                             |  ETA: 3 days, 16:59:23
Sampling (4 threads)   2%|▌                             |  ETA: 2 days, 11:01:37
Sampling (4 threads)   2%|▋                             |  ETA: 3 days, 6:02:08
Sampling (4 threads)   2%|▊                             |  ETA: 2 days, 14:06:36
Sampling (4 threads)   3%|▉                             |  ETA: 2 days, 3:29:34
Sampling (4 threads)   4%|█                             |  ETA: 1 days, 22:27:04
Sampling (4 threads)   4%|█▎                            |  ETA: 1 days, 16:26:03
Sampling (4 threads)   4%|█▍                            |  ETA: 1 days, 14:03:16
Sampling (4 threads)   5%|█▌                            |  ETA: 1 days, 10:04:11
Sampling (4 threads)   6%|█▋                            |  ETA: 1 days, 6:48:34
Sampling (4 threads)   6%|█▊                            |  ETA: 1 days, 5:07:09
Sampling (4 threads)   6%|██                            |  ETA: 1 days, 2:44:11
Sampling (4 threads)   7%|██▏                           |  ETA: 1 days, 0:41:38
Sampling (4 threads)   8%|██▎                           |  ETA: 23:41:15
Sampling (4 threads)   8%|██▍                           |  ETA: 22:05:14
Sampling (4 threads)   8%|██▌                           |  ETA: 21:02:29
Sampling (4 threads)   9%|██▊                           |  ETA: 19:45:50
Sampling (4 threads)  10%|██▉                           |  ETA: 18:52:14
Sampling (4 threads)  10%|███                           |  ETA: 17:49:41
Sampling (4 threads)  10%|███▏                          |  ETA: 17:17:44
Sampling (4 threads)  11%|███▎                          |  ETA: 16:25:02
Sampling (4 threads)  12%|███▌                          |  ETA: 15:55:38
Sampling (4 threads)  12%|███▋                          |  ETA: 15:10:38
Sampling (4 threads)  12%|███▊                          |  ETA: 14:50:29
Sampling (4 threads)  13%|███▉                          |  ETA: 14:11:20
Sampling (4 threads)  14%|████                          |  ETA: 13:35:06
Sampling (4 threads)  14%|████▎                         |  ETA: 13:13:54
Sampling (4 threads)  14%|████▍                         |  ETA: 12:42:04
Sampling (4 threads)  15%|████▌                         |  ETA: 12:23:35
Sampling (4 threads)  16%|████▋                         |  ETA: 11:55:22
Sampling (4 threads)  16%|████▊                         |  ETA: 11:39:22
Sampling (4 threads)  16%|█████                         |  ETA: 11:14:08
Sampling (4 threads)  17%|█████▏                        |  ETA: 11:05:22
Sampling (4 threads)  18%|█████▎                        |  ETA: 10:42:28
Sampling (4 threads)  18%|█████▍                        |  ETA: 10:20:50
Sampling (4 threads)  18%|█████▌                        |  ETA: 10:00:22
Sampling (4 threads)  19%|█████▊                        |  ETA: 9:53:57
Sampling (4 threads)  20%|█████▉                        |  ETA: 9:35:09
Sampling (4 threads)  20%|██████                        |  ETA: 9:26:11
Sampling (4 threads)  20%|██████▏                       |  ETA: 9:08:55
Sampling (4 threads)  21%|██████▎                       |  ETA: 9:01:30
Sampling (4 threads)  22%|██████▌                       |  ETA: 8:45:34
Sampling (4 threads)  22%|██████▋                       |  ETA: 8:30:21
Sampling (4 threads)  22%|██████▊                       |  ETA: 8:27:12
Sampling (4 threads)  23%|██████▉                       |  ETA: 8:12:58
Sampling (4 threads)  24%|███████                       |  ETA: 7:59:21
Sampling (4 threads)  24%|███████▎                      |  ETA: 7:55:17
Sampling (4 threads)  24%|███████▍                      |  ETA: 7:42:31
Sampling (4 threads)  25%|███████▌                      |  ETA: 7:30:16
Sampling (4 threads)  26%|███████▋                      |  ETA: 7:23:56
Sampling (4 threads)  26%|███████▊                      |  ETA: 7:12:29
Sampling (4 threads)  26%|████████                      |  ETA: 7:01:27
Sampling (4 threads)  27%|████████▏                     |  ETA: 7:00:34
Sampling (4 threads)  28%|████████▎                     |  ETA: 6:50:05
Sampling (4 threads)  28%|████████▍                     |  ETA: 6:39:59
Sampling (4 threads)  28%|████████▌                     |  ETA: 6:38:58
Sampling (4 threads)  29%|████████▊                     |  ETA: 6:29:21
Sampling (4 threads)  30%|████████▉                     |  ETA: 6:20:03
Sampling (4 threads)  30%|█████████                     |  ETA: 6:14:47
Sampling (4 threads)  30%|█████████▏                    |  ETA: 6:06:01
Sampling (4 threads)  31%|█████████▎                    |  ETA: 6:02:17
Sampling (4 threads)  32%|█████████▌                    |  ETA: 5:53:57
Sampling (4 threads)  32%|█████████▋                    |  ETA: 5:49:42
Sampling (4 threads)  32%|█████████▊                    |  ETA: 5:41:48
Sampling (4 threads)  33%|█████████▉                    |  ETA: 5:38:15
Sampling (4 threads)  34%|██████████                    |  ETA: 5:30:43
Sampling (4 threads)  34%|██████████▎                   |  ETA: 5:23:24
Sampling (4 threads)  34%|██████████▍                   |  ETA: 5:19:25
Sampling (4 threads)  35%|██████████▌                   |  ETA: 5:12:27
Sampling (4 threads)  36%|██████████▋                   |  ETA: 5:09:46
Sampling (4 threads)  36%|██████████▊                   |  ETA: 5:03:06
Sampling (4 threads)  36%|███████████                   |  ETA: 5:00:21
Sampling (4 threads)  37%|███████████▏                  |  ETA: 4:53:58
Sampling (4 threads)  38%|███████████▎                  |  ETA: 4:47:44
Sampling (4 threads)  38%|███████████▍                  |  ETA: 4:44:56
Sampling (4 threads)  38%|███████████▌                  |  ETA: 4:38:58
Sampling (4 threads)  39%|███████████▊                  |  ETA: 4:33:09
Sampling (4 threads)  40%|███████████▉                  |  ETA: 4:32:32
Sampling (4 threads)  40%|████████████                  |  ETA: 4:26:54
Sampling (4 threads)  40%|████████████▏                 |  ETA: 4:21:24
Sampling (4 threads)  41%|████████████▎                 |  ETA: 4:20:07
Sampling (4 threads)  42%|████████████▌                 |  ETA: 4:14:48
Sampling (4 threads)  42%|████████████▋                 |  ETA: 4:09:37
Sampling (4 threads)  42%|████████████▊                 |  ETA: 4:08:40
Sampling (4 threads)  43%|████████████▉                 |  ETA: 4:03:39
Sampling (4 threads)  44%|█████████████                 |  ETA: 3:58:44
Sampling (4 threads)  44%|█████████████▎                |  ETA: 3:57:47
Sampling (4 threads)  44%|█████████████▍                |  ETA: 3:53:00
Sampling (4 threads)  45%|█████████████▌                |  ETA: 3:48:20
Sampling (4 threads)  46%|█████████████▋                |  ETA: 3:47:06
Sampling (4 threads)  46%|█████████████▊                |  ETA: 3:42:35
Sampling (4 threads)  46%|██████████████                |  ETA: 3:38:09
Sampling (4 threads)  47%|██████████████▏               |  ETA: 3:36:48
Sampling (4 threads)  48%|██████████████▎               |  ETA: 3:32:30
Sampling (4 threads)  48%|██████████████▍               |  ETA: 3:28:17
Sampling (4 threads)  48%|██████████████▌               |  ETA: 3:27:39
Sampling (4 threads)  49%|██████████████▊               |  ETA: 3:23:32
Sampling (4 threads)  50%|██████████████▉               |  ETA: 3:19:30
Sampling (4 threads)  50%|███████████████               |  ETA: 3:17:57
Sampling (4 threads)  50%|███████████████▏              |  ETA: 3:14:02
Sampling (4 threads)  51%|███████████████▎              |  ETA: 3:10:11
Sampling (4 threads)  52%|███████████████▌              |  ETA: 3:08:34
Sampling (4 threads)  52%|███████████████▋              |  ETA: 3:04:50
Sampling (4 threads)  52%|███████████████▊              |  ETA: 3:01:10
Sampling (4 threads)  53%|███████████████▉              |  ETA: 2:59:33
Sampling (4 threads)  54%|████████████████              |  ETA: 2:55:59
Sampling (4 threads)  54%|████████████████▎             |  ETA: 2:54:53
Sampling (4 threads)  55%|████████████████▍             |  ETA: 2:51:24
Sampling (4 threads)  55%|████████████████▌             |  ETA: 2:47:58
Sampling (4 threads)  56%|████████████████▋             |  ETA: 2:45:48
Sampling (4 threads)  56%|████████████████▊             |  ETA: 2:42:29
Sampling (4 threads)  56%|█████████████████             |  ETA: 2:40:49
Sampling (4 threads)  57%|█████████████████▏            |  ETA: 2:37:34
Sampling (4 threads)  57%|█████████████████▎            |  ETA: 2:34:23
Sampling (4 threads)  58%|█████████████████▍            |  ETA: 2:32:35
Sampling (4 threads)  58%|█████████████████▌            |  ETA: 2:29:29
Sampling (4 threads)  59%|█████████████████▊            |  ETA: 2:27:48
Sampling (4 threads)  60%|█████████████████▉            |  ETA: 2:24:47
Sampling (4 threads)  60%|██████████████████            |  ETA: 2:23:18
Sampling (4 threads)  60%|██████████████████▏           |  ETA: 2:20:21
Sampling (4 threads)  61%|██████████████████▎           |  ETA: 2:18:38
Sampling (4 threads)  62%|██████████████████▌           |  ETA: 2:15:45
Sampling (4 threads)  62%|██████████████████▋           |  ETA: 2:14:08
Sampling (4 threads)  62%|██████████████████▊           |  ETA: 2:11:19
Sampling (4 threads)  63%|██████████████████▉           |  ETA: 2:08:32
Sampling (4 threads)  64%|███████████████████           |  ETA: 2:07:37
Sampling (4 threads)  64%|███████████████████▎          |  ETA: 2:04:53
Sampling (4 threads)  64%|███████████████████▍          |  ETA: 2:02:12
Sampling (4 threads)  65%|███████████████████▌          |  ETA: 2:01:12
Sampling (4 threads)  66%|███████████████████▋          |  ETA: 1:58:34
Sampling (4 threads)  66%|███████████████████▊          |  ETA: 1:55:57
Sampling (4 threads)  66%|████████████████████          |  ETA: 1:53:24
Sampling (4 threads)  67%|████████████████████▏         |  ETA: 1:51:50
Sampling (4 threads)  68%|████████████████████▎         |  ETA: 1:49:20
Sampling (4 threads)  68%|████████████████████▍         |  ETA: 1:48:20
Sampling (4 threads)  68%|████████████████████▌         |  ETA: 1:45:52
Sampling (4 threads)  69%|████████████████████▊         |  ETA: 1:44:18
Sampling (4 threads)  70%|████████████████████▉         |  ETA: 1:41:53
Sampling (4 threads)  70%|█████████████████████         |  ETA: 1:39:29
Sampling (4 threads)  70%|█████████████████████▏        |  ETA: 1:37:54
Sampling (4 threads)  71%|█████████████████████▎        |  ETA: 1:35:34
Sampling (4 threads)  72%|█████████████████████▌        |  ETA: 1:34:34
Sampling (4 threads)  72%|█████████████████████▋        |  ETA: 1:32:16
Sampling (4 threads)  72%|█████████████████████▊        |  ETA: 1:30:00
Sampling (4 threads)  73%|█████████████████████▉        |  ETA: 1:27:45
Sampling (4 threads)  74%|██████████████████████        |  ETA: 1:26:46
Sampling (4 threads)  74%|██████████████████████▎       |  ETA: 1:24:33
Sampling (4 threads)  74%|██████████████████████▍       |  ETA: 1:22:22
Sampling (4 threads)  75%|██████████████████████▌       |  ETA: 1:21:18
Sampling (4 threads)  76%|██████████████████████▋       |  ETA: 1:19:08
Sampling (4 threads)  76%|██████████████████████▊       |  ETA: 1:17:01
Sampling (4 threads)  76%|███████████████████████       |  ETA: 1:15:50
Sampling (4 threads)  77%|███████████████████████▏      |  ETA: 1:13:44
Sampling (4 threads)  78%|███████████████████████▎      |  ETA: 1:11:40
Sampling (4 threads)  78%|███████████████████████▍      |  ETA: 1:10:29
Sampling (4 threads)  78%|███████████████████████▌      |  ETA: 1:08:27
Sampling (4 threads)  79%|███████████████████████▊      |  ETA: 1:06:26
Sampling (4 threads)  80%|███████████████████████▉      |  ETA: 1:04:27
Sampling (4 threads)  80%|████████████████████████      |  ETA: 1:03:15
Sampling (4 threads)  80%|████████████████████████▏     |  ETA: 1:01:17
Sampling (4 threads)  81%|████████████████████████▎     |  ETA: 0:59:48
Sampling (4 threads)  82%|████████████████████████▌     |  ETA: 0:57:52
Sampling (4 threads)  82%|████████████████████████▋     |  ETA: 0:55:57
Sampling (4 threads)  82%|████████████████████████▊     |  ETA: 0:54:26
Sampling (4 threads)  83%|████████████████████████▉     |  ETA: 0:52:34
Sampling (4 threads)  84%|█████████████████████████     |  ETA: 0:51:04
Sampling (4 threads)  84%|█████████████████████████▎    |  ETA: 0:49:14
Sampling (4 threads)  84%|█████████████████████████▍    |  ETA: 0:47:46
Sampling (4 threads)  85%|█████████████████████████▌    |  ETA: 0:45:57
Sampling (4 threads)  86%|█████████████████████████▋    |  ETA: 0:44:27
Sampling (4 threads)  86%|█████████████████████████▊    |  ETA: 0:42:40
Sampling (4 threads)  86%|██████████████████████████    |  ETA: 0:41:11
Sampling (4 threads)  87%|██████████████████████████▏   |  ETA: 0:39:26
Sampling (4 threads)  88%|██████████████████████████▎   |  ETA: 0:37:42
Sampling (4 threads)  88%|██████████████████████████▍   |  ETA: 0:36:07
Sampling (4 threads)  88%|██████████████████████████▌   |  ETA: 0:34:33
Sampling (4 threads)  89%|██████████████████████████▊   |  ETA: 0:32:56
Sampling (4 threads)  90%|██████████████████████████▉   |  ETA: 0:31:23
Sampling (4 threads)  90%|███████████████████████████   |  ETA: 0:29:52
Sampling (4 threads)  90%|███████████████████████████▏  |  ETA: 0:28:23
Sampling (4 threads)  91%|███████████████████████████▎  |  ETA: 0:26:55
Sampling (4 threads)  92%|███████████████████████████▌  |  ETA: 0:25:26
Sampling (4 threads)  92%|███████████████████████████▋  |  ETA: 0:23:57
Sampling (4 threads)  92%|███████████████████████████▊  |  ETA: 0:22:27
Sampling (4 threads)  93%|███████████████████████████▉  |  ETA: 0:20:58
Sampling (4 threads)  94%|████████████████████████████  |  ETA: 0:19:29
Sampling (4 threads)  94%|████████████████████████████▎ |  ETA: 0:17:59
Sampling (4 threads)  94%|████████████████████████████▍ |  ETA: 0:16:30
Sampling (4 threads)  95%|████████████████████████████▌ |  ETA: 0:15:01
Sampling (4 threads)  96%|████████████████████████████▋ |  ETA: 0:13:31
Sampling (4 threads)  96%|████████████████████████████▊ |  ETA: 0:12:01
Sampling (4 threads)  96%|█████████████████████████████ |  ETA: 0:10:31
Sampling (4 threads)  97%|█████████████████████████████▏|  ETA: 0:09:01
Sampling (4 threads)  98%|█████████████████████████████▎|  ETA: 0:07:33
Sampling (4 threads)  98%|█████████████████████████████▍|  ETA: 0:06:03
Sampling (4 threads)  98%|█████████████████████████████▌|  ETA: 0:04:34
Sampling (4 threads)  99%|█████████████████████████████▊|  ETA: 0:03:03
Sampling (4 threads) 100%|█████████████████████████████▉|  ETA: 0:01:32
Sampling (4 threads) 100%|██████████████████████████████| Time: 5:06:31
Sampling (4 threads) 100%|██████████████████████████████| Time: 5:06:33
ERROR: LoadError: MethodError: no method matching plotGraphs(::String, ::Vector{String}, ::Vector{RGB{Float64}}, ::Int64)

Closest candidates are:
  plotGraphs(::Any, ::Any, ::Any, ::Any, !Matched::Any)
   @ Main ~/bayesian/BC4/Bayes/wordType_experiments/plottingFuncs.jl:261

Stacktrace:
 [1] concludeAndPlot(m::Chains{Float64, AxisArray{Float64, 3, Array{Float64, 3}, Tuple{Axis{:iter, StepRange{Int64, Int64}}, Axis{:var, Vector{Symbol}}, Axis{:chain, UnitRange{Int64}}}}, Missing, @NamedTuple{parameters::Vector{Symbol}, internals::Vector{Symbol}}, @NamedTuple{varname_to_symbol::OrderedDict{AbstractPPL.VarName, Symbol}, start_time::Vector{Float64}, stop_time::Vector{Float64}, samplerstate::Vector{Nothing}}}, output_loc::String, pc::Int64, wordTypes::Vector{String}, cols::Vector{RGB{Float64}}, noPCS::Int64)
   @ Main ~/bayesian/BC4/Bayes/wordType_experiments/plottingFuncs.jl:21
 [2] runModel(model::DynamicPPL.Model{typeof(model_exp), (:participant, :word, :surprisal, :tags, :PCA, :ExpMean, :cauchyMean, :NUM_TYPES, :NUM_PARTICIPANTS), (), (), Tuple{Vector{Int64}, Vector{Float64}, Vector{Float64}, Vector{Int64}, Vector{Float64}, Float64, Float64, Int64, Int64}, Tuple{}, DynamicPPL.DefaultContext}, df_modified::DataFrame, dfPCA::DataFrame, pc::Int64, NUM_PARTICIPANTS::Int64, NUM_WORDS::Int64, TYPE_STRUCTURE::String, NUM_TYPES::Int64, wordTypes::Vector{String}, cols::Vector{RGB{Float64}}, isPlotting::Int64, analyseEssRhat::Int64, output_loc::String, expMean::Float64, cauchyMean::Float64, noPCS::Int64, noInChain::Int64)
   @ Main ~/bayesian/BC4/Bayes/wordType_experiments/model_master.jl:140
 [3] top-level scope
   @ ~/bayesian/BC4/Bayes/wordType_experiments/models/__1/model.jl:15
in expression starting at /user/home/em18564/bayesian/BC4/Bayes/wordType_experiments/models/__1/model.jl:15
Precompiling project...
    DistributionsADReverseDiffExt Being precompiled by another machine (hostname: bp1-compute067, pid: 3725456, pidfile: /user/home/em18564/.julia/compiled/v1.10/DistributionsADReverseDiffExt/hY00X_4RpdW.ji.pidfile)
  ✗ DistributionsAD → DistributionsADReverseDiffExt
  0 dependencies successfully precompiled in 32 seconds. 549 already precompiled.
┌ Warning: Runtime invalidation was disabled, but the CPU info is out-of-date.
│ Will continue with incorrect CPU name (from build time).
└ @ HostCPUFeatures ~/.julia/packages/HostCPUFeatures/ZTXz4/src/cpu_info.jl:71
┌ Warning: Runtime invalidation was disabled, but the CPU info is out-of-date.
│ Will continue with incorrect CPU feature flag: +avx512vnni.
└ @ HostCPUFeatures ~/.julia/packages/HostCPUFeatures/ZTXz4/src/cpu_info.jl:56
┌ Warning: Runtime invalidation was disabled, but the CPU info is out-of-date.
│ Will continue with incorrect CPU feature flag: -rtm.
└ @ HostCPUFeatures ~/.julia/packages/HostCPUFeatures/ZTXz4/src/cpu_info.jl:56
Sampling (4 threads)   0%|                              |  ETA: N/A
┌ Info: Found initial step size
└   ϵ = 0.0001953125
┌ Info: Found initial step size
└   ϵ = 0.003125
┌ Info: Found initial step size
└   ϵ = 0.0015625
┌ Info: Found initial step size
└   ϵ = 0.00078125
Sampling (4 threads)   0%|▏                             |  ETA: 5 days, 16:43:25
Sampling (4 threads)   1%|▎                             |  ETA: 2 days, 20:01:11
Sampling (4 threads)   2%|▌                             |  ETA: 1 days, 21:07:03
Sampling (4 threads)   2%|▋                             |  ETA: 2 days, 21:46:38
Sampling (4 threads)   2%|▊                             |  ETA: 2 days, 7:32:14
Sampling (4 threads)   3%|▉                             |  ETA: 1 days, 23:41:44
Sampling (4 threads)   4%|█                             |  ETA: 1 days, 16:40:17
Sampling (4 threads)   4%|█▎                            |  ETA: 1 days, 12:47:46
Sampling (4 threads)   4%|█▍                            |  ETA: 1 days, 8:32:14
Sampling (4 threads)   5%|█▌                            |  ETA: 1 days, 5:07:49
Sampling (4 threads)   6%|█▋                            |  ETA: 1 days, 3:19:32
Sampling (4 threads)   6%|█▊                            |  ETA: 1 days, 0:54:57
Sampling (4 threads)   6%|██                            |  ETA: 23:48:11
Sampling (4 threads)   7%|██▏                           |  ETA: 21:59:05
Sampling (4 threads)   8%|██▎                           |  ETA: 20:24:31
Sampling (4 threads)   8%|██▍                           |  ETA: 19:44:19
Sampling (4 threads)   8%|██▌                           |  ETA: 18:28:36
Sampling (4 threads)   9%|██▊                           |  ETA: 17:21:17
Sampling (4 threads)  10%|██▉                           |  ETA: 16:52:32
Sampling (4 threads)  10%|███                           |  ETA: 15:56:36
Sampling (4 threads)  10%|███▏                          |  ETA: 15:39:56
Sampling (4 threads)  11%|███▎                          |  ETA: 14:52:12
Sampling (4 threads)  12%|███▌                          |  ETA: 14:08:37
Sampling (4 threads)  12%|███▋                          |  ETA: 13:48:12
Sampling (4 threads)  12%|███▊                          |  ETA: 13:10:33
Sampling (4 threads)  13%|███▉                          |  ETA: 12:52:03
Sampling (4 threads)  14%|████                          |  ETA: 12:19:11
Sampling (4 threads)  14%|████▎                         |  ETA: 12:06:07
Sampling (4 threads)  14%|████▍                         |  ETA: 11:37:00
Sampling (4 threads)  15%|████▌                         |  ETA: 11:09:49
Sampling (4 threads)  16%|████▋                         |  ETA: 11:02:25
Sampling (4 threads)  16%|████▊                         |  ETA: 10:37:55
Sampling (4 threads)  16%|█████                         |  ETA: 10:14:55
Sampling (4 threads)  17%|█████▏                        |  ETA: 10:09:12
Sampling (4 threads)  18%|█████▎                        |  ETA: 9:48:14
Sampling (4 threads)  18%|█████▍                        |  ETA: 9:28:25
Sampling (4 threads)  18%|█████▌                        |  ETA: 9:21:15
Sampling (4 threads)  19%|█████▊                        |  ETA: 9:03:08
Sampling (4 threads)  20%|█████▉                        |  ETA: 8:45:56
Sampling (4 threads)  20%|██████                        |  ETA: 8:34:57
Sampling (4 threads)  20%|██████▏                       |  ETA: 8:19:15
Sampling (4 threads)  21%|██████▎                       |  ETA: 8:10:34
Sampling (4 threads)  22%|██████▌                       |  ETA: 7:56:07
Sampling (4 threads)  22%|██████▋                       |  ETA: 7:54:20
Sampling (4 threads)  22%|██████▊                       |  ETA: 7:40:50
Sampling (4 threads)  23%|██████▉                       |  ETA: 7:27:54
Sampling (4 threads)  24%|███████                       |  ETA: 7:28:26
Sampling (4 threads)  24%|███████▎                      |  ETA: 7:16:13
Sampling (4 threads)  24%|███████▍                      |  ETA: 7:16:28
Sampling (4 threads)  25%|███████▌                      |  ETA: 7:04:54
Sampling (4 threads)  26%|███████▋                      |  ETA: 6:53:48
Sampling (4 threads)  26%|███████▊                      |  ETA: 6:53:48
Sampling (4 threads)  26%|████████                      |  ETA: 6:43:15
Sampling (4 threads)  27%|████████▏                     |  ETA: 6:39:43
Sampling (4 threads)  28%|████████▎                     |  ETA: 6:29:46
Sampling (4 threads)  28%|████████▍                     |  ETA: 6:20:10
Sampling (4 threads)  28%|████████▌                     |  ETA: 6:18:41
Sampling (4 threads)  29%|████████▊                     |  ETA: 6:09:34
Sampling (4 threads)  30%|████████▉                     |  ETA: 6:07:51
Sampling (4 threads)  30%|█████████                     |  ETA: 5:59:09
Sampling (4 threads)  30%|█████████▏                    |  ETA: 5:56:28
Sampling (4 threads)  31%|█████████▎                    |  ETA: 5:48:12
Sampling (4 threads)  32%|█████████▌                    |  ETA: 5:40:11
Sampling (4 threads)  32%|█████████▋                    |  ETA: 5:38:40
Sampling (4 threads)  32%|█████████▊                    |  ETA: 5:31:01
Sampling (4 threads)  33%|█████████▉                    |  ETA: 5:28:44
Sampling (4 threads)  34%|██████████                    |  ETA: 5:21:24
Sampling (4 threads)  34%|██████████▎                   |  ETA: 5:19:41
Sampling (4 threads)  34%|██████████▍                   |  ETA: 5:12:40
Sampling (4 threads)  35%|██████████▌                   |  ETA: 5:05:51
Sampling (4 threads)  36%|██████████▋                   |  ETA: 5:04:36
Sampling (4 threads)  36%|██████████▊                   |  ETA: 4:58:02
Sampling (4 threads)  36%|███████████                   |  ETA: 4:56:39
Sampling (4 threads)  37%|███████████▏                  |  ETA: 4:50:20
Sampling (4 threads)  38%|███████████▎                  |  ETA: 4:49:16
Sampling (4 threads)  38%|███████████▍                  |  ETA: 4:43:11
Sampling (4 threads)  38%|███████████▌                  |  ETA: 4:41:30
Sampling (4 threads)  39%|███████████▊                  |  ETA: 4:35:38
Sampling (4 threads)  40%|███████████▉                  |  ETA: 4:29:55
Sampling (4 threads)  40%|████████████                  |  ETA: 4:28:31
Sampling (4 threads)  40%|████████████▏                 |  ETA: 4:22:59
Sampling (4 threads)  41%|████████████▎                 |  ETA: 4:22:05
Sampling (4 threads)  42%|████████████▌                 |  ETA: 4:16:44
Sampling (4 threads)  42%|████████████▋                 |  ETA: 4:15:10
Sampling (4 threads)  42%|████████████▊                 |  ETA: 4:09:59
Sampling (4 threads)  43%|████████████▉                 |  ETA: 4:04:56
Sampling (4 threads)  44%|█████████████                 |  ETA: 4:03:01
Sampling (4 threads)  44%|█████████████▎                |  ETA: 3:58:08
Sampling (4 threads)  44%|█████████████▍                |  ETA: 3:56:50
Sampling (4 threads)  45%|█████████████▌                |  ETA: 3:52:06
Sampling (4 threads)  46%|█████████████▋                |  ETA: 3:50:36
Sampling (4 threads)  46%|█████████████▊                |  ETA: 3:46:00
Sampling (4 threads)  46%|██████████████                |  ETA: 3:44:57
Sampling (4 threads)  47%|██████████████▏               |  ETA: 3:40:28
Sampling (4 threads)  48%|██████████████▎               |  ETA: 3:36:05
Sampling (4 threads)  48%|██████████████▍               |  ETA: 3:35:10
Sampling (4 threads)  48%|██████████████▌               |  ETA: 3:30:54
Sampling (4 threads)  49%|██████████████▊               |  ETA: 3:29:36
Sampling (4 threads)  50%|██████████████▉               |  ETA: 3:25:27
Sampling (4 threads)  50%|███████████████               |  ETA: 3:21:23
Sampling (4 threads)  50%|███████████████▏              |  ETA: 3:19:56
Sampling (4 threads)  51%|███████████████▎              |  ETA: 3:15:58
Sampling (4 threads)  52%|███████████████▌              |  ETA: 3:14:22
Sampling (4 threads)  52%|███████████████▋              |  ETA: 3:10:31
Sampling (4 threads)  52%|███████████████▊              |  ETA: 3:08:55
Sampling (4 threads)  53%|███████████████▉              |  ETA: 3:05:10
Sampling (4 threads)  54%|████████████████              |  ETA: 3:05:28
Sampling (4 threads)  54%|████████████████▎             |  ETA: 3:01:46
Sampling (4 threads)  55%|████████████████▍             |  ETA: 2:58:09
Sampling (4 threads)  55%|████████████████▌             |  ETA: 2:57:42
Sampling (4 threads)  56%|████████████████▋             |  ETA: 2:54:08
Sampling (4 threads)  56%|████████████████▊             |  ETA: 2:50:39
Sampling (4 threads)  56%|█████████████████             |  ETA: 2:50:02
Sampling (4 threads)  57%|█████████████████▏            |  ETA: 2:46:36
Sampling (4 threads)  57%|█████████████████▎            |  ETA: 2:43:14
Sampling (4 threads)  58%|█████████████████▍            |  ETA: 2:43:00
Sampling (4 threads)  58%|█████████████████▌            |  ETA: 2:39:41
Sampling (4 threads)  59%|█████████████████▊            |  ETA: 2:36:26
Sampling (4 threads)  60%|█████████████████▉            |  ETA: 2:35:59
Sampling (4 threads)  60%|██████████████████            |  ETA: 2:32:46
Sampling (4 threads)  60%|██████████████████▏           |  ETA: 2:31:47
Sampling (4 threads)  61%|██████████████████▎           |  ETA: 2:28:38
Sampling (4 threads)  62%|██████████████████▌           |  ETA: 2:25:32
Sampling (4 threads)  62%|██████████████████▋           |  ETA: 2:23:51
Sampling (4 threads)  62%|██████████████████▊           |  ETA: 2:20:50
Sampling (4 threads)  63%|██████████████████▉           |  ETA: 2:19:01
Sampling (4 threads)  64%|███████████████████           |  ETA: 2:16:03
Sampling (4 threads)  64%|███████████████████▎          |  ETA: 2:14:10
Sampling (4 threads)  64%|███████████████████▍          |  ETA: 2:11:17
Sampling (4 threads)  65%|███████████████████▌          |  ETA: 2:10:18
Sampling (4 threads)  66%|███████████████████▋          |  ETA: 2:07:28
Sampling (4 threads)  66%|███████████████████▊          |  ETA: 2:06:40
Sampling (4 threads)  66%|████████████████████          |  ETA: 2:03:52
Sampling (4 threads)  67%|████████████████████▏         |  ETA: 2:01:06
Sampling (4 threads)  68%|████████████████████▎         |  ETA: 2:00:13
Sampling (4 threads)  68%|████████████████████▍         |  ETA: 1:57:30
Sampling (4 threads)  68%|████████████████████▌         |  ETA: 1:54:49
Sampling (4 threads)  69%|████████████████████▊         |  ETA: 1:53:41
Sampling (4 threads)  70%|████████████████████▉         |  ETA: 1:51:03
Sampling (4 threads)  70%|█████████████████████         |  ETA: 1:48:27
Sampling (4 threads)  70%|█████████████████████▏        |  ETA: 1:46:54
Sampling (4 threads)  71%|█████████████████████▎        |  ETA: 1:44:53
Sampling (4 threads)  72%|█████████████████████▌        |  ETA: 1:42:56
Sampling (4 threads)  72%|█████████████████████▋        |  ETA: 1:41:01
Sampling (4 threads)  72%|█████████████████████▊        |  ETA: 1:39:13
Sampling (4 threads)  73%|█████████████████████▉        |  ETA: 1:37:23
Sampling (4 threads)  74%|██████████████████████        |  ETA: 1:35:30
Sampling (4 threads)  74%|██████████████████████▎       |  ETA: 1:33:39
Sampling (4 threads)  74%|██████████████████████▍       |  ETA: 1:32:00
Sampling (4 threads)  75%|██████████████████████▌       |  ETA: 1:30:15
Sampling (4 threads)  76%|██████████████████████▋       |  ETA: 1:28:20
Sampling (4 threads)  76%|██████████████████████▊       |  ETA: 1:26:23
Sampling (4 threads)  76%|███████████████████████       |  ETA: 1:24:54
Sampling (4 threads)  77%|███████████████████████▏      |  ETA: 1:32:25
Sampling (4 threads)  78%|███████████████████████▎      |  ETA: 1:34:20
Sampling (4 threads)  78%|███████████████████████▍      |  ETA: 1:32:24
Sampling (4 threads)  78%|███████████████████████▌      |  ETA: 1:30:27
Sampling (4 threads)  79%|███████████████████████▊      |  ETA: 1:28:29
Sampling (4 threads)  80%|███████████████████████▉      |  ETA: 1:26:28
Sampling (4 threads)  80%|████████████████████████      |  ETA: 1:24:20
Sampling (4 threads)  80%|████████████████████████▏     |  ETA: 1:22:11
Sampling (4 threads)  81%|████████████████████████▎     |  ETA: 1:20:04
Sampling (4 threads)  82%|████████████████████████▌     |  ETA: 1:18:00
Sampling (4 threads)  82%|████████████████████████▋     |  ETA: 1:15:53
Sampling (4 threads)  82%|████████████████████████▊     |  ETA: 1:13:42
Sampling (4 threads)  83%|████████████████████████▉     |  ETA: 1:11:33
Sampling (4 threads)  84%|█████████████████████████     |  ETA: 1:09:31
Sampling (4 threads)  84%|█████████████████████████▎    |  ETA: 1:07:28
Sampling (4 threads)  84%|█████████████████████████▍    |  ETA: 1:05:27
Sampling (4 threads)  85%|█████████████████████████▌    |  ETA: 1:03:24
Sampling (4 threads)  86%|█████████████████████████▋    |  ETA: 1:01:21
Sampling (4 threads)  86%|█████████████████████████▊    |  ETA: 0:59:17
Sampling (4 threads)  86%|██████████████████████████    |  ETA: 0:57:14
Sampling (4 threads)  87%|██████████████████████████▏   |  ETA: 0:55:12
Sampling (4 threads)  88%|██████████████████████████▎   |  ETA: 0:53:11
Sampling (4 threads)  88%|██████████████████████████▍   |  ETA: 0:51:14
Sampling (4 threads)  88%|██████████████████████████▌   |  ETA: 0:49:12
Sampling (4 threads)  89%|██████████████████████████▊   |  ETA: 0:47:11
Sampling (4 threads)  90%|██████████████████████████▉   |  ETA: 0:45:08
Sampling (4 threads)  90%|███████████████████████████   |  ETA: 0:43:05
Sampling (4 threads)  90%|███████████████████████████▏  |  ETA: 0:41:00
Sampling (4 threads)  91%|███████████████████████████▎  |  ETA: 0:38:55
Sampling (4 threads)  92%|███████████████████████████▌  |  ETA: 0:36:49
Sampling (4 threads)  92%|███████████████████████████▋  |  ETA: 0:34:43
Sampling (4 threads)  92%|███████████████████████████▊  |  ETA: 0:32:36
Sampling (4 threads)  93%|███████████████████████████▉  |  ETA: 0:30:30
Sampling (4 threads)  94%|████████████████████████████  |  ETA: 0:28:22
Sampling (4 threads)  94%|████████████████████████████▎ |  ETA: 0:26:14
Sampling (4 threads)  94%|████████████████████████████▍ |  ETA: 0:24:05
Sampling (4 threads)  95%|████████████████████████████▌ |  ETA: 0:21:56
Sampling (4 threads)  96%|████████████████████████████▋ |  ETA: 0:19:47
Sampling (4 threads)  96%|████████████████████████████▊ |  ETA: 0:17:37
Sampling (4 threads)  96%|█████████████████████████████ |  ETA: 0:15:26
Sampling (4 threads)  97%|█████████████████████████████▏|  ETA: 0:13:15
Sampling (4 threads)  98%|█████████████████████████████▎|  ETA: 0:11:04
Sampling (4 threads)  98%|█████████████████████████████▍|  ETA: 0:08:51
Sampling (4 threads)  98%|█████████████████████████████▌|  ETA: 0:06:39
Sampling (4 threads)  99%|█████████████████████████████▊|  ETA: 0:04:27
Sampling (4 threads) 100%|█████████████████████████████▉|  ETA: 0:02:14
Sampling (4 threads) 100%|██████████████████████████████| Time: 7:26:04
Sampling (4 threads) 100%|██████████████████████████████| Time: 7:26:06
┌ Warning: Runtime invalidation was disabled, but the CPU info is out-of-date.
│ Will continue with incorrect CPU name (from build time).
└ @ HostCPUFeatures ~/.julia/packages/HostCPUFeatures/ZTXz4/src/cpu_info.jl:71
┌ Warning: Runtime invalidation was disabled, but the CPU info is out-of-date.
│ Will continue with incorrect CPU feature flag: +avx512vnni.
└ @ HostCPUFeatures ~/.julia/packages/HostCPUFeatures/ZTXz4/src/cpu_info.jl:56
┌ Warning: Runtime invalidation was disabled, but the CPU info is out-of-date.
│ Will continue with incorrect CPU feature flag: -rtm.
└ @ HostCPUFeatures ~/.julia/packages/HostCPUFeatures/ZTXz4/src/cpu_info.jl:56
Sampling (4 threads)   0%|                              |  ETA: N/A
┌ Info: Found initial step size
└   ϵ = 0.003125
┌ Info: Found initial step size
└   ϵ = 0.00625
┌ Info: Found initial step size
└   ϵ = 0.00078125
┌ Info: Found initial step size
└   ϵ = 0.00078125
Sampling (4 threads)   0%|▏                             |  ETA: 4 days, 14:00:21
Sampling (4 threads)   1%|▎                             |  ETA: 2 days, 6:43:40
Sampling (4 threads)   2%|▌                             |  ETA: 1 days, 12:18:03
Sampling (4 threads)   2%|▋                             |  ETA: 2 days, 2:22:26
Sampling (4 threads)   2%|▊                             |  ETA: 1 days, 16:05:37
Sampling (4 threads)   3%|▉                             |  ETA: 1 days, 9:14:24
Sampling (4 threads)   4%|█                             |  ETA: 1 days, 5:50:43
Sampling (4 threads)   4%|█▎                            |  ETA: 1 days, 1:58:46
Sampling (4 threads)   4%|█▍                            |  ETA: 1 days, 0:02:27
Sampling (4 threads)   5%|█▌                            |  ETA: 21:31:24
Sampling (4 threads)   6%|█▋                            |  ETA: 20:14:07
Sampling (4 threads)   6%|█▊                            |  ETA: 18:27:03
Sampling (4 threads)   6%|██                            |  ETA: 16:56:28
Sampling (4 threads)   7%|██▏                           |  ETA: 16:06:46
Sampling (4 threads)   8%|██▎                           |  ETA: 14:57:28
Sampling (4 threads)   8%|██▍                           |  ETA: 14:22:46
Sampling (4 threads)   8%|██▌                           |  ETA: 13:27:36
Sampling (4 threads)   9%|██▊                           |  ETA: 12:38:34
Sampling (4 threads)  10%|██▉                           |  ETA: 12:20:05
Sampling (4 threads)  10%|███                           |  ETA: 11:39:12
Sampling (4 threads)  10%|███▏                          |  ETA: 11:02:12
Sampling (4 threads)  11%|███▎                          |  ETA: 10:43:33
Sampling (4 threads)  12%|███▌                          |  ETA: 10:12:07
Sampling (4 threads)  12%|███▋                          |  ETA: 9:59:32
Sampling (4 threads)  12%|███▊                          |  ETA: 9:32:17
Sampling (4 threads)  13%|███▉                          |  ETA: 9:07:07
Sampling (4 threads)  14%|████                          |  ETA: 8:43:50
Sampling (4 threads)  14%|████▎                         |  ETA: 8:35:52
Sampling (4 threads)  14%|████▍                         |  ETA: 8:15:11
Sampling (4 threads)  15%|████▌                         |  ETA: 8:03:33
Sampling (4 threads)  16%|████▋                         |  ETA: 7:45:12
Sampling (4 threads)  16%|████▊                         |  ETA: 7:28:00
Sampling (4 threads)  16%|█████                         |  ETA: 7:23:06
Sampling (4 threads)  17%|█████▏                        |  ETA: 7:07:29
Sampling (4 threads)  18%|█████▎                        |  ETA: 6:52:46
Sampling (4 threads)  18%|█████▍                        |  ETA: 6:47:56
Sampling (4 threads)  18%|█████▌                        |  ETA: 6:34:30
Sampling (4 threads)  19%|█████▊                        |  ETA: 6:26:55
Sampling (4 threads)  20%|█████▉                        |  ETA: 6:14:40
Sampling (4 threads)  20%|██████                        |  ETA: 6:03:02
Sampling (4 threads)  20%|██████▏                       |  ETA: 5:58:51
Sampling (4 threads)  21%|██████▎                       |  ETA: 5:48:06
Sampling (4 threads)  22%|██████▌                       |  ETA: 5:37:51
Sampling (4 threads)  22%|██████▋                       |  ETA: 5:34:30
Sampling (4 threads)  22%|██████▊                       |  ETA: 5:24:58
Sampling (4 threads)  23%|██████▉                       |  ETA: 5:15:51
Sampling (4 threads)  24%|███████                       |  ETA: 5:11:25
Sampling (4 threads)  24%|███████▎                      |  ETA: 5:02:56
Sampling (4 threads)  24%|███████▍                      |  ETA: 4:59:43
Sampling (4 threads)  25%|███████▌                      |  ETA: 4:51:46
Sampling (4 threads)  26%|███████▋                      |  ETA: 4:44:09
Sampling (4 threads)  26%|███████▊                      |  ETA: 4:40:43
Sampling (4 threads)  26%|████████                      |  ETA: 4:33:33
Sampling (4 threads)  27%|████████▏                     |  ETA: 4:29:18
Sampling (4 threads)  28%|████████▎                     |  ETA: 4:22:35
Sampling (4 threads)  28%|████████▍                     |  ETA: 4:19:24
Sampling (4 threads)  28%|████████▌                     |  ETA: 4:13:05
Sampling (4 threads)  29%|████████▊                     |  ETA: 4:10:33
Sampling (4 threads)  30%|████████▉                     |  ETA: 4:04:34
Sampling (4 threads)  30%|█████████                     |  ETA: 3:58:47
Sampling (4 threads)  30%|█████████▏                    |  ETA: 3:56:06
Sampling (4 threads)  31%|█████████▎                    |  ETA: 3:50:37
Sampling (4 threads)  32%|█████████▌                    |  ETA: 3:48:05
Sampling (4 threads)  32%|█████████▋                    |  ETA: 3:42:53
Sampling (4 threads)  32%|█████████▊                    |  ETA: 3:40:45
Sampling (4 threads)  33%|█████████▉                    |  ETA: 3:35:48
Sampling (4 threads)  34%|██████████                    |  ETA: 3:33:12
Sampling (4 threads)  34%|██████████▎                   |  ETA: 3:28:29
Sampling (4 threads)  34%|██████████▍                   |  ETA: 3:27:32
Sampling (4 threads)  35%|██████████▌                   |  ETA: 3:23:01
Sampling (4 threads)  36%|██████████▋                   |  ETA: 3:18:37
Sampling (4 threads)  36%|██████████▊                   |  ETA: 3:16:51
Sampling (4 threads)  36%|███████████                   |  ETA: 3:12:38
Sampling (4 threads)  37%|███████████▏                  |  ETA: 3:12:24
Sampling (4 threads)  38%|███████████▎                  |  ETA: 3:08:20
Sampling (4 threads)  38%|███████████▍                  |  ETA: 3:04:22
Sampling (4 threads)  38%|███████████▌                  |  ETA: 3:00:30
Sampling (4 threads)  39%|███████████▊                  |  ETA: 3:00:06
Sampling (4 threads)  40%|███████████▉                  |  ETA: 2:56:22
Sampling (4 threads)  40%|████████████                  |  ETA: 2:54:58
Sampling (4 threads)  40%|████████████▏                 |  ETA: 2:51:22
Sampling (4 threads)  41%|████████████▎                 |  ETA: 2:47:51
Sampling (4 threads)  42%|████████████▌                 |  ETA: 2:47:50
Sampling (4 threads)  42%|████████████▋                 |  ETA: 2:44:25
Sampling (4 threads)  42%|████████████▊                 |  ETA: 2:41:05
Sampling (4 threads)  43%|████████████▉                 |  ETA: 2:37:50
Sampling (4 threads)  44%|█████████████                 |  ETA: 2:36:40
Sampling (4 threads)  44%|█████████████▎                |  ETA: 2:33:31
Sampling (4 threads)  44%|█████████████▍                |  ETA: 2:32:22
Sampling (4 threads)  45%|█████████████▌                |  ETA: 2:29:19
Sampling (4 threads)  46%|█████████████▋                |  ETA: 2:27:58
Sampling (4 threads)  46%|█████████████▊                |  ETA: 2:25:01
Sampling (4 threads)  46%|██████████████                |  ETA: 2:23:48
Sampling (4 threads)  47%|██████████████▏               |  ETA: 2:20:56
Sampling (4 threads)  48%|██████████████▎               |  ETA: 2:19:34
Sampling (4 threads)  48%|██████████████▍               |  ETA: 2:16:48
Sampling (4 threads)  48%|██████████████▌               |  ETA: 2:15:29
Sampling (4 threads)  49%|██████████████▊               |  ETA: 2:12:48
Sampling (4 threads)  50%|██████████████▉               |  ETA: 2:11:40
Sampling (4 threads)  50%|███████████████               |  ETA: 2:09:03
Sampling (4 threads)  50%|███████████████▏              |  ETA: 2:07:47
Sampling (4 threads)  51%|███████████████▎              |  ETA: 2:05:15
Sampling (4 threads)  52%|███████████████▌              |  ETA: 2:04:13
Sampling (4 threads)  52%|███████████████▋              |  ETA: 2:01:45
Sampling (4 threads)  52%|███████████████▊              |  ETA: 2:01:36
Sampling (4 threads)  53%|███████████████▉              |  ETA: 1:59:11
Sampling (4 threads)  54%|████████████████              |  ETA: 1:56:49
Sampling (4 threads)  54%|████████████████▎             |  ETA: 1:55:33
Sampling (4 threads)  55%|████████████████▍             |  ETA: 1:53:15
Sampling (4 threads)  55%|████████████████▌             |  ETA: 1:52:05
Sampling (4 threads)  56%|████████████████▋             |  ETA: 1:49:50
Sampling (4 threads)  56%|████████████████▊             |  ETA: 1:47:38
Sampling (4 threads)  56%|█████████████████             |  ETA: 1:47:04
Sampling (4 threads)  57%|█████████████████▏            |  ETA: 1:44:55
Sampling (4 threads)  57%|█████████████████▎            |  ETA: 1:42:47
Sampling (4 threads)  58%|█████████████████▍            |  ETA: 1:41:50
Sampling (4 threads)  58%|█████████████████▌            |  ETA: 1:39:46
Sampling (4 threads)  59%|█████████████████▊            |  ETA: 1:39:32
Sampling (4 threads)  60%|█████████████████▉            |  ETA: 1:37:29
Sampling (4 threads)  60%|██████████████████            |  ETA: 1:35:29
Sampling (4 threads)  60%|██████████████████▏           |  ETA: 1:35:00
Sampling (4 threads)  61%|██████████████████▎           |  ETA: 1:33:02
Sampling (4 threads)  62%|██████████████████▌           |  ETA: 1:31:05
Sampling (4 threads)  62%|██████████████████▋           |  ETA: 1:30:34
Sampling (4 threads)  62%|██████████████████▊           |  ETA: 1:28:40
Sampling (4 threads)  63%|██████████████████▉           |  ETA: 1:26:47
Sampling (4 threads)  64%|███████████████████           |  ETA: 1:24:56
Sampling (4 threads)  64%|███████████████████▎          |  ETA: 1:24:18
Sampling (4 threads)  64%|███████████████████▍          |  ETA: 1:22:29
Sampling (4 threads)  65%|███████████████████▌          |  ETA: 1:20:42
Sampling (4 threads)  66%|███████████████████▋          |  ETA: 1:20:11
Sampling (4 threads)  66%|███████████████████▊          |  ETA: 1:18:25
Sampling (4 threads)  66%|████████████████████          |  ETA: 1:16:41
Sampling (4 threads)  67%|████████████████████▏         |  ETA: 1:15:50
Sampling (4 threads)  68%|████████████████████▎         |  ETA: 1:14:08
Sampling (4 threads)  68%|████████████████████▍         |  ETA: 1:12:27
Sampling (4 threads)  68%|████████████████████▌         |  ETA: 1:11:43
Sampling (4 threads)  69%|████████████████████▊         |  ETA: 1:10:04
Sampling (4 threads)  70%|████████████████████▉         |  ETA: 1:09:13
Sampling (4 threads)  70%|█████████████████████         |  ETA: 1:07:36
Sampling (4 threads)  70%|█████████████████████▏        |  ETA: 1:06:00
Sampling (4 threads)  71%|█████████████████████▎        |  ETA: 1:05:06
Sampling (4 threads)  72%|█████████████████████▌        |  ETA: 1:03:31
Sampling (4 threads)  72%|█████████████████████▋        |  ETA: 1:02:25
Sampling (4 threads)  72%|█████████████████████▊        |  ETA: 1:00:53
Sampling (4 threads)  73%|█████████████████████▉        |  ETA: 0:59:22
Sampling (4 threads)  74%|██████████████████████        |  ETA: 0:58:37
Sampling (4 threads)  74%|██████████████████████▎       |  ETA: 0:57:07
Sampling (4 threads)  74%|██████████████████████▍       |  ETA: 0:55:39
Sampling (4 threads)  75%|██████████████████████▌       |  ETA: 0:54:49
Sampling (4 threads)  76%|██████████████████████▋       |  ETA: 0:53:22
Sampling (4 threads)  76%|██████████████████████▊       |  ETA: 0:52:20
Sampling (4 threads)  76%|███████████████████████       |  ETA: 0:50:55
Sampling (4 threads)  77%|███████████████████████▏      |  ETA: 0:49:56
Sampling (4 threads)  78%|███████████████████████▎      |  ETA: 0:48:32
Sampling (4 threads)  78%|███████████████████████▍      |  ETA: 0:47:09
Sampling (4 threads)  78%|███████████████████████▌      |  ETA: 0:46:09
Sampling (4 threads)  79%|███████████████████████▊      |  ETA: 0:44:48
Sampling (4 threads)  80%|███████████████████████▉      |  ETA: 0:43:47
Sampling (4 threads)  80%|████████████████████████      |  ETA: 0:42:27
Sampling (4 threads)  80%|████████████████████████▏     |  ETA: 0:41:25
Sampling (4 threads)  81%|████████████████████████▎     |  ETA: 0:40:06
Sampling (4 threads)  82%|████████████████████████▌     |  ETA: 0:39:18
Sampling (4 threads)  82%|████████████████████████▋     |  ETA: 0:38:01
Sampling (4 threads)  82%|████████████████████████▊     |  ETA: 0:36:44
Sampling (4 threads)  83%|████████████████████████▉     |  ETA: 0:35:43
Sampling (4 threads)  84%|█████████████████████████     |  ETA: 0:34:27
Sampling (4 threads)  84%|█████████████████████████▎    |  ETA: 0:33:35
Sampling (4 threads)  84%|█████████████████████████▍    |  ETA: 0:32:20
Sampling (4 threads)  85%|█████████████████████████▌    |  ETA: 0:31:07
Sampling (4 threads)  86%|█████████████████████████▋    |  ETA: 0:30:06
Sampling (4 threads)  86%|█████████████████████████▊    |  ETA: 0:28:54
Sampling (4 threads)  86%|██████████████████████████    |  ETA: 0:27:51
Sampling (4 threads)  87%|██████████████████████████▏   |  ETA: 0:26:40
Sampling (4 threads)  88%|██████████████████████████▎   |  ETA: 0:25:39
Sampling (4 threads)  88%|██████████████████████████▍   |  ETA: 0:24:29
Sampling (4 threads)  88%|██████████████████████████▌   |  ETA: 0:23:28
Sampling (4 threads)  89%|██████████████████████████▊   |  ETA: 0:22:19
Sampling (4 threads)  90%|██████████████████████████▉   |  ETA: 0:21:14
Sampling (4 threads)  90%|███████████████████████████   |  ETA: 0:20:11
Sampling (4 threads)  90%|███████████████████████████▏  |  ETA: 0:19:08
Sampling (4 threads)  91%|███████████████████████████▎  |  ETA: 0:18:07
Sampling (4 threads)  92%|███████████████████████████▌  |  ETA: 0:17:03
Sampling (4 threads)  92%|███████████████████████████▋  |  ETA: 0:16:03
Sampling (4 threads)  92%|███████████████████████████▊  |  ETA: 0:15:03
Sampling (4 threads)  93%|███████████████████████████▉  |  ETA: 0:13:59
Sampling (4 threads)  94%|████████████████████████████  |  ETA: 0:12:59
Sampling (4 threads)  94%|████████████████████████████▎ |  ETA: 0:12:00
Sampling (4 threads)  94%|████████████████████████████▍ |  ETA: 0:11:00
Sampling (4 threads)  95%|████████████████████████████▌ |  ETA: 0:10:00
Sampling (4 threads)  96%|████████████████████████████▋ |  ETA: 0:09:00
Sampling (4 threads)  96%|████████████████████████████▊ |  ETA: 0:08:01
Sampling (4 threads)  96%|█████████████████████████████ |  ETA: 0:07:01
Sampling (4 threads)  97%|█████████████████████████████▏|  ETA: 0:06:02
Sampling (4 threads)  98%|█████████████████████████████▎|  ETA: 0:05:02
Sampling (4 threads)  98%|█████████████████████████████▍|  ETA: 0:04:02
Sampling (4 threads)  98%|█████████████████████████████▌|  ETA: 0:03:02
Sampling (4 threads)  99%|█████████████████████████████▊|  ETA: 0:02:02
Sampling (4 threads) 100%|█████████████████████████████▉|  ETA: 0:01:01
Sampling (4 threads) 100%|██████████████████████████████| Time: 3:24:15
Sampling (4 threads) 100%|██████████████████████████████| Time: 3:24:17
ERROR: LoadError: MethodError: no method matching plotGraphs(::String, ::Vector{String}, ::Vector{RGB{Float64}}, ::Int64)

Closest candidates are:
  plotGraphs(::Any, ::Any, ::Any, ::Any, !Matched::Any)
   @ Main ~/bayesian/BC4/Bayes/wordType_experiments/plottingFuncs.jl:261

Stacktrace:
 [1] concludeAndPlot(m::Chains{Float64, AxisArray{Float64, 3, Array{Float64, 3}, Tuple{Axis{:iter, StepRange{Int64, Int64}}, Axis{:var, Vector{Symbol}}, Axis{:chain, UnitRange{Int64}}}}, Missing, @NamedTuple{parameters::Vector{Symbol}, internals::Vector{Symbol}}, @NamedTuple{varname_to_symbol::OrderedDict{AbstractPPL.VarName, Symbol}, start_time::Vector{Float64}, stop_time::Vector{Float64}, samplerstate::Vector{Nothing}}}, output_loc::String, pc::Int64, wordTypes::Vector{String}, cols::Vector{RGB{Float64}}, noPCS::Int64)
   @ Main ~/bayesian/BC4/Bayes/wordType_experiments/plottingFuncs.jl:21
 [2] runModel(model::DynamicPPL.Model{typeof(model_exp), (:participant, :word, :surprisal, :tags, :PCA, :ExpMean, :cauchyMean, :NUM_TYPES, :NUM_PARTICIPANTS), (), (), Tuple{Vector{Int64}, Vector{Float64}, Vector{Float64}, Vector{Int64}, Vector{Float64}, Float64, Float64, Int64, Int64}, Tuple{}, DynamicPPL.DefaultContext}, df_modified::DataFrame, dfPCA::DataFrame, pc::Int64, NUM_PARTICIPANTS::Int64, NUM_WORDS::Int64, TYPE_STRUCTURE::String, NUM_TYPES::Int64, wordTypes::Vector{String}, cols::Vector{RGB{Float64}}, isPlotting::Int64, analyseEssRhat::Int64, output_loc::String, expMean::Float64, cauchyMean::Float64, noPCS::Int64, noInChain::Int64)
   @ Main ~/bayesian/BC4/Bayes/wordType_experiments/model_master.jl:140
 [3] top-level scope
   @ ~/bayesian/BC4/Bayes/wordType_experiments/models/__1/model.jl:15
in expression starting at /user/home/em18564/bayesian/BC4/Bayes/wordType_experiments/models/__1/model.jl:15
