label,ess,rhat
Overall,436.48727987410825,1.009253636120894
as,411.2823589668703,1.0112725360911996
bs,465.0107844619094,1.0068391355689237
σs,424.54037862408074,1.0106777982148871
ws,412.78974767889144,1.0111698651976821
ps,432.4418419524053,1.0084942988275112
es,376.3721357282785,1.0116250183947315
σ,946.269340472645,1.0012588922797159
