label,ess,rhat
Overall,588.4742824129503,1.0048500173631294
as,471.25438820095656,1.0045725787156394
bs,746.1690499922157,1.0037871191234524
σs,442.76473829077156,1.0096752301569312
ws,536.515209573446,1.0074248013231362
ps,611.3262652709284,1.0039416125884364
es,416.50433062497456,1.0032377899847944
σ,961.7715057555181,1.0007955887417408
