label,ess,rhat
Overall,511.47004904442724,1.0050395641199943
as,383.377377737363,1.0071797815994339
bs,669.6371873921705,1.0027420742911877
σs,403.2019676979817,1.0056057445777145
ws,452.5230678276998,1.0063884284094387
ps,522.554578468527,1.004702157669742
es,511.6159372010118,1.0033582169713398
σ,930.3442823053939,1.0009884546505308
