param,value
Exponential mean,2.694736842105263
Cauchy mean,1.0157894736842106
