label,ess,rhat
Overall,504.8035118736391,1.0047305478890258
as,431.01136043452794,1.0067428574869772
bs,594.4838761335136,1.0020050077340459
σs,447.6059457188902,1.0072981778943313
ws,480.09647571755,1.0052054595822892
ps,505.61051148348724,1.0044507446194177
es,441.0410265474405,1.0049093150887307
σ,907.8309265430507,1.0059489581802774
