label,ess,rhat
Overall,684.2763273654036,1.0050009449951243
as,583.9257665123987,1.0036259159876455
bs,843.4812674228423,1.0036116140473397
σs,472.40056222944213,1.0149526408340743
ws,582.5256230136935,1.0062803028287626
ps,719.5794303420557,1.0045881998711095
es,624.3137254720357,1.0037684274935015
σ,1107.3293059797131,1.0028450592191054
