label,ess,rhat
Overall,670.4305233870044,1.0042752673277562
as,557.9904558644698,1.0055214296859143
bs,836.2106610583382,1.002554020842638
σs,478.40627085132854,1.0059855701848126
ws,591.2087435598528,1.0068817170818771
ps,695.0342052310921,1.0032333035513368
es,632.0010346746792,1.0049029865086632
σ,1058.2551307911983,0.9988334901033926
