label,ess,rhat
Overall,497.3215575961884,1.0065267987211457
as,412.23722478622835,1.0065420032292989
bs,596.0023322043401,1.0053795118277227
σs,448.374367122699,1.0106022953081184
ws,452.1398414270284,1.006005251382444
ps,501.86364477098476,1.00667118050776
es,425.21303939990923,1.004994841381126
σ,1065.6249214739635,1.012095355013644
