label,ess,rhat
Overall,456.38779121768073,1.006412546952422
as,421.5246586611562,1.0022603053957968
bs,493.83052859893724,1.0101497759999292
σs,447.1012138486446,1.0079065919852463
ws,336.3774158846171,1.0141623620595508
ps,488.11706048295713,1.0025973229315392
es,385.4805981219779,1.0101615584962196
σ,1213.36568050866,1.0051125671222256
