label,ess,rhat
Overall,600.7865027187187,1.0046114078343282
as,512.0053097731445,1.0052898629330993
bs,721.2661937209446,1.0036265627834817
σs,486.6719097147728,1.005714411661798
ws,531.4965493272908,1.0055353591865808
ps,616.234170707207,1.0043238061653048
es,544.4768187551623,1.003804152214193
σ,1143.2459436422705,1.0026161462421663
