label,ess,rhat
Overall,493.45905292093965,1.0053206313597176
as,386.9329144575052,1.0059448905032475
bs,612.9624355057113,1.004065198377646
σs,446.7409740841269,1.0075928571784682
ws,452.6863888260773,1.0049809965143937
ps,498.80097907901626,1.005692149914992
es,430.71466458561065,1.0054536574071682
σ,969.3297186199575,0.9994707149715785
