param,value
Exponential mean,0.25263157894736843
Cauchy mean,1.6263157894736842
