label,ess,rhat
Overall,648.0816579849488,1.004775762844572
as,561.0146280899613,1.0058641143214175
bs,774.9868620129764,1.0031892667229452
σs,504.6642311060049,1.006569083565784
ws,603.9442302377154,1.007707415444695
ps,660.6447810070979,1.0036894641098626
es,569.568186573507,1.0028848839746027
σ,1008.1165351987653,1.0016214564854828
