label,ess,rhat
Overall,504.70397040935654,1.0050606814081924
as,451.8437433581769,1.0037347896043722
bs,565.3344783921524,1.0059976896546408
σs,476.73095905553885,1.0064606622147323
ws,447.2468974877431,1.0060427190002474
ps,513.1235889654856,1.0045245206672377
es,448.4469800323071,1.004175361678353
σ,1087.7927437634585,1.0089870490280384
