label,ess,rhat
Overall,478.48331823534204,1.004164773156628
as,380.1500640009819,1.0041488250136623
bs,586.0676048568138,1.0037457432449095
σs,445.17960164173985,1.0057306941534936
ws,437.48706048282685,1.0027826463305154
ps,484.95405360609334,1.0049377281203768
es,398.62823810709756,1.0020867128481126
σ,961.9094518824766,1.0048095866295568
