label,ess,rhat
Overall,551.8696488602618,1.0051210580016376
as,453.42504700380346,1.0055241913095905
bs,681.0282900826438,1.0033454016236858
σs,441.2991071429361,1.0100621410536372
ws,467.5163606175529,1.0058368720813604
ps,578.0818040315855,1.0050916616210428
es,485.51468702838764,1.0036411049784235
σ,1015.3029969820994,1.0002555009868686
