label,ess,rhat
Overall,624.1659254207076,1.005298073837022
as,532.5769128112765,1.0063159557422436
bs,757.1332006958281,1.004082471341076
σs,475.2041798242255,1.006009867963628
ws,563.5839314600983,1.0057769954207132
ps,638.0867140201233,1.0052317156319557
es,531.5908030668513,1.0059304565461025
σ,1174.3595940709254,1.0000115627462867
