label,ess,rhat
Overall,1085.8425929278153,1.0042254151437282
as,858.4853471079111,1.0030715280452507
bs,1396.7086711310144,1.0048120771700588
σs,601.4913651047048,1.0075153205621796
ws,760.2356869767073,1.0049694714420114
ps,1169.1110888298117,1.0038639150042703
es,1093.393506214001,1.004729912742486
σ,981.1358344729063,1.0116397510607855
