label,ess,rhat
Overall,607.7811310608193,1.003283548693419
as,492.9825345733016,1.0034990664335182
bs,738.5174673900339,1.0029192178018442
σs,515.3422399789788,1.0041466649719781
ws,400.48355428113615,1.0037286650722848
ps,652.5598647355686,1.0030758857399775
es,614.791982542499,1.006207232427405
σ,931.9511330656982,1.0020626064442613
