label,ess,rhat
Overall,483.8010664729469,1.0056234281765146
as,416.77934468589035,1.0046170641196766
bs,558.8495135501946,1.0061845507955995
σs,454.9048554282584,1.0072262973524242
ws,431.06123862646245,1.0068648015847754
ps,496.05072582658715,1.0051768907328307
es,384.4968508453676,1.0065177342572103
σ,996.7962886912688,1.0005483086517633
