label,ess,rhat
Overall,654.0522684820247,1.0061906098495055
as,609.57685805772,1.0060794433450322
bs,757.4984841250292,1.0046792988943893
σs,441.7573696947059,1.0120315287040285
ws,591.7123605655952,1.0084522751455482
ps,675.8996288763525,1.0055202217365047
es,608.3214428565554,1.004016171529225
σ,925.5614444775946,1.000829593875578
