label,ess,rhat
Overall,482.299864362649,1.0060014838581823
as,425.5981710086342,1.0083638398962227
bs,548.9455503908827,1.0027845867379912
σs,446.50149073545964,1.009077831753925
ws,397.0895668038301,1.0092589427500485
ps,504.19104692765507,1.0047026709084226
es,439.7350068648997,1.0053591615242081
σ,1020.7824033738088,1.0019657585174866
