label,ess,rhat
Overall,1099.6168167246024,1.0035913850529334
as,1014.4194930265119,1.0029691824452025
bs,1270.4835333954238,1.0036589092909416
σs,602.7343374827602,1.0068085195973253
ws,629.1623266114967,1.0030721750950258
ps,1214.187485214383,1.0035662846670603
es,1204.2096551925126,1.0068869437465926
σ,1036.4929336365626,1.0044356056824237
