label,ess,rhat
Overall,1182.5687643042495,1.0043423385197612
as,957.336515789282,1.0024007156752157
bs,1497.3964786023128,1.0064363212453586
σs,662.9150627622948,1.0034586512096637
ws,710.0007742647934,1.0050741446778684
ps,1308.515629603756,1.0042866596436155
es,1120.6558865977333,1.0027650582296217
σ,931.7608658144438,1.0013878112577543
