label,ess,rhat
Overall,799.6916177379974,1.0047631986725216
as,661.7279318910454,1.0040857333463544
bs,983.745300079116,1.004766657034397
σs,532.3696380718308,1.008672439065415
ws,544.3119496427427,1.0072290343717414
ps,845.8318302444882,1.0043832329105344
es,1154.3591872152092,0.9991938772972924
σ,940.1822956150631,1.0045501696077197
