label,ess,rhat
Overall,720.9443643377356,1.0039588144863252
as,556.6729255938279,1.0029929159416666
bs,919.8128014054854,1.0043957212076253
σs,520.2817740594497,1.007026967061806
ws,522.0622012238899,1.0073441164210797
ps,774.2343803665457,1.0030847080415464
es,528.8512572745655,1.0048159479946588
σ,933.7957664473286,1.0035780336019753
