label,ess,rhat
Overall,936.3282128607173,1.004415000328669
as,619.8432754725798,1.002638932982387
bs,1316.643235232309,1.005494271254729
σs,566.1137199566825,1.0084564195659564
ws,651.8206829580394,1.0076932214588017
ps,1014.5258194685343,1.003461501271697
es,634.8083136040977,1.0085917543213139
σ,1199.9732530308704,1.0024907935164344
