label,ess,rhat
Overall,502.90941690858176,1.0058779877567046
as,351.3646683084193,1.0073841000870187
bs,662.7501603449906,1.0041592337260572
σs,454.7926468583531,1.007111309618644
ws,393.9633336321219,1.0064162066367062
ps,527.0181389625814,1.005756409138143
es,337.1169754479565,1.0089989347587776
σ,984.6286405553707,0.999013240883477
