label,ess,rhat
Overall,898.9701979748753,1.004064230293716
as,725.1702214187618,1.0032520315071811
bs,1139.062918000718,1.0044090959718572
σs,514.4722858504452,1.0067747623223973
ws,599.7586308818378,1.0039609742884215
ps,985.605228182138,1.0039902844802673
es,575.0918992375847,1.006772289494223
σ,978.7841506172892,1.0034365830017613
