label,ess,rhat
Overall,572.4671091967828,1.004903034040832
as,476.50578533523066,1.0044819208803029
bs,688.748358964572,1.0047700629379446
σs,499.3153759343293,1.0068977373891335
ws,511.14642963708144,1.0063732068569828
ps,588.0715978951057,1.0040902569826058
es,528.5837472497349,1.007984775462865
σ,990.3652816508983,1.0022296809168518
