label,ess,rhat
Overall,491.12459516849856,1.006164231985736
as,418.11901154666765,1.005407013588401
bs,566.4507832594148,1.0071917659747207
σs,482.77041907979253,1.0051910958557968
ws,421.1082683789871,1.006224296611334
ps,510.69492782416415,1.006282683695383
es,461.6792326825098,1.005682166339667
σ,881.3825925673118,1.003327843319872
