label,ess,rhat
Overall,616.7281926751713,1.0066062810149792
as,542.4822978046894,1.0080040904943204
bs,744.2127210840847,1.0044400005883405
σs,425.0691119368171,1.00937277642525
ws,575.2415795253614,1.0075670610367824
ps,633.8907308228677,1.0065173436154689
es,572.2995263301902,1.0055029920186134
σ,757.1988913227411,0.9995958711333458
