label,ess,rhat
Overall,648.8341705468041,1.004761899626988
as,569.3992666118626,1.0043138053262397
bs,776.5818993396005,1.0046217614994069
σs,474.9080010585255,1.006879536368975
ws,523.4299177665265,1.0073388760949211
ps,703.6529356663414,1.003692016142902
es,544.608715440482,1.0053145199644795
σ,936.8482210148078,1.0005499119230457
