label,ess,rhat
Overall,536.0171977171472,1.0050328814270664
as,440.82029192074674,1.0049437577064495
bs,657.1670071473759,1.004487882491957
σs,442.58674463536556,1.007315722987682
ws,479.1461866129741,1.0068299694386231
ps,550.1843431457787,1.0045125147862763
es,473.87586626391885,1.0036023852677216
σ,974.4062127292647,0.9998583502676237
