label,ess,rhat
Overall,829.5201974668392,1.0048343418574468
as,694.8455320500773,1.0056426875787492
bs,1013.8071739452442,1.0034198779356427
σs,541.7687933093108,1.0083498274203564
ws,566.39511552179,1.0068509064164264
ps,899.5178370115453,1.004388448070645
es,589.6195537037377,1.0050985068236171
σ,1106.9357701877443,1.0015101389838164
