label,ess,rhat
Overall,700.8039425241092,1.0041860075088973
as,489.7602893656731,1.0038728924746254
bs,946.4243083530042,1.0043276315689516
σs,500.2590090354462,1.0051806551593598
ws,509.74249851499684,1.005037615254873
ps,748.7320901480499,1.00403863513066
es,500.0448560726475,1.0051731086376412
σ,1094.508357587211,0.999066386455097
