label,ess,rhat
Overall,928.4280972771134,1.005534600713278
as,605.3599649691666,1.0051417982608393
bs,1316.1265643766544,1.0056414687620863
σs,553.5721554858692,1.0071930202543329
ws,629.5976520874045,1.0030390156158577
ps,1013.395297245402,1.0061997135642993
es,623.3288203467469,1.0039434035781365
σ,1046.1663949365065,1.0067385993035853
