param,value
Exponential mean,1.931578947368421
Cauchy mean,1.3210526315789475
