label,ess,rhat
Overall,476.2921649904984,1.006976030450223
as,415.7981296049957,1.0060606890188508
bs,553.8303403636593,1.0063258307410556
σs,414.9332610349293,1.012611978556166
ws,400.7603545149523,1.0115118007691526
ps,501.867587664575,1.004403999228956
es,387.0369658189099,1.0149394040946675
σ,896.2232995142401,1.0034928510871168
