label,ess,rhat
Overall,580.2430334188456,1.0069406994385834
as,506.8815629864748,1.007770807412843
bs,684.6512345327708,1.004495169518611
σs,468.47480296524947,1.012756218443148
ws,523.0442407449568,1.0088119731336709
ps,596.3895760794389,1.006088738957288
es,479.7674491131621,1.0078841764022457
σ,1047.7696049414537,1.0047494336838891
