label,ess,rhat
Overall,535.2506350848519,1.0057257462557372
as,465.5623917745948,1.0077535624327478
bs,617.269767541008,1.0036293394704194
σs,490.85943415961447,1.0059726724456453
ws,505.4640255100665,1.0060524173930525
ps,533.4388871320964,1.0057730355561025
es,474.90397952212334,1.0045008347453745
σ,1060.488707879375,1.0030259938191888
