label,ess,rhat
Overall,612.8636056523515,1.0048451432921395
as,510.0278138308038,1.0058611037599776
bs,757.594317080159,1.0038364326919198
σs,462.0418950698145,1.0048190437687115
ws,560.1418776770413,1.0049017879287292
ps,631.3041946267697,1.0044622490427753
es,492.5898231538219,1.0099256709639925
σ,1006.6165930182538,1.0039596027928226
