param,value
Exponential mean,2.8473684210526318
Cauchy mean,1.7789473684210526
