label,ess,rhat
Overall,482.2317866204381,1.0059228413891652
as,406.14393072614274,1.00572669916565
bs,582.4039619234663,1.0038885678531246
σs,395.52823674899935,1.0139523381235664
ws,416.5645837975961,1.0097891674956825
ps,504.3272462107589,1.0044393479844993
es,397.9796320073974,1.003285625422103
σ,864.2605803722813,1.0033721885663904
