label,ess,rhat
Overall,514.415562397444,1.0064547283922
as,393.31290732770736,1.0076474748606208
bs,656.7352667357961,1.0056520518441088
σs,438.0341850304285,1.0050504766790134
ws,446.47126877683036,1.007252065051379
ps,538.1865390368873,1.0059996410880812
es,426.95110690614524,1.0102852740169626
σ,886.6306042018833,1.0010578671396109
