label,ess,rhat
Overall,702.563141332056,1.005248316024159
as,651.1447057373366,1.0067561717088263
bs,819.2727191770001,1.0029921681487788
σs,467.51502923124565,1.0079421679107243
ws,649.5301778425077,1.0044548128061397
ps,718.9114732355961,1.0058158295278228
es,682.1961966577289,1.003279133850263
σ,954.6359630632431,1.0039533678929196
