label,ess,rhat
Overall,563.8768843448577,1.0036045804428597
as,469.5924695752771,1.0031698363553625
bs,682.6825276054245,1.003518258267639
σs,475.6004617773078,1.0054804189886446
ws,515.3467407078427,1.0043734252482766
ps,565.2170599578657,1.003373467012388
es,539.9476677929249,1.0031038399861085
σ,1159.2524751546962,1.0013888728836247
