param,value
Exponential mean,1.3210526315789475
Cauchy mean,1.6263157894736842
