label,ess,rhat
Overall,624.9953574514346,1.0053724024624322
as,512.9374417174179,1.0055410191387562
bs,785.6955049073363,1.003785202360304
σs,449.88332325264963,1.0104793027953274
ws,564.4444551324488,1.0057261241813007
ps,639.1228335372089,1.0054932083425576
es,559.2233127405407,1.0038432432766569
σ,1115.8358964709275,1.001045107324296
