label,ess,rhat
Overall,501.54821955682246,1.0068592531120106
as,439.6204480005447,1.0089392955344598
bs,577.0327527113157,1.003931835796211
σs,452.74387780324577,1.0099098027280706
ws,428.56558170514614,1.0072769337523253
ps,520.4807837686496,1.0062029626515494
es,428.51072530261104,1.0140195802180507
σ,1031.1681927778475,1.0045899831881437
