label,ess,rhat
Overall,825.9934705101166,1.004740164316326
as,597.7450073650648,1.0044354059087353
bs,1111.8648714496912,1.0049744895454071
σs,491.78043130188735,1.0051486767516802
ws,540.5172823564177,1.006037589776746
ps,906.6610195808498,1.004335463654934
es,513.9440434753901,1.0089811647860347
σ,1003.7642270287646,1.0001146895986799
