label,ess,rhat
Overall,738.9134906123295,1.003827445660202
as,546.1013000705361,1.0054700192291286
bs,965.6826653413873,1.0019804297685782
σs,541.9629823261968,1.005013211131848
ws,525.9707522935264,1.0055099451609453
ps,794.0841888971844,1.0035077520021642
es,530.696997457952,1.0031208504739257
σ,1062.4658190736889,1.000395937609653
