label,ess,rhat
Overall,499.7576628580366,1.00615309474471
as,355.68743229937667,1.007954065684405
bs,653.4122450710364,1.0039435475950382
σs,444.1684232628639,1.0085228367625787
ws,389.30664424170436,1.0081858106891757
ps,522.5812010766398,1.0057539493186651
es,353.039037682115,1.005535128718737
σ,1023.07730211291,1.0021554159132176
