label,ess,rhat
Overall,949.5222504886319,1.0042721945556286
as,635.6367920767611,1.0035036691790198
bs,1338.4637869977503,1.0045322539989128
σs,514.1969975245936,1.0072212969689123
ws,574.2235431620403,1.0049307602096604
ps,1059.6193675672591,1.0040995142953455
es,582.4682077649538,1.005578640240182
σ,902.5532040809742,1.0020451678317266
