label,ess,rhat
Overall,695.0707581342853,1.0051484027668065
as,601.8634815202497,1.0054887607247847
bs,840.7900146622194,1.0039409302435618
σs,506.0276304442514,1.0082700152017645
ws,571.3541462012814,1.0069854572625652
ps,738.9781290651662,1.0045653044245564
es,706.5707368569854,1.002982977545047
σ,1015.0784996820311,1.0025951561597248
