label,ess,rhat
Overall,666.280637104428,1.0028916523994855
as,643.516412655093,1.0015821473219868
bs,735.2254166136235,1.0030280289346303
σs,500.03063888893104,1.0071149151519603
ws,537.8459659773856,1.0053097637557098
ps,709.9474279448564,1.0014094453080902
es,668.673488331867,1.001847334077881
σ,1067.3744263229287,1.0145003371442836
