label,ess,rhat
Overall,871.380001119233,1.0049819109283367
as,632.7667850205005,1.0061468192864453
bs,1174.753911722925,1.0038863231861446
σs,495.76797299046575,1.0045798513560196
ws,575.6941719163684,1.0022136852872394
ps,953.689449000759,1.0056812455604296
es,624.0372945509332,1.0056933919160072
σ,963.4418663769537,1.0032095943056987
