label,ess,rhat
Overall,702.212075685797,1.0060921942910124
as,489.58715184419736,1.0093858644669638
bs,957.6334971382296,1.0029613150079055
σs,453.9923895429658,1.0051480071125118
ws,510.32347797995334,1.0035744092584098
ps,753.2669350660245,1.0068629220392853
es,547.1575659427486,1.005154327644043
σ,864.351017391094,1.0011864160590693
