label,ess,rhat
Overall,912.8471242525993,1.0048026606454354
as,642.0630422850636,1.002837181854443
bs,1247.494364720403,1.005802536953158
σs,542.4408049510467,1.0104031550483987
ws,577.8288868978339,1.007936272579854
ps,1008.8536383893905,1.0041628508673328
es,529.7658443042808,1.003549945506692
σ,1090.915853840454,1.0004156170588248
