param,value
Exponential mean,15.666666666666666
Cauchy mean,11.333333333333334
