label,ess,rhat
Overall,180.5542009418673,1.1452083982975212
as,39.91882028020156,1.2248137823800107
bs,291.682435047737,1.0557808093721657
σs,286.7799285427333,1.1805683357318386
ws,63.38920755287648,1.0928712658488375
ps,214.24004878806392,1.1547271466856046
es,8.87018541719328,1.405689339898764
σ,1054.0701086579938,1.0048046463890672
