label,ess,rhat
Overall,126.28131234871913,1.1049396016926394
as,57.20162364642874,1.1446674577685259
bs,162.5332024104128,1.0547186445673151
σs,244.46138745486752,1.1427147654706151
ws,50.39435761686315,1.2073100959360124
ps,139.40984871119056,1.0417047359109957
es,16.18442831639883,1.3591256178411881
σ,915.7765917713745,1.0122281487977993
