label,ess,rhat
Overall,5.712130807704087,2.381559047611119
as,6.011317836081623,2.2989076585416175
bs,5.607141529154549,2.371256204290523
σs,5.013018908323293,2.716194284215469
ws,5.611900064973644,2.2486370984761197
ps,5.8617770751846825,2.3744326892229535
es,4.614787125504195,3.3333053935770307
σ,5.218784130373698,2.2584150633915865
