label,ess,rhat
Overall,640.0277843659377,1.0043731438655321
as,543.6840640888335,1.0014530843513851
bs,782.0793420117243,1.00622890112252
σs,475.47956983868255,1.0082046319913043
ws,569.3192197559799,1.0059957813251368
ps,667.577271543462,1.0034745450557432
es,516.3744855529508,1.0065452296190123
σ,1019.5504906957806,1.0039208918978213
