label,ess,rhat
Overall,474.1441875966032,1.0059834294208856
as,367.61036188051406,1.0064747207247144
bs,591.2304744993316,1.005032123232623
σs,436.15532732470103,1.0076394830048458
ws,398.7285675739566,1.010293396052112
ps,491.26800150148017,1.0042774480832792
es,406.4769722661442,1.003680405960793
σ,1069.2468970024813,1.003225391544105
