label,ess,rhat
Overall,496.69883463860356,1.0079672116375937
as,433.5930693968135,1.0090438453552124
bs,562.5795757354238,1.0068092335602303
σs,486.70892156049575,1.0082600513326745
ws,435.01891961009005,1.0092855123408664
ps,508.25928720028054,1.007358871932767
es,427.7355686737179,1.0122472556284237
σ,1074.2125803069357,0.9994043475421549
