label,ess,rhat
Overall,604.9784260817786,1.0058616186527418
as,559.6402272595844,1.007015965927466
bs,680.7718223152167,1.0037081492675792
σs,495.3397154013002,1.0094584582503194
ws,560.6476389053879,1.0067425842310722
ps,613.9859288343058,1.0054675538888174
es,520.5494478754806,1.005353256813874
σ,1071.610757045358,1.0065524392525476
