label,ess,rhat
Overall,566.1537219116747,1.0061474317109158
as,464.99436469571367,1.0069392353488908
bs,679.3458895873574,1.0050511128037178
σs,496.3634212452892,1.0079136202724075
ws,454.01468535940063,1.0075245586712953
ps,585.789776148389,1.0058662094145119
es,537.0128959718859,1.0065253827626437
σ,1027.5732090562533,1.0023646763103022
