label,ess,rhat
Overall,930.6119191292684,1.005525697585862
as,688.2233460008043,1.006780471354302
bs,1237.8453209417498,1.0046052075020535
σs,554.5119127619674,1.0035868522149993
ws,589.5159995249741,1.0058170153958388
ps,1011.900783405871,1.0054214765154135
es,1013.7178060371173,1.0063485066450553
σ,955.6856952881695,1.00538687712927
