label,ess,rhat
Overall,828.3834364114008,1.002618413522888
as,614.3360359154619,1.0017773855378846
bs,1081.5430188712098,1.0033927060204653
σs,601.5327810209533,1.0030054793499579
ws,646.0065274894085,1.0039307569905283
ps,862.617930504963,1.0022486450924701
es,942.1215480943624,1.0049003592119745
σ,1146.1744036183868,1.0000552851930795
