label,ess,rhat
Overall,402.08380913159607,1.0096763575644874
as,289.0721626006508,1.012066278442591
bs,509.4727350314792,1.0074995451477906
σs,434.6955887917569,1.0084403284883305
ws,291.2443945069133,1.010075344295294
ps,425.487354803722,1.0092077525460523
es,239.54683661136653,1.0200857863140966
σ,933.8605374062074,1.006562700180472
