label,ess,rhat
Overall,869.9853123189357,1.0059980192133362
as,652.2746911248131,1.0046915191814556
bs,1147.5454878088156,1.0064874176520548
σs,522.8578974035406,1.010737208453675
ws,597.0279003106193,1.0087331668747652
ps,947.1989054270971,1.0053859754485344
es,581.5278782547567,1.0034173827513264
σ,1016.1366553553277,1.0077156209106863
