label,ess,rhat
Overall,671.4950014617855,1.0033573719301634
as,590.1349149635022,1.003642359904012
bs,812.3010651179129,1.0024266982135996
σs,457.4894836935465,1.0056818406039363
ws,581.6307485651588,1.006476181647416
ps,703.3414243538008,1.002085624626575
es,633.579755443875,1.0022801965233026
σ,997.6895330647329,1.0011514360301452
