label,ess,rhat
Overall,535.8226466874029,1.005437943102286
as,414.16859436273023,1.0065672926329308
bs,682.0359614113921,1.0037310907418378
σs,447.4093020498632,1.0075169532895745
ws,468.4866799889965,1.006403462236645
ps,554.581849795834,1.004474220798648
es,450.32190376915935,1.0119360998122349
σ,1027.1164520855575,1.0059121799646507
