label,ess,rhat
Overall,489.23093866545463,1.0049911615130978
as,426.8974349206585,1.0058430678010166
bs,562.1216740175545,1.003884144460737
σs,451.22490487916167,1.0059095602650905
ws,453.2360929476206,1.0061558319100143
ps,491.8192816611766,1.0042867683349206
es,410.5472255901798,1.0061363937487258
σ,1011.2395955412389,1.007038874911453
