label,ess,rhat
Overall,833.9835569069556,1.007766177611746
as,535.0040734102362,1.011377947151326
bs,1194.5541097171163,1.0032497367271325
σs,476.7553548889931,1.0130132714129383
ws,546.3270701231905,1.0079632898974091
ps,916.1691102559503,1.0071102892700012
es,465.3748363873384,1.0143671073532576
σ,1078.1722785996367,1.0236816111045062
