label,ess,rhat
Overall,726.058492662524,1.003657695617898
as,566.7015930701959,1.0035538470344574
bs,920.0823528350979,1.0037617876939713
σs,524.9901212970988,1.0036562833606308
ws,540.0441521290232,1.005347831864719
ps,773.9059851607689,1.003245308343631
es,533.6787798576825,1.003022511023194
σ,1046.3103647584815,1.004441019010272
