label,ess,rhat
Overall,497.85706138675357,1.0064243213455082
as,352.2442428902287,1.007556899649112
bs,656.221869933151,1.005163785026902
σs,423.8955190974908,1.00716647783252
ws,364.6099729975228,1.009008434976128
ps,527.8597547529431,1.005827475375696
es,386.4958351956885,1.0057344528321615
σ,879.4152928625541,1.0054433013557562
