label,ess,rhat
Overall,522.5775499329194,1.0060549509379904
as,421.82839459916966,1.0064967594570708
bs,646.2477239008913,1.0047849863853255
σs,440.06188284971984,1.0090363126588946
ws,456.88548758328506,1.0058904545683782
ps,539.0974956843883,1.0060626762331468
es,487.39041957886093,1.0093103373660686
σ,951.7379692984548,1.0013172768431193
