label,ess,rhat
Overall,613.2767687231202,1.0083953599682176
as,489.5825989462784,1.012877864309122
bs,785.0985094078871,1.0035702911217557
σs,440.01751345458945,1.0096285921882253
ws,546.7382230751704,1.0067636925483014
ps,637.2464537487206,1.0091500888368674
es,503.87231325033383,1.0123069641836113
σ,1007.3364167784782,1.000529209991539
