label,ess,rhat
Overall,431.1328051734863,1.0119965449882826
as,353.6200843839972,1.0122619436490925
bs,520.3507603099041,1.0102012423108144
σs,388.9939615245431,1.0175041994482534
ws,335.63479585653414,1.017022561945885
ps,461.52835973938846,1.0093918960587858
es,350.0744608851527,1.0200284459999645
σ,948.9411868401229,1.0033414116406079
