label,ess,rhat
Overall,946.1620798914764,1.005645810094632
as,640.342499329303,1.0049406746790168
bs,1329.6972960593112,1.006017691762015
σs,495.4113933786424,1.0075786818343802
ws,641.9761401481964,1.0050798115055206
ps,1030.7098571682993,1.0058091502299058
es,689.6864365662686,1.0032675689832922
σ,1051.051334173762,1.0093539488935113
