label,ess,rhat
Overall,467.27155974971015,1.009692072157984
as,322.70234219738506,1.0132185433827778
bs,630.3380641452194,1.004905371440112
σs,359.9872960592419,1.0170014032178394
ws,333.57139015426293,1.0145757510368603
ps,496.88578440430484,1.0086264331929518
es,351.4330054328517,1.0102600080376551
σ,881.8679201082513,1.0011027241736605
