label,ess,rhat
Overall,731.9232364798615,1.0043330330080409
as,529.4121036065939,1.0046493696258323
bs,969.0582672229515,1.003566290618236
σs,531.1046288348912,1.0069453864857196
ws,530.7215511902929,1.0041759543979982
ps,781.7699309840726,1.0041365530104893
es,540.9306566698234,1.0063327236357154
σ,1135.6872833726295,1.011649634955689
