label,ess,rhat
Overall,865.3744309029281,1.0052783931534441
as,575.3609389901927,1.0052122950754363
bs,1222.3648984105164,1.0048812493558943
σs,476.9079724527818,1.0079651960316742
ws,619.8807922475197,1.0054864052073116
ps,937.2925635206426,1.0052478190785028
es,590.5256582609146,1.004897815004211
σ,908.9252744015538,1.0050109604026853
