label,ess,rhat
Overall,807.1486542969096,1.0034723539803612
as,622.369983214909,1.002166329941199
bs,1032.4142233841787,1.0041218846713484
σs,572.3246458663536,1.0072800153997707
ws,559.631283939234,1.0066238744430933
ps,873.4099648977925,1.00279880931352
es,550.9087800175844,1.0022976118473128
σ,1109.2939383053013,1.0003337367020304
