label,ess,rhat
Overall,450.11850881087474,1.0079105667696062
as,312.23071172742056,1.0105333218438994
bs,590.7925295265501,1.0052574639204457
σs,433.95841174399163,1.0080865838638362
ws,375.91463139185174,1.0091529153484287
ps,462.8893607218933,1.007788204417571
es,348.93163658841837,1.0080695405406863
σ,929.9378905551738,0.9985578291792665
