label,ess,rhat
Overall,723.8074627585095,1.0043181591913766
as,560.7528911867279,1.005046960119415
bs,911.9489986974448,1.003365119070693
σs,578.3030694290167,1.0056187465087199
ws,510.46165318505285,1.0046485698803147
ps,779.8680254475543,1.0038918462762207
es,487.9006956861182,1.0110720618008486
σ,1064.8637027106126,1.0073084456326387
