label,ess,rhat
Overall,616.1242323299913,1.0039991280007454
as,472.4915396866584,1.0040089941592396
bs,806.2382819027548,1.0035493527574681
σs,448.79134738404025,1.0055828007059637
ws,552.7694363792278,1.0060523243213055
ps,634.9538785196393,1.0034149552108576
es,540.7458879151485,1.0022877231250815
σ,1037.5676716379885,0.9979720744424382
