label,ess,rhat
Overall,669.2882431087625,1.006943384397811
as,544.4227153595841,1.0076987941817401
bs,855.2230709777829,1.0049295910963876
σs,449.4387626773311,1.0114735650607907
ws,640.8590549618316,1.0067158098959923
ps,680.5351866728936,1.006979454412318
es,551.1658586460876,1.0102184138662489
σ,954.2627371298782,1.0021863991055817
