label,ess,rhat
Overall,489.19336979270565,1.0082001617324512
as,400.32575865694935,1.0101553686152867
bs,588.1845424964984,1.0058494930927369
σs,452.7485481477746,1.0096238240572164
ws,424.2770201926535,1.005095245001958
ps,503.77333251364684,1.0100207735198328
es,449.47641192845174,1.006881671208612
σ,968.5444499773708,1.0007602370741313
