label,ess,rhat
Overall,515.3601806356879,1.0077442015824913
as,486.7805709181159,1.0082501943187578
bs,565.2349357358781,1.0061413649713709
σs,438.697657258262,1.011692839531965
ws,456.337108072624,1.0110071911975969
ps,527.829193523212,1.0063228434798654
es,472.6191198655948,1.0095851219850185
σ,984.9248378570162,1.0018617960644418
