label,ess,rhat
Overall,1131.7171491191307,1.004079616516395
as,844.1682948959505,1.003094530414895
bs,1513.4922927153132,1.0048156164538349
σs,585.2046707557158,1.0055243162679426
ws,691.1805366214999,1.0028315875202483
ps,1241.1775793968916,1.0044430412639935
es,1171.508561852871,1.002363948142881
σ,1084.4730202906778,1.0050429133324512
