label,ess,rhat
Overall,649.4631393368805,1.005945475841174
as,569.4434590544805,1.0048583093605545
bs,751.7778884492856,1.0065216171655234
σs,520.1517401228515,1.008909421747542
ws,477.71074437445304,1.007498853656451
ps,683.3741815883985,1.0057209566317498
es,691.0035356503132,1.0035368624134002
σ,999.681058186288,1.0028990909657605
