label,ess,rhat
Overall,880.1903535282898,1.0029376473428235
as,681.6579398749687,1.0025585089514932
bs,1119.7835813415052,1.0033660818589345
σs,642.0376314009067,1.0026517298190956
ws,677.9922555812412,1.0033494599198949
ps,922.326577065699,1.0029456020083753
es,1028.1420285804006,1.0005524243245891
σ,988.1254489930144,1.0023845185079543
