label,ess,rhat
Overall,962.7669219779689,1.005249283709269
as,815.4038289774003,1.003872509695791
bs,1186.8446054973804,1.005179119586624
σs,517.8222969686818,1.0136415248987833
ws,525.9758327036278,1.0088509539896517
ps,1068.209868472665,1.0043360070981275
es,1022.3919756464961,1.0038193782816998
σ,1023.7484541876061,1.0087263285346042
