label,ess,rhat
Overall,1072.8342734095718,1.0044656240762113
as,907.4971344399717,1.003235464995598
bs,1296.5336562717405,1.0051458311663328
σs,734.3332588326746,1.0076553456210648
ws,664.685871695838,1.006845475427088
ps,1184.3203823009442,1.0039491957849476
es,854.8704166600312,1.0025556838720728
σ,1055.2095806875725,1.0045158462546355
