label,ess,rhat
Overall,546.681316551624,1.0052908079828036
as,442.4817335201027,1.005863880792977
bs,664.9002110707493,1.0042813545337776
σs,465.36930992352137,1.0078218156881464
ws,390.6751468795688,1.0104357060441873
ps,579.5101117989865,1.0041142825890679
es,403.6465093250967,1.004925468421191
σ,1129.0427951959477,1.0007559292687411
