label,ess,rhat
Overall,886.8089255050911,1.0041935180378896
as,659.3548370661046,1.005028376242475
bs,1182.4696310409627,1.0032957665938684
σs,491.2105463431587,1.0045582988266175
ws,563.208575296539,1.004004445232219
ps,977.5408547092034,1.0043574246364178
es,632.8744809189006,1.0010613070190515
σ,922.7494153827143,1.0048592970142722
