label,ess,rhat
Overall,966.514039018734,1.0030936343352568
as,755.5254267541682,1.0011137462038127
bs,1254.620634436079,1.00436421585627
σs,519.229736732613,1.0072076126757579
ws,653.9641291317502,1.005185840345737
ps,1053.4109653720088,1.0026919414475228
es,761.2886210829997,1.002021055463815
σ,956.5113285768062,0.999413578563622
