label,ess,rhat
Overall,1181.3524832142768,1.0052814418670268
as,1282.5235362179976,1.0064905151433687
bs,1408.1871051656153,1.0044572292400546
σs,656.5434032861813,1.0046656648280359
ws,1194.0493509343535,1.005322099143218
ps,1217.7818927204628,1.0080206244114667
es,1095.056344571602,1.0000866778187
σ,983.0058908215896,0.9987479873827543
