label,ess,rhat
Overall,1106.4020364689834,1.0034327081178662
as,1208.5797702375794,1.0036347474653202
bs,1273.404449665157,1.003539002741048
σs,675.7138013253532,1.0029393737648484
ws,1148.7025984047543,1.0045842191964633
ps,1064.2420563240655,1.0023571366569684
es,1053.5816944226056,1.0013393393100922
σ,957.395858202003,1.000254741555639
