label,ess,rhat
Overall,1316.3893666550375,1.0032939640007317
as,1374.8087587107286,1.0039706763714364
bs,1589.7447566667113,1.0034510736094788
σs,785.549715347254,1.0019598488336094
ws,1438.143075637695,1.0037099298069663
ps,1206.1966151002368,1.0036266053465444
es,1117.8903264448647,1.001308546880427
σ,913.4994486122977,1.0002773604916508
