label,ess,rhat
Overall,821.2033600522195,1.0044936764803019
as,601.9340291063513,1.0041178084673772
bs,1099.639140710073,1.0040897516791292
σs,478.0379517227003,1.0090164748020676
ws,571.7621169326242,1.0077419221088617
ps,886.780590167817,1.0035856410668134
es,630.9651093255011,1.006426897176906
σ,1047.267733392106,1.0052339873918295
