label,ess,rhat
Overall,479.92816980327575,1.0099989510235423
as,352.98768633737205,1.0147026900393257
bs,614.7665050295595,1.0047755297798455
σs,434.1206295930706,1.0130131079454379
ws,337.0807933206597,1.0092837998526358
ps,509.47629421901905,1.0104228268826954
es,348.6173173947701,1.0067079264711274
σ,1038.408420456001,1.0048167729399031
