label,ess,rhat
Overall,1093.7042367121705,1.0047626414117725
as,654.950150368292,1.0036205191278338
bs,1628.68356975044,1.005531211266429
σs,535.5978058847061,1.006929245501608
ws,699.0960725561295,1.0050190304866724
ps,1213.4305745801207,1.0047643962738444
es,630.1753157060477,1.0042489089647395
σ,1009.1958309353138,1.0026292040275897
