label,ess,rhat
Overall,714.8474481659424,1.0075571330043565
as,553.5057337827874,1.009794642214857
bs,911.7853807397948,1.0053302556840003
σs,508.3893826599002,1.0074954680415182
ws,531.0312166535032,1.0081356960638128
ps,765.1447951708466,1.0072708816555045
es,515.4258849092407,1.0139735474477356
σ,905.2126965932158,1.0015216121490156
