label,ess,rhat
Overall,657.8589381065267,1.0044869787052215
as,598.1879970829341,1.0048763953440658
bs,773.45675520018,1.002497251920534
σs,456.52218425430857,1.0102480952302533
ws,612.3384110898184,1.006319924596774
ps,674.2464276379887,1.0034382198153118
es,547.9150110741753,1.005528907045109
σ,997.9183885537225,1.0076755024644504
