label,ess,rhat
Overall,505.83087544341345,1.005782865141469
as,463.5886551381114,1.0046495299876923
bs,559.6748958436218,1.0064033214435446
σs,464.0643951017508,1.0076292290075937
ws,475.00525994412357,1.0074741973894235
ps,509.31101888517117,1.0050364978871484
es,413.13971288985533,1.0079329573635643
σ,970.6368570563076,1.0005922423341604
