label,ess,rhat
Overall,1020.5373759670737,1.0048601970492985
as,735.6014073227605,1.0051973618715462
bs,1383.540866454419,1.0039117012745202
σs,567.7457492774844,1.0084059165739743
ws,704.4984578097115,1.0070629510641065
ps,1109.975229712201,1.0041765727842116
es,805.5192463447208,1.0105611266229375
σ,950.0236733340024,0.9998392544484968
