label,ess,rhat
Overall,714.2554448112837,1.0033911238525115
as,579.9543397705091,1.0022395951094656
bs,874.6088625541176,1.004264212562343
σs,563.1520311393381,1.0050060760451556
ws,575.542981465819,1.0060627166191844
ps,748.5416795548068,1.0026406060410342
es,575.8666726375766,1.0048343723854574
σ,1009.8432816151633,1.0044703685374479
