label,ess,rhat
Overall,918.4819249084798,1.0034973196677268
as,765.4836618918258,1.0024086495891689
bs,1139.4386733675399,1.0037600779592646
σs,524.3227093425248,1.0082876080324445
ws,592.5528938929749,1.0041598318342826
ps,1007.0848736422448,1.0032888529906427
es,698.892537785495,1.0050124060573444
σ,1015.8675321197787,1.0025234013898614
