label,ess,rhat
Overall,966.8001316461006,1.0032977027941423
as,836.523682480637,1.0021495150754072
bs,1168.156823152914,1.0037749529688744
σs,554.5347260662688,1.0071891405493656
ws,580.9054949038724,1.005938672181611
ps,1066.083235328377,1.0027889860268744
es,908.1198792649623,1.0012024831880266
σ,949.3073005658291,1.0002149141856227
