label,ess,rhat
Overall,986.1073647390607,1.0050922311514388
as,784.6720589099898,1.0038570400588913
bs,1260.7493367768116,1.0061945834220867
σs,561.5087007287158,1.0058626963184574
ws,642.1204383025862,1.0043044134555177
ps,1074.5400876938613,1.0054183932076575
es,1002.9412812044791,1.004204118054804
σ,835.5119472154897,1.0006664909972571
