label,ess,rhat
Overall,602.7257390025907,1.0052114557253677
as,490.83670025886806,1.0063486523305367
bs,736.0907827853076,1.0038210210689682
σs,478.16490977642417,1.0066802364225045
ws,424.2234382736213,1.0061679919233535
ps,640.5594567347845,1.0049138939798832
es,572.9340900264949,1.0048096976591456
σ,988.3181945571091,1.0088195012652417
