label,ess,rhat
Overall,481.5846584546182,1.0073268955370769
as,343.5212631303039,1.0109252343880013
bs,628.9666427328129,1.0025866778172143
σs,427.5368425221121,1.0139497929769188
ws,384.6831540103674,1.0088704465182838
ps,500.8437123749222,1.0070832860667638
es,342.16794898281233,1.0047884139772028
σ,998.80154255465,1.0055745014573618
