label,ess,rhat
Overall,977.1706141143345,1.0048900078720508
as,661.5809837591114,1.0026453038480483
bs,1373.7164061420715,1.006293614904362
σs,507.62487641375236,1.0097683704238622
ws,559.3618836365027,1.0027450849887358
ps,1096.8881094857813,1.0051833656051794
es,591.8585737524633,1.0042133511611886
σ,1015.0596827426054,1.0179012247033876
