label,ess,rhat
Overall,812.586299004338,1.0049215082966592
as,624.7919534102805,1.0060659375448244
bs,1055.4916117701707,1.0032265666791524
σs,492.94268940804096,1.008114480038841
ws,562.4897097658662,1.0049401534737565
ps,884.6186632846708,1.004880070352902
es,520.3178641913049,1.00885063620736
σ,940.7287540361002,0.9988285316504322
