label,ess,rhat
Overall,1093.5236826654052,1.0035231316627504
as,884.6622543718561,1.0033121071973055
bs,1389.4637898272142,1.0036386225065128
σs,588.4673452295002,1.0040772266685103
ws,708.4699468325916,1.0040720408910098
ps,1172.8798682374716,1.0033614248321328
es,1540.6244148409273,1.0042351927631712
σ,1010.8701408489413,1.0032740265924531
