label,ess,rhat
Overall,972.4223416936293,1.0031847487610208
as,751.5870665147575,1.0022401524243405
bs,1251.514340738678,1.0040899522692783
σs,634.5333432698033,1.0034132271658722
ws,777.3619908319846,1.0032343410962588
ps,1010.9400862781031,1.0032950921904045
es,1265.1526398053086,1.000895471758742
σ,878.8342157552506,1.0018717101323105
