label,ess,rhat
Overall,1015.2751186945785,1.0039361981808714
as,908.8561647978082,1.0032476239100558
bs,1206.0599660672106,1.0038620279134647
σs,525.9529365345818,1.0083601165025584
ws,630.1234334773133,1.0047729370213043
ps,1106.916764183709,1.0037973557927258
es,1152.820833378833,1.0027356395014935
σ,963.2049284550001,1.002960884085426
