label,ess,rhat
Overall,643.3850884423958,1.0046947639904915
as,571.1585065100619,1.0051278286364287
bs,730.6568462338292,1.004063470488745
σs,556.12306845962,1.005844491354186
ws,455.16604662427295,1.0071367354773753
ps,682.1736635965405,1.0041833002551412
es,673.8316709939705,1.00327522110491
σ,979.268817757787,1.0027804512158731
