label,ess,rhat
Overall,994.0333656375149,1.004539245940626
as,631.6715664842313,1.0040031441454802
bs,1426.836358793505,1.0047883876691086
σs,585.4744404218155,1.0062036143272723
ws,642.8209204601727,1.0036515292330923
ps,1091.7868988116754,1.004782693273811
es,706.9261037632962,1.0029050877288008
σ,1090.6276391543556,1.0067746908618
