label,ess,rhat
Overall,876.5743142942293,1.0046151265248013
as,710.3377414364146,1.0043340514341113
bs,1094.5435266920404,1.0042841586886768
σs,576.5250049622462,1.008164975500327
ws,642.540022985486,1.0068018604475353
ps,936.8223590828514,1.004035194678994
es,607.4925596833928,1.0037554938660609
σ,1331.2431693669607,1.0079303133682165
