label,ess,rhat
Overall,842.0849578501384,1.0035568642435064
as,664.8181171350093,1.002930901218919
bs,1073.685517759086,1.0041158231117138
σs,526.9493865259931,1.0039454883505115
ws,548.8479447488046,1.004195288701255
ps,920.1588230667084,1.0034132894489074
es,641.9765705325779,1.0032784445260905
σ,1013.600359305906,1.0033442003261153
