label,ess,rhat
Overall,763.0424296955811,1.0052881835821663
as,597.8524387689038,1.0064006419886977
bs,966.3722695093154,1.0042072074597936
σs,541.8313061506533,1.0051055863340468
ws,506.437939425751,1.0057539534423343
ps,827.2201896978607,1.004988123198055
es,596.6584198548233,1.011534555528411
σ,1094.531852505642,1.0016090998050078
