label,ess,rhat
Overall,1185.0671448146022,1.0027397536092852
as,790.8807160289421,1.0020009570355966
bs,1690.3669940436691,1.0032371422284165
σs,540.609306242839,1.0041399197457168
ws,703.2264823289324,1.0040905149357109
ps,1322.7085427888644,1.0024591767412765
es,822.7703529458897,1.0019942204967367
σ,1084.9615756154774,1.001489373581696
