label,ess,rhat
Overall,558.9075424629349,1.0071602325088518
as,436.99975078288196,1.0098963977881719
bs,695.5624014472581,1.0043974286179416
σs,473.3745520981682,1.0073147364560753
ws,355.61102537831886,1.0097868674115216
ps,606.5321772802669,1.0065783813692775
es,397.1547177082289,1.0087690293039457
σ,1035.9889257558084,1.0003518747861866
