label,ess,rhat
Overall,640.7842320605672,1.0042385942962355
as,526.0904998493447,1.0025770761707047
bs,806.4679715784516,1.0055106713236415
σs,457.22020575658405,1.005640582249486
ws,570.0205947572582,1.0054203456539452
ps,668.2078150940124,1.0036285044348563
es,526.4434616698259,1.0071724168706906
σ,1005.6162616121795,1.0000522692506697
