label,ess,rhat
Overall,650.2467450820105,1.0065053703616005
as,609.2062853646842,1.0083667689625202
bs,738.5230485396108,1.0044623691005532
σs,480.1977076170245,1.0071591399380568
ws,587.2219700133522,1.007674598034732
ps,669.190373631815,1.00592970846948
es,622.6914831188735,1.007017451206111
σ,969.1202275372642,1.0064176857901193
