label,ess,rhat
Overall,558.0455527012839,1.0062796134232161
as,482.6625294559929,1.0087650491758107
bs,659.0803960135838,1.0033496859714828
σs,465.6990004600515,1.007879783540115
ws,450.36044490137624,1.0091766164325155
ps,596.5076823513448,1.0047688874368979
es,535.1329695141221,1.007681566571033
σ,896.0766417729104,1.007990546660262
