label,ess,rhat
Overall,965.4114458104984,1.0043580738913511
as,608.6918950732664,1.0034161497840401
bs,1410.6185503434347,1.0046551896918898
σs,452.183633795416,1.0080979620706343
ws,599.6025952550234,1.006905201879021
ps,1072.2382773175418,1.003894111703539
es,615.9788496976621,1.001583251677267
σ,926.2949323638053,1.0016123674824773
