label,ess,rhat
Overall,787.7150653098578,1.0056301268294683
as,644.622569845946,1.0060702323773232
bs,991.4923707460313,1.0042361897332335
σs,435.74316747074374,1.011162349810073
ws,542.3645908231725,1.0087893342814742
ps,857.0264281610989,1.0049124849498712
es,587.9184821894676,1.0032258191548173
σ,804.5685085312941,1.0069750629753649
