label,ess,rhat
Overall,515.9875178441807,1.0072237913848905
as,378.0377732459905,1.0078320827163767
bs,672.6986867601921,1.0055255831611902
σs,407.1712568008171,1.013545309359732
ws,354.6274918186535,1.0123558945351547
ps,555.4029888075041,1.0058570530222173
es,359.4406758527033,1.0085784046729138
σ,873.4589078939341,1.008532768413986
