label,ess,rhat
Overall,477.79746262142567,1.005760966821592
as,431.9893172766678,1.003878278634868
bs,532.2881764814682,1.0081077929341773
σs,446.54021596640143,1.0040900702884912
ws,470.7285522712018,1.0033194527749805
ps,462.1935605003539,1.0070313986092474
es,465.19790385385056,1.0058300810188623
σ,993.5249595071346,1.001889680507347
