label,ess,rhat
Overall,463.38412675146856,1.0050467760238222
as,366.4533008045511,1.00496281171099
bs,564.5119498649603,1.0038149892629669
σs,448.27493695180146,1.009783479889099
ws,411.1870265826298,1.0078842346029901
ps,474.1350311954012,1.0040124388815213
es,395.2314344238622,1.0039486878594217
σ,946.5311978904987,1.0000862151024292
