param,value
Exponential mean,1.0157894736842106
Cauchy mean,0.7105263157894737
