label,ess,rhat
Overall,494.91919440146864,1.0058466085704378
as,400.15864954725777,1.0058832130839086
bs,598.9048959965587,1.004824052340654
σs,461.7086301343035,1.009396034749162
ws,436.4674973629341,1.0085732957529305
ps,503.0598963326061,1.0044325455856435
es,451.7399059470322,1.0078331178508586
σ,1071.0398855631797,1.0059189814243281
