label,ess,rhat
Overall,645.6301415372714,1.004080657908624
as,597.8273526675389,1.003113125373631
bs,748.2699055782637,1.004348497465098
σs,448.21703092073574,1.0065995526312908
ws,584.2992521948894,1.0057842339749496
ps,672.712545301095,1.0030680063146298
es,586.5950283245203,1.0040838790044326
σ,795.5285422119407,1.00996024436494
