label,ess,rhat
Overall,619.4635683131778,1.0056937956509477
as,553.079412357596,1.0055732800835826
bs,710.3030869498938,1.0054978399546135
σs,531.4242626610954,1.0068330922002642
ws,540.3880001407123,1.0092914727351154
ps,639.862733969994,1.0043282586119966
es,549.1753694537281,1.0043302557496379
σ,1178.568477024449,1.000752713456281
