param,value
Exponential mean,1.0157894736842106
Cauchy mean,2.236842105263158
