label,ess,rhat
Overall,633.0296592305433,1.004421627367033
as,556.1993548113928,1.0053060026056209
bs,766.7942298732113,1.0037964182943044
σs,428.0663008258807,1.0034886291699423
ws,547.3260281912187,1.0055314560718516
ps,673.1414583621764,1.0038905939282765
es,558.3680106072251,1.0060036273009947
σ,767.8897515266192,1.0017465524489668
