label,ess,rhat
Overall,638.9608906238199,1.0055534237759731
as,528.5613240806052,1.004379764916172
bs,788.6686397859147,1.0056001022131333
σs,497.45143319585105,1.0096105532974817
ws,576.36894578829,1.0081473608265659
ps,655.0549734400028,1.0047822499310803
es,530.943542659393,1.0029897520938686
σ,1187.6527713582802,0.9996040425002948
