label,ess,rhat
Overall,529.5465668863757,1.006186857780341
as,424.94426910142863,1.0068546081109693
bs,659.3431679866985,1.0050692504237493
σs,438.8470749510228,1.0078063430738085
ws,452.73511390109957,1.0093486240821534
ps,555.2444046056373,1.0048791720333798
es,494.23441826139265,1.0059982359729358
σ,853.7645192588504,1.002622735194392
