label,ess,rhat
Overall,525.6892803360222,1.0077829858611325
as,445.10736023523845,1.0072668000672118
bs,611.0014874540476,1.0063000644747353
σs,508.6602470739532,1.0149797717102742
ws,433.17647730602283,1.012626863543883
ps,546.3558500450991,1.0054387340367104
es,463.1876054720058,1.0102569726119013
σ,1223.5154539880543,1.005659027601558
