label,ess,rhat
Overall,717.313047383534,1.0048246031473895
as,693.5436958942618,1.005553100608652
bs,819.3760421511387,1.0035834093402287
σs,435.4559315815375,1.006670309992625
ws,610.877812513858,1.0049184098148431
ps,751.4773049096455,1.0041797384823918
es,713.3203657756012,1.0102635134439917
σ,1114.250533356611,1.0095875838346897
