label,ess,rhat
Overall,536.2604234047178,1.0053769326409703
as,446.1271814324374,1.007506895326102
bs,640.5694069516204,1.0024404440180819
σs,485.22775373607817,1.0082804260168963
ws,408.1718289992996,1.006347649851927
ps,584.7537057976551,1.0048807089490248
es,443.86352216958244,1.007081964727416
σ,997.2920165236379,1.0032200779271863
