label,ess,rhat
Overall,437.66646617997463,1.0072838347349153
as,364.3822669336371,1.0097544198589672
bs,507.99622819272986,1.0039898812723318
σs,448.302440220871,1.010247960753628
ws,453.6609970606348,1.0067986025888234
ps,409.432819230282,1.0080231028673852
es,428.92710730497623,1.0044256593868783
σ,997.2856340540532,0.9996019997398684
