label,ess,rhat
Overall,983.0697554036989,1.0034846268343198
as,779.10813997377,1.0026307504248273
bs,1226.1943369090588,1.004224187899064
σs,755.9245521661979,1.0041476558338576
ws,822.1390685059528,1.0030306345135738
ps,1020.0647963087732,1.0036195825697432
es,1129.8763828718315,1.0029995953539528
σ,844.8627797968114,1.0034247223436819
