label,ess,rhat
Overall,1004.1514117955883,1.0048155595984138
as,738.3708689834411,1.00411684955848
bs,1326.101697754798,1.0052136968769654
σs,678.3669015426253,1.0065588816144324
ws,679.9850065856898,1.0064153709994297
ps,1080.7276289690644,1.0047208287016134
es,1112.2741161528347,0.9995291836769791
σ,1002.2444412730142,1.000737657675515
