label,ess,rhat
Overall,1227.9132058400617,1.0036434774188114
as,851.5569578229894,1.0024568027118117
bs,1716.1100830407306,1.0053018111640915
σs,579.2375565752026,1.000907854996787
ws,641.2601126298192,1.0026804303602677
ps,1394.1847714974572,1.0039406370753947
es,913.7836181125523,1.0040964614858479
σ,914.9743482630224,1.0000304104712827
