param,value
Exponential mean,0.7105263157894737
Cauchy mean,1.0157894736842106
