label,ess,rhat
Overall,583.0577062140827,1.0065671975548889
as,468.9829588510035,1.0087730601006597
bs,741.6317020739502,1.0039175488837317
σs,422.8604116256441,1.008164827606279
ws,504.70453157249335,1.0078774119820162
ps,609.9592509967049,1.0061023697471478
es,514.1816465487949,1.0071048993767822
σ,961.607756895547,1.0018547437868446
