label,ess,rhat
Overall,620.7036038002744,1.0033144091885573
as,538.3955478661428,1.0019967098056985
bs,748.2196121542324,1.002622630943402
σs,457.9549750889003,1.0105485286494063
ws,576.5967779649815,1.0059348515682658
ps,634.6804578071192,1.001848257134641
es,542.9574653846654,1.0050682206835284
σ,942.079586477052,1.0064814310439392
