label,ess,rhat
Overall,495.71796948563065,1.006543951176301
as,405.6327088175051,1.0080386456094574
bs,593.3554680940457,1.0044933944966634
σs,468.5299129005892,1.0085450552636335
ws,487.04657852748204,1.0042577681236138
ps,490.59944885636327,1.0076259367944562
es,430.8874227999844,1.0062267877112485
σ,862.5172907156589,1.0064808486666266
