label,ess,rhat
Overall,577.071621090781,1.0062640625343588
as,504.19638665551,1.0067843773102494
bs,693.4402650639643,1.00461162253709
σs,420.49534675429686,1.0103397133313208
ws,509.03280384081427,1.0094868437693285
ps,593.7138642075261,1.0050193582827787
es,579.721399639398,1.0031672562241427
σ,955.5395499577753,1.0061466108762425
