label,ess,rhat
Overall,640.2673640245841,1.0070411878475716
as,557.3005405153169,1.0038292064235403
bs,774.0685816126146,1.007137210196603
σs,457.26354534103683,1.0182586405175686
ws,543.7193017608311,1.009557305614548
ps,677.7872867398889,1.0058110334959232
es,496.7017568833546,1.0097421487199478
σ,1110.457334874154,1.0034298660419634
