label,ess,rhat
Overall,782.0551154849743,1.0046228314005567
as,609.6813598242604,1.0040301593335141
bs,1001.7926022410417,1.0047038537425466
σs,507.34547513192337,1.0075903998058626
ws,612.5245725354497,1.0052214560100012
ps,833.4737697893587,1.0045925482028233
es,570.3776450205739,1.0028170728543973
σ,771.6811651976097,1.0025044466707504
