label,ess,rhat
Overall,836.6160503965926,1.0048252105196032
as,727.0375438049414,1.0049307724668168
bs,995.0424653420079,1.0046841656119363
σs,553.2981819447598,1.0050310116902315
ws,528.6742693907183,1.0066813404262513
ps,913.6787202130399,1.004502350946342
es,687.7853294702365,1.0037069858565975
σ,1130.5707131303286,1.0002853604823834
