label,ess,rhat
Overall,1089.1508046290237,1.0047654452678185
as,762.0133200620132,1.0042421065674103
bs,1501.0229184295852,1.0051097828697741
σs,597.6899550744279,1.0058036516388444
ws,635.5251355110211,1.0040874577249201
ps,1217.7044806120368,1.0048772293816266
es,706.1108654643881,1.0070130285635552
σ,1128.1622651897055,1.0030404917283415
