label,ess,rhat
Overall,688.1294678830201,1.0041902258704207
as,495.7929157735906,1.0044751287457385
bs,911.9152116082049,1.003977398713491
σs,505.72415651163794,1.003772186703769
ws,550.2835382067595,1.0044705450693283
ps,731.7643019164972,1.0040915512360644
es,426.23090652980375,1.0052071544929815
σ,771.6057130976806,1.0035289206875038
