label,ess,rhat
Overall,1067.0037373478233,1.0034199062440556
as,691.7663650554447,1.0021085354532335
bs,1534.8203768978783,1.0038135869757463
σs,530.0439872532992,1.0087425085870154
ws,698.518358319145,1.0078332209319265
ps,1176.736155942875,1.0024716204235937
es,695.3435296489738,1.0012610912806799
σ,964.9926085271695,1.0002954792985208
