label,ess,rhat
Overall,454.4089110902557,1.0081752278969136
as,317.02143560768997,1.011477459468672
bs,588.4079540749543,1.0045369757973275
σs,474.06181957788493,1.0101241469583133
ws,339.3555911120956,1.00884627425505
ps,475.08380066969175,1.0080359980648679
es,328.0960287323902,1.0101751580209677
σ,1095.279815730973,1.0028058432893483
