label,ess,rhat
Overall,1037.6279338911884,1.004932524423646
as,822.1419813623423,1.0036286475742413
bs,1330.6949851221184,1.0051786320949567
σs,587.657561419105,1.0110675856565874
ws,657.2637438426519,1.008570763505282
ps,1134.778245451946,1.004106006008474
es,927.4806765019457,1.0040148099362898
σ,1159.077774335748,1.0027819683469716
