label,ess,rhat
Overall,558.0205599394645,1.0062980436032056
as,454.88624397021937,1.0073464598291444
bs,675.0892373804571,1.0054249797536432
σs,477.20126340332865,1.0052809998202286
ws,392.71608424557775,1.0101435983923943
ps,593.9595578430504,1.0055504020906014
es,468.1214380042935,1.0030916434087183
σ,996.4006127643254,1.0024509791269174
