label,ess,rhat
Overall,968.1467710692036,1.0035860527297773
as,793.5605905019187,1.0024319590128652
bs,1213.503688307957,1.0037449970228947
σs,557.676498374685,1.009357919387789
ws,580.6842738574044,1.005745733489989
ps,1068.4276220412614,1.0028156820132124
es,804.2318943989104,1.0078274935101903
σ,1132.0456442926009,1.0061647964415121
