label,ess,rhat
Overall,617.9513674885487,1.0045738555462285
as,597.2607611444018,1.003364021679567
bs,683.0582867292449,1.003884646866111
σs,458.0526410609705,1.0114104087146325
ws,533.1536973150656,1.007765649518748
ps,643.8353708913612,1.0031782338785125
es,598.7865369799138,1.004550594962704
σ,1000.8689821144894,1.0026050124036552
