label,ess,rhat
Overall,688.2594628856767,1.0052004855664314
as,621.6025511307012,1.004838016073193
bs,798.3420565860605,1.0052331581758016
σs,531.9270078822067,1.0063877543483561
ws,566.9775572939202,1.0061320804276
ps,732.5747196390798,1.0045105863158226
es,627.9423527912522,1.008905779135349
σ,1112.0798745871232,1.004548140610396
