label,ess,rhat
Overall,476.1513327025342,1.0053995786753867
as,380.6974327138763,1.0054137592765047
bs,581.5857790981967,1.0043690577900932
σs,440.22136563731704,1.0090584036984187
ws,404.96826345081627,1.009184096507205
ps,491.42795208467464,1.0034895766940752
es,434.6477062424574,1.0046516596180015
σ,1016.1633127076442,1.0111412543224363
