label,ess,rhat
Overall,526.9787296858897,1.0054757603283542
as,370.2518019896187,1.0046320774364963
bs,704.7324028899227,1.0060859379902782
σs,405.02360574086936,1.0068300906619734
ws,386.5269558780423,1.0061718835977758
ps,558.6055790314555,1.005407575490258
es,407.56657383267645,1.0054276331799086
σ,933.1355584993233,1.000491407620807
