label,ess,rhat
Overall,980.3954324960661,1.0062031624400967
as,661.5272631562732,1.0072989413953373
bs,1384.4887750216435,1.0042197765522176
σs,486.0894280185168,1.0113512826494016
ws,700.1637907682392,1.0056907626224174
ps,1064.1592084826082,1.0065802879421113
es,706.2022645066421,1.0045915995357693
σ,870.9002218548289,0.9974730619642104
