label,ess,rhat
Overall,877.1252542137265,1.0039410503947237
as,710.9660196053542,1.0041263928599387
bs,1082.832568803372,1.00371447183683
σs,647.7463903223431,1.004180219732257
ws,794.6720394823806,1.0046942069738054
ps,895.6381109235695,1.0037033107811917
es,873.5479766349109,1.0057173887395274
σ,985.1012640750445,1.0027619962056562
