label,ess,rhat
Overall,1006.0849412154462,1.0028094307648234
as,750.434784586797,1.002001862390951
bs,1325.3575297214559,1.0036426918255024
σs,637.0748363267542,1.0026604131813426
ws,642.6787523297145,1.0031897637039997
ps,1101.3690968911558,1.0026479758313473
es,902.3520392784671,1.004305379650039
σ,1000.7855392841332,1.003003374531121
