label,ess,rhat
Overall,992.6767295772478,1.0038842322483115
as,783.0087333579121,1.001309437265407
bs,1290.6884537335297,1.0052387375493497
σs,480.2831075429607,1.010961912403135
ws,609.6757036447164,1.0083398353443236
ps,1095.2862177209515,1.0028489381166543
es,904.1995074900856,1.001679144172296
σ,840.3880540441689,1.0045212895677371
