label,ess,rhat
Overall,788.5294857211485,1.005947119458904
as,598.3062213911765,1.0076678157856542
bs,1026.9594617769776,1.0043744360244926
σs,508.93055771118014,1.0050886446833367
ws,591.6920174926425,1.005615087966487
ps,844.6701303172155,1.0059487324514715
es,539.6615639395302,1.0093821749413885
σ,953.5640074152427,1.0029839627596966
