label,ess,rhat
Overall,866.1838489165935,1.0040407713222668
as,481.86763525415637,1.00250369107634
bs,1311.0829749914906,1.0052108811738192
σs,514.8029569243233,1.006169199609634
ws,549.1811709886878,1.0064357002108444
ps,952.1052782729853,1.0035042436900077
es,629.5849382284152,1.0023553333174382
σ,1019.1851963210041,1.0044258270174284
