label,ess,rhat
Overall,984.9345342467819,1.0048021543606946
as,629.5059792475652,1.0051762467200893
bs,1416.0050977195128,1.0041563098264152
σs,546.2108851004016,1.0063783169750296
ws,611.4588595580193,1.005233497375604
ps,1093.032889568664,1.0048887611481145
es,619.8179638213251,1.0024833774744684
σ,1008.1547159125248,1.0001064661581007
