label,ess,rhat
Overall,756.4894180363616,1.007186777141798
as,576.2991487818591,1.009225980895494
bs,980.8438958991663,1.0042929340145965
σs,500.33700810820574,1.0121436855081278
ws,519.0859169337909,1.010610281724505
ps,818.1472481499878,1.006513557097289
es,535.9320608233277,1.0069714911057517
σ,1086.8703002392192,0.9988498563578522
