label,ess,rhat
Overall,500.23673803165104,1.0057255725200909
as,411.3684307726942,1.0047911117851083
bs,606.1242935996889,1.0059879205303373
σs,401.52509783898057,1.0096238263235626
ws,373.04096812018685,1.0063288756657793
ps,533.0431686020289,1.005395171703613
es,374.4204928094364,1.0101319941080702
σ,703.5098000355141,1.0055323307868198
