label,ess,rhat
Overall,784.4153297186289,1.0040469011871838
as,638.4739311466058,1.003704891387084
bs,973.5528437092602,1.0038332088699617
σs,533.8778602907059,1.0072699734676467
ws,565.4842317012166,1.004509718845431
ps,843.7105446586921,1.0039585583357933
es,587.6504425092061,1.004499358604422
σ,958.9479632233927,1.0018286313204892
