label,ess,rhat
Overall,477.30430813077993,1.0068633073443514
as,361.86944343967855,1.0112861869515588
bs,593.0242080831679,1.001930181051001
σs,476.2781811901483,1.0087001954144639
ws,428.39769359085614,1.0065779862632254
ps,484.8099462470053,1.0074622549882475
es,388.766532349097,1.0042946817602016
σ,1046.112643151372,0.9998517727448627
