label,ess,rhat
Overall,491.9747854418056,1.0041054992479508
as,396.50366284993515,1.0049178265144494
bs,593.0972036602286,1.0029045958825367
σs,471.63012118621583,1.0055043732040456
ws,471.1869285769613,1.0048194534335153
ps,492.9820480191695,1.0034123808938893
es,378.51827380874084,1.008605260526369
σ,942.153264074603,1.0045596036699267
