label,ess,rhat
Overall,1021.337408960326,1.0037831671849688
as,731.9531728072018,1.0026995710188216
bs,1399.7693375376793,1.0041817798449302
σs,504.86079289980006,1.0077560715208513
ws,641.4836471200609,1.0057747516645172
ps,1130.3938848257142,1.003244374680906
es,722.5209090036197,1.0030224896964741
σ,942.5047094182975,1.007267548602398
