label,ess,rhat
Overall,718.0492396563528,1.0054453061556043
as,573.9117320044138,1.0061640839971113
bs,887.1350930381261,1.005117550357214
σs,573.3488344233086,1.0031773783055271
ws,575.9313539242087,1.0064070730118237
ps,755.5597519855164,1.0051530710704175
es,537.9639814951471,1.0071558858550107
σ,983.1297929646302,1.004510228571131
