label,ess,rhat
Overall,851.4245890313043,1.0050064631762075
as,590.0131509347044,1.0026440855156025
bs,1183.0914606586032,1.0068169985424076
σs,443.9430745532485,1.008207148483754
ws,577.8888168510756,1.003362841387061
ps,927.2120576335923,1.0054752014510164
es,656.1414180888441,1.0018864485979
σ,886.6217041691482,1.0084705166117516
