label,ess,rhat
Overall,570.1739214619249,1.0067564520064773
as,470.24500211092385,1.0101529857332865
bs,688.4288376172108,1.003334468217102
σs,463.8831399970728,1.006904062369363
ws,418.89373027761894,1.0083250651159739
ps,607.2837583248008,1.0062911536142602
es,424.5869370224707,1.005698128071137
σ,895.4380151344603,1.0123840653896323
