label,ess,rhat
Overall,642.8821434774563,1.0058984524554841
as,520.2321450253613,1.0066300203602574
bs,815.834143243265,1.0047904357651594
σs,461.79493874808725,1.0072536680834687
ws,530.2528790656648,1.0069841540535212
ps,684.2285723016277,1.0052895848988004
es,633.8226516303749,1.0104779973947533
σ,937.5451506846684,0.9995414998742672
