label,ess,rhat
Overall,588.8590599860605,1.0054901045753215
as,428.1735512037378,1.0063657643975268
bs,786.8327846644079,1.0034230474393186
σs,454.6214827603711,1.009779134904993
ws,527.9096551505253,1.0079488700111134
ps,610.9301845057389,1.0045649973507162
es,460.2813478436166,1.003744899809688
σ,1003.5581047857322,1.003528116716821
