label,ess,rhat
Overall,507.63168907738236,1.004882810727955
as,440.23521285355025,1.0031846331268761
bs,571.8066643631687,1.0051973663737162
σs,519.2290924543469,1.0098638497671
ws,442.9361127877589,1.0058319042329995
ps,525.9116043913192,1.0045870470108003
es,389.59889629110523,1.002999551836488
σ,1044.7663919630552,1.004950063096389
