label,ess,rhat
Overall,996.3304805712872,1.0039723644789011
as,729.948297376021,1.0038079777301592
bs,1339.6914593805006,1.004028091653643
σs,549.8534660103936,1.004602590008103
ws,671.3333063029862,1.0030245212234985
ps,1081.9355865168448,1.0042608272623783
es,888.4606985380901,1.0028633822385733
σ,1002.9910504705373,1.0037182344174944
