label,ess,rhat
Overall,599.6908509041547,1.005047006059345
as,515.2734336000992,1.0052202644335122
bs,701.3371539201175,1.0046774528417788
σs,499.7633137750956,1.0061855161510613
ws,463.53708006618217,1.005704328738325
ps,627.6029298055588,1.0049443506561382
es,527.428307909693,1.005862091339159
σ,1038.2813996813572,1.0004564227058967
