label,ess,rhat
Overall,885.4394929402042,1.0037514001403038
as,671.6091088083125,1.0034899625022795
bs,1157.9685304236532,1.0044438700953728
σs,544.9873035011775,1.0012514127014431
ws,519.0295179174374,1.0064590940664555
ps,984.0518612945824,1.003120513139564
es,695.6802593033476,1.0052053929125422
σ,928.4839794769729,0.9986336635175086
