label,ess,rhat
Overall,455.92013101553454,1.0055805210721274
as,347.1546276587925,1.0074117619377614
bs,571.2704170295922,1.0036623416190178
σs,432.2149134491982,1.0058934999870404
ws,375.26520008802726,1.007717807336212
ps,478.0500942789415,1.0047333832103265
es,400.92941457486063,1.0049167824522978
σ,958.3816901783889,1.003286147549596
