label,ess,rhat
Overall,455.72070369247393,1.0074470253291332
as,375.38546547603505,1.0090695697055319
bs,536.4298463503708,1.005163264255471
σs,454.37464770322566,1.009827405439281
ws,365.222890553079,1.0097503748479604
ps,482.27821801010367,1.006212391141273
es,365.8278490448844,1.0094056178072386
σ,1030.9847984020214,1.0079901350313591
