param,value
Exponential mean,1.7789473684210526
Cauchy mean,1.3210526315789475
