label,ess,rhat
Overall,521.1008040416966,1.004522871617918
as,442.13860515312285,1.0050680294578367
bs,611.9359057307579,1.0033964404574307
σs,478.3583539599417,1.0066154555719655
ws,467.6505454390196,1.0030467281314925
ps,536.1207274874874,1.0052470154864175
es,449.6664034242358,1.0039704532648348
σ,914.8546989181809,1.0045136895802111
