label,ess,rhat
Overall,486.8340151424718,1.0066605286650265
as,389.45892212021585,1.0088306623323757
bs,595.4020419604143,1.0040668035266858
σs,446.5394534780004,1.0081854579605958
ws,374.70551489339454,1.0076265106993862
ps,521.7718078914728,1.0062700961895399
es,441.6168629182227,1.0070135846792625
σ,1014.4277111058717,1.004513876586883
