label,ess,rhat
Overall,637.9194914895406,1.0043719430314173
as,540.4584014355587,1.0054464865480586
bs,784.497744100509,1.0018850802262642
σs,461.0977062843884,1.0094562924700594
ws,613.1086988910018,1.004213835194671
ps,638.245714375244,1.0045331292009025
es,588.3535163045233,1.0028253535930918
σ,1026.2991580137486,1.0051715755424075
