label,ess,rhat
Overall,607.0461789619062,1.0044069726840346
as,508.2939214755827,1.004506326419662
bs,741.9692999228545,1.0038071409964624
σs,476.8310704532575,1.0062086933110348
ws,545.2428802945254,1.005066527292323
ps,625.4108963985856,1.004167352992097
es,503.65536829423064,1.0059001376883043
σ,1077.984730952166,0.9997360993664072
