label,ess,rhat
Overall,1032.72554323653,1.0040454069056237
as,855.0070708318401,1.0038649674062226
bs,1283.900861486201,1.0043000065280667
σs,606.6758373356416,1.003615278191982
ws,621.9396532186141,1.0048794467906406
ps,1138.9942805916214,1.0039393511075703
es,908.5615353022845,1.0016198733582207
σ,1109.5848462756242,1.003978673686797
