label,ess,rhat
Overall,1161.933852742874,1.0054225483375017
as,877.3414224764282,1.0048273408232542
bs,1544.4192362105425,1.0055503314198828
σs,594.1547241757833,1.0081336100423237
ws,746.9863042626176,1.0029249852260935
ps,1271.652183678542,1.0060102470447123
es,1142.7401400550607,1.003468191090697
σ,913.2119749695105,1.011092482221889
