label,ess,rhat
Overall,796.940096934659,1.0051670947229978
as,595.0381070176348,1.0059540689131679
bs,1056.959518801728,1.0042247309655956
σs,459.85899162439785,1.0060683542129476
ws,526.8362532466555,1.0057959634102291
ps,868.3367881906173,1.0051216952355926
es,615.2052663937262,1.0035225501178626
σ,974.6147019865692,1.0030889350819576
