param,value
Exponential mean,0.7105263157894737
Cauchy mean,2.694736842105263
