label,ess,rhat
Overall,437.3290746450089,1.007300556858658
as,389.06825409722717,1.007316560530342
bs,479.1091149004426,1.0069147744432252
σs,460.6598836974628,1.008631760336152
ws,439.62226771819525,1.007804347132068
ps,420.42928236184923,1.006745786010985
es,362.3657507382278,1.012778966081066
σ,999.1320049424913,1.004722297172419
