label,ess,rhat
Overall,640.3021634846807,1.005709942732469
as,559.4384392203655,1.0041800973353538
bs,783.9459953973352,1.0055735405211397
σs,414.2937759506608,1.0117084341228695
ws,557.4607940739958,1.0059094067008834
ps,669.6398489918088,1.0057052062512302
es,576.7415791562286,1.0072515440034069
σ,998.7399418844801,1.0003563210818338
