label,ess,rhat
Overall,662.4359073748482,1.0077543881732187
as,521.7876986441438,1.0091449650647737
bs,871.600315195848,1.0041985646761444
σs,415.7775906497853,1.0155492759530875
ws,556.0863030135837,1.0081472460912153
ps,699.8428769069844,1.0078740710904686
es,647.0703484812186,1.004649501895733
σ,996.781069661746,1.0061381098637274
