label,ess,rhat
Overall,482.6952598983546,1.0045815198154944
as,423.74725023127843,1.003509087864691
bs,543.3449009406494,1.0052659567113704
σs,476.5693869475673,1.005978302013236
ws,414.6566352283728,1.006049415526083
ps,498.60641074224884,1.0038813535523097
es,419.6387346205115,1.0051689250541198
σ,1011.5818845525718,1.0039962836540017
