label,ess,rhat
Overall,677.3213354675872,1.0051368318347742
as,562.2019238331236,1.005244288297054
bs,852.5351439458284,1.0036774777775292
σs,460.98150682998823,1.0100036631766485
ws,572.8520254420577,1.005220497139727
ps,723.09854984515,1.005100687164575
es,584.6443369407076,1.0043482928881866
σ,926.0994790110701,1.0066496874936999
