param,value
Exponential mean,0.5578947368421052
Cauchy mean,0.4052631578947368
