label,ess,rhat
Overall,636.2506242541562,1.0063188395691087
as,551.2567507223326,1.007959336571334
bs,778.4490227295548,1.0029245543369683
σs,430.31433445728555,1.012632477196803
ws,527.6329391905082,1.007707834865184
ps,677.9793320491541,1.0058289311715805
es,578.4353822757075,1.0067282976116325
σ,970.3469263048853,1.0015695982668842
