label,ess,rhat
Overall,520.7840981103332,1.006916602587261
as,409.6770099078886,1.010462811806294
bs,643.2979025373627,1.003487616735093
σs,479.71991970182717,1.0064945984665499
ws,435.81123758057424,1.0081754600511112
ps,546.66511518439,1.0065171346263684
es,458.31902935961807,1.009121537534573
σ,992.4821180433956,0.9977866101096562
