label,ess,rhat
Overall,648.2267400997183,1.0053502569619306
as,568.2315488433372,1.0052587060474947
bs,767.988284606165,1.0040694276883224
σs,505.067868399481,1.010290825638887
ws,555.4778050214079,1.0064337689435183
ps,675.8595252046078,1.0051841232619378
es,581.7480341226137,1.0045540919906384
σ,1175.7189602665162,0.9982599193252604
