label,ess,rhat
Overall,260.9529838174058,1.0392643291193984
as,216.4462661035908,1.0208258656512466
bs,278.82903242820765,1.0487297009876082
σs,356.82339258825334,1.0715674588791928
ws,138.25467623899075,1.069420217072971
ps,305.8821199596004,1.0153696217602026
es,31.69483123267473,1.1880199276176204
σ,1023.6914402307895,1.001144868019175
