label,ess,rhat
Overall,278.72852097737996,1.0211826667512554
as,229.95434253665866,1.011792688396912
bs,309.47093152128195,1.025980948228979
σs,343.6428854059294,1.0377127755070865
ws,176.83989839720348,1.044805037934694
ps,311.0913858802859,1.0092104806235496
es,106.38967381466242,1.043339986254078
σ,1004.6351987893813,1.0046764128646932
