label,ess,rhat
Overall,541.9826796426286,1.004457231280429
as,460.8135781122033,1.0036885414016328
bs,645.6719169158737,1.004598000016961
σs,460.91019096847776,1.0067177473925815
ws,424.9461104868653,1.00373480167836
ps,594.1973835507874,1.004639552983014
es,384.5417011400208,1.007930911139352
σ,903.7211649048714,1.001438662520207
