label,ess,rhat
Overall,626.3737115007096,1.00579247258756
as,520.2168674090678,1.007831539254536
bs,782.3803709528415,1.0033902808774282
σs,446.91437620294585,1.0070997227429206
ws,544.8323746292845,1.0057971481276007
ps,656.3205597490469,1.0059911885092743
es,581.4963016616744,1.0036632710011841
σ,916.0065191791202,1.004828155315245
