label,ess,rhat
Overall,127.40028161106063,1.403806321835444
as,127.18801814422704,1.4960752971035112
bs,141.56906530061875,1.3236538238005195
σs,77.15680880925221,1.3601870037961274
ws,244.34619321473744,1.3302563664185918
ps,67.41132563181847,1.44933011874194
es,242.55135692666923,1.4272810693605305
σ,53.4600471960173,1.0558375722185949
