label,ess,rhat
Overall,356.32979289262556,1.017161041840641
as,281.1323914555521,1.0209785258488406
bs,429.01796049087784,1.013182724842821
σs,365.36303471238136,1.0177400406032717
ws,255.81071044902555,1.021344099553917
ps,392.8142781051419,1.0142906195125632
es,234.85605842168232,1.0311023563478274
σ,856.9096356322887,1.013712700796962
