label,ess,rhat
Overall,797.1048700670758,1.0047053535221349
as,609.4165936541071,1.0044666864226504
bs,1026.9117402166232,1.0038350772303923
σs,552.8170263949207,1.0111372251912474
ws,527.976732066407,1.0090956561710087
ps,868.5331723244407,1.0035460835139063
es,522.4614414862735,1.0051784851281869
σ,1147.3708748831987,1.0067204189184944
