label,ess,rhat
Overall,702.4424466345276,1.0049830319307747
as,585.6644170855534,1.0056202850630158
bs,847.9065555960287,1.0039955203605042
σs,536.0631860418673,1.0070145308713436
ws,518.9560056491601,1.0052797378717637
ps,753.1042736509394,1.004933288099158
es,490.98563910280205,1.0069101996139405
σ,895.4256567346088,0.9999559291901762
