label,ess,rhat
Overall,998.9534155900017,1.0033336307402767
as,657.1958001620864,1.0029211983296304
bs,1415.730731631886,1.0036233046186087
σs,563.8391520289824,1.0040456302276999
ws,640.2053206789502,1.0056270627712847
ps,1103.6141932599587,1.0027960823065343
es,664.4842696728826,1.0027868209282431
σ,949.1515181989229,1.0027083908118735
