label,ess,rhat
Overall,460.49549339386544,1.0094709780726718
as,323.69751316532603,1.0123705364151285
bs,594.938906962443,1.006163244840742
σs,474.1519800216438,1.0118383924316159
ws,310.2499019662295,1.0099499015060618
ps,491.3635630971037,1.0092848641071666
es,297.9645429290283,1.0158764318016429
σ,1106.8371456997393,0.9998464597583079
