param,value
Exponential mean,4.833333333333333
Cauchy mean,15.666666666666666
