label,ess,rhat
Overall,654.2097803188733,1.0061547724737592
as,560.999908678704,1.006062402358579
bs,803.7222512181021,1.0044746911345783
σs,451.52042298626003,1.01253559770946
ws,565.3528460400652,1.0087077619907145
ps,688.1390108144351,1.0052222640489326
es,548.6395831185832,1.0055246456870934
σ,1049.4733931805463,1.0010243708891247
