label,ess,rhat
Overall,634.7087200719126,1.0064584593506767
as,548.1579937273569,1.006646848062773
bs,766.8620257125227,1.0052759814029175
σs,470.53943460611737,1.0100371805990638
ws,555.7244731973564,1.007968950258487
ps,661.8608291716092,1.005544382867262
es,548.944423134006,1.0090211845169463
σ,1048.093439850293,1.0069731066932033
