label,ess,rhat
Overall,463.5577390976935,1.0069230319326243
as,365.61275473723214,1.009200830257915
bs,572.824911066941,1.004612042494446
σs,422.7978637060636,1.0070425199390196
ws,474.6432370288978,1.0069897567784203
ps,447.1746125917406,1.0068366098764192
es,367.64852901285576,1.0090789802046385
σ,948.3114732476986,1.0040574107003815
