label,ess,rhat
Overall,906.2951003791998,1.0038105438005918
as,663.3145963198083,1.0018537174942275
bs,1211.5475214114413,1.0049265849481428
σs,545.1179819366671,1.0086870977217086
ws,654.2971537002106,1.006312323224589
ps,976.5818226437377,1.003091799145692
es,630.4557706213103,1.0060065180256523
σ,1108.1864513450123,1.0038969856976798
