label,ess,rhat
Overall,666.8335390550691,1.0067871562287969
as,580.4147698871368,1.0073990346764063
bs,771.6068272172978,1.0059475148761634
σs,560.3773288881506,1.0081081810779355
ws,518.8596194471342,1.0054330029235776
ps,704.4924381807524,1.0071438307811553
es,474.54405433086265,1.0069898542894984
σ,1019.4723857659064,1.0055112212568107
