label,ess,rhat
Overall,813.3937678872436,1.0039880823414804
as,697.0245286752518,1.003230877207859
bs,987.1886607021883,1.003505974706999
σs,480.324976990116,1.0111760963964764
ws,557.6943935529185,1.0053955030702284
ps,883.0258532398012,1.0036198629349973
es,673.9159252889272,1.0023902026527218
σ,818.401848172999,1.007969324485208
