label,ess,rhat
Overall,517.8113427605163,1.0069973659111866
as,430.87746000910874,1.0055621879637537
bs,609.8788693581698,1.0082879473998232
σs,488.03620845228943,1.0078360253722072
ws,329.1250321888274,1.0135143674045357
ps,561.2515674117368,1.0049673119723657
es,317.23426560962196,1.0174475072269697
σ,1098.070440663984,1.0053356544228342
