label,ess,rhat
Overall,859.4312664702612,1.0041315371227522
as,641.7963432896897,1.0039806032050675
bs,1136.8553040140034,1.0034969983692192
σs,512.6544031638696,1.0086872786158128
ws,602.989749143709,1.0049402539057775
ps,931.4738152937215,1.0038820595929197
es,656.958905390683,1.0037779790558155
σ,883.6318530219493,1.0071089732922962
