label,ess,rhat
Overall,699.4762223342972,1.005731578571163
as,534.3427969362606,1.0076306360432958
bs,892.7059342826309,1.0037983741840464
σs,536.517760342573,1.0059296306780703
ws,565.2461832868577,1.0053200547896193
ps,734.008113806637,1.0060045421535975
es,525.558709857725,1.003983008932712
σ,1000.5409251843971,1.0010647512697333
