label,ess,rhat
Overall,1013.4284819941977,1.005060843779639
as,749.3720098047971,1.0047116535860117
bs,1358.5099101269873,1.0050399617353925
σs,543.4837375225427,1.007207262759308
ws,664.134697483103,1.004434570865788
ps,1107.70836940379,1.0053778288200752
es,759.6723076611906,1.00374457451693
σ,1187.0316491329293,0.9999933753303134
