label,ess,rhat
Overall,747.2654094660746,1.0039715644945035
as,734.1605633966429,1.0029114993188735
bs,826.903570050878,1.0036652599858165
σs,507.7454772107367,1.0088904953580464
ws,583.6265045122354,1.0078051407182247
ps,817.0921739938202,1.001810624964857
es,694.3256633721799,1.0061671036993234
σ,1001.3158833785538,1.0097619991710238
