label,ess,rhat
Overall,584.1882021714367,1.00471190912431
as,522.5788983240974,1.0037156188289598
bs,657.3725025921973,1.0059436586911934
σs,542.5182145071196,1.003864255746791
ws,479.4334759189333,1.0044785185574077
ps,615.5649118684603,1.004803432366907
es,551.4745601059659,1.006317567687487
σ,1090.8777492098006,1.0019216744932538
