label,ess,rhat
Overall,688.7399729844104,1.0035441358012605
as,702.575931811542,1.0012481358140255
bs,724.730301883584,1.0042411859699831
σs,509.365337169712,1.0093003551479025
ws,544.9099759027087,1.0061044482208354
ps,743.8416666668459,1.0024723386727792
es,628.7913409688941,1.000827776964326
σ,1101.953166252546,1.0061198297807294
