label,ess,rhat
Overall,1017.7840163588073,1.0035207143569993
as,803.1026646595336,1.0017726894212442
bs,1308.1675882633117,1.0047185280894373
σs,578.7111391684703,1.006711939336238
ws,678.5184366421448,1.0053578412960364
ps,1107.3831652558713,1.003218810328706
es,890.7024599922197,1.0006409074337084
σ,1042.3749386328739,1.0017261982932137
