label,ess,rhat
Overall,677.3913864520556,1.005276262947516
as,567.3229838139143,1.005045111902742
bs,816.1854089764454,1.0049203422462873
σs,510.78279111181274,1.008681279074334
ws,470.59753015162704,1.0071005808877564
ps,727.880032340889,1.0048924133780843
es,538.957905240969,1.0065485355002566
σ,1012.3296218153655,0.999264681891878
