label,ess,rhat
Overall,636.7237875425991,1.0055906168915558
as,446.51178456931535,1.0073576547675125
bs,850.1606839867766,1.003537706271424
σs,502.0194054114134,1.007248678807772
ws,452.25178172339935,1.0054809199636816
ps,684.9547587996273,1.005686345735275
es,392.1568215329489,1.0063281896592255
σ,1024.4351690549372,1.000836849992186
