label,ess,rhat
Overall,922.7741679705622,1.0051045933374703
as,602.0717510531709,1.0038006310774756
bs,1303.1942240098913,1.0057957401422362
σs,576.4118610633216,1.0086589229777931
ws,589.6081847271728,1.0052292661426727
ps,1020.3796160611423,1.0051951970763697
es,519.6107474129738,1.0038639655543742
σ,1042.0312996585662,1.0017407957740545
