label,ess,rhat
Overall,780.5221433251336,1.004018933519074
as,604.0820908659932,1.0014758766632978
bs,1004.9147482801001,1.0054905837821715
σs,502.39733884934486,1.0102330917566058
ws,548.0062783438464,1.006857481406369
ps,845.1851007343226,1.0033020017677672
es,489.37649154329773,1.0054900620931213
σ,1049.181871023185,1.0014268257861685
