label,ess,rhat
Overall,751.5680788949838,1.0051083388737203
as,592.368787663051,1.0046327398237307
bs,951.5697512523584,1.0047391550635485
σs,514.9142683674224,1.0100080794626545
ws,442.4274276261049,1.0102990237443856
ps,835.6039300916556,1.0037317691029055
es,440.1101525836775,1.0089276965436196
σ,1050.4508893038942,1.0012567540850486
