label,ess,rhat
Overall,976.2195326088403,1.0045003638780772
as,687.8015352993264,1.0035510709553197
bs,1349.5033088420164,1.0048964370545457
σs,483.99801485160117,1.007709038406555
ws,604.845623734284,1.0064915213611272
ps,1085.9367645886355,1.0039538319870345
es,609.2583516087075,1.0081533560343354
σ,900.2016660736025,0.9995340205390162
