label,ess,rhat
Overall,796.4483062189469,1.0046648190347427
as,554.5165258942051,1.005909781423246
bs,1100.5498283777044,1.0033291165299791
σs,435.86380358165263,1.005191111709053
ws,540.7830941759946,1.0053694067244723
ps,865.0248282776043,1.0045376673751283
es,585.5569480299234,1.0049978145734202
σ,994.5405082968567,1.001647055342132
