label,ess,rhat
Overall,517.4491603551008,1.0093396455327366
as,367.9857977362464,1.014815679321021
bs,675.5059747762086,1.0039807369813338
σs,467.6071399020316,1.0086603191588215
ws,362.1900224658382,1.0071769428853083
ps,550.4284994031497,1.010083227691965
es,393.50274957033383,1.0092516826122857
σ,1045.4433622894474,0.9997760594998265
