label,ess,rhat
Overall,1102.134009676131,1.0039870656850358
as,824.9018400404311,1.0032487133795325
bs,1477.5814722292832,1.0042784553297095
σs,532.4853107549078,1.0065794491178501
ws,685.147486238127,1.0046912857936388
ps,1219.0607650154363,1.0037543825885882
es,886.5749272365564,1.0053995420934485
σ,924.6061995246605,1.00388026019446
