label,ess,rhat
Overall,910.9298002473777,1.0026290387148122
as,761.5615296030389,1.0032366357075748
bs,1110.940482257607,1.0018664960268346
σs,617.2038143252105,1.0035277237470583
ws,711.7289192979796,1.004220548224458
ps,965.8928533337456,1.0022071133800572
es,800.7489159070141,1.0015887575811342
σ,883.4755921752247,1.0058639029346665
