label,ess,rhat
Overall,906.0640340573777,1.0034950963083713
as,776.8357558461464,1.0017718684524852
bs,1102.407618752421,1.0051558933129097
σs,516.7952564512644,1.0038571952461883
ws,621.9168953040177,1.003013088860455
ps,982.7438147245094,1.0034969906612135
es,760.1739419469322,1.007006038027241
σ,926.9804112962594,1.0021663733091963
