label,ess,rhat
Overall,577.8224683618818,1.0059202701419165
as,533.6346825277014,1.0051853171968865
bs,633.5544564676566,1.0068669047805001
σs,510.8660951866361,1.0046925163193048
ws,395.8560354665073,1.0091915997933742
ps,616.7091333708962,1.0049808869282346
es,511.6202575181024,1.0083341821527159
σ,1027.2641643612574,1.0069268845595636
