label,ess,rhat
Overall,837.4553880907736,1.0045561127993132
as,657.2155403677642,1.0039173019123264
bs,1073.9540112405537,1.0041522602020938
σs,511.15449061549737,1.0106035610077095
ws,536.2412579323402,1.0079680681408483
ps,914.8595734092318,1.0039056052530178
es,655.7169896737465,1.0020235851190455
σ,1100.1008515400215,0.9999020662836094
