label,ess,rhat
Overall,553.7605679680718,1.0055469581507464
as,414.67234120222986,1.0053598467396987
bs,715.2892859665495,1.0048137807631317
σs,423.60571881878315,1.0108846331829864
ws,332.1390033904357,1.008906030525152
ps,608.0200419967683,1.0045986111502334
es,392.8463174375118,1.0068365585943555
σ,930.5930905833964,1.008179544795273
