label,ess,rhat
Overall,524.5846156858544,1.0086350617738367
as,467.3689517497862,1.0098279059145172
bs,608.5666271159134,1.0076129162958234
σs,428.225764707487,1.0080205465882348
ws,474.0967975267995,1.0076522579831961
ps,537.2361533287017,1.009469953210967
es,439.6358788646006,1.0082806843340408
σ,971.3959285229895,0.9994302847757206
