label,ess,rhat
Overall,502.1890319240048,1.0072897592044532
as,412.304010241453,1.0067521641569097
bs,613.2548079003,1.0050711732249156
σs,425.9383164665279,1.0172120109019438
ws,458.80707717819524,1.0098907728677202
ps,508.89176499866676,1.0058239235583883
es,415.3111509730381,1.0088762890346759
σ,1022.2571908344329,1.0110162623824834
