label,ess,rhat
Overall,629.7770334728461,1.0040372778436286
as,601.6334802869757,1.0030139189528748
bs,710.5350226974165,1.0042639597235024
σs,440.3650637335257,1.0069053150827976
ws,602.5771840653778,1.0059638007213019
ps,636.37422011629,1.0031565684858457
es,593.1878322926518,1.0051318097048196
σ,857.826775993318,1.0016283828915258
